-1.0 0.0 0.0 1.0 0.0 -1.0 0.0 0.0 0.0 0.0 1.0 0.0
-0.9964934833412705 0.060592078913813005 -0.05770041274795078 0.998808 -0.0610890886162862 -0.998108554634661 0.006887410045875028 0.0395696 -0.05717395307666906 0.010388124855369519 0.9983101852388248 0.0285641
-0.9862633475202713 0.11339505811152574 -0.12010899272740472 0.994982 -0.11544911014187355 -0.9932603991513325 0.010260723424058317 0.0808224 -0.11813599072914913 0.02398625176260706 0.9927076847797758 0.0589798
-0.9703177364950039 0.15476632374968075 -0.18582485107277952 0.988203 -0.15935977512194027 -0.9871704352120626 0.009949568649494004 0.12341 -0.18190094094395526 0.03926724941010487 0.9825325087789553 0.0906884
-0.9499446213125008 0.18263984128877714 -0.2534717041672694 0.978247 -0.1904477351807931 -0.9816764911483861 0.006397412844184741 0.166949 -0.2476587906858061 0.05435029991272126 0.9673216467625653 0.123132
-0.9261833347228136 0.1965863720685696 -0.32177356758852427 0.964989 -0.20777027737552212 -0.9781775557565896 0.0004257386083100223 0.211028 -0.31466798744236324 0.06724929539394382 0.9468165555945833 0.155765
-0.8995358085705382 0.19768140018844885 -0.38956051278188186 0.948418 -0.2117211080729516 -0.9773047363656594 -0.007044478235529297 0.255215 -0.3821118965639646 0.07614142300209284 0.9209739313398109 0.188065
-0.870037697664602 0.18804584115796724 -0.4557117139877693 0.928633 -0.20361934126754438 -0.9789321075102513 -0.015201735009812714 0.299067 -0.4489694516381367 0.07956563648164836 0.8899976072928626 0.219544
-0.8383123129960398 0.166018359698269 -0.5192979589044481 0.905846 -0.18095436058057418 -0.9832404154986026 -0.02222171723810928 0.342142 -0.5142839539263356 0.07534049092772833 0.8543042930716568 0.249763
-0.8033581506877782 0.13840918075004618 -0.5791878627937695 0.880375 -0.1496984675685699 -0.9883196536914008 -0.028541740222553066 0.384013 -0.576373186859985 0.06377429585194119 0.8146942915336122 0.27834
-0.7652776794986497 0.10885231437903235 -0.6344298597287885 0.852637 -0.11277305292835547 -0.9930269591523707 -0.03434671643423802 0.424276 -0.6337446739771311 0.045261816699332005 0.7722169747905673 0.304958
-0.7252296132290695 0.07430804772153121 -0.6844854433364008 0.823134 -0.06663280477880593 -0.9970672390794989 -0.037642928707733135 0.462565 -0.6852751837203243 0.018309418292250072 0.728054041798324 0.329369
-0.6836791548551351 0.0390109260824859 -0.728739295539053 0.79244 -0.01528238511885757 -0.9991165764931516 -0.0391473534441792 0.498556 -0.7296226846265454 -0.01562735495185892 0.6836713566148296 0.351398
-0.6416533992504101 -0.0008139449861493363 -0.766994297712801 0.761185 0.044953114647199685 -0.9983203374255707 -0.036547522022839125 0.531978 -0.7656762584238257 -0.05792962433896592 0.640612227412213 0.370941
-0.5998371084462171 -0.0425115153309191 -0.7989919989556529 0.730036 0.11094668235816083 -0.9933600996107157 -0.030439221000316603 0.562616 -0.792392754260536 -0.10690408582303007 0.6005707613843215 0.387956
-0.5589893841237669 -0.08631368316588336 -0.8246701258899045 0.699686 0.18209182876327093 -0.9830670612101585 -0.020535799504034016 0.590311 -0.8089335166344507 -0.16164498526697874 0.5652410675131972 0.402457
-0.5195511219166371 -0.1332377632122386 -0.8439871623249747 0.670833 0.2582176177508733 -0.9660652683825128 -0.006446635408294987 0.614956 -0.8144877492008261 -0.22128171112684175 0.5363246318439507 0.414503
-0.4823243465853534 -0.18143556838178057 -0.8569972924210393 0.644166 0.3360608487194885 -0.9417845165261208 0.010248433519222416 0.636493 -0.8089662110675261 -0.28306016844063575 0.5152189926559481 0.424178
-0.44730161234058685 -0.23253384783984388 -0.8636256580291647 0.620355 0.4156161013640569 -0.9090614255721798 0.029505606647180965 0.654906 -0.7919498240952222 -0.3457388236016785 0.5032694526494471 0.431576
-0.4179964567451346 -0.28641143439935257 -0.862118003752281 0.600707 0.4946961663617254 -0.8677161619829726 0.04841864538121343 0.670356 -0.7619413790676582 -0.40624764919793066 0.5043889197688923 0.435631
-0.38509737938896943 -0.3407928327715458 -0.8576480942200557 0.583806 0.5709260130275188 -0.8181194992153825 0.06873116216152159 0.682435 -0.7250817167990447 -0.4631854165829458 0.5096231684574724 0.439833
-0.3573783308758913 -0.3981505940828518 -0.8448413064308788 0.572085 0.6441265128436533 -0.760098458939495 0.08574011995372688 0.691685 -0.6763000547628522 -0.5135430236594367 0.5281020723103502 0.440784
-0.3306512897268422 -0.4566480657226467 -0.8259190448668325 0.564769 0.7123487487828609 -0.6948116328350645 0.09897502202355798 0.698283 -0.619054912515415 -0.5556161795239918 0.5550330407657683 0.439815
-0.3042595060554715 -0.5145656608312601 -0.8016534997542073 0.561567 0.7738905346092668 -0.6242229253115507 0.10695410210774176 0.702569 -0.5554454009324981 -0.5878502532182655 0.5881432532760685 0.43708
-0.27798185432996814 -0.5703065306942734 -0.7729660728070371 0.562141 0.8276156626130096 -0.5506766687556419 0.10866241984153413 0.704838 -0.4876252697111802 -0.6095126475600408 0.6250727388100108 0.432667
-0.2533248037812639 -0.6215053066382581 -0.7413215885225987 0.566109 0.8721881860344507 -0.4782275239513045 0.10288927775691181 0.705346 -0.41846661985290845 -0.6205075254627371 0.6632164796753712 0.426624
-0.23222573811823122 -0.6667330808149918 -0.7081936214781888 0.57306 0.9073630331744353 -0.4107762713198798 0.08919182108817325 0.704319 -0.3503762728609501 -0.6218760759729272 0.7003617733347409 0.418972
-0.21648559647249827 -0.7055525122711693 -0.6747811785666432 0.582562 0.9337785426607373 -0.3513674695156505 0.06781249613867474 0.701959 -0.2849414322037708 -0.6154157568619849 0.7348957928983224 0.409725
-0.20894983411286178 -0.737470984407286 -0.6422433448324365 0.594174 0.952020134718967 -0.3035610697605205 0.038837353353805726 0.69845 -0.22360149801351403 -0.6033135371290759 0.7655162610963373 0.398906
-0.2130745336060484 -0.7621151966600662 -0.6113752286021685 0.607448 0.962598202029037 -0.27092375390739515 0.002240763082260011 0.69396 -0.16734379157599652 -0.5880312462688646 0.7913376705506037 0.386557
-0.23273601473750366 -0.7788956862394443 -0.5823705499093255 0.621946 0.9655115689538236 -0.2569097003461737 -0.042247083738000124 0.688652 -0.11671057218791625 -0.5721179212589175 0.8118249358783854 0.37275
-0.27192340380627356 -0.7864924414089772 -0.5545153758634264 0.63724 0.9596301507302426 -0.2646638857600895 -0.09519979718372526 0.682679 -0.07188627318106336 -0.5580167266139223 0.8267101647779715 0.357596
-0.3320318403687204 -0.7832060749600431 -0.5256834609601522 0.652927 0.9427183375242671 -0.2945547866155785 -0.15658739980385727 0.676193 -0.0322023768818783 -0.547563440915785 0.8361442968146247 0.341247
-0.4098617100777569 -0.7676314885729131 -0.4927020157899402 0.668633 0.9121397658830152 -0.34267304624419476 -0.22489159804804262 0.669341 0.0037981715357660595 -0.541587556290816 0.8406357670025273 0.323902
-0.501700102891241 -0.7372589678243778 -0.4524889182305478 0.68402 0.8642671575864719 -0.40507743939367236 -0.29825249104016943 0.66227 0.03659627134448165 -0.540704616640915 0.8404161055494369 0.305801
-0.6027051970588102 -0.6891480881260413 -0.40227025501585745 0.698792 0.7952442426040375 -0.47715604377242277 -0.374043720033609 0.655125 0.06582583112602372 -0.5453411982636852 0.8356254767734745 0.28723
-0.7029544525033181 -0.6242397182818588 -0.3408515979501145 0.712698 0.7052895891310641 -0.5499793647682604 -0.4473134178542336 0.648046 0.0917694566241717 -0.5548400422180134 0.8268802176750982 0.268511
-0.7950824969664808 -0.543691991278244 -0.268780285060947 0.725532 0.5957963767627198 -0.6172679493827457 -0.5138160722488502 0.641175 0.11344822807766278 -0.5686644856896886 0.8147086609710986 0.249998
-0.8722846624551922 -0.4511705499417203 -0.18858579615314833 0.737135 0.4713974497367444 -0.6732997392606958 -0.5696067990229509 0.634645 0.1300150453875422 -0.5857581377810849 0.7999896824310364 0.232074
-0.9296170661276748 -0.35329971879572286 -0.10483996882409352 0.747388 0.3403419258803737 -0.7139324171362009 -0.6119378050505617 0.62859 0.1413488020897663 -0.6045492638825427 0.7839264657395255 0.215139
-0.965689745193569 -0.2586378767314533 -0.023447062669457272 0.756211 0.21319964351990311 -0.7379926898003076 -0.640244251676103 0.623138 0.1482876529956763 -0.6232762136654603 0.7678134756878662 0.199609
-0.9843144032988944 -0.16801197496950615 0.05382501022004339 0.763581 0.0941066920211177 -0.7580768648094525 -0.6453397535852831 0.619732 0.14922830152214506 -0.6301519208155423 0.7619970280239278 0.18132
-0.9889756943346197 -0.08419798895449909 0.12181040461050704 0.769621 -0.013798661234962421 -0.7666292529125367 -0.6419417306320637 0.616689 0.14743362222871734 -0.6365455892823265 0.7570158781701584 0.165464
-0.9837020896737562 -0.009000676869273368 0.1795805852183916 0.774471 -0.10853720207242479 -0.7665371549380907 -0.6329616622400656 0.614051 0.14335227426788427 -0.6421368840950596 0.7530672928410268 0.152106
-0.9720601460633345 0.0580640859466824 0.22743709978476576 0.778247 -0.19067328992779614 -0.7604309911406413 -0.6207965884417962 0.611858 0.13690423274479066 -0.6468178025039498 0.7502559306133619 0.141283
-0.9566895129159596 0.11806335815386393 0.266094380508225 0.781044 -0.2614838524055692 -0.7502674382640508 -0.6072272770650549 0.610146 0.1279506577074384 -0.6505073516434159 0.7486446517875506 0.133012
-0.9391651715682899 0.17307187464623563 0.296673063690558 0.782934 -0.32327849382379575 -0.7371917370462101 -0.5933290472088899 0.608943 0.116016360674356 -0.6531419976063617 0.7482952191606257 0.12729
-0.9080539474586931 0.2573407733396835 0.33047504426449326 0.783968 -0.4095598258618024 -0.7108061003426034 -0.5718526355240404 0.608272 0.08774267801210099 -0.6546223446328995 0.7508467276099631 0.124094
-0.7374146469410212 0.5353271435113733 0.41187921517940423 0.784178 -0.674835237583534 -0.5581161255698106 -0.4828082357360092 0.608145 -0.02858392192166015 -0.6339804727267996 0.7728206257655651 0.123388
-0.5158556226337138 0.7280718819642821 0.45144690860628567 0.783577 -0.847919946344711 -0.3587851490950934 -0.3902627081589964 0.608566 -0.12216685797697271 -0.5841100508310058 0.802428007568426 0.12512
-0.2933375238584675 0.8388893702340664 0.45849506170173154 0.782158 -0.9373414827166159 -0.15806253374776752 -0.3104950566496221 0.609532 -0.18800011137017753 -0.5208462920416421 0.8326914783947734 0.129224
-0.10422292688848794 0.8887698000651479 0.4463472011819426 0.7799 -0.9677435533789486 0.012875665004525416 -0.25160809236623705 0.611034 -0.22936869098524004 -0.4581729583277999 0.8587593049585369 0.135622
0.02391074366419066 0.9034652422300933 0.4279939630643688 0.776766 -0.9672038956729725 0.12919615294149722 -0.21868922758138554 0.613054 -0.25287328948003013 -0.4087284063375535 0.8769242779854556 0.144223
0.08534180764998445 0.9071729063322691 0.4120122496767503 0.772703 -0.9597711772026931 0.18587215076561447 -0.21045386900867635 0.615573 -0.2674996509866685 -0.37747696828605115 0.8865410735750384 0.154921
0.10161210931509967 0.9112940835846537 0.3990213934918055 0.767648 -0.9545776596202395 0.20224689690056596 -0.21880969916353737 0.618567 -0.28010082290932686 -0.358663192867205 0.8904517073305097 0.167602
0.0891465223491974 0.917769001868211 0.3869792717483352 0.761527 -0.9517973730867275 0.19297920958591197 -0.23841305596129067 0.622016 -0.2934870663900692 -0.34707215946748665 0.890733550498872 0.182135
0.05119474254881207 0.925992435491481 0.3740549528450544 0.754255 -0.949789606276306 0.16090792896237305 -0.26834370163381754 0.625896 -0.30867264560511387 -0.34153571966866797 0.8877356307175829 0.198377
-0.006977939255448484 0.9338097934034253 0.3577018005372625 0.745741 -0.9452660671866735 0.11053757404117043 -0.3070073402225624 0.630191 -0.3262259502081136 -0.3402656527904999 0.881927386433752 0.216172
-0.08358672056158895 0.9384067541428166 0.33527007609523174 0.735888 -0.9343688511349674 0.043136567457884134 -0.35368642407742024 0.634887 -0.3463641294569635 -0.3428294041168217 0.8732123965556291 0.235346
-0.17218916777299903 0.9381626950459259 0.30033589217042844 0.724595 -0.9147395051926961 -0.039151338727490326 -0.4021427735464944 0.641016 -0.3655167959772352 -0.34397373489848104 0.8649159158892417 0.253101
-0.2674759220634012 0.9295712699143148 0.25368067578398823 0.711759 -0.8825818867303237 -0.1307063765308646 -0.45162490669770816 0.648045 -0.3866598561162965 -0.344692757806223 0.8553835738334382 0.270992
-0.36398394874219997 0.9106187043176045 0.19567641760049437 0.697302 -0.8356766963708063 -0.2265153510983292 -0.5003351425390545 0.655644 -0.4112908267890385 -0.345636183093912 0.8434307824210955 0.289656
-0.45512922039107623 0.8813103708791663 0.1270803797879034 0.681259 -0.7744237682435198 -0.32134711331780813 -0.5449806051061077 0.663727 -0.43946014600384276 -0.3464506645153655 0.8287621595675947 0.308792
-0.533683879050867 0.844172680603845 0.05053714043491997 0.663721 -0.7023222149964059 -0.40913201116859554 -0.5825414180637141 0.67219 -0.4710891885447619 -0.346386320109873 0.8112283856454845 0.32808
-0.5921732259279437 0.8052856796209376 -0.02908340921448488 0.644809 -0.6270015845290835 -0.48314088836952584 -0.6111005604509979 0.680926 -0.5061619143042184 -0.3436420465876521 0.7910184955643824 0.347217
-0.6314115915221534 0.7677976265022919 -0.10865637040186887 0.624686 -0.5526638814216567 -0.5438592061116496 -0.6314901409361472 0.689829 -0.5439503987161054 -0.3386797435115556 0.7677330233040237 0.365927
-0.6523731814010485 0.7349487271151592 -0.18509349178315723 0.603546 -0.4835252268206435 -0.5916613113768152 -0.6450893330755922 0.698789 -0.5836202422952101 -0.33134160790892875 0.7413502219947099 0.383962
-0.6566258620933478 0.7095668152590705 -0.2556509571921602 0.581618 -0.42323960189749343 -0.6272219907205745 -0.6538048743640343 0.707697 -0.6242681448030316 -0.32110357992339406 0.7121669567907244 0.401105
-0.6452073689363701 0.6949586915748156 -0.3173954443195851 0.559161 -0.3759643201771303 -0.6504617060062822 -0.6599624223947489 0.716451 -0.6651002037467398 -0.30648325569925816 0.6809623579552896 0.417177
-0.6181662171592757 0.6951964165389581 -0.36684120596571734 0.53646 -0.34681916654726325 -0.6600309937841462 -0.6663899406201848 0.724951 -0.705398464471289 -0.284712187437951 0.6491163044061089 0.432039
-0.5757940589579398 0.7124154660415403 -0.40115508897875857 0.513823 -0.3390246102089666 -0.6545263532207926 -0.6757644313014328 0.733101 -0.743991609725136 -0.2530996971240889 0.6183987612975107 0.445588
-0.5182106243989619 0.7459573491844009 -0.41833644588754126 0.491576 -0.3531297028561986 -0.6321191698960202 -0.6897280391651908 0.740816 -0.7789461866655044 -0.20969737301107957 0.5909905667872553 0.45776
-0.4552913532645616 0.7821888050984972 -0.4253121874824536 0.470055 -0.37406067464267945 -0.6015369902290993 -0.7058554108824131 0.748018 -0.8079532135763728 -0.16227730144632668 0.5664606624531932 0.468527
-0.39615334734657714 0.8119608426218053 -0.42869816355448775 0.449603 -0.39067747680705656 -0.5715839753150916 -0.7215697251677545 0.754635 -0.8309233625923478 -0.11836954511986963 0.5436497183723552 0.477894
-0.34502157943878964 0.8336093962806386 -0.43134149366156793 0.430568 -0.4001935711906221 -0.5463481938239956 -0.7357640631907449 0.760606 -0.8490024825047685 -0.08123438642525233 0.5221070380322921 0.485891
-0.30333216511720523 0.8482524815983346 -0.4341167182539451 0.413294 -0.4032864660108759 -0.5270492710160934 -0.748050193672766 0.765874 -0.8633363330346793 -0.0518342877222322 0.5019597420895043 0.49257
-0.27094520947586387 0.8577884898567127 -0.43679239935170666 0.398121 -0.4019584569737504 -0.5131321871957266 -0.75836980249151 0.770393 -0.8746531268619362 -0.029904266134957502 0.483826045741202 0.49799
-0.2461621439388829 0.8646958848436923 -0.4378415531054547 0.38538 -0.39948952174339075 -0.5021035296550488 -0.7670072799688269 0.774119 -0.8830698278780957 -0.013895043804375895 0.46903582682885203 0.502217
-0.22842814583322876 0.8701737263181387 -0.4365985206305654 0.375395 -0.3976183539124686 -0.49273460136491976 -0.7740234216415498 0.777012 -0.8886620430867587 -0.0032091499433262727 0.458551496054161 0.505303
-0.21898941959966867 0.8744686656164053 -0.43283736779356746 0.368574 -0.3970459696912847 -0.4850804367457682 -0.7791350767604053 0.779095 -0.8912901503187993 0.001233994164715868 0.453431742606419 0.507113
-0.21533972134855028 0.8782032590726723 -0.42706889393125536 0.364905 -0.39822861428425305 -0.4782851942904106 -0.7827242449853129 0.780147 -0.8916517118105997 0.0015194330262608413 0.4527194673840594 0.508149
-0.2191962542431252 0.8808608584477661 -0.419567813565874 0.364901 -0.4050853295968496 -0.4733729183061184 -0.782191764185587 0.781549 -0.8876141492062839 -0.0014927387627409194 0.4605853817261152 0.505992
-0.22978890396088206 0.8833578004869094 -0.40850465840108363 0.368373 -0.4141106187112056 -0.46858938307927733 -0.7803437611309549 0.781726 -0.8807436943214972 -0.010148220746112047 0.4734844860484968 0.503196
-0.2460228423675256 0.8857640894721925 -0.39356668918355 0.375144 -0.42555380316844893 -0.46352891705735877 -0.7772032576234489 0.780735 -0.8708482770507572 -0.023725953155346535 0.4909789786789224 0.49972
-0.2673099739275547 0.8877154396565646 -0.37484220151178577 0.385018 -0.43908604838344545 -0.4584772292987185 -0.7726590919219039 0.778649 -0.8577580194634502 -0.041951500687371024 0.5123390006979918 0.495445
-0.29252513799460317 0.8891220670951209 -0.3519815242960027 0.397781 -0.45485855480595594 -0.45315003284749816 -0.7666542524829223 0.775551 -0.8411496530113267 -0.06416383354203892 0.5369825543759443 0.490195
-0.32077861048805995 0.8896914003793619 -0.3248850491240858 0.413198 -0.47271083094478655 -0.4476208978952621 -0.7590652159563951 0.771523 -0.8207591323651775 -0.08991520371132716 0.5641539708100187 0.483756
-0.3511281826839091 0.8891471652910814 -0.2934728569730587 0.431019 -0.49248498911469674 -0.44195067743713035 -0.7497587173281538 0.766647 -0.7963463661132586 -0.11873043909501757 0.5930729702241638 0.475894
-0.38253613740357684 0.8872789948725923 -0.2576860276348606 0.450974 -0.5140572151067164 -0.43613422599356977 -0.7386014598643283 0.760996 -0.7677312571317382 -0.15007638779925436 0.6229492713279701 0.466377
-0.41396220334569256 0.8839090323723406 -0.21757784053476542 0.472778 -0.5372570943226873 -0.4301892093794636 -0.7254598946416093 0.754632 -0.7348401926957469 -0.1834177380300615 0.6529684713482061 0.454985
-0.44462343020271267 0.8787626051990537 -0.1734539968364695 0.496132 -0.5616775145669087 -0.4243770753164601 -0.7102270535369573 0.747605 -0.6977308757283958 -0.21835837893156285 0.6822691869091454 0.441521
-0.4732907242800397 0.8719271806091923 -0.12545470108920076 0.520724 -0.5872948471506124 -0.41847049728262475 -0.6927966551697344 0.739945 -0.6565673254288661 -0.2542153312035645 0.7101365450110617 0.425826
-0.49929411226628834 0.8632556139926996 -0.07412917351694831 0.546237 -0.6136428739905831 -0.4127244262380167 -0.6731277525010219 0.731667 -0.6116762318880766 -0.29059988454331287 0.7358015319681095 0.407785
-0.5220535557747936 0.8526740520464593 -0.020175377804810435 0.572353 -0.640304550630356 -0.4074365886606384 -0.6511570537609495 0.722793 -0.5634449106567143 -0.3270204690646352 0.758674795592811 0.387274
-0.5405600675522197 0.8405446885263635 0.035769259959608196 0.598753 -0.6673242765915351 -0.4024942885801512 -0.6266391765058599 0.713368 -0.5123213085940539 -0.3626058111096351 0.778488216037982 0.364144
-0.5546224406358067 0.8268616485148633 0.0932403483394591 0.625128 -0.6938782432227949 -0.3977324087895822 -0.6002848611954865 0.703168 -0.45926782156518314 -0.39762890389623257 0.7943326273426339 0.338777
-0.5641373260911831 0.811687054665022 0.1513710758365421 0.651185 -0.7195363471745743 -0.39336191869591675 -0.5723057277491969 0.692155 -0.4049895336985402 -0.43177601393441145 0.8059484793617705 0.311254
-0.568787063672375 0.7953832636539789 0.20939613200368057 0.67665 -0.7441751539093496 -0.3892550458531966 -0.5428479064911477 0.68029 -0.3502636385680843 -0.4645922655156573 0.8133076971971159 0.281692
-0.5684179079248532 0.7783767109971453 0.26651599900868933 0.701273 -0.7676940000820576 -0.38529022384437495 -0.5120521122385507 0.667525 -0.2958834300672191 -0.4956623237519856 0.8165609938176321 0.250253
-0.5636623921188776 0.7607418532065522 0.3218020206441929 0.724838 -0.7896173877947257 -0.38189860097170236 -0.4802685076788718 0.653806 -0.24246461309448605 -0.5248097668257683 0.8159568738856388 0.217134
-0.5548819104678053 0.7428627692373299 0.3745143141678894 0.747164 -0.8097989683685866 -0.37915334498606845 -0.4477369448851063 0.639074 -0.19060875180529316 -0.5517224366172916 0.8119548365939495 0.182565
-0.54220682863207 0.725340369791645 0.4241380706035156 0.768104 -0.8283481477036609 -0.37678976927192803 -0.41457064050402936 0.62327 -0.14089393592581234 -0.5761170173866825 0.805132337629539 0.146801
-0.5262163379040957 0.7083057189795845 0.4705309492303521 0.787527 -0.8451885974578095 -0.3747767966416379 -0.38104932413840215 0.606366 -0.09355533362723509 -0.5982017729494339 0.7958655906558912 0.110093
-0.5076793756306673 0.6916596300913846 0.5136814262372202 0.805327 -0.8601718193698362 -0.3732580378431486 -0.3475383120570573 0.588357 -0.04864249912619356 -0.6182923202558249 0.784441530001712 0.0726892
-0.48704135542488586 0.6754683059589047 0.5536544822819535 0.82142 -0.8733565252785446 -0.3721280154189344 -0.3142755477184832 0.569258 -0.006252828102329855 -0.6366029435883668 0.7711663856492643 0.0348432
-0.4645821856895241 0.6598678026523193 0.5905403252638586 0.835747 -0.8848965406651312 -0.37116361310334606 -0.281417278479756 0.549105 0.03348887962932662 -0.6533085452761727 0.7563507384873125 -0.00318963
-0.4403659911945954 0.6451173825569727 0.6244208168551415 0.848276 -0.8950547330020635 -0.36997343106021097 -0.24899133567283094 0.527953 0.07039047328869508 -0.6685381238436414 0.7403390832840163 -0.0411572
-0.41525165487685506 0.6308889033051371 0.6553970207503806 0.858997 -0.9036671903026176 -0.3689470662367587 -0.21740209632352178 0.505878 0.10465023790038053 -0.6825373645462426 0.7233194824596276 -0.078811
-0.38909957996382116 0.6175256926394814 0.6835667749401714 0.867929 -0.911094147367558 -0.36756292287258285 -0.1865608543128654 0.482975 0.1360476809966289 -0.6953844380337344 0.7056426233129253 -0.115912
-0.3622398147171604 0.6050240736296304 0.7090332763434201 0.87511 -0.9174365200563823 -0.36576992343127257 -0.1565969181686408 0.459356 0.16459814185012023 -0.7072186602753694 0.6875676099539588 -0.152231
-0.33442770456696014 0.5937765034117879 0.7318384892953808 0.880607 -0.9230638066687278 -0.36296329614522405 -0.12732185385719175 0.43515 0.19002978512936264 -0.7181135771223557 0.6694785815216369 -0.187553
-0.3062079123846901 0.583592731053338 0.7521012156982041 0.884505 -0.9279403300201605 -0.35935187394851126 -0.09895945943551404 0.410499 0.21251696006456938 -0.7282072197880214 0.6515756185843011 -0.221678
-0.27810435141765716 0.574275774307569 0.7699774702976748 0.886912 -0.9320445610277084 -0.355170362463823 -0.07174224617325231 0.385559 0.23227334324289395 -0.7376051441460797 0.6340250352691211 -0.254424
-0.250129098371334 0.5659878920207861 0.7855527609484995 0.887953 -0.9355811264023008 -0.3501530332917886 -0.0456158875432815 0.360494 0.24924564202357724 -0.7463581977592437 0.6171110520561337 -0.285628
-0.22181763173493457 0.5592255904996866 0.7987888814835753 0.887771 -0.938927244512062 -0.3435201291820247 -0.020237350610969207 0.33548 0.2630828154108344 -0.7544936446233603 0.6012709642569372 -0.315144
-0.1942588301982885 0.5533365960768555 0.8099889618581673 0.886523 -0.9417781387469817 -0.33621329597457267 0.0038153621303069207 0.310695 0.2744402380633415 -0.7620887291201683 0.5864327111269827 -0.342849
-0.1670605647660774 0.5487405899161981 0.81913035145724 0.884379 -0.9444441330941247 -0.32757535081541306 0.02682664724198003 0.286322 0.2830477824751959 -0.7691411798340935 0.5729797538476313 -0.368639
-0.1399956225092518 0.5457048314102456 0.8262006188897237 0.881516 -0.9471137669584938 -0.3171371551941291 0.04898507153273168 0.262547 0.28875030409670405 -0.7756482848372002 0.5612423719866229 -0.392427
-0.11414208820371913 0.5435580525975918 0.8315745469630538 0.878121 -0.949494452763783 -0.30595412282357176 0.06965887522823971 0.239555 0.29228730364369077 -0.7816244099205019 0.5510275981701176 -0.414146
-0.08763511878867353 0.5436705953931009 0.8347109497663288 0.874384 -0.9522711133595056 -0.29168312452935913 0.09000378617501703 0.217531 0.29240350992411646 -0.7869836329744743 0.5432834884425952 -0.433743
-0.06250154816498016 0.5446776089495766 0.836313253981995 0.870494 -0.9548191356092774 -0.2765686408442688 0.10876674664577407 0.196656 0.2905408314700927 -0.7917298082114415 0.5373545719896138 -0.451183
-0.0368655068571499 0.5489728536988663 0.8350267901725601 0.866633 -0.9572821455802913 -0.25920808473275436 0.12814859563167663 0.176439 0.2867957952225924 -0.7946319743824184 0.5350777486793301 -0.466709
-0.01227129736363003 0.5542767687963712 0.83224195930851 0.862927 -0.9595552671808536 -0.24063317047277993 0.14611422413200792 0.157484 0.28125274129596317 -0.7967891445300144 0.5348120741649668 -0.480162
0.012748175059938638 0.5612724649593712 0.8275329021320375 0.859471 -0.9618877592071309 -0.219191463510504 0.16348406959581085 0.139804 0.2731472546450462 -0.7980778924406781 0.5370868224759564 -0.491695
0.0373490168141552 0.5691796285643635 0.8213644753520504 0.856338 -0.9639799109736014 -0.19607879674815903 0.17971042458667102 0.1234 0.2633396707340985 -0.7984908614963149 0.5413543773948164 -0.501455
0.06183170666376919 0.5779208561312291 0.8137470885352482 0.853578 -0.9657798797046512 -0.17111388176185743 0.19490834621959902 0.108261 0.2518850214060288 -0.7979520809653526 0.5475640715700293 -0.509592
0.08664496392895926 0.5874651078178884 0.8045976617678339 0.851226 -0.967209928728935 -0.14393977856371099 0.2092517476992674 0.0943633 0.23874170979097342 -0.7963454572254092 0.5557304281416809 -0.516246
0.11123243283129375 0.5972691210800597 0.7942902132663382 0.849299 -0.9680944520627336 -0.1154665300046318 0.22239741980078248 0.0816771 0.22454504619738935 -0.7936857548507108 0.565369299462988 -0.521555
0.13564284736193466 0.6071414538033099 0.7829305671853348 0.847803 -0.9683552371218319 -0.08585320477452585 0.23434453688674717 0.070161 0.20949738112508126 -0.7899420752837176 0.576283233313434 -0.52565
0.15979753920541284 0.6168554723711954 0.7706841588287666 0.846729 -0.9679250861120288 -0.05541773733245903 0.2450508152689399 0.0597672 0.1938705086879282 -0.7851230480597673 0.5882142681595067 -0.528656
0.1833828028146301 0.6261394112054638 0.7578391553404489 0.846062 -0.9667801482069679 -0.024768240812117315 0.2544065236584656 0.0504417 0.17806429362666443 -0.7793176322798987 0.6007970833425283 -0.530692
0.20609308640320018 0.6347922311898758 0.7446908505935752 0.845777 -0.9649572145852764 0.005516619983629456 0.26234927277158826 0.0421251 0.1624291037857073 -0.7726631802570482 0.613684280488295 -0.531872
0.22850283190468157 0.6429167954342708 0.7310570770877395 0.845841 -0.9624172049251828 0.03597271537028546 0.2691822568686269 0.0347543 0.14676368582023225 -0.7650908167645307 0.6269740525947176 -0.532302
0.2513035008601152 0.6505728492036731 0.7166599740005473 0.846217 -0.959027964168595 0.06729444790014766 0.2752032362172626 0.028262 0.13081251621343498 -0.7564564925762943 0.6408288854609167 -0.532089
0.2752441426115897 0.6577435658682669 0.7011519546552712 0.846863 -0.954552547132375 0.10024812219103274 0.2806773036073037 0.0225807 0.11432452370819512 -0.746541168024958 0.6554435046003779 -0.531331
0.3011244319008439 0.6643084098498446 0.6841187127357099 0.847736 -0.9486328531941943 0.1356683460329846 0.2858142923741159 0.0176398 0.09705558383233925 -0.7350431528063133 0.6710378358628661 -0.530126
0.32973630638526075 0.6700089705004268 0.6651029602252296 0.848785 -0.9407765659599705 0.17437439392228715 0.2907456339909512 0.0133691 0.07882525732257767 -0.7215826703803195 0.6878263070098702 -0.528569
0.36182772849853334 0.6744161199546507 0.6436175821362448 0.849963 -0.9303421969003621 0.2171356102299254 0.29549200232271217 0.00969768 0.05953227323225152 -0.7057017953182436 0.7060034592892647 -0.526754
0.39799522634679974 0.6769037294855409 0.6191939444259168 0.851217 -0.9165484911882245 0.2645365046199718 0.299932160703111 0.00655551 0.03922579643230728 -0.6868928437041787 0.7256993579728714 -0.524773
0.4385336351930901 0.6766429305456104 0.5914749321374337 0.852497 -0.8985313246404757 0.3168077161758289 0.30376690012456475 0.00387248 0.018157903077327398 -0.6646707572280456 0.7469157081235678 -0.522717
0.4826331096691593 0.6727772263431339 0.5607460077121522 0.853752 -0.8758178418785615 0.37285772006808765 0.30646407364127787 0.00158028 -0.0028964285346385066 -0.6390210671798444 0.769183779341502 -0.520678
0.5274238440784886 0.6657578121660219 0.527816847246639 0.854935 -0.8493348627128459 0.42875203866933614 0.3078993022360383 -0.0010882 -0.021316183476908446 -0.610686683068167 0.7915853683875029 -0.518733
0.5720325519469033 0.6547171011967055 0.49408934102416796 0.856035 -0.819353817095124 0.4839642357270024 0.30730756734715914 -0.00348747 -0.03792205064027637 -0.5806239195363566 0.813288252796925 -0.516906
0.6175886268496706 0.6389443159365596 0.45862233822427345 0.857043 -0.78470997907135 0.5399122049846389 0.30450789752396684 -0.0056598 -0.05305220760514737 -0.5479461397263301 0.8348296180821768 -0.515214
0.6575960182531112 0.6211792524116403 0.4262673024652128 0.857953 -0.7505815695592778 0.5888452885791475 0.29981416503572894 -0.00764864 -0.06476715383266876 -0.5171049820795155 0.8534680153895394 -0.513671
0.6485605094168464 0.6268373709455578 0.4317918202224564 0.858757 -0.7586134193319999 0.5787100650113124 0.299333159980671 -0.0094972 -0.062249061313180754 -0.5216987359009642 0.8508557359064838 -0.512294
0.6351885129096931 0.6343239275703823 0.4406457851599821 0.859448 -0.7701455985935333 0.563319260895458 0.2992443270493245 -0.0112497 -0.05840642117593642 -0.5294379710748742 0.8463357045224665 -0.511099
0.6207680490027123 0.6418142773882067 0.450246002400932 0.860017 -0.782123983395645 0.5466226154510797 0.29914175715661884 -0.0129489 -0.054121196722676845 -0.5378458418711396 0.8413041937653885 -0.510102
0.6063913732247954 0.648758431166896 0.4597847327482876 0.860455 -0.7936105795883469 0.5299259030273125 0.29893274371693546 -0.0146385 -0.04971670186159305 -0.5461602652066101 0.836204050615309 -0.509317
0.5932171260027023 0.6547010134944614 0.4684656063644579 0.860753 -0.8037509736664713 0.514609085270751 0.29859983537671353 -0.0163617 -0.0455830423216077 -0.5536642234117409 0.8314914996357933 -0.508759
0.5811671980403814 0.6597534109591312 0.47641381660241944 0.860904 -0.8127130828698159 0.5005719951884668 0.29820315653137763 -0.0181628 -0.04173886503166924 -0.5604936345408654 0.8271062524156366 -0.508444
0.5701646377201236 0.6640031159861681 0.4837480210338228 0.860895 -0.8206416315087202 0.48772124322000054 0.29778398470475737 -0.0200842 -0.038204692489094694 -0.5667696629783538 0.8229900063787028 -0.508386
0.5600903404823329 0.6675384733715019 0.4906028914175182 0.860718 -0.8276928094540371 0.475914229090611 0.29737225783043797 -0.0221697 -0.034977473843425755 -0.5726238146618896 0.8190717570552646 -0.508599
0.5507851938718064 0.6704399072531655 0.4971378088357029 0.86036 -0.8340319042098736 0.464961918911424 0.29698686287824083 -0.0244623 -0.03203830475617267 -0.5782047602057367 0.8152624131552842 -0.509099
0.5420999053696411 0.6727726347211269 0.5034924771718241 0.859811 -0.8398007919760366 0.4546896484902562 0.29663437655172276 -0.0270049 -0.029365326401183667 -0.5836388485409457 0.8114822068777303 -0.509898
0.5339008249450483 0.6745822069195117 0.5097928552172912 0.859057 -0.8451177794731685 0.4449433871762594 0.2963128769163743 -0.0298399 -0.0269415653097205 -0.5890366952200164 0.8076570582511761 -0.51101
0.5261429303025142 0.6758800784771496 0.5161005099885158 0.858083 -0.8500351156683293 0.4356743659614262 0.2960205212056074 -0.0330093 -0.024777389358322743 -0.5944526611613674 0.8037487882508779 -0.512449
0.5186701242495597 0.6767026063328282 0.5225465383995029 0.856875 -0.8546691920624382 0.42670555216588407 0.29574134626417475 -0.0365554 -0.022844569382784785 -0.5999966286014988 0.7996762915808807 -0.514227
0.5115410191786431 0.6770228201434333 0.5291180271949799 0.855414 -0.8589974920679598 0.4181152159947382 0.29547076805435185 -0.040519 -0.021191845569235257 -0.605656476196454 0.7954439883000335 -0.516357
0.5047874342669509 0.6768240999962436 0.5358159981471844 0.853682 -0.8630152113047664 0.40995209427589513 0.29520166912705104 -0.0449412 -0.01985928656266228 -0.6114314500114322 0.7910481595163088 -0.518852
0.4987024581027749 0.6760362725030027 0.5424673414524562 0.851657 -0.8665651256890625 0.4025814488043785 0.29494585946927065 -0.0498614 -0.018993188825189078 -0.6171735050525202 0.78659781555725 -0.521722
0.49349077029258887 0.676385247420864 0.5467813609729613 0.849326 -0.8696054444850743 0.3952143338583106 0.29595945876901486 -0.0569729 -0.015913219597044226 -0.6215373097283446 0.7832229197729775 -0.524785
0.48889417823942133 0.6764873001087496 0.5507698387486147 0.846716 -0.8722473631847739 0.3884411653482327 0.29714979131763763 -0.0647449 -0.012923617945822974 -0.6256823426104344 0.7799708880751313 -0.528091
0.4852386286880587 0.6763189907428544 0.5541986069898579 0.843866 -0.8743224007474475 0.3826837520203799 0.2985188193243839 -0.073033 -0.010188855684130915 -0.629401119080806 0.7770137827089535 -0.53156
0.4826859199189151 0.6758917462449581 0.5569422322557088 0.840819 -0.8757586747682031 0.3781702895904639 0.30005662072233175 -0.0816918 -0.007813211904923012 -0.632580097243824 0.7744555340952267 -0.535117
0.48092275639713367 0.6752949109013575 0.5591869863383003 0.837621 -0.8767443753942334 0.37455901736047786 0.30170323619167305 -0.0905744 -0.005709868120933548 -0.6353599970289918 0.7721949699275182 -0.538691
0.4804838349942082 0.6744704620189412 0.5605576510700878 0.834323 -0.8769938615879023 0.37252743644575353 0.3034881807126831 -0.0995299 -0.004129291270621727 -0.6374267839988454 0.7704998663169847 -0.542217
0.4814765563330705 0.6734276554341628 0.5609594625265664 0.83098 -0.8764533072800454 0.3722410045930655 0.30539521059999586 -0.108407 -0.0031505332116975593 -0.6386954105017446 0.7694532128365507 -0.545638
0.48351347192823535 0.6722445928617009 0.5606263727582832 0.827651 -0.875332922929055 0.37326419636213537 0.30735340204820627 -0.117053 -0.002645089862484462 -0.639344232070905 0.7689160919224438 -0.548902
0.4873692848252978 0.6708013454039259 0.5590140742531988 0.824399 -0.873190967131551 0.37656615373060703 0.30941148457095685 -0.125311 -0.002952139689179123 -0.6389236940893801 0.7692644525794987 -0.551963
0.49255905114087206 0.6691669232159885 0.5564181970540241 0.821292 -0.8702703244808838 0.3815890643090201 0.3114792903672786 -0.133025 -0.0038914607977857396 -0.6376561886106129 0.7703112628408373 -0.554782
0.4985679103763929 0.6674152264233989 0.5531608755878528 0.8184 -0.8668346881542589 0.3877275867232891 0.3134723941693155 -0.14004 -0.005259482429421036 -0.6357863116110138 0.7718472023740431 -0.557324
0.5055456353162191 0.6655015671140403 0.549118634523977 0.815796 -0.8627704348503107 0.39518495569110457 0.3153664971800675 -0.146197 -0.007126525164917186 -0.6331954792670084 0.7739591059448152 -0.559556
0.5132951322115941 0.6634407387768682 0.5444028778203562 0.813555 -0.8581605269648256 0.40373691987786875 0.3171072523405676 -0.15134 -0.009413671299509374 -0.6299546695268914 0.7765748496661028 -0.561449
0.5213296709777805 0.6613121028513909 0.5393344757944467 0.811752 -0.8532719757698466 0.412802795585297 0.3186232686461959 -0.155312 -0.011929355557678933 -0.6263067575711083 0.7794854302017091 -0.562971
0.5295522614516375 0.6591317464988272 0.5339660505583308 0.810464 -0.8481509780239976 0.42227699083047165 0.319878197900541 -0.15796 -0.014639701786322346 -0.6222760510999656 0.7826609708929149 -0.564089
0.5378344720953695 0.6569256811532621 0.5283774503773017 0.809766 -0.84286876571464 0.43201505894115766 0.32083521102077833 -0.159129 -0.017502125830153203 -0.6179090857799314 0.7860547292027666 -0.564763
0.545800627402043 0.6547929199913186 0.5228268423261937 0.809727 -0.8376670985928939 0.44157153555985446 0.321447368815293 -0.158668 -0.0203839903477952 -0.6134010196539901 0.7895085066197489 -0.564948
0.5531818083494005 0.6528280340098047 0.5174992221464494 0.810416 -0.8327373854629223 0.450634287831702 0.32167869914371194 -0.156429 -0.023202020680604007 -0.6088877537291316 0.7929170004452097 -0.564584
0.5596682968671345 0.6511543649326758 0.5126103691020742 0.811894 -0.8283127700918068 0.45884930063199186 0.3214891510025953 -0.15227 -0.025871845405354005 -0.6045290004116062 0.7961628823781386 -0.563597
0.5649473154412645 0.6499133088957229 0.5083770467831146 0.814215 -0.8246409289425981 0.4658644667970231 0.3208389578723482 -0.146051 -0.02831729309798775 -0.6004856280512784 0.7991339946563808 -0.561893
0.5693464953367273 0.6550262406344433 0.49677479035081284 0.817397 -0.8218316186743216 0.4688658602638903 0.3236627807242381 -0.144359 -0.020913124944159756 -0.5925414999468901 0.805268409939046 -0.557694
0.5723595415557587 0.661361126515516 0.4847741902414041 0.821353 -0.8199155303636237 0.47020275651643767 0.32656988659838315 -0.141539 -0.01196153245278117 -0.5843892778777439 0.8113852929668555 -0.552581
0.5739508572147264 0.668832007517685 0.4724872053530591 0.825969 -0.8188881457092276 0.46991623679898215 0.3295465600026577 -0.137652 -0.0016181221780526278 -0.5760577020685914 0.8174074293570316 -0.546651
0.5741639665298824 0.6773239557819258 0.4599652144049545 0.831127 -0.8186800203867272 0.46813771537708915 0.33258097308942314 -0.132763 0.009937995686261886 -0.5675203418076248 0.8232993974711122 -0.540002
0.5731076383121283 0.6866983560134183 0.44720577227576475 0.836709 -0.8191709548960773 0.465076469436441 0.33565283289610975 -0.12694 0.0225073668593955 -0.5587031818640409 0.8290622250543398 -0.532733
0.5709497301631059 0.6967849874011856 0.43417402842524633 0.842599 -0.8202011581312407 0.46100851916002267 0.3387347125141661 -0.120253 0.035867336489463025 -0.5495105336517335 0.8347165432522222 -0.524943
0.5678876529876179 0.7073978125380416 0.42082294186582614 0.848686 -0.8215989234008392 0.4562380411400022 0.341792420751712 -0.112781 0.04978777611820537 -0.5398473716089829 0.8402892315840278 -0.516732
0.5640969447396322 0.7183536248383283 0.4071396647552859 0.854864 -0.8232207819002736 0.45102998715698656 0.34478905860347536 -0.10461 0.06404827228672494 -0.5296602877003362 0.8457882704615161 -0.508198
0.55968235437297 0.7294984835593623 0.39317632773110844 0.861032 -0.8249847281345595 0.44554792025487855 0.34768843682426287 -0.0958312 0.07845929230037904 -0.518959548752254 0.8511904171280246 -0.49944
0.5546651027495715 0.7407188246242935 0.3790544111852713 0.867101 -0.8268737683998728 0.4398315017067417 0.3504682884921065 -0.0865463 0.09287838781977839 -0.5078226786523008 0.8564401509284821 -0.490556
0.5491855290285665 0.7518570812011164 0.36483720226061295 0.872989 -0.8288068694027176 0.43405353946741526 0.3530958766492122 -0.0768636 0.10711875623101774 -0.49629472526266777 0.8615202364076964 -0.481645
0.5433172368479523 0.762793569269828 0.3506456199990273 0.878626 -0.830756507252018 0.42828307160017676 0.35555201622146027 -0.0668981 0.12103720833831971 -0.4844786695627724 0.8663892964114643 -0.472801
0.5371161982596486 0.7734265425198061 0.33662675605625914 0.88395 -0.8327147821164038 0.42255074594840936 0.35782252408599546 -0.056774 0.13450755076177598 -0.4725063496126811 0.8710025650730122 -0.464121
0.5306228670208769 0.783672615025128 0.32294984975104435 0.888913 -0.8346886635730782 0.41685002205444416 0.35990400666816397 -0.0466195 0.14742526207245887 -0.4605358743603876 0.8753128015343885 -0.455697
0.5238775767942636 0.7934609172039822 0.30979357224123655 0.893476 -0.8366886731224257 0.4111591167865979 0.36180138881974977 -0.0365705 0.15970081026972127 -0.44874040775606616 0.8792768037689351 -0.44762
0.5169894257726846 0.8027003825634463 0.29731133424699296 0.897609 -0.8386917721364141 0.405528357421399 0.36351459761305815 -0.026767 0.17122512955145142 -0.4372857728758156 0.8828720789845432 -0.43998
0.5100152320331302 0.8113352864099834 0.285691295142541 0.901294 -0.8407067200892255 0.39993337411829044 0.3650554849104121 -0.0173522 0.18192491278274386 -0.4263664495388792 0.8860671401291222 -0.432861
0.503015150790264 0.8193158445133205 0.2751314322371631 0.904519 -0.8427409994823641 0.39434254117668804 0.3664444951282233 -0.00847208 0.19173775284725297 -0.4161916711657465 0.8888313265099004 -0.426349
0.49612052604477913 0.8265683537939412 0.2657991349561283 0.90728 -0.8447681744273587 0.3888062978588756 0.3676906229698324 -0.000273542 0.20057705529725917 -0.40695751529078533 0.891153424297203 -0.420526
0.48948473247341284 0.833014656830628 0.2578590277279095 0.909577 -0.8467546727074229 0.3833966741915711 0.36880010095848376 0.00709488 0.20835359589787972 -0.3988653553822313 0.8930258716029619 -0.415474
0.48324384227893946 0.8386026141523034 0.25143795345255704 0.911423 -0.8486724817985422 0.37817498531815197 0.3697819615902305 0.0135132 0.21501257530058704 -0.3920833278992341 0.8944496947543059 -0.411248
0.4775029870774663 0.843353340525878 0.24646711820431436 0.912869 -0.8504876606930265 0.3732238779162774 0.37064089893323826 0.0189712 0.22059382661579705 -0.38659937917303755 0.8954771262751615 -0.407813
0.4723552746086398 0.8472997913515343 0.24282413003044634 0.913967 -0.8521655243700481 0.3686363300735065 0.3713774026850016 0.0234883 0.22515419965996086 -0.38234842712581335 0.8961669859183048 -0.405108
0.4679368785933399 0.8504476684721013 0.2403618955714258 0.914765 -0.8536517863387098 0.3645670761799068 0.3719804761628818 0.0270913 0.22872189517633007 -0.3792487444356291 0.8965805510443258 -0.403077
0.4644883887470469 0.8527530772813301 0.2388780565610706 0.915301 -0.8548478247583962 0.3613063823420154 0.3724149494646582 0.0298084 0.23126982774458657 -0.3771868068558963 0.8967967325480408 -0.401666
0.46198285711913334 0.8542797889620304 0.23828109849300033 0.91561 -0.8557682115470577 0.3588344445517268 0.37269103760193056 0.0316721 0.2328789553257063 -0.3760902598768575 0.8968408490875988 -0.400819
0.46046229134822175 0.8550559349593381 0.2384404041624613 0.915719 -0.8563924908969334 0.35722141643669375 0.3728066002290039 0.0327158 0.23359447720717094 -0.37586195302234937 0.8967504739271309 -0.400486
0.4598461802639832 0.8551553053348715 0.23927159098866463 0.915654 -0.8567477940814558 0.3564000690823535 0.37277635130819764 0.032976 0.23350526296677643 -0.3764151890077182 0.8965416318560451 -0.400613
0.460001404230791 0.8546684211675232 0.2407085332195636 0.915436 -0.8568773996526929 0.35624346368044607 0.3726281209857865 0.0324884 0.23272264623396588 -0.37766716092873637 0.8962185478363459 -0.401151
0.46094365619059025 0.8536210261426949 0.24261510576372486 0.915084 -0.8567603471797325 0.35680799246749256 0.37235703835402617 0.0312918 0.23128478834137556 -0.3794986169123811 0.8958170273239254 -0.402048
0.46228512464999966 0.8522046823551096 0.24502988164581294 0.914614 -0.8565424075026687 0.35766997361961256 0.3720313079842578 0.029423 0.22940699134260564 -0.38186302432020364 0.8952949586477974 -0.403256
0.4639290910726477 0.8504894811028868 0.24786577212243197 0.914043 -0.8562482957792094 0.3587525402274846 0.37166580533528615 0.0269205 0.2271753825389248 -0.3846612242138131 0.8946659086802313 -0.404724
0.465889055869082 0.8485010122116693 0.2509848997393829 0.913384 -0.8558561719609258 0.36011112407305335 0.37125488715333066 0.0238225 0.2246276931676183 -0.3877705643735928 0.8939666598187986 -0.406402
0.46797418089795073 0.8463506615546037 0.25434371173468556 0.912652 -0.8554319935516292 0.36155461503538344 0.37082929328048125 0.0201657 0.22189247490885666 -0.39111228315242214 0.8931936584784523 -0.408239
0.4701202719573792 0.8440991805740785 0.25784395135214894 0.911862 -0.8549888063920872 0.36304071899351326 0.3703992134129165 0.0159866 0.21904581904011336 -0.39458587114447286 0.892368152420403 -0.410185
0.4723023767993837 0.8417935956027878 0.26136948420154826 0.911029 -0.8545240565251622 0.36457400917553817 0.36996544251248176 0.0113221 0.2161460193698575 -0.3980820697240771 0.891522049124283 -0.412188
0.474415226223885 0.8395157141043692 0.2648462929677726 0.910167 -0.8540708450514995 0.3660576173943651 0.3695467661617108 0.00620738 0.2132913143096961 -0.40151610991265574 0.8906692027462557 -0.414195
0.47643565450474734 0.8373161842046566 0.26816165793339375 0.909294 -0.8536275903411408 0.367492924771173 0.369146159740971 0.000676917 0.21054454190268274 -0.40478458210767165 0.8898429288154774 -0.416153
0.4783100218326748 0.8352596553357637 0.2712210006301274 0.908428 -0.8532063852589836 0.368840233032224 0.3687760114894051 -0.00523488 0.20798650717708894 -0.4077967516608195 0.8890688511961033 -0.418008
0.4800091671007515 0.8334022742118448 0.273919420337018 0.907588 -0.8528086033699138 0.37008672411360366 0.3684471504206792 -0.0114947 0.20569075214384347 -0.41045884808758415 0.8883776497127297 -0.419704
0.48155056567389753 0.8317772100066481 0.2761443926874223 0.906791 -0.8524157894690134 0.3712709305033418 0.36816466156748523 -0.0180506 0.20370658939530525 -0.412679741539052 0.887805753732309 -0.421193
0.4829364071764403 0.8304040818806161 0.277851556446104 0.906043 -0.8520180566091572 0.37238905245101855 0.3679560093633308 -0.024774 0.20208329430080668 -0.4144338963099467 0.8873595031067678 -0.42246
0.48420528465384893 0.829281660221263 0.2789931367147776 0.905347 -0.851588346915053 0.3734749096737341 0.36785021305238264 -0.0315171 0.20085449885868187 -0.4157023212165908 0.8870451231044372 -0.4235
0.48536729269256196 0.8284195904385439 0.279534565594182 0.904714 -0.85111320111671 0.37453026017246227 0.3678768857919923 -0.0381321 0.200062265480424 -0.4164709670466633 0.8868635878972917 -0.424309
0.4864253389944768 0.8278286616608136 0.2794460529636711 0.904155 -0.8505810549108014 0.3755462576181702 0.3680718373032844 -0.0444716 0.199755497073139 -0.41673098675506903 0.8868105919908771 -0.424883
0.48746089858912234 0.8274854280656817 0.27865702698055345 0.903687 -0.8499434390018242 0.3766129210307494 0.36845468949443294 -0.0503857 0.1999450495622181 -0.416449965844208 0.8868998833599654 -0.425218
0.48840196099111893 0.8274291999933883 0.2771722271410528 0.903328 -0.849222826913494 0.3776350271415328 0.3690696093216939 -0.0557282 0.20070903006363094 -0.41563530320957537 0.8871094520840149 -0.425316
0.48929307301592023 0.8276482003271362 0.2749377114800555 0.903096 -0.8483860645803964 0.37866169321842763 0.3699410865458727 -0.0603495 0.20207269514811954 -0.4142629341181833 0.8874417430408427 -0.425176
0.4901700925871084 0.8281315493012403 0.2719033236006372 0.903014 -0.8474033139785936 0.37973535604649 0.37109120553624375 -0.0641005 0.20406102957508263 -0.4123095880769362 0.8878963339200046 -0.424802
0.4909695930674891 0.8289095109691401 0.26806320394273603 0.903099 -0.8462901945048363 0.38078267625218554 0.37255531153264937 -0.0668315 0.2067408168894336 -0.40977259070260424 0.8884507068716674 -0.424199
0.49171840594814925 0.8299708354811242 0.2633655662811215 0.903369 -0.8450187149226205 0.38184535031521655 0.3743494355187042 -0.0683924 0.21013419684176585 -0.4066233400745883 0.8891012757972241 -0.423375
0.4924713648916993 0.831288504867009 0.2577428494404438 0.903836 -0.8435463448169597 0.38300481409366227 0.3764795831476466 -0.0686325 0.21424639765385406 -0.40282345271477393 0.8898492833257184 -0.422338
0.4931290508764494 0.8329012920878518 0.2511954952225038 0.904506 -0.8419022308001083 0.3841641186926271 0.37897039948117084 -0.067399 0.21914463934920542 -0.39836336120118254 0.890663943076738 -0.421102
0.49369297719352445 0.8347994067858414 0.24367436200757986 0.905374 -0.8400663735005803 0.385354799515967 0.38182478521383595 -0.0645388 0.22484601927402947 -0.39320685258527194 0.8915338685078692 -0.419681
0.4941868156068121 0.8369600055076781 0.23511133630896333 0.906429 -0.8380079754092747 0.3866468637701135 0.38502835725071477 -0.0598974 0.23134827518450937 -0.3873011127240961 0.8924549420849379 -0.41809
0.49461887336205285 0.839361236824146 0.22544374959420213 0.90764 -0.8357027921382819 0.3880995926880417 0.38856086957857144 -0.0533184 0.23864830467936068 -0.380593510549531 0.8934179125142113 -0.416349
0.4948969270173402 0.8420231741886528 0.21464856337292149 0.908963 -0.8331726959987307 0.38966137723031535 0.39241211721502794 -0.0446461 0.2467798417030863 -0.37304287317175705 0.8943929363007963 -0.41448
0.4950010252678254 0.8449271627967752 0.202662464585807 0.910331 -0.8304069513148722 0.391380635172358 0.3965419191208179 -0.033723 0.2557308745375523 -0.36458097588913413 0.8953672050214846 -0.412505
0.494894563107435 0.8480549390832316 0.18942595308784219 0.911654 -0.8274035386165789 0.39329575325004645 0.4009012780725972 -0.0203934 0.2654858860494553 -0.355135566751649 0.8963235875154244 -0.410451
0.4945515248571626 0.8513752099340314 0.17486863975921837 0.912817 -0.824158826871103 0.3954704920846913 0.4054199279521658 -0.00450333 0.2760090892559563 -0.34462057657672757 0.8972489291428669 -0.408344
0.4939322611267947 0.8548439231884494 0.1589741752799887 0.913665 -0.8206879905266257 0.3979476630234115 0.41001082875891776 0.0140067 0.287231863872275 -0.33298577219152475 0.898119330542703 -0.406227
0.4930341503179033 0.8583565788224561 0.14192008389411193 0.91401 -0.817028710065208 0.4007523053575397 0.4145620299542634 0.0348265 0.2989672449441333 -0.32034602126891776 0.8988865407311919 -0.404195
0.49189428976184635 0.8617897345203932 0.1239292587525585 0.913675 -0.8132146867416824 0.40391959788508525 0.4189639981095968 0.0575458 0.31100141634294187 -0.30686709162049447 0.899505812717774 -0.40235
0.49050496201187116 0.86505837985421 0.10525626672907455 0.912516 -0.8093023277070672 0.40740386427069547 0.4231451686421901 0.0817425 0.32316346422461745 -0.29273894653994026 0.8999273773861035 -0.40079
0.48909647009967017 0.8679716301573303 0.08608073058512705 0.910422 -0.8052494363645856 0.411406652235319 0.42698701588109744 0.106988 0.3351984310383324 -0.27815430203136193 0.9001512073484578 -0.399606
0.4877029737918804 0.8704602272320449 0.06666934949204831 0.907329 -0.8010956148057614 0.41586970777854765 0.43046277666154165 0.132847 0.34697496349669865 -0.2633464998045766 0.9001427640919759 -0.39888
0.48639639399359225 0.8724579188067181 0.04728348360136736 0.903218 -0.7968602455305638 0.42075310613008904 0.4335672644179354 0.158883 0.35837452058286745 -0.24856388231867604 0.8998798249786844 -0.39869
0.4852263669088086 0.8739339050758548 0.028194013821115693 0.898118 -0.792562741502471 0.4259705874517947 0.436340875243267 0.184664 0.36932326441555996 -0.23406962251612212 0.899339612258125 -0.399102
0.4842646045516069 0.8748681823804102 0.009667276600621666 0.892109 -0.7882034909251375 0.43144390442563635 0.4388523831852674 0.209761 0.37976709924887136 -0.2201404569640927 0.8985071672144513 -0.400178
0.48358768427822574 0.8752589969410424 -0.008039893543048543 0.885311 -0.7837692825163906 0.4370916121608083 0.44119908699181143 0.23376 0.38967764036208885 -0.2070570231902942 0.8973732365907781 -0.40197
0.48328150496679656 0.8751172739649371 -0.024672733233371602 0.877891 -0.7792307091623116 0.4428324568682577 0.44350751633137353 0.25626 0.3990469757502605 -0.19511322854229965 0.8959309901953225 -0.404523
0.4835929513103287 0.8743775124317472 -0.040022783469364304 0.870044 -0.774486566594154 0.4487543974936491 0.4458587768512701 0.276874 0.40780928828088847 -0.18461705361038977 0.8942081010078433 -0.407878
0.4844430523504346 0.8731663139196182 -0.053810010829037164 0.861995 -0.7695470699570541 0.4545926151810704 0.4484895331480414 0.295237 0.4160675860360994 -0.17585830221761567 0.8921668125363278 -0.412068
0.4859211879603406 0.8715218478525539 -0.0658047703960847 0.853983 -0.7643493906076488 0.46026371987396825 0.4515831232956935 0.310995 0.42385210648164473 -0.16913597158336072 0.8897990868435557 -0.417126
0.48826437809917533 0.8693969148552098 -0.07580832091313369 0.846254 -0.7587732952491376 0.46583382413796626 0.45526029335509094 0.323814 0.431115974531437 -0.16476605454170906 0.8871252244044061 -0.423082
0.4915421299055255 0.8668325060664258 -0.08359270874029093 0.839043 -0.752756145554574 0.4711872691505544 0.45971811223864556 0.333368 0.43788642346818696 -0.16304589481812373 0.8841218899706063 -0.429968
0.4957399289556311 0.8639079953750712 -0.08890949536518464 0.832567 -0.746271956044364 0.47611101367666264 0.465184340103469 0.339336 0.44420726070246175 -0.16425978869707217 0.8807375496459819 -0.437815
0.5013088557503993 0.8604064128939795 -0.09159823031663936 0.827005 -0.7391339648008792 0.4808618548026689 0.4716490842495823 0.341402 0.44985599165061463 -0.1687384995982 0.87701590950757 -0.446664
0.5080715918512912 0.8564551250695932 -0.09136671328072687 0.82248 -0.7314012358155203 0.48502627328737613 0.4793764141762601 0.339239 0.45487964320380914 -0.1767318108405704 0.8728404076552531 -0.456556
0.5164597038069528 0.8517745737077442 -0.08803096005738448 0.819048 -0.7229349681357213 0.4888054572274848 0.4882973037312749 0.332513 0.45894924140937193 -0.1885452215507457 0.8682259459611548 -0.467543
0.5264042615693737 0.8463290304163991 -0.08139856065091533 0.816633 -0.7138186877664161 0.49192668214746854 0.49846867543188267 0.32102 0.4619106346437961 -0.20429222125627255 0.8630777797725673 -0.479641
0.5381385813583551 0.839796198897781 -0.07175800701284465 0.814939 -0.7040833050039655 0.4947047051123191 0.5094447510323628 0.305142 0.4633287891641418 -0.22362826086291474 0.8575061714501642 -0.492711
0.551301369175249 0.8321907148767183 -0.059375200365744646 0.813592 -0.6940020966276428 0.4969267954989601 0.5209845005291143 0.285399 0.4630635919848718 -0.24601295491927072 0.851498523656945 -0.506572
0.5661599276239973 0.8230823682229493 -0.04470292466149381 0.812218 -0.6836144745997248 0.49914579793743585 0.5324703959086763 0.262318 0.4605802714734232 -0.2709038344540392 0.8452673695391099 -0.521048
0.5822858531324411 0.8125004470281647 -0.028039415487093183 0.81046 -0.673206273670278 0.5012212752689106 0.5436640012993189 0.236438 0.455781195677053 -0.29769154639801176 0.8388344561773535 -0.535959
0.5994967744574451 0.8003174446996366 -0.00977778730404591 0.808001 -0.6629461826067697 0.5033663036553405 0.5541883464233717 0.20831 0.44844840994503554 -0.3257519793551583 0.8323338702491722 -0.551128
0.6178410613728345 0.7862449305189108 0.009556783716424821 0.804584 -0.6528603446657124 0.506176177381715 0.5635237775056183 0.178505 0.43823029704101524 -0.35440737391390104 0.8260445630054081 -0.566375
0.6368453257083266 0.7704235389068592 0.029590569810104633 0.800025 -0.6431301755419152 0.5096719730118049 0.5715050806717988 0.147604 0.4252194826567577 -0.38299092760075315 0.8200648394759003 -0.581526
0.6561426772095834 0.7529846294572724 0.04990926712880894 0.794226 -0.6338455549488049 0.5140186262753086 0.5779486692723552 0.116197 0.40953217164941025 -0.41085155426642733 0.8145455179061383 -0.596409
0.67534208241294 0.7341636893282546 0.07011953361282164 0.787175 -0.6250615013506811 0.5193227568943415 0.582753801961766 0.0848739 0.39142201171036123 -0.437387187104957 0.8096179699741274 -0.610862
0.6940291666537489 0.7143155391914892 0.0898711650279197 0.778956 -0.6168169719146391 0.5255826455147489 0.5859178320308862 0.0542177 0.3712954874381841 -0.46207812456692926 0.8053716333499408 -0.624731
0.7117997850789541 0.6938931224017241 0.10887332384537643 0.769741 -0.6091459273161649 0.5326807477560719 0.5875308163868185 0.0247947 0.3496888691332394 -0.48452405064518494 0.801844211272176 -0.637874
0.7282814573897332 0.6734265367875686 0.12689688086232642 0.759788 -0.6020916799306423 0.5403793417420721 0.5877718740946197 -0.00285338 0.3272487246431725 -0.5044669132546812 0.7990127693915228 -0.650165
0.7427282784477642 0.6539032862938113 0.14410134131289112 0.749426 -0.5960411719319919 0.5475901289241414 0.5872648227731507 -0.0282137 0.30510592546844817 -0.5220685231643412 0.7964639548435608 -0.661486
0.7550230986071299 0.635793457172209 0.16033340383930803 0.739048 -0.5910594914159422 0.5540672585259918 0.586223635344584 -0.0508061 0.28388166227640727 -0.5373789657648522 0.7941253358108414 -0.671735
0.7652359597211427 0.6194095886363751 0.17534448224845275 0.729086 -0.5871067853068412 0.5597944576675625 0.584752757848431 -0.0701823 0.2640445958476103 -0.5504197731459107 0.792034421432349 -0.680814
0.7734028289876357 0.6051031621303588 0.1889397451405142 0.72 -0.5841917396356294 0.5646309226745093 0.5830196673365566 -0.0859224 0.24610582166096512 -0.5612860984734727 0.7901834218743191 -0.688634
0.7797712825026554 0.5930083157677454 0.20074332968859937 0.712252 -0.582145349360987 0.5688077865156057 0.5810030070632948 -0.097628 0.23035524565665527 -0.5699112557491024 0.7887570103453552 -0.695101
0.7845970013217577 0.5832340543299628 0.21034634151023304 0.706285 -0.5807734900178994 0.572592571692713 0.5786535233926724 -0.104908 0.2170476878691283 -0.5761733981295554 0.7879812919597179 -0.700111
0.788142641198491 0.5758555520657415 0.2173052237745956 0.702496 -0.5798568624083212 0.5763038936221666 0.5758817945671731 -0.107371 0.2063908821693537 -0.5798829238311737 0.7881234664736011 -0.703541
0.7901348289347256 0.571621572107753 0.22121421836164343 0.702111 -0.5799230373396317 0.5803513438874357 0.5717355930942412 -0.104749 0.1984344296413003 -0.5800354264604088 0.7900523281301204 -0.704321
0.7924887666390139 0.5680853937162791 0.221902095972965 0.702422 -0.5785472577467248 0.5851092167567618 0.5682695443361659 -0.0971795 0.19298866625975603 -0.5787280794228921 0.7923567282372073 -0.705096
0.7942288979674247 0.5666350414730966 0.21937453682739033 0.705325 -0.577247367480508 0.5909200355714698 0.5635592145436326 -0.0849792 0.18969958979996088 -0.5742283877822436 0.7964143546513534 -0.703772
0.7954563319706021 0.5669983668703513 0.2139207233865621 0.710306 -0.5759558690024758 0.597549561383954 0.5578614152739435 -0.0683981 0.18847827696973052 -0.5669632912774855 0.8018906193829198 -0.700562
0.7960823892615303 0.5690416457396422 0.20602047209336477 0.716735 -0.5747952508387134 0.6044164768116245 0.5516259078142394 -0.0476599 0.1893759465214998 -0.5575592596061361 0.8082477484698263 -0.695715
0.7958333022345098 0.5728623259200636 0.1961583814063798 0.724181 -0.5741287770576085 0.6109438395391914 0.545090609241662 -0.0229865 0.19242011955315613 -0.5464214311962573 0.8151061999031681 -0.689227
0.7944942346525443 0.578498064868208 0.1847130207852339 0.732175 -0.5742432290000917 0.6167405924316067 0.5384011103207893 0.00539891 0.19754398257455433 -0.5338267795744693 0.8221954417033306 -0.681096
0.791854238642462 0.5859864548224312 0.17200796350345401 0.74022 -0.5753986434304565 0.6214814151126666 0.5316740089640903 0.0372595 0.2046540150653223 -0.5199814664333682 0.8292985039679299 -0.671331
0.7876997040000813 0.5953704460883715 0.15831363883985988 0.747809 -0.5778286945242543 0.6248889405880829 0.5250026778170748 0.0723404 0.21364263643425702 -0.5050226171719804 0.8362469611557241 -0.659961
0.781738666243461 0.6067756868346194 0.1439024793610969 0.75443 -0.5818089197137114 0.6265988065025956 0.5185289930477245 0.110359 0.22446166407976886 -0.48907790949489743 0.8428640221308786 -0.647037
0.7740921323204932 0.6198583134633125 0.12867416955212602 0.759583 -0.587169247301676 0.6269910766149354 0.5119711562856126 0.151 0.23667202137704174 -0.47186635933880855 0.8493105987927168 -0.63264
0.7648898278297592 0.6342534196238336 0.11254399574404092 0.762795 -0.5937394736014845 0.6264126542448697 0.5050550703530553 0.193913 0.24983392237643323 -0.45313329859696994 0.8557179587531373 -0.61688
0.7542301823560134 0.6496312584486111 0.09547806067201367 0.76363 -0.6013968407772329 0.625100984664476 0.4975646680328762 0.238715 0.26355013171383246 -0.4326984943560314 0.862156216155544 -0.599904
0.7422225836581999 0.6656615273748967 0.07746203767437257 0.761699 -0.6100301947740892 0.6232532159684223 0.48930418989510605 0.284986 0.277432510300493 -0.4104268019488234 0.8686662434274904 -0.581891
0.7289995486549091 0.6820100436056407 0.058497508339850166 0.756678 -0.6195288371820991 0.6210337893231609 0.4801052513967244 0.33228 0.29110767417011674 -0.38623740489490127 0.8752582413775475 -0.563053
0.714716618231718 0.6983477497517325 0.03860797896948989 0.74831 -0.6297852072722572 0.6185726822824591 0.46982808497888284 0.380125 0.3042215448065064 -0.36010867408405445 0.8819132579369513 -0.543633
0.699556778538385 0.7143545682643696 0.01782875208261467 0.736419 -0.6406871747411339 0.6159757204781756 0.4583599632424461 0.428034 0.3164494552424145 -0.3320714720978286 0.8885878007802945 -0.523902
0.6837131725763999 0.7297410628585114 -0.003778733073987073 0.720911 -0.6521277365820818 0.6133028218931573 0.4456333289131562 0.475518 0.32751444674372043 -0.3022211604703092 0.8952076057195529 -0.504152
0.6673727104135103 0.7442650313743302 -0.026138639381036888 0.701782 -0.6640079012930955 0.6105659953730505 0.43162793273194744 0.522087 0.3372049412681602 -0.27070044027944073 0.9016729447071445 -0.484692
0.650741921937828 0.7577055595620865 -0.049165394754512315 0.679117 -0.6762129639012817 0.6077696186941145 0.4163557589901385 0.567269 0.3453563065654157 -0.23769386950680055 0.9078714919603866 -0.46584
0.6340331050239648 0.7698751678311779 -0.07276158114407522 0.653088 -0.6886301458675363 0.604912440781405 0.3998367931923461 0.610633 0.3518388039090142 -0.20340394525377095 0.9136937622196375 -0.447887
0.6174426306958747 0.7806417562208431 -0.09676283503388963 0.623951 -0.7011999707378395 0.6019642381742537 0.38204405112047424 0.651859 0.3564873052951689 -0.168040186871261 0.91906435942194 -0.431005
0.6011690592369909 0.7899111502385213 -0.12097990306231492 0.592012 -0.7138638821340147 0.598881965275103 0.36295833018789314 0.690677 0.35915751419212233 -0.13183613464102395 0.9239183479086498 -0.415317
0.5854410047566645 0.7976031268926649 -0.14521736094747983 0.557621 -0.7265296155816001 0.5956455946944115 0.3425799807402544 0.726854 0.3597409451707705 -0.09505565470914631 0.9281976486047873 -0.400926
0.5704571128797197 0.8036957367752362 -0.16926855896546533 0.521166 -0.7391056852815263 0.5922086589335073 0.32095434296594627 0.760205 0.35819194344577354 -0.05798333358377433 0.9318457300846813 -0.38791
0.556413842869224 0.8081968762849636 -0.19292859981539762 0.48306 -0.751478983152112 0.5885407665246891 0.2981595278021471 0.790592 0.35451794502418416 -0.020918300642230103 0.9348151963645386 -0.376322
0.5434400772000852 0.8111832644297783 -0.21599674535004912 0.443738 -0.7635548555964102 0.5845772705155577 0.2743235266828669 0.817926 0.3487934417214731 0.015846965186714523 0.9370656373522939 -0.366189
0.5315872750874523 0.812983699950167 -0.23763937506321262 0.403647 -0.7755330431471446 0.5799820607642872 0.24933773917828767 0.842458 0.34053409220227343 0.05175241836810712 0.9388068061326706 -0.356837
0.5207850729797929 0.8145418060760887 -0.2555475570529598 0.363237 -0.7882382544082149 0.5737568903409846 0.22244883697995343 0.865111 0.3278160491021182 0.08558432648883363 0.9408570353728194 -0.345892
0.5113207991913501 0.8147659537332694 -0.2733266927166737 0.322955 -0.7998377093122921 0.5675109164649681 0.19542517354516384 0.884303 0.31434165978499334 0.1186920398771876 0.9418606694163462 -0.337208
0.5031431818749676 0.8138072688652233 -0.29080004758400424 0.283235 -0.8103354557818018 0.5612124081088987 0.1685143379285869 0.900219 0.300338788097096 0.150858748923411 0.9418270808580683 -0.330732
0.4961736862262819 0.81182789759285 -0.3078102301525998 0.244497 -0.8197526650804191 0.5548438786037423 0.1419642154541279 0.913081 0.2860371325373221 0.18188934841251414 0.9407970151652787 -0.326351
0.4903148538546572 0.8089981866349657 -0.3242117797224885 0.207136 -0.8281280619928061 0.5484021056518437 0.11601311760599861 0.923138 0.2716528244460663 0.21160591801261455 0.9388437987399785 -0.3239
0.4855428331093594 0.805447649915522 -0.33985620556597074 0.171522 -0.8354639488859347 0.5419801178343182 0.09087101839540986 0.930668 0.25738715455138217 0.2398158358362959 0.9360770361215371 -0.323167
0.48164164947226323 0.8014003147266637 -0.3546531503450125 0.137996 -0.8418751525730581 0.5355236277323869 0.06678825960027651 0.935972 0.24344927392318844 0.2664056675379642 0.932609495625004 -0.323903
0.47842505945060204 0.7970542350443439 -0.36852952240975767 0.106871 -0.8474653829520149 0.5290246292806378 0.043992798416092646 0.939368 0.2300258402607912 0.2912687556404909 0.9285745122498018 -0.325832
0.47580896373414844 0.7925546880705069 -0.3813959837854842 0.0784289 -0.8522886966159421 0.5225801291032682 0.022671265670668045 0.941186 0.21727818033786628 0.3142722944897832 0.9241337117891504 -0.32866
0.4736000999721219 0.7880930218886415 -0.3932077493600877 0.0529255 -0.8564635820978252 0.5161985609418904 0.0030295580013096624 0.941765 0.2053608478911158 0.335333318553273 0.9194446626205903 -0.33208
0.47157612347157085 0.7838616257420611 -0.40395162019793746 0.0305913 -0.8601279643147294 0.5098654657359025 -0.014734037250895421 0.941441 0.19441153457376287 0.3543983049323516 0.9146616842777172 -0.335788
0.4697892867883521 0.7799368335392696 -0.4135173052093817 0.0116344 -0.8632702539072485 0.503820396991728 -0.030487313656864523 0.94054 0.1845602739968868 0.3712998024020953 0.9099856932932291 -0.339484
0.46779259996407463 0.7772429765230735 -0.4207890669497059 -0.0038349 -0.866439867603866 0.49727638138464336 -0.04470074209215616 0.939907 0.1745051267024726 0.3854990998206709 0.9060565130233358 -0.34141
0.46579326446462826 0.7749049828703299 -0.4272691216342673 -0.016047 -0.8692085528775247 0.49117550025541323 -0.05677252463475352 0.939112 0.16587081233280315 0.39783023448649296 0.9023402784673186 -0.343236
0.46373831133235666 0.7729173694761164 -0.4330652590138524 -0.0253195 -0.8716686670062339 0.48550961268746595 -0.06688909438497886 0.93831 0.15855760329353505 0.4085084527279548 0.8988772610805229 -0.344866
0.46153828635547844 0.7712947464671516 -0.43827710903060046 -0.0319718 -0.8739275546515757 0.4801967874287355 -0.07524409986064828 0.937608 0.15242388083488023 0.41775047506291874 0.8956849340789093 -0.34622
0.45940921961431624 0.7699479089206983 -0.4428582013263493 -0.0363233 -0.8759199610702152 0.4754203365936021 -0.08209583029593578 0.937076 0.1473342822703459 0.4256239197952465 0.8928252282311537 -0.347231
0.4570571834189925 0.7689746924390625 -0.4469638167383874 -0.0386905 -0.8778554579954932 0.4708415588518613 -0.0876243192582514 0.936755 0.1430682562716839 0.4324189506094738 0.8902501475434763 -0.347841
0.45498750377551955 0.7681996882754035 -0.4503949492852851 -0.0393898 -0.8795060373310851 0.4668787511793625 -0.09215943790719933 0.936666 0.13948297998785927 0.43805646968258777 0.888060261279005 -0.348001
0.4530050720207489 0.7676918507477525 -0.4532500711737029 -0.0387337 -0.8810211835961367 0.4632521324128326 -0.0959121257705503 0.936818 0.13633810464554103 0.44277159361284024 0.8862083485903343 -0.347667
0.4512437969282599 0.7674078104969738 -0.45548247839187833 -0.0370351 -0.8823705284930813 0.4599888486054947 -0.09915901172072844 0.937208 0.13342146071980926 0.4466492041264955 0.8847051499073353 -0.346798
0.4502214666078663 0.7671838502770348 -0.45686931488070653 -0.0346047 -0.8833194545499851 0.45748399736494283 -0.10225034654469367 0.937833 0.13056558589068917 0.4495968550035656 0.8836375364095417 -0.345357
0.4495356850431848 0.7671501256222798 -0.4576006475415819 -0.0317543 -0.8841202446542883 0.45522251519770635 -0.10537482929768219 0.938686 0.12747180419683482 0.45194374253306635 0.8828917219682205 -0.343309
0.44945403009288964 0.7672178602797007 -0.45756729527043066 -0.028796 -0.884665463367072 0.4533430948937074 -0.10884418329758869 0.93976 0.12392777234657232 0.4537144401273038 0.882488024882595 -0.34062
0.45007601517331886 0.7673488875192104 -0.4567354435433459 -0.0260426 -0.8849313092877907 0.4518205262222035 -0.11293710606566759 0.941052 0.11970028574695696 0.45500977671619497 0.8824046377285057 -0.337259
0.45118379662125474 0.7676047392903106 -0.4552100019611655 -0.0238101 -0.8850550732074108 0.4503130907581589 -0.11787975942314519 0.942558 0.1145019609275521 0.4560713590118197 0.8825464386834592 -0.333192
0.45285992693332466 0.7679480636996804 -0.45296098953205166 -0.0224172 -0.8850046408104447 0.44878063309879834 -0.12394647675273956 0.944276 0.10809566282658853 0.4570029702478457 0.8828723649898251 -0.328392
0.4552218624218996 0.7683332050678701 -0.4499301523161917 -0.022185 -0.8847161844659962 0.44722289596195575 -0.1314113932325931 0.946197 0.10025132875461862 0.4578818268041832 0.8833424612036928 -0.32283
0.45806839903019286 0.768818211415435 -0.44619715329200316 -0.0234405 -0.8842792294519523 0.44532093121359284 -0.14049737571542104 0.948308 0.09068399070275668 0.4589202828586136 0.8838374215947142 -0.316485
0.4614151256615277 0.7693984446349615 -0.44172628991725 -0.0265158 -0.8836472435260587 0.44297645920120865 -0.151457603316433 0.950583 0.07914310342382741 0.4602150475450164 0.8842728533623451 -0.309337
0.4652613068992002 0.7700832368032188 -0.4364673237450035 -0.0317477 -0.8827560242760272 0.44007916524354507 -0.1645361052259547 0.952976 0.06537367900638713 0.461846442785069 0.8845474240423448 -0.301377
0.46947206251656015 0.7709381534349646 -0.43040718638834785 -0.0394792 -0.8815820016011329 0.4363801098027291 -0.17995992393168625 0.955418 0.04908316380784006 0.46392538553828355 0.8845134706061676 -0.292604
0.4740247467717611 0.771998306097527 -0.4234609247976924 -0.0499543 -0.8799965886200848 0.43180857713309945 -0.19785690973858144 0.9578 0.03010886024048179 0.4664332407717498 0.8840438272156997 -0.28306
0.47886117231443937 0.773296391943789 -0.4155775112495365 -0.0629984 -0.8778472999477871 0.4264913652043253 -0.2179202454581281 0.959976 0.00872328057675531 0.46916714038055635 0.8830663048509497 -0.272904
0.48390016309559825 0.7748617157478352 -0.4067308122387268 -0.0783235 -0.8749999599656888 0.4206001124543434 -0.23973029734148504 0.961795 -0.014686804148506871 0.4718949744081989 0.8815324332729845 -0.262327
0.488977333299618 0.7767456332025346 -0.3969475895127563 -0.0956276 -0.8713903602875293 0.41422627896405384 -0.26286009551387535 0.963118 -0.039749308385984145 0.4744289315760447 0.8793959184385884 -0.251514
0.49407994296305324 0.7789326575539375 -0.38619803852115364 -0.114597 -0.8669050083501093 0.40764118825956325 -0.28688737882979154 0.963824 -0.06603572108429712 0.4765423135780198 0.8766679570456453 -0.240647
0.49911512968121274 0.7814216724885577 -0.37451870058582115 -0.134902 -0.8615164447867893 0.4010320271668467 -0.311388388589525 0.96382 -0.09313164169731833 0.4780726753869492 0.8733687734073892 -0.229897
0.50396228844518 0.7842081809773892 -0.36199384071173296 -0.156204 -0.8552619340963313 0.3945537051680772 -0.33593808629559185 0.963044 -0.12061938447405428 0.47889967908349684 0.8695435937679168 -0.219422
0.5084809251178211 0.7872808316617238 -0.34876358882393277 -0.178152 -0.848243022228575 0.38831846595909647 -0.3601285107231962 0.961471 -0.14809093163275727 0.4789547589211308 0.8652580048025811 -0.209367
0.5125660653118804 0.7906061655343181 -0.33498943223603295 -0.200393 -0.840598359872034 0.3824560728465365 -0.3835645313676063 0.959113 -0.17512974068142673 0.47819372994836246 0.8606162504664485 -0.199861
0.5161365264859928 0.7941313167724984 -0.3208715284162055 -0.222568 -0.8325118988267339 0.37709006645956045 -0.40586576609690816 0.956022 -0.2013132492879689 0.4766115121340462 0.8557537275188569 -0.191014
0.5190814216131381 0.7978127275436611 -0.30667463133658035 -0.244319 -0.8242361156711677 0.3722589052939966 -0.426682707702832 0.952286 -0.22625053228531578 0.47425537339987955 0.8508187453517653 -0.182919
0.5213076662909544 0.8016007176992263 -0.29270224879621987 -0.265296 -0.816061361943777 0.3679678372300509 -0.44569442929736774 0.948032 -0.24956396095739974 0.471206918612539 0.8459798279172672 -0.175653
0.5225888794186666 0.805512019109449 -0.2793765383459421 -0.285152 -0.8083764173006963 0.363987464778151 -0.4626453214250257 0.943416 -0.27097680908157695 0.46761470523775617 0.8413727214412015 -0.169275
0.5200863773295513 0.8118096906676416 -0.2654716298483355 -0.304427 -0.8038680714523335 0.36021356023005613 -0.4733310836252928 0.938602 -0.2886282796534839 0.4595772156716386 0.8399300560283425 -0.162327
0.5168805186682915 0.8177107494637255 -0.2533449419914883 -0.321828 -0.8001711830997194 0.35631817557620465 -0.48245563059294966 0.93377 -0.30423774775328855 0.4520912385409804 0.8384825012345154 -0.156527
0.5131824973393023 0.8229330694738061 -0.24377220430356078 -0.336842 -0.7972863796143276 0.3519234986199068 -0.4903919656770518 0.929172 -0.31777059855511375 0.446016831841069 0.836714307519825 -0.152241
0.5091042164981212 0.8273947082542696 -0.23713054104578365 -0.349094 -0.7954246388268298 0.3470338986730145 -0.4968572401797275 0.925067 -0.3288047151289676 0.4415715909392722 0.8348065580625961 -0.149613
0.5044886886914662 0.8311251083450673 -0.23392780352229328 -0.358238 -0.7948967203595312 0.34130496666465143 -0.5016474097328739 0.921701 -0.3370910365821458 0.4390238877423881 0.8328431179084888 -0.148767
0.49888391249044794 0.8342548068658064 -0.23480579013201386 -0.363955 -0.7960895729668496 0.3340253814609422 -0.5046468432015914 0.919288 -0.3425729610924986 0.4386866327587021 0.8307814421176904 -0.149822
0.49254285090579325 0.836547208978918 -0.23997980575701738 -0.365947 -0.7990787301464758 0.325465315793199 -0.5055150949705942 0.917991 -0.3447821385296651 0.44075060449784464 0.8287726959701889 -0.152893
0.4806891774382463 0.8414609954967307 -0.24674137827164955 -0.365701 -0.8078499668634895 0.3155111974150084 -0.49782639076731006 0.917708 -0.34105182264928746 0.4386297725455931 0.8314370552869292 -0.155164
0.46573946573522823 0.8466772305971915 -0.25734105238949856 -0.362203 -0.8195881819911552 0.3030467578042459 -0.4862487784301035 0.918494 -0.33370939752589723 0.4373789315600436 0.8350674872310007 -0.158676
0.4485601256150259 0.8517274152305521 -0.2708398490859769 -0.355745 -0.833574188704244 0.28936938635351483 -0.4705522608249283 0.920192 -0.322409499913221 0.4368360886946874 0.8397775574398458 -0.16338
0.4295422107154595 0.8563881840172762 -0.2865183545416712 -0.346612 -0.849225400637603 0.27517355598821325 -0.4506614394384145 0.922616 -0.30709885725215236 0.43689677540626537 0.8454652562429924 -0.169235
0.4084620445116314 0.8606815543618714 -0.30395068707705003 -0.33509 -0.8661264269762486 0.2603740753784173 -0.42665015336243706 0.925562 -0.28806903805639167 0.43753011650864326 0.8518119666107056 -0.176208
0.38619479374008947 0.8643343862167803 -0.32214849074815166 -0.321467 -0.8835036713737656 0.24624114086127602 -0.3984803172258508 0.92882 -0.2650940285203105 0.4385103982240323 0.8587396501223603 -0.184261
0.3629543738850975 0.8673682341644858 -0.340494447590645 -0.306033 -0.9008010918348487 0.23313323119028723 -0.3663417659289213 0.932181 -0.23837263984530893 0.4396831164340492 0.8659429783167139 -0.193345
0.3390627632623569 0.8698301829628261 -0.358373960236722 -0.289082 -0.9174502197026486 0.22144797760191165 -0.3305236566171706 0.935447 -0.2081382639892458 0.44085853289108506 0.8731106556678043 -0.203399
0.314939667309244 0.8718005930731204 -0.3752022546207554 -0.27091 -0.9328989673555294 0.21158810190043092 -0.2914275070084494 0.938438 -0.17467834056381928 0.4418078779871725 0.8799393594369683 -0.214341
0.2911744008915837 0.8733757673548032 -0.39042571286076444 -0.251814 -0.9466168949605559 0.20402068143519286 -0.24958368480723148 0.941001 -0.13832542225008104 0.4422559559170779 0.8861578567135815 -0.226068
0.2678023871577129 0.8747607913951776 -0.4038260012311151 -0.232091 -0.958301312797804 0.19846593842550297 -0.20559636469278741 0.943013 -0.09970193239168271 0.44204618437734144 0.8914340668578903 -0.238456
0.2458863756939179 0.8760151057135095 -0.4148944743062487 -0.212033 -0.9674905447498146 0.19567595034193708 -0.16022786361144256 0.944385 -0.05917715832833406 0.4408043296288374 0.8956503820758716 -0.251355
0.22491821847193239 0.8773783207890882 -0.423814909139275 -0.191924 -0.9742176209742559 0.1946116419569882 -0.1141329741926762 0.945069 -0.017658481890388544 0.4385585377394047 0.8985291241763964 -0.264594
0.20641621393921727 0.8788310068864247 -0.4301725327795727 -0.172037 -0.9781585991084862 0.19632826660164016 -0.0682712730459836 0.945056 0.024456116067830935 0.43486925974157864 0.9001614440302852 -0.277981
0.18945604792190462 0.8805591577217236 -0.43442142633417835 -0.152632 -0.9796589096130217 0.19932189630947295 -0.02322073356768392 0.944375 0.06614247290235412 0.42998412924665563 0.9004103630425169 -0.291306
0.17505962937350117 0.8825147180077589 -0.43648814263768715 -0.133952 -0.9787447388019491 0.2040940208867177 0.020108876293722266 0.943097 0.10683099939210788 0.4236902207249745 0.8994852608191563 -0.304344
0.16319297481033523 0.8847018125208995 -0.43665862626860896 -0.116221 -0.975769584067593 0.21011565315593617 0.06103385214298082 0.941326 0.1457455720806303 0.4161179102382998 0.8975545181200975 -0.316856
0.1529438290457687 0.887148692000646 -0.4354025533209027 -0.0996456 -0.9713180000713012 0.21612150017144377 0.09916067719177982 0.9392 0.18207011807077625 0.4077483236571151 0.8947579430552747 -0.328594
0.14592605969924294 0.8896572277086465 -0.43268418307862605 -0.0844126 -0.9655723838307473 0.22328789467815874 0.13346343197146923 0.936881 0.2153498471883843 0.3983121053595541 0.8916119727998153 -0.339305
0.14079106466080732 0.8922403700987551 -0.4290512767463964 -0.0706939 -0.9592848265703904 0.2301185996168938 0.16376218007273774 0.934553 0.24484790712499963 0.3885261279198558 0.8883112913276018 -0.348731
0.13571029579913646 0.8994442652948245 -0.41543077551183455 -0.0585976 -0.956048142835958 0.22889022747024662 0.18325177311157012 0.936144 0.2599128011353548 0.37230266907030374 0.8909747798950884 -0.346699
0.1317762353930807 0.9055411369125023 -0.4032744389926546 -0.0480228 -0.9529044830834988 0.22781729961815145 0.2001807286280655 0.937292 0.273144778286163 0.35790295801223315 0.8929151150815494 -0.345222
0.1301112266505992 0.9105105702263872 -0.3924812991793307 -0.0388284 -0.9497737571540359 0.228081378369632 0.21426314443346278 0.938105 0.2846065335177367 0.3448903975859979 0.8944549931282118 -0.344169
0.12899921026777633 0.9145942197059131 -0.3832448525822913 -0.0308852 -0.9469651651784765 0.22831549388543576 0.22611725097911115 0.938669 0.2943062685176631 0.3337505783251644 0.8955413847382083 -0.343433
0.1282290650898789 0.9178963410984753 -0.37553110904984494 -0.0240748 -0.9445362726180857 0.22846695849008763 0.2359111667281168 0.939052 0.30233844706703833 0.32445208564026756 0.8962824931620452 -0.342931
0.12771885760904955 0.9205018056582923 -0.36927539748927635 -0.0182905 -0.9425107714827667 0.2285697203367243 0.24378131303311898 0.939304 0.30880631316409196 0.31691056897019915 0.8967755305677032 -0.342597
0.12737110226032433 0.9224906835377278 -0.36440024848384267 -0.0134322 -0.9409011728095569 0.22861886629604466 0.24987676358379546 0.939466 0.3138177581249837 0.31103754236363096 0.8970920030441707 -0.342378
0.12715840159931613 0.9239273154167998 -0.36081720680895 -0.00940882 -0.9396981555001548 0.22865253525768936 0.25433323548022246 0.939566 0.31748719257997515 0.30671865601384063 0.8972878850183754 -0.342238
0.12703020467639126 0.9248745503192569 -0.3584276681167712 -0.00613451 -0.9388878817417893 0.22866751404562535 0.2572949932249162 0.939626 0.31992635499172317 0.3038391584242326 0.8974011885381944 -0.342149
0.12697575478146494 0.925384746714571 -0.35712774779577977 -0.00352699 -0.9384433686655382 0.22868253545415684 0.2588983232582528 0.93966 0.321249438140137 0.30227035667803603 0.8974583165631588 -0.34209
0.12696090668708387 0.9255089674941952 -0.3568109853424116 -0.00150772 -0.9383348632168056 0.22868422458942866 0.2592898183420066 0.93968 0.3215720955634873 0.301888516694095 0.8974712869184991 -0.34205
0.12699553666802 0.925290565813383 -0.35736466317076043 -1.05996e-07 -0.9385233970759339 0.2286888785887139 0.2586024554231557 0.939693 0.32100773636697655 0.3025537400637876 0.8974493119758706 -0.34202
0.1270605541956819 0.9247739804469763 -0.3586763173890096 0.00107241 -0.9389709411718339 0.2286813745536937 0.25697937770784984 0.939701 0.3196704352960509 0.30413469716638486 0.8973922769765431 -0.341996
0.1271649538894039 0.9239986777293809 -0.3606321090206214 0.00178623 -0.9396339533880715 0.22866864370385204 0.25455585836304034 0.939707 0.3176745317815221 0.30649159032671086 0.8972991680127617 -0.341976
0.1273134585521704 0.9230047045315343 -0.36311650841587956 0.00221903 -0.9404693968097396 0.22865144489851447 0.25146735456147334 0.939713 0.31513266561213377 0.309484785019355 0.8971680839763051 -0.341958
0.1275081192169717 0.9218320059655771 -0.3660156175783088 0.00244969 -0.9414344419288172 0.228629185935051 0.24785053336406676 0.939717 0.31215840703707953 0.3129767533158911 0.8969964775850108 -0.341943
0.1277493030917295 0.9205213910033708 -0.36921604009684744 0.00255927 -0.942487462468285 0.22860132973276892 0.24384178299566103 0.939722 0.3088648549927146 0.3168308708911258 0.8967835305137468 -0.34193
0.1280342938032305 0.9191153809864422 -0.37260453035954205 0.00263099 -0.9435886590725097 0.22856705673143773 0.23957784339723623 0.939726 0.3053648016390412 0.3209112291760364 0.8965312715732086 -0.341917
0.1283594533396445 0.9176570749149449 -0.37607092894412186 0.00275056 -0.9446998648433982 0.22852891075600568 0.23519503037593822 0.939732 0.3017714633679145 0.32508465021778665 0.8962443607016819 -0.341902
0.12871536640598347 0.9161921500311131 -0.37950533418166815 0.00300497 -0.9457853261314845 0.22848809100773626 0.23083177671629562 0.939739 0.2981987111396271 0.3292189795394649 0.8959310197697468 -0.341878
0.1289338798698596 0.915364439109863 -0.3814236466644279 0.0034615 -0.9472947902370428 0.2274431290906277 0.22561516664271733 0.940278 0.2932722881751047 0.33223119456569666 0.896445089420422 -0.340391
0.12922101016517834 0.9143297397204581 -0.38380080457785687 0.00410019 -0.9485559718811033 0.22679284282218443 0.22092210087116088 0.940606 0.28903892253567914 0.33550876815271363 0.8965993351280506 -0.339477
0.12959609689225554 0.9131107494562561 -0.38656643788322753 0.00487787 -0.9496133420549023 0.22649376048415465 0.2166450485311523 0.940759 0.2853758088234041 0.3390122943038799 0.8964548577866078 -0.33904
0.13004228176823973 0.9117328460554952 -0.38965654412066053 0.0057503 -0.9505125648392239 0.22647217734910052 0.21268807434719406 0.940773 0.28216106931196183 0.34271499866551514 0.8960644846518726 -0.338988
0.13054568831949032 0.91022290482038 -0.39300392720879934 0.00667271 -0.9512972679057521 0.22665516211928638 0.20895201736219535 0.940681 0.27926928104652265 0.34658577729766804 0.8954814166908931 -0.339226
0.13111971203293782 0.9086045810573311 -0.39654172087944406 0.00759904 -0.952004724079087 0.2269947557104527 0.20532994475003677 0.940517 0.27657661948816403 0.35058678834431767 0.8947593404882207 -0.339661
0.13174218267943005 0.9069064493797965 -0.4002058087736737 0.0084832 -0.9526761971429232 0.22740951708167711 0.2017249982971286 0.940316 0.27395631166329754 0.3546908564003433 0.8939476135019508 -0.340198
0.13276350749369215 0.9051244176192494 -0.40388567653159835 0.00927716 -0.953297049776185 0.22814705472446295 0.197923359683931 0.94011 0.27129059321324456 0.3587460244378569 0.8931420402063931 -0.340745
0.1346862648451677 0.9032424609253277 -0.4074465202251889 0.00993384 -0.9538254685869559 0.22958936586390682 0.19366388036255827 0.939936 0.26847082809298195 0.36254900339646096 0.8924581976761161 -0.341205
0.13678595728934229 0.9015171117209592 -0.4105563288548084 0.0104039 -0.9545028897250828 0.23081176879017717 0.18881250195475965 0.939961 0.2649789338700429 0.36605030345875844 0.8920724970218765 -0.341124
0.139111866423289 0.899692463787886 -0.41376485982199124 0.0106383 -0.9551671978213172 0.23217703539739465 0.18371022954710292 0.939982 0.2613494075493596 0.36965834879975323 0.8916553102719897 -0.341059
0.14168284557496535 0.897752873117312 -0.4170920163218086 0.0105855 -0.9558199295204751 0.23369163335523002 0.17831568307705992 0.939998 0.25755433135797634 0.37340058825526246 0.8912001835106238 -0.341017
0.1451496749864008 0.8958923394295479 -0.41989104301329633 0.0101946 -0.9565192696845257 0.23557450374477878 0.17197540494961136 0.940224 0.252987071949386 0.3766716996760612 0.8911318488807497 -0.340404
0.15031500973153566 0.8940883960465377 -0.42191389868590234 0.00941208 -0.9571515032642305 0.2384564538976519 0.16431530480627987 0.94071 0.24752049945091814 0.3791364657342875 0.8916216365152213 -0.339082
0.15584854160328193 0.8924218413264994 -0.42343179994368707 0.00818356 -0.9578949994804918 0.24119106000505547 0.15576919638974307 0.941423 0.24113979773235003 0.38132680170302524 0.8924356941833642 -0.337129
0.16232963775495235 0.8908687177622978 -0.424266445077743 0.00645199 -0.9586489142427146 0.2442448642841627 0.14607089200821483 0.942389 0.23375488856409088 0.38301093193715835 0.8936785093583817 -0.334457
0.17143663254646813 0.8892726182596488 -0.4240326537364262 0.00415955 -0.9590731599481209 0.24909648497397419 0.134646258918457 0.943631 0.22536227476721296 0.38359503592622163 0.8955817626127205 -0.330974
0.18102146028332883 0.8878760371554668 -0.42297443606203344 0.00124431 -0.9595295535957591 0.2537792642638856 0.12206195478528115 0.945165 0.21571802588845998 0.3837606385167517 0.8978827905868342 -0.32659
0.19371918238962588 0.8863759939614001 -0.4204883776077939 -0.0023557 -0.9594201237582013 0.2606828308821563 0.10750575710659674 0.947003 0.2049046229397774 0.38259908391448727 0.9009062306842497 -0.321215
0.20747285151532557 0.8850025588725345 -0.4168038947432782 -0.0067083 -0.9590765297457713 0.26794512812455273 0.09152933084605103 0.949149 0.19268426499044627 0.38075698168698513 0.9043765227612383 -0.314757
0.22449152767978775 0.883399127705484 -0.41135086625554207 -0.0118901 -0.9578592225187095 0.2776618141132128 0.07355016532416978 0.951583 0.17919057965152108 0.3775048319592075 0.9085047264662975 -0.307161
0.2428827195777294 0.8816971383495185 -0.40449739276884844 -0.0180129 -0.956026922068463 0.2882261946726313 0.0542050273022292 0.954234 0.16437916172929892 0.3735449329475698 0.9129313633884907 -0.298518
0.2640634836636562 0.8794907515126221 -0.39593748824679054 -0.0251963 -0.952999798465029 0.3011334170101757 0.03331740214046883 0.957011 0.14853235580515145 0.36853043722810597 0.9176728480866332 -0.288957
0.2869853281841168 0.8767659346952791 -0.3859027301859476 -0.0335582 -0.9488344473113376 0.31556996437325535 0.011348532101142533 0.959818 0.13172931717139907 0.36290094150246555 0.9224696708587123 -0.27861
0.31132731634612465 0.8734084346350829 -0.3744769798065214 -0.0432154 -0.9434260482480793 0.33138607369482975 -0.011426357605872794 0.962556 0.1141165789170552 0.3568486744677898 0.9271658049922077 -0.267616
0.33735546535888716 0.869162485135295 -0.3615907416208646 -0.0542819 -0.9364784625692884 0.34899071664089565 -0.03483631499364187 0.96512 0.09591339393614878 0.35037416304846486 0.9316858734207238 -0.256118
0.36464878207885315 0.8639301732922062 -0.34735561231065115 -0.0668685 -0.927932828000434 0.368119054871843 -0.05855790432877356 0.9674 0.07727827927384148 0.3436757441478222 0.935903333916978 -0.244264
0.3925705097519904 0.8577196861028061 -0.3319718887869363 -0.0810815 -0.9178700670394001 0.3882622254154879 -0.08226168213998569 0.96928 0.05833468013240142 0.3370005703068119 0.9396955255329962 -0.232211
0.420791104922677 0.8504989640536288 -0.31557306311162997 -0.0970212 -0.9063088314868336 0.40918492555866526 -0.105697675776338 0.970636 0.039231976587000505 0.3304832958551063 0.9429960992357409 -0.220118
0.44897559731552966 0.8422775260908542 -0.2983110491708838 -0.11478 -0.8933177440459148 0.43062152989780483 -0.12864099720225752 0.971337 0.020107739502007338 0.32424322202745287 0.9457600180708503 -0.208156
0.476614043461315 0.833191277529853 -0.2804128182227533 -0.134444 -0.8791120251009997 0.45209798559495906 -0.15089552261017913 0.971243 0.0010492369964022474 0.318433205663529 0.947944720240887 -0.196499
0.5033703616332318 0.8233711724813517 -0.2620652425559593 -0.156083 -0.8638860653837119 0.4732874704876962 -0.17233640449773618 0.970201 -0.017864631680467008 0.31314354952009216 0.9495377677211576 -0.18533
0.5291190936215644 0.812893590944168 -0.24338651270559342 -0.17976 -0.8477604312794965 0.4940649448516498 -0.19287841098873265 0.968049 -0.036540880146711543 0.3083891049804323 0.9505582170532596 -0.174838
0.5536149794362886 0.8019307348325548 -0.22453852915407907 -0.205515 -0.8309584206265506 0.5141617649677028 -0.21247536947873777 0.964607 -0.05494140272678945 0.3042117288603713 0.9510187518078691 -0.165217
0.5767169557490327 0.7906382048193543 -0.2056423643892408 -0.233374 -0.8136722285159417 0.5334052096434481 -0.23111985390080783 0.959683 -0.0730414778976288 0.30061621946471595 0.9509441787514513 -0.156671
0.5987067231951229 0.7789174240298692 -0.18664915253928122 -0.263338 -0.7958140215923607 0.5520835987172139 -0.24876443287665617 0.953064 -0.09072101541513172 0.2974749511641672 0.9504095700233264 -0.149404
0.6194323328229455 0.7669366577787864 -0.16766558385258465 -0.29538 -0.7775869066255989 0.5700082530489318 -0.26542267066047104 0.944522 -0.10799160938682026 0.2947859467668183 0.9494414452144138 -0.143628
0.6388866583464157 0.7547863175415467 -0.14873282300494936 -0.329442 -0.7591026390352068 0.5871471638442134 -0.28110743746738676 0.933805 -0.12484799236165009 0.29249926981407615 0.9480807750194586 -0.139557
0.6573003389318446 0.7423685212651828 -0.12978922557218825 -0.365429 -0.7402814474214497 0.6037433246890425 -0.2957657459832447 0.920642 -0.141207800930706 0.29048748084550513 0.9464023353882569 -0.137404
0.6744820433263417 0.7299103062543455 -0.11092753514800063 -0.403204 -0.7213703438865902 0.6195592700853138 -0.3094691225506936 0.904739 -0.1571585193085821 0.28875120030060686 0.9444172510779826 -0.137381
0.6903614841039567 0.7175673373668424 -0.09218534379196411 -0.442505 -0.7025381762539625 0.6345026285793506 -0.3222522695523665 0.885823 -0.1727458600706213 0.28723427836899107 0.9421546248670154 -0.139665
0.7050190923166421 0.7053629534449452 -0.07356074616561706 -0.482738 -0.683853957483351 0.6486902113561293 -0.3339831949740879 0.863797 -0.18786123683021286 0.285769336350429 0.9397042311804593 -0.144287
0.7182775628366942 0.6935648798420352 -0.055182426324708406 -0.523233 -0.6656308945917596 0.6619260301114107 -0.3446584437177209 0.838667 -0.20251630771459436 0.2842915547649121 0.9371048271132726 -0.151209
0.7298132861482943 0.6826308736164634 -0.03725127846198559 -0.563337 -0.64834088655646 0.6738109825477896 -0.3544472522353166 0.810516 -0.2168563169027172 0.282831840823495 0.9343337132073218 -0.160357
0.7388643321393584 0.6735541855139466 -0.020106164947680152 -0.602426 -0.632884371369258 0.6833876740042606 -0.3639212270472625 0.779509 -0.2313803603783139 0.28161329193717066 0.9312126946275545 -0.171609
0.7437356288514176 0.668459955577084 -0.004313022938666963 -0.639921 -0.6210234708151696 0.6885410313297486 -0.3744877793360508 0.745888 -0.24736039107679875 0.28119839253674506 0.927221818639469 -0.184804
0.7422246819513239 0.6700832612197803 0.009536484431911602 -0.675307 -0.6148133979503313 0.6865289186785706 -0.38817847637240305 0.709972 -0.2666589717279806 0.2822524877677723 0.9215348750567608 -0.199748
0.7341622679099252 0.6786337382376303 0.021494504017876725 -0.708143 -0.6140251633283366 0.6771130190630202 -0.4055749723725214 0.672151 -0.2897910681455945 0.28455967518427727 0.913809021668124 -0.216208
0.7255490940394068 0.6873731931612094 0.033115033775595326 -0.738069 -0.6131641584073383 0.6675661210653259 -0.4223567080684467 0.632875 -0.31242315372458634 0.2861355750848843 0.9058245998468059 -0.233929
0.7202410040437033 0.6922561952512808 0.045102729743754705 -0.764821 -0.609465526265239 0.662478720811376 -0.43551546099576943 0.592642 -0.33136787470778284 0.28618753398487307 0.8990506253839678 -0.252635
0.7172175305544233 0.69453044061837 0.05680212073389007 -0.788229 -0.6042604905606453 0.6604525496654609 -0.44572602480425105 0.551988 -0.3470853978674741 0.2853592414743992 0.893365451476792 -0.272039
0.7150945195857841 0.6957598541996544 0.0675133567707332 -0.80822 -0.5989202215521292 0.6596256265685232 -0.45407994999782963 0.511472 -0.36046414006711547 0.28427496910237937 0.888399316561824 -0.291851
0.7130996916919267 0.6968500485817553 0.07673877442652333 -0.824815 -0.5942144987287683 0.658870406201453 -0.46130133029555787 0.471664 -0.37201876190509287 0.2833545440319213 0.883918685834316 -0.311789
0.7108251290454186 0.69832392256114 0.08409123079362993 -0.83812 -0.5905783277852605 0.6574932377014621 -0.4678887486649091 0.433135 -0.3820273218867072 0.28292462168512694 0.8797776899742334 -0.331584
0.7080816722995064 0.7011079358840026 0.08407144339195921 -0.848316 -0.5911199105580404 0.653663830842397 -0.4725471908606549 0.393844 -0.38626104734413547 0.2849057010467063 0.8772862388158701 -0.353902
0.7043257411085473 0.7050945651135078 0.08226119777445676 -0.855644 -0.5930102949077872 0.6481074575087036 -0.4778027978727024 0.3571 -0.3902102517172943 0.2877470725637302 0.8746071013236336 -0.374637
0.6990969168803732 0.7105526898367955 0.07986473423264509 -0.860387 -0.5956507195060192 0.6405259193578612 -0.4846924457661046 0.324421 -0.3955549534013171 0.2912755080614592 0.8710309163532719 -0.393046
0.6918443216555017 0.7179720983106669 0.07659961253437819 -0.862856 -0.5992357291734157 0.6301153806458053 -0.4938331175160256 0.296599 -0.4028249936076999 0.2957544135274572 0.8661762819449552 -0.409278
0.682488001978701 0.7273159001675954 0.07226139023379563 -0.863362 -0.6036051722048369 0.6166169098196032 -0.5054150597401034 0.274387 -0.41215400427836385 0.3013223653961379 0.8598452819370392 -0.423459
0.6710208293513933 0.7384373593084319 0.06664317635105477 -0.862198 -0.6085134723481302 0.5998443656065617 -0.5195171710548966 0.258498 -0.4236064217494695 0.3080535723338572 0.8518571453154333 -0.435652
0.6549605494463556 0.7539129845107132 0.05139932348851278 -0.863114 -0.6229837603771272 0.5772092500073782 -0.5279400685800368 0.241137 -0.4276890377076573 0.3137589735642135 0.8477248336179782 -0.44372
0.6359811512558597 0.7710750956249579 0.031163635125465106 -0.863456 -0.6403621524765328 0.5498440209681741 -0.5362908411311642 0.228182 -0.43065565005337236 0.3211148540826351 0.843457741421937 -0.449863
0.6137882267727848 0.7894507365588813 0.005616691353493436 -0.863333 -0.6604530673489898 0.5173658115871311 -0.5441822882363042 0.219605 -0.43251099235098234 0.33030312070495027 0.8389482045681602 -0.454346
0.5879939529575817 0.8084593187547846 -0.025625011294951316 -0.862732 -0.6830276153796357 0.4792985139960302 -0.5511317547646891 0.215375 -0.433285573166388 0.34156472944340494 0.8340246685117461 -0.457502
0.5585602325661129 0.827083994210937 -0.06278959400866355 -0.861534 -0.7076305764007972 0.4356569403081927 -0.5562930861551126 0.215442 -0.43274638524009146 0.355155032178043 0.8286105654529441 -0.459721
0.525460677336812 0.8441888663144852 -0.10600110642537153 -0.859535 -0.733747042652612 0.38655852992299156 -0.5587376668368809 0.219716 -0.4307044856642248 0.3713726712272186 0.8225423910621723 -0.461438
0.48924974797366505 0.8582724638919883 -0.15492921555497763 -0.856458 -0.7606347489868885 0.3329984212584277 -0.5572672878189133 0.228053 -0.4266959839761304 0.3904874251037671 0.8157512538111551 -0.463112
0.45222222994289013 0.8672991699387606 -0.2080557727365838 -0.851982 -0.7871636651676613 0.2784220291174189 -0.5503222128371282 0.240229 -0.4193666879775909 0.41264188290293113 0.8086150242785685 -0.465206
0.4195381973323734 0.8691491192443335 -0.26185398506782764 -0.84577 -0.8119033605323942 0.23028516969725576 -0.5364528625832015 0.255934 -0.4059564436430436 0.4376625973673164 0.8022785156854113 -0.468157
0.3950586833650917 0.8636649230898927 -0.31306794361922385 -0.837493 -0.8341647743222442 0.19449062689410196 -0.5160838355638144 0.274768 -0.3848347255352086 0.46503365112050604 0.7972740666469542 -0.472344
0.3971855693255557 0.8484135245419542 -0.3499115815371556 -0.826867 -0.8499522857550481 0.1962502381827279 -0.48894473711554753 0.296245 -0.34615709650287907 0.49160994231964217 0.7990587770328131 -0.478048
0.40157071291862023 0.8308961484025176 -0.38516561774890146 -0.813682 -0.8635235070019315 0.20342823331259363 -0.4614586728477452 0.319824 -0.3050706727647161 0.5179078532530461 0.7991891767020527 -0.485422
0.40619093738694523 0.8118901644128318 -0.4193367182997687 -0.797822 -0.8749950309036816 0.21328430688330946 -0.4346187988699654 0.344938 -0.26342478675815595 0.543455762106734 0.7970340120436573 -0.494467
0.4110233295163219 0.7917754144770104 -0.4518312911066206 -0.779283 -0.884192946943372 0.22557378415769314 -0.40904681941847937 0.371037 -0.2219519208497927 0.5676338264502364 0.7927983248598287 -0.505024
0.41574088511916213 0.7710661513682673 -0.48230333469142 -0.758173 -0.8911758215499539 0.23950656618953142 -0.385282052316046 0.397634 -0.18156313371689875 0.5899945719803088 0.7867281827344638 -0.516779
0.4202664470925783 0.7502803564927878 -0.5103484105091696 -0.734699 -0.8960614729829948 0.25451611381665606 -0.36372432478899774 0.424342 -0.14300332193248655 0.6101646781555958 0.7792619042706703 -0.529292
0.42461713622779484 0.7299522853526756 -0.535602416658208 -0.709156 -0.8990379413105583 0.2700895404385226 -0.3446482558055112 0.450892 -0.10691617139506895 0.6278704494193956 0.7709394470644932 -0.542028
0.428718011345816 0.7106288347588819 -0.557859772664173 -0.68189 -0.9004099856009892 0.2855752851446718 -0.3281899059151059 0.477143 -0.0739102467707658 0.6430034336796137 0.7622885672096306 -0.5544
0.4325483705808342 0.6928225949035189 -0.5769737941180864 -0.653281 -0.9005130616293324 0.30040956021938703 -0.314372902718667 0.503076 -0.044476206479772906 0.6555539246468967 0.7538374618823473 -0.565808
0.43080500385632875 0.68181811148243 -0.591211562392754 -0.626676 -0.902326439824487 0.31481966441654013 -0.2944411229606413 0.530539 -0.01463026472812523 0.6603125333894471 0.750848395884812 -0.570794
0.42146253272346434 0.6921278222413798 -0.5859423275286805 -0.602392 -0.906837136119826 0.31884090564134443 -0.2756571882679629 0.572524 -0.0039676270382454915 0.6475334389583383 0.7620267077776691 -0.556183
0.41206107170615125 0.7026485197242635 -0.58007821103165 -0.577067 -0.9111270847662799 0.3228473715970066 -0.2561581739047275 0.611799 0.007287564042834704 0.6340777810191789 0.7732349313294866 -0.541014
0.40275484154707897 0.7132579823507271 -0.5736301841982836 -0.550763 -0.9151096781022291 0.32682251396256046 -0.23613835226584087 0.6484 0.019047694191730857 0.6200403978614308 0.7843386324578285 -0.525583
0.39365843323395333 0.7238601759936962 -0.5666211111087937 -0.523564 -0.9187260981493584 0.3307452749666188 -0.2157543039350801 0.682379 0.031231306777724566 0.605503103788602 0.7952299018392888 -0.510136
0.3848723677578876 0.7343756213195478 -0.559075761724621 -0.495569 -0.9219313620031258 0.3346111767755387 -0.19513565571660782 0.7138 0.04377013012887487 0.5905318003193537 0.8058265126688773 -0.494875
0.37644176324925777 0.7447499714204532 -0.5510345533185957 -0.466891 -0.9247098095864016 0.3383868931568838 -0.17437338843502737 0.742732 0.056598294466096655 0.5751884826809959 0.8160605629821007 -0.479959
0.3684321630039175 0.7549402097548298 -0.5425154568854132 -0.43766 -0.9270399543744491 0.3420864118832843 -0.15353764944872508 0.76925 0.06967542075706759 0.5595017126874179 0.8258953742709617 -0.46552
0.36087467951241997 0.7649221617088687 -0.5335387073244444 -0.408013 -0.9289165362193738 0.34570681190254954 -0.132668266523596 0.79343 0.08296706831634373 0.5434895461099563 0.8353056798826312 -0.451658
0.353783776955052 0.7746829231621816 -0.5241215581564215 -0.3781 -0.9303404299371653 0.34924584952801657 -0.1117766568286239 0.815353 0.09645581158099281 0.5271562435828215 0.8442763595315816 -0.438452
0.3471661970769095 0.7842222474846491 -0.5142675355855962 -0.348077 -0.9313139909937248 0.35270397543480964 -0.09085238517409219 0.835104 0.11013574254753458 0.5104854280609852 0.8528040489766077 -0.425963
0.34101147907783413 0.793549635453922 -0.5039743517363707 -0.318107 -0.9318426315467794 0.35607496746453404 -0.06985647841899811 0.852769 0.12401806791399717 0.4934466471829333 0.8608890318820426 -0.414238
0.3353270587931868 0.8026788426114795 -0.49321642233912555 -0.288356 -0.9319210374130196 0.3593713227928913 -0.048738407658941385 0.86844 0.13812654946878336 0.47598206686595196 0.8685402284027289 -0.403315
0.3301014618716164 0.8116303889989939 -0.4819638332111276 -0.258993 -0.9315454554363402 0.3625895248629456 -0.027420811723302907 0.882212 0.15249947319949425 0.45802286854807284 0.8757619325826349 -0.393224
0.3253305592705998 0.8204257101515229 -0.47017196995040866 -0.230185 -0.9307032610874311 0.36572893895059927 -0.005812315828450848 0.894185 0.1671869223530943 0.43948150966387434 0.8825556841682355 -0.38399
0.3210196363251059 0.8290868468545413 -0.4577787603924973 -0.202104 -0.9293718027561212 0.36878975916209333 0.016191534176929534 0.904462 0.1822483068111588 0.42024887139641415 0.8889186918692316 -0.375636
0.31717711386377867 0.8376337697188009 -0.4447115315209566 -0.174917 -0.9275195819051011 0.37176468468616175 0.038709745578929616 0.913152 0.19775263240632296 0.40020080840356875 0.8948369736044103 -0.368182
0.31384460141061465 0.8460767317730844 -0.4308778598600638 -0.148794 -0.925095224753923 0.37466181650365593 0.06186556709244598 0.920366 0.2137764984812443 0.37918687636356474 0.9002871328030528 -0.361644
0.3110571274742213 0.854420902540433 -0.41618311444540557 -0.123902 -0.9220416187234968 0.3774637992309041 0.08579238667810396 0.926221 0.2303968680109164 0.3570518191693794 0.9052244371638433 -0.356036
0.3088989151827862 0.8626539453226711 -0.40051171121220386 -0.100412 -0.9182752458589523 0.38017533092803346 0.11062228797326991 0.930837 0.24769342551141452 0.3336088853327953 0.9095895110352974 -0.351369
0.30746628504557405 0.8707478245064372 -0.3837482373608772 -0.0784951 -0.9137001443446365 0.3827839764645442 0.13648616628281773 0.934335 0.2657377086242438 0.30866592536154297 0.913295580157836 -0.347644
0.3064579635498454 0.8807313331740936 -0.36110363518284555 -0.0582747 -0.9098793124326281 0.382486729019416 0.16069704082887185 0.938703 0.2796482672644511 0.2793138394161876 0.9185753239264478 -0.339766
0.30653911896001307 0.8898017911377227 -0.33806292466835075 -0.0396717 -0.9049374846484386 0.3825618723393781 0.1863721081877492 0.941849 0.29516422111322316 0.24879547085967904 0.9224851740024522 -0.333687
0.307854012509125 0.8978705076062792 -0.3147291828745375 -0.0225538 -0.8988028231847729 0.38294769395598643 0.21331795219548189 0.943938 0.31205671282174535 0.21720869058266218 0.9249005312563358 -0.329351
0.31056064129887273 0.9048430313684208 -0.2912235853430141 -0.00678759 -0.8914056600019069 0.3836166912314719 0.24131759887165755 0.945109 0.3300727759034325 0.18465460403852507 0.925718445216891 -0.326686
0.31474357163925604 0.9106472590255555 -0.26769021973357027 0.00776346 -0.8827078564228011 0.38450156674764546 0.2701580747970884 0.945472 0.34894601920816887 0.15126174267754755 0.9248548863907913 -0.325611
0.3204832907212253 0.9152143368984581 -0.24428094052547475 0.021238 -0.8726852976599578 0.3855592627060438 0.2996071197246868 0.945119 0.36838951073102716 0.1171613096422526 0.922259397298974 -0.326036
0.32786925060911226 0.9184728446064484 -0.22115467036795228 0.0337785 -0.8613266578857678 0.38678712868007764 0.32941175677676454 0.944118 0.3880955332393718 0.08248242726762807 0.9179207516292938 -0.327872
0.33686604057720043 0.9203964995680329 -0.19847305683329497 0.0455314 -0.8486720210567573 0.38810412713347414 0.35934800288495217 0.942523 0.4077708564638717 0.04738639134684683 0.9118538581010911 -0.331024
0.34744982419140663 0.9209591460764786 -0.1763884092774931 0.0566486 -0.8347775830141899 0.3894735098408218 0.3891744750484787 0.94037 0.42711240507195325 0.012026487033006544 0.9041185525379385 -0.335403
0.35955157334901655 0.9201552387459148 -0.15503871358694768 0.0672854 -0.8197339870112416 0.390851678398894 0.41865398126785036 0.937681 0.44582379550771045 -0.02343719482396278 0.8948138584408956 -0.34092
0.37306207093914984 0.9179998166535259 -0.13454006039349645 0.0776038 -0.8036620310588343 0.39219085223881683 0.4475641576965027 0.934465 0.4636291956520665 -0.05884447335377804 0.8840731287030131 -0.347495
0.38784779101280126 0.9145227960736607 -0.11498759267027159 0.0877705 -0.7867120615692108 0.39345398138728044 0.47568697345210137 0.930718 0.48026890716349013 -0.09403201578245252 0.872066371797397 -0.355049
0.40373964281377395 0.9097761764773032 -0.0964448522988399 0.0979572 -0.7690660976185125 0.3945992029486225 0.5028208493351726 0.926425 0.49551149160684327 -0.1288362439170384 0.8589933550027675 -0.363512
0.42053116156327464 0.9038375987725186 -0.07893755252964291 0.108341 -0.7509364469543846 0.3955726202821689 0.5287880054602442 0.921558 0.5091640156077089 -0.1630947489290386 0.8450752085359066 -0.372818
0.43804556533048666 0.8967794285848212 -0.062471906977262126 0.119104 -0.7325496802951201 0.39637659293406596 0.5534045197443719 0.916077 0.5210441906343564 -0.19665262022425004 0.8305664924406264 -0.382907
0.45603312621096115 0.8887205531740419 -0.04700602263840503 0.130431 -0.7141653274235396 0.3969568226159751 0.5765354855381041 0.909929 0.5310382970222446 -0.22934920829306116 0.8157188656339021 -0.393722
0.4742324600033473 0.8798010821460278 -0.03245966318142807 0.142513 -0.6960614190485521 0.3972579625643359 0.5980673976161452 0.903047 0.539075203279922 -0.26102905400340176 0.8007882105618187 -0.40521
0.49240144252847545 0.8701683777102766 -0.018649767530520334 0.155543 -0.6785760867733387 0.3972273718529357 0.6178550877917834 0.895391 0.5450461575456333 -0.291577450232139 0.7860707834927244 -0.417231
0.5102752701981976 0.8599952970170781 -0.005218978124492901 0.169716 -0.6621494806429595 0.39674213551010873 0.635730873243653 0.886976 0.5487961496843937 -0.3209419994631212 0.7718931396716767 -0.4295
0.5276729539263014 0.8494204273731344 0.006796414932387473 0.185229 -0.6463247888854816 0.39628932579349796 0.6520882130005667 0.877104 0.5512037018805561 -0.3484820050208857 0.7581126375478742 -0.443147
0.5443065950993712 0.8386733786833983 0.018902233177652716 0.202198 -0.6322199883235929 0.39529785901817754 0.6663613801982833 0.866324 0.5513875378492383 -0.3746552636003106 0.7453893053707817 -0.456727
0.5600887936370081 0.8278628310342613 0.030719313699676398 0.22042 -0.6196268122894286 0.3940179184981394 0.6788317121308011 0.854374 0.5498755829588017 -0.3992405451533346 0.7336510276496491 -0.470595
0.574939487480455 0.8171008202892042 0.04231826105148456 0.239615 -0.6085756138508033 0.3924980403817482 0.6896238181230444 0.841272 0.5468823529442415 -0.4222458262424834 0.7229302554596625 -0.484609
0.5888437066121118 0.8064601614608752 0.05371310044866898 0.259511 -0.5990582102081353 0.390863257688025 0.6988241370843816 0.827064 0.5425793490039362 -0.4436754689702872 0.7132739503644172 -0.498617
0.6017623435734798 0.796032867999573 0.06491344176153055 0.27985 -0.5910463306590705 0.3891868510266001 0.7065393336555634 0.811826 0.5371650741358768 -0.4635356168110205 0.7046902972769135 -0.512466
0.6136682167899942 0.7859066197420832 0.07590852881831889 0.300379 -0.5844861442611371 0.38753615412267256 0.7128756388140624 0.795668 0.5308363842734766 -0.4818366053896081 0.6971701505644666 -0.526008
0.624540759040338 0.7761676495204962 0.08667537213733958 0.320862 -0.5793037246035605 0.38596157611843007 0.7179420982367724 0.778729 0.5237900676394699 -0.4985954688903673 0.690685545993424 -0.5391
0.6343863118900223 0.7668847658431597 0.09716873573458287 0.341075 -0.575401676845914 0.38452538121660634 0.7218401079762289 0.761179 0.5162043370308753 -0.5138365373520117 0.6852044186318481 -0.55161
0.6432152348714597 0.7581247531765442 0.1073360156250327 0.360809 -0.5726713809660436 0.3832713157996722 0.7246727453876216 0.743219 0.5082535302894587 -0.5275888144248249 0.6806822987577319 -0.56342
0.6510553190470435 0.749940462288654 0.11711649995979406 0.379871 -0.5709879261152674 0.38223601831702425 0.726545535071088 0.725075 0.5000997498211115 -0.5398934425638336 0.6770637421287852 -0.574425
0.6579700793070661 0.7423563876826316 0.12642139219074955 0.398083 -0.5702145625533588 0.38149801286894125 0.7275401149277824 0.706997 0.49186454170709915 -0.5507869459635398 0.674316700644009 -0.584538
0.6640291121808767 0.7353882690819855 0.1351644623149062 0.415283 -0.5702065196923618 0.38111602265715944 0.7277465920046011 0.689256 0.4836629643425271 -0.5603165810241462 0.6723953196987695 -0.593688
0.6692556902917413 0.7290826073686467 0.1433016840259071 0.431326 -0.5708323632252386 0.38104073731127014 0.7272952423905805 0.672138 0.475654532309758 -0.568547718438672 0.6711976294291914 -0.601822
0.6737168455809092 0.7234468144809697 0.15076577396029403 0.446074 -0.5719531577927116 0.38127877582227887 0.7262892539466694 0.655942 0.4679478574279988 -0.5755442656519145 0.6706516241714051 -0.608899
0.6774514742357113 0.7185035922588708 0.15751853213815623 0.459405 -0.5734416072733445 0.38176602587791364 0.7248582099508478 0.640975 0.4606780037115127 -0.5813839431877028 0.6706478118207 -0.614897
0.680539882868518 0.7142366137916278 0.16349779003024237 0.471203 -0.5751673059608231 0.38250514199798 0.723099153988493 0.627548 0.45392514578845833 -0.5861363969798963 0.6711155535050224 -0.6198
0.6831241551938859 0.7105741918878914 0.16859924796246803 0.481351 -0.5769862983599368 0.38360907815765066 0.7210623320212584 0.615972 0.4476920817878485 -0.5898545523922889 0.6720442001286483 -0.623602
0.6852714671875257 0.7074948196902893 0.17278337990113846 0.489736 -0.5787833231470485 0.3850457054732799 0.7188530236031867 0.606551 0.44205529190986415 -0.5926136049805046 0.6733470383735979 -0.626302
0.687011845428163 0.7049973697410403 0.17604951831687957 0.496234 -0.5804687459746409 0.38671458428399774 0.7165946310493003 0.599581 0.43711641377099775 -0.5945002430279318 0.674906439331936 -0.627897
0.6884251387139979 0.7030354974941933 0.1783589573015744 0.50071 -0.5819433520488455 0.38861586880717924 0.7143666016251001 0.595342 0.4329119580154446 -0.595582736296422 0.6766597674111419 -0.628377
0.689571074286782 0.7015729026342767 0.1796863817774984 0.503062 -0.5831348354417722 0.3907428636791741 0.7122315481485607 0.594032 0.4294711832024013 -0.59591566246669 0.6785565754051872 -0.627738
0.6905630211496359 0.7005277638953813 0.1799543437442515 0.503383 -0.5840087099059244 0.39328467592213806 0.7101133644981177 0.595565 0.4266808415838533 -0.5954729344786003 0.6807021696224709 -0.626025
0.6913181443364448 0.6999648757695223 0.17924395666290027 0.50179 -0.584619942562979 0.39608320938595265 0.7080519853797338 0.59977 0.4246159983666108 -0.5942787762754789 0.6830329347840012 -0.623284
0.6917862528845358 0.6999194956666421 0.17760765722717697 0.498378 -0.5850227259312544 0.39906301748163586 0.706043283533252 0.606449 0.4232968113084924 -0.5923355532670691 0.6855351208157447 -0.619547
0.691950990437605 0.7003972532033129 0.1750643154319914 0.493227 -0.5852596409952675 0.4022244948690584 0.704050146189475 0.615389 0.422699632664269 -0.5896262743743574 0.6882338825667528 -0.614836
0.6919209044797985 0.701302229631421 0.17152447247508085 0.486397 -0.5853286722287611 0.4058218968959478 0.7019251622977267 0.626362 0.4226532945698789 -0.5860748849027504 0.6912889568591811 -0.60917
0.6915585102954283 0.7027241751320356 0.16710942679264998 0.477942 -0.5853317603196327 0.4096409239316955 0.6997006815785637 0.63913 0.4232417243125821 -0.581698415955714 0.6946174455594425 -0.602565
0.6908093319529339 0.70468474382907 0.16186994378604996 0.467909 -0.5853405075180373 0.4136318492213955 0.6973415114333974 0.653445 0.42445136016423285 -0.5764790587039972 0.6982212670282149 -0.595039
0.6897373810542252 0.7071082212805002 0.15575721034348963 0.456345 -0.5853835332737851 0.41797685658771977 0.6947096273472453 0.669052 0.4261319797297056 -0.5703449050833858 0.7022237713842119 -0.586616
0.6883081819569195 0.7099903857266572 0.1488136379061833 0.443296 -0.5855312473037604 0.4226604265751041 0.6917451280914477 0.685698 0.42823475464056227 -0.5632688665131984 0.7066421859292535 -0.577328
0.6863919283040666 0.7134012480981813 0.14115516275001108 0.428815 -0.585895910599977 0.4274940385771563 0.6884582986087219 0.703124 0.4308040189009946 -0.5552544517542833 0.7114073313551115 -0.567216
0.6841469342612039 0.7171747708927021 0.13267750501119643 0.412961 -0.5864748961366839 0.4328086687118823 0.6846341011732571 0.721082 0.4335783303423517 -0.5462023473794746 0.7167097230920549 -0.556332
0.6814185534938004 0.7213943841473972 0.12352690992255266 0.395804 -0.5873926084311051 0.43835097804112405 0.6803075360532859 0.739322 0.43662189422304454 -0.5361329709792039 0.7224422183912655 -0.544741
0.6782320682227477 0.7259962100762258 0.11371351981734806 0.377424 -0.5887011929605925 0.4441853070431591 0.6753742062099718 0.757609 0.4398092393766519 -0.5250037294743065 0.7286555544267812 -0.532521
0.6745648417215682 0.7309538211952129 0.10328981359878858 0.357917 -0.5904703437888259 0.45027420121986567 0.6697745268534165 0.775718 0.44306551143037715 -0.5127959194415734 0.7353456993720775 -0.519767
0.6703691516345995 0.7362617815367378 0.0923243715659964 0.33739 -0.5927759721442427 0.45652757111713155 0.663475111559085 0.793437 0.44634274653583794 -0.49950091677417496 0.7424802938506876 -0.506582
0.6656142500781099 0.7419009041797744 0.08087470847050177 0.315964 -0.5956839672769907 0.4628740363331723 0.6564360118227687 0.810574 0.4495756679604674 -0.485108930927756 0.7500340285027267 -0.493088
0.6601402235064904 0.7479598201090967 0.06907237371894046 0.293777 -0.599305048471551 0.46903112939388575 0.6487243316972228 0.826957 0.4528226409813374 -0.46964444760037793 0.7578824108348359 -0.479413
0.6537926156548961 0.754522176983616 0.05702192696704089 0.27098 -0.6037399379996252 0.4747423348428637 0.640404405647053 0.842433 0.4561286035531409 -0.4531180860966062 0.7659182052104588 -0.4657
0.646582561391236 0.7615321112053817 0.04471951372524974 0.247736 -0.6090182445578789 0.4800112308158053 0.6314158661978139 0.856875 0.45937758880945445 -0.43549748781568204 0.7741538406582 -0.452098
0.6385595612024038 0.7688999367535835 0.032164795309922084 0.224207 -0.6151377432824235 0.484854985234541 0.6217082917917538 0.870187 0.46243620488279347 -0.41678355360252484 0.7825881585227639 -0.438756
0.6298919740161938 0.7764397303401176 0.019427975173647083 0.200507 -0.622012208186074 0.48931608398590165 0.6112860073813126 0.882329 0.46512032200008924 -0.39712858761623704 0.7911712652520098 -0.425785
0.6208307774977695 0.7839170606870466 0.0065717330512102545 0.176743 -0.6295064033875063 0.4935126626200227 0.6001391004823979 0.893286 0.46721604617739876 -0.3767217723963893 0.7998686594665914 -0.413281
0.6116875756581174 0.7910738857204638 -0.006357445762386338 0.153038 -0.6374463463171227 0.49762449764422245 0.5882448596556421 0.90306 0.4685087676366856 -0.35576954152296675 0.8086578806714817 -0.401326
0.6027356959288549 0.7977078930417217 -0.019282070223287123 0.129522 -0.6456644280828788 0.501767978519212 0.5756269121932646 0.911664 0.46885725670140554 -0.3345011406732126 0.8174850822655736 -0.38999
0.5942536050366681 0.803636098934668 -0.03211967294341375 0.106332 -0.6539768932398728 0.5060623643703932 0.5623300689774389 0.919131 0.4681633005792395 -0.31316114678694684 0.8262888236771915 -0.379331
0.5864593778236521 0.808740995007937 -0.044759369480222216 0.0836122 -0.6622132782519319 0.5105586488847196 0.5484555042625053 0.925504 0.46641073344159256 -0.29200662499775876 0.8349809331283523 -0.369394
0.5793635864087088 0.8130714427789709 -0.05703212849755074 0.0615086 -0.6702761189075643 0.5150870536487162 0.5342426897821788 0.930841 0.4637539856064327 -0.27129348702246253 0.8434050537750776 -0.36021
0.5730801421542446 0.8166047661998936 -0.06881719616554846 0.04017 -0.6780203844696988 0.5196347690275993 0.5198731240035352 0.935214 0.46029067871512697 -0.2512695020038254 0.8514670448412652 -0.351797
0.5675725075267353 0.8194304685323057 -0.07996971889871848 0.0197439 -0.6853610451354124 0.5240542768022485 0.5056158153936321 0.938702 0.45622547770889477 -0.23216550606452785 0.8590445222938636 -0.344164
0.5627764826495749 0.8216550158445156 -0.09036407203154273 0.000376022 -0.6922239032465399 0.5282074662748042 0.49175495965539273 0.941395 0.4517839066973258 -0.21419595586541954 0.8660319821693664 -0.337306
0.5587841771336629 0.8232714486847446 -0.09992179524796868 -0.0177906 -0.698477905957757 0.5321556481126886 0.4784756849314611 0.943389 0.4470893180047156 -0.19757147557855137 0.8723970734498092 -0.33121
0.5555121738285855 0.8243932440322301 -0.10854493964370501 -0.0346183 -0.704064616959643 0.5357946863922625 0.4660655202643602 0.944786 0.44237906807817085 -0.1824824189554527 0.8780665845472404 -0.325854
0.5530097616014559 0.8250361415259997 -0.11617042975470027 -0.0499731 -0.7088785808401736 0.5391795302929254 0.4547269419543141 0.945688 0.43780287938697104 -0.1691177083838093 0.8830219926544789 -0.321211
0.5512422924744624 0.8252696784051098 -0.12272690370340972 -0.0637274 -0.7128530494611717 0.5422863697000726 0.44470891953211894 0.946199 0.43355791408000804 -0.1576561167308233 0.8872271884900449 -0.317249
0.5502150167453947 0.825130097516923 -0.1281552087102912 -0.0757583 -0.7159090936147107 0.545137614930632 0.4362329085104717 0.946417 0.42981112715660197 -0.14827441775119274 0.8906610421551603 -0.313936
0.5499334544137241 0.8246477372457276 -0.13239828236079854 -0.0859484 -0.7179730701630128 0.5477539132812242 0.4295117239445305 0.946437 0.4267175485462086 -0.14114446478911757 0.8933030694126756 -0.311238
0.5506326814245189 0.8236892022482663 -0.13542432664355053 -0.0941852 -0.7188692232644089 0.5503757756858173 0.42463342471060894 0.946346 0.4243002356710044 -0.1364646607655244 0.8951797061884729 -0.309126
0.5521200295643753 0.8224083726374353 -0.13714204887516648 -0.100361 -0.7186183845200206 0.5527965202490777 0.4219047577716408 0.946215 0.42278965264498747 -0.13438926972179113 0.8962078072634575 -0.307578
0.5546753506074642 0.8206248804802766 -0.13751385735706148 -0.104373 -0.7170268999034918 0.5552621781937115 0.42137434459440315 0.946105 0.4221465151381383 -0.13512482749038626 0.8964003574031074 -0.30658
0.558217501594408 0.8184800572347288 -0.13595446599039 -0.106181 -0.7143821693105157 0.5574742806029412 0.4229427179151273 0.946258 0.4219612980889349 -0.13897058097046333 0.8958994589460544 -0.305486
0.5625319831042981 0.8159954928710045 -0.13307563112363036 -0.105991 -0.7106279651296288 0.5594681362812461 0.4266184473996788 0.946505 0.42257030558295156 -0.14541925629089147 0.8945879368398253 -0.304784
0.5680920642159742 0.8127642141925623 -0.12917328943237436 -0.104072 -0.7056443782407938 0.5618371046675401 0.431746545181266 0.946823 0.4234824884596726 -0.1541213805633149 0.8926976991239873 -0.30446
0.5741536620999879 0.8092417516685861 -0.12439999860744017 -0.100691 -0.6998782267265704 0.5639434825648366 0.43833573459930786 0.947171 0.424874146131821 -0.16460721681931792 0.8901608978829354 -0.304513
0.5810174089203249 0.8051395973388003 -0.1190336058792916 -0.0961177 -0.6932858793051966 0.5662114262809319 0.44582430430039727 0.947507 0.42634898860854864 -0.1765073639994304 0.8871706095032907 -0.304945
0.588650589434474 0.8004069374454605 -0.11331027335429575 -0.0906211 -0.6859818737833823 0.5687442925279245 0.4538268376347425 0.947789 0.4276907204968171 -0.18941664184038742 0.883856313772111 -0.30575
0.5963824124997685 0.7954884808345077 -0.10735965220026902 -0.0844688 -0.6783885971331967 0.570989832616061 0.46234134827931617 0.947982 0.4290884866092415 -0.20290068484036586 0.880178608437345 -0.306912
0.604626632699742 0.790019312136315 -0.10146980576424994 -0.0779256 -0.6704132145549242 0.5735488689337129 0.4707311511839761 0.948062 0.4300845925865098 -0.21658989218456612 0.8764223079219137 -0.308392
0.6128017562975676 0.7844137398701612 -0.0957553767760509 -0.0712547 -0.6624462933564925 0.5759861670594657 0.47896225715017315 0.948019 0.4308583478323938 -0.23007611796762406 0.8725973092120372 -0.310132
0.6205894078735125 0.7789131146694079 -0.09035013354281829 -0.0647151 -0.6547576175447622 0.5781444841014927 0.48686899446373255 0.94786 0.43146407625932226 -0.24298830280287334 0.8687896382891944 -0.312047
0.628181277026576 0.7733573573609482 -0.08547912615926256 -0.0585618 -0.6473713985167959 0.5804429676241574 0.49395974908697726 0.947605 0.4316231638543838 -0.254959524535469 0.8652728386312492 -0.31403
0.6350737646011717 0.768170152920813 -0.08121532907591822 -0.0530469 -0.6406569602660123 0.58253879748714 0.5002071657672945 0.947292 0.431555295156957 -0.2656372819915365 0.8620886622837237 -0.315949
0.6410459321070485 0.7635620899617198 -0.07767269598962187 -0.0484193 -0.6348495084962281 0.5843986333442994 0.505415016503678 0.946968 0.4313075636840876 -0.2746837674829112 0.859373384152832 -0.317658
0.645944021588889 0.7596940245606939 -0.07497539609998086 -0.0449257 -0.6301523182495298 0.5860669480968478 0.5093462360253489 0.946691 0.4308878935156064 -0.28176323641529755 0.8572893921112409 -0.318995
0.6496918748631407 0.7566589293103184 -0.0732648103237811 -0.0428123 -0.6267283153494537 0.5876765216223037 0.5117107822521875 0.946517 0.4302465415038832 -0.2865372063604874 0.8560282372066209 -0.3198
0.6520075451081695 0.7547251614248721 -0.07263671133951366 -0.0423292 -0.6248427830359932 0.589113329881592 0.512364109831727 0.946499 0.4294853403899298 -0.28867874058895293 0.855690906298602 -0.319919
0.6527403651471095 0.7540345826019248 -0.07322474955887426 -0.0437308 -0.6246922891912707 0.5904029314656435 0.5110615641405105 0.946671 0.4285901999959735 -0.287847575562339 0.8564194146037885 -0.31922
0.6517507614904556 0.7546975183370555 -0.07518377958376984 -0.0472804 -0.6264586071348011 0.5915665194548985 0.507541788039903 0.947042 0.4275167346939016 -0.2836912210060559 0.8583406856725113 -0.317609
0.6489274812564263 0.7567698722284384 -0.07869234116191445 -0.0532535 -0.6303020267048673 0.5926306106600469 0.5015060462650838 0.947581 0.42616015675087093 -0.2758411133171641 0.8615678737058504 -0.315047
0.6441750157332009 0.7602557798737021 -0.08396248134589293 -0.0619399 -0.6363593975135821 0.5936018038636284 0.4926292882543599 0.948204 0.4243645441142335 -0.26390916546887 0.8661793613797567 -0.311565
0.6375772278409244 0.7650513328621523 -0.09050821302249934 -0.0735516 -0.6450045325223764 0.5943565930047603 0.4803221766453889 0.949036 0.42126527457680674 -0.24786427422607302 0.8724098062253253 -0.306464
0.6297585331786454 0.7704850880010715 -0.09877711808238934 -0.0879385 -0.6555490805382377 0.5953689425580142 0.4645333413683278 0.949684 0.41672484074524807 -0.22779058673556574 0.8800294629729818 -0.300611
0.6210781565137695 0.7761966396702592 -0.10853893341126727 -0.104851 -0.6676878372604068 0.5965306224577978 0.44535847184558297 0.949952 0.4104325468039519 -0.20413229297372382 0.8887491949303311 -0.294275
0.611925530980176 0.7818284468297505 -0.11954674509332916 -0.124023 -0.6810805317304984 0.5977353602545309 0.4228968531439878 0.949647 0.40209010660837075 -0.17736042069516528 0.8982576619982169 -0.287731
0.602614865918607 0.7871196737171381 -0.13152164316691456 -0.145168 -0.6954063090266215 0.5987885206051696 0.3973189813706907 0.94859 0.39149123711760153 -0.14796934425379588 0.908206851119959 -0.281254
0.5935459415624154 0.7917786840502388 -0.14418644436443195 -0.167974 -0.7102715624227283 0.5996004809791705 0.368773061411925 0.946626 0.3784409106695018 -0.11647222283969269 0.9182683150574339 -0.275107
0.5850877206527184 0.7955787737597307 -0.15724749245812872 -0.192106 -0.7252716450525175 0.6000825197494712 0.3374640875321996 0.943635 0.36284073644537373 -0.08339894624087377 0.9281116396973428 -0.269535
0.577599673453673 0.7983363400849163 -0.17040453434703923 -0.217204 -0.7399817423758565 0.6001916248956787 0.30363964555946354 0.939534 0.3446819376999643 -0.0492859158878666 0.937424802487374 -0.264759
0.5713823564996442 0.7999392249946443 -0.18335604433964375 -0.242893 -0.7539893522381022 0.5999018772606899 0.2676150114822921 0.934291 0.32407138008852415 -0.01466199079484265 0.9459190063813346 -0.260965
0.5666769842864968 0.8003341023612514 -0.19581246149714793 -0.268784 -0.7669035618168178 0.5992217193356085 0.22976565876813687 0.92792 0.301224372109297 0.019966363566953152 0.9533442305763813 -0.258301
0.5636478168684436 0.7995260859601492 -0.20750705146737003 -0.294484 -0.7783760347340609 0.5981876287095566 0.1905316493670215 0.920487 0.2764631749277242 0.054125767690462775 0.9594990954559575 -0.256872
0.5623813408915651 0.7975655884184998 -0.21821173109541364 -0.319602 -0.7881158687631209 0.5968683831234589 0.15040449006375664 0.912108 0.25020112873597505 0.08739144922839892 0.964241738248767 -0.256737
0.5628783622288409 0.7945435507127964 -0.2277465594806646 -0.343762 -0.7959090235401786 0.5953536174444288 0.10992222906742956 0.902946 0.22292773623283726 0.11939269750087268 0.967496050742104 -0.257908
0.5650495074458686 0.7905845348105884 -0.2359981937505171 -0.366608 -0.8016356622847687 0.5937409850283764 0.0696556361739201 0.893206 0.19519046874384385 0.14982568543430275 0.9692538082956907 -0.260348
0.5687332068543618 0.7858304531639179 -0.24292599346579852 -0.387808 -0.8052718711044987 0.5921365846920382 0.03019070514427187 0.883131 0.16757014360861971 0.17845101274422653 0.9695748980978965 -0.26398
0.5737420803850805 0.7804091145295331 -0.24855912607391842 -0.407062 -0.8068671859260907 0.5906801766182234 -0.007891338668175277 0.872988 0.14066047586693006 0.2050817956560131 0.9685845794866828 -0.268685
0.5798167317141006 0.7744668083040452 -0.2530093287997969 -0.424104 -0.806582483477286 0.5894803487036074 -0.044018357987174045 0.863069 0.11505327014905836 0.22959547322980592 0.9664619308076181 -0.274314
0.5866713822517307 0.7681431570141452 -0.2564620431548993 -0.438701 -0.8046596429537293 0.5886375755054196 -0.07764446989114954 0.853671 0.0913211270649889 0.25191644455144885 0.9634306185274246 -0.28069
0.5940078214694512 0.761569498251562 -0.25916521249191704 -0.45065 -0.8014073584469148 0.5882404547299749 -0.10825623883273615 0.845097 0.07000681295598775 0.2720019609339908 0.9597468308818784 -0.287621
0.6014830994018069 0.7548968367464184 -0.26143612413790085 -0.459774 -0.7972168140560143 0.5883173002672228 -0.13538133398908908 0.837638 0.051608453962262574 0.2898508583332784 0.9556793643283752 -0.294907
0.6088571552778484 0.7482108513817932 -0.26357823571285005 -0.465983 -0.7924395971881767 0.5889466468593052 -0.15868626897567942 0.83153 0.03650272969528125 0.3054871012460487 0.9514962856979947 -0.302355
0.6159522572155843 0.7415775396354229 -0.2658299635844291 -0.46948 -0.7873970292874162 0.5901085906106718 -0.1782632030365152 0.826804 0.02467255763754489 0.31911534591078317 0.9473946700841539 -0.309813
0.6226588494857169 0.7350383877931267 -0.2683552228439088 -0.470523 -0.7823302793023378 0.5917779005488375 -0.19431482318324536 0.823414 0.01597783601896466 0.3309342606810165 0.9435185339269493 -0.317171
0.628742058820746 0.7287348151512618 -0.271346628238321 -0.469353 -0.7775467801685705 0.5937555184573474 -0.20706373161646446 0.821283 0.010219007747242687 0.34117437401994694 0.9399444762286542 -0.324349
0.6341494154032721 0.722700725833393 -0.2748784819216941 -0.466193 -0.7731769370700822 0.5960116642667892 -0.21671991150066985 0.820309 0.007207144137194643 0.34996250790308814 0.9367359820865037 -0.331297
0.6388823662041969 0.7169430769061897 -0.278965852085182 -0.461251 -0.7692748106188843 0.598557601810926 -0.22348392125974692 0.820374 0.006751881264224435 0.3573813394549836 0.9339341466660032 -0.337985
0.642927686350927 0.7114865297086189 -0.28360343468764604 -0.454723 -0.7658779786248743 0.6013759057427452 -0.22754766940043333 0.821348 0.008655170762038228 0.3635023219118122 0.9315530848984402 -0.344404
0.6462927904628624 0.7063484064914765 -0.2887517231856432 -0.446796 -0.762983583295721 0.604458530706223 -0.22909809313413154 0.823093 0.012715369320154213 0.3683772703403748 0.9295894287692961 -0.350558
0.648962530204281 0.7015674462035782 -0.2943649993091003 -0.437649 -0.7605899241016362 0.6077618905839521 -0.22831656030364256 0.825469 0.018724362363630814 0.37205994514487706 0.9280198249352575 -0.356459
0.6509795588245075 0.6971469695293228 -0.3003526541729413 -0.427458 -0.7586330307725694 0.6112962337644305 -0.22537266738947737 0.828336 0.026486574211755293 0.37457044392410843 0.9268200709549945 -0.362131
0.6523878320964479 0.69309248964916 -0.3066152594448388 -0.416394 -0.7570391743070414 0.6150597340957727 -0.2204386809490345 0.831557 0.0358023057499057 0.3759312760146012 0.9259556526189707 -0.367598
0.6532318331054658 0.6894112223790094 -0.3130500577791866 -0.404633 -0.7557302015557898 0.619041126228244 -0.2136818815307273 0.835001 0.04647617318709915 0.3761651904362585 0.9253862516970606 -0.372889
0.6535593107364551 0.6861100292338456 -0.3195516470532124 -0.392347 -0.7546257737225182 0.6232197785589191 -0.20527310892238737 0.838545 0.058310967950979314 0.37530006048188025 0.9250674005816638 -0.37803
0.6534987726924737 0.6831411619720097 -0.3259716351294435 -0.379714 -0.753578834905532 0.6276498337144222 -0.19538327927609178 0.842076 0.07112168215004247 0.373328058224654 0.9249691169278884 -0.383047
0.6530858694967632 0.6805190936182817 -0.33222373528182675 -0.366915 -0.7525309561461733 0.632274435794014 -0.18419065634034687 0.845494 0.08471131627700756 0.37030096011530117 0.9250411838574016 -0.387961
0.6524062406047565 0.6782223851525863 -0.3382018531852031 -0.354133 -0.7513901779262785 0.6370792423127956 -0.1718803058237619 0.84871 0.0988883093994648 0.3662573347963032 0.9252441120980044 -0.392788
0.651528769131289 0.676237599148312 -0.3438211344469595 -0.341556 -0.7500909409756746 0.6420254213022497 -0.15864091107874906 0.851648 0.11346295986133252 0.36125623579364746 0.9255377295603405 -0.397537
0.6505271142287266 0.6745428621934422 -0.3490077373313153 -0.329373 -0.7485759111549337 0.6470752312616073 -0.14466426762092383 0.854248 0.12825201320761503 0.35536681352036287 0.9258865205610121 -0.402212
0.649458196242545 0.6731218989560707 -0.35371027759898876 -0.317778 -0.746815377997811 0.6521724853050913 -0.1301454593789873 0.856462 0.14307635206199218 0.3486803099642339 0.9262565513527443 -0.406806
0.6483858056489653 0.6719477280954294 -0.3578855930885363 -0.306965 -0.7447861904770929 0.6572697438344574 -0.11528232437978735 0.858254 0.15776367613478662 0.3412956702731197 0.9266217609927259 -0.411306
0.6469767052494242 0.6755212920171678 -0.3536836537020853 -0.297094 -0.7448227788758217 0.6591977036598586 -0.10342831119799102 0.864518 0.16327942593082267 0.3303473498017293 0.9296292043318537 -0.405392
0.6456929539897649 0.6790207271777292 -0.349301390250596 -0.288193 -0.7446865706585336 0.661129370093069 -0.09137760929885694 0.870121 0.16888611739513754 0.31912193290867596 0.9325441926728332 -0.399793
0.6445742932544585 0.6823827966886463 -0.3447864545757225 -0.280248 -0.7443600457241663 0.6630543360426533 -0.07929104479418432 0.875101 0.17450530881618592 0.30775423025267695 0.9353262697885427 -0.394536
0.6436646366997157 0.6855425960266253 -0.34018698460596447 -0.273242 -0.7438241849087706 0.6649755320931557 -0.067328475864435 0.8795 0.18005948296889668 0.29637626549793106 0.9379443969886881 -0.389639
0.6429803237797331 0.688456091518726 -0.33556595966049574 -0.26715 -0.743085697196101 0.6668787091313643 -0.05564561015812604 0.883357 0.18547223472718066 0.2851332975259908 0.9403717630741901 -0.385111
0.6425203909203993 0.6910940352644221 -0.33099332572339635 -0.261945 -0.7421670940759151 0.6687431954924299 -0.044390798072177995 0.886711 0.1906713185626212 0.2741743476412603 0.9425883912785475 -0.380958
0.642321877292013 0.693402636618496 -0.32652012109911777 -0.257594 -0.7410602713569487 0.6705913929326859 -0.03371732404811795 0.889595 0.19558190143372145 0.2636284644250662 0.944588668456515 -0.377182
0.6423856860631832 0.6953548493444119 -0.3222146238679179 -0.254064 -0.7397882004617549 0.6724198216742547 -0.023769768133534458 0.89204 0.20013507638265693 0.25363993556373143 0.9463681811475566 -0.373786
0.6427113568833196 0.6969275264393568 -0.31814168954150246 -0.251316 -0.738375119304596 0.6742302918606341 -0.014686617358939114 0.894074 0.20426525628487568 0.24434716374176246 0.9479294112149018 -0.370772
0.6432805454541287 0.698110922230459 -0.31437442660429016 -0.249314 -0.7368598489075396 0.6760133013018597 -0.006601479449226164 0.895718 0.20791272906726074 0.23589649578893412 0.9492761138711459 -0.368146
0.6440780945900186 0.6988968913858309 -0.31097675681715137 -0.248022 -0.7352782756104284 0.6777652463099245 0.0003582035773315867 0.896989 0.21101958554751837 0.2284237424298755 0.9504174495502931 -0.365918
0.6451054618613846 0.6992645526271846 -0.3080065397288064 -0.247403 -0.7336505486404248 0.6794998768748761 0.006065460133549805 0.897899 0.21353176708914534 0.2220563053960222 0.9513649045858562 -0.364101
0.6463543239449794 0.6992021976219842 -0.3055198434770094 -0.247429 -0.7320041347808297 0.6812208234492634 0.010398863537742706 0.898453 0.21539738759185917 0.21692043827102897 0.9521289245049261 -0.362714
0.647809309226985 0.6987041098341866 -0.3035715167463406 -0.248073 -0.7303705843556232 0.6829227228512051 0.013242511903788737 0.898651 0.2165684842881864 0.2131410835909241 0.9527166263369211 -0.361782
0.6494504088775117 0.6977674308839201 -0.30221644364012745 -0.249318 -0.728781758134678 0.6845927325878418 0.014489289079838277 0.898485 0.21700533500114758 0.21083975641601654 0.9531292051424478 -0.361338
0.6512986265169489 0.6963595984783281 -0.3014853374614392 -0.251154 -0.7272336097290254 0.6862467368118478 0.014024731568993504 0.897941 0.216659585473682 0.21011598183430136 0.9533676616081438 -0.361419
0.6533661386808299 0.6944523233311632 -0.3014111136724256 -0.253584 -0.7257245784298407 0.6878851153768897 0.011743266400505034 0.896995 0.21549135733976083 0.21106880078039159 0.9534219612789475 -0.362071
0.6556620550208616 0.6920200305057971 -0.3020191169190723 -0.25662 -0.724252290338989 0.6894937933607589 0.007545121319103426 0.895614 0.21346168167741358 0.21379098740533192 0.953272009533325 -0.363347
0.6582141294547881 0.6890206078176587 -0.3033228672366452 -0.260293 -0.7227925393049833 0.6910637907914912 0.001334983875671103 0.893753 0.2105352818677419 0.2183608001896821 0.9528869062115357 -0.365312
0.6610861347290892 0.6853833513820072 -0.3053109629825309 -0.264647 -0.7212844063298977 0.6926038134434505 -0.006983035795177853 0.891352 0.20667348077167358 0.22483242482337318 0.9522271016379247 -0.368039
0.6637099137010383 0.6878205757399688 -0.293925170823628 -0.269753 -0.7242721530992232 0.6891368541771443 -0.02280886800885505 0.89591 0.18686625885904706 0.22802028814026148 0.9555562513512517 -0.352957
0.6666478367303309 0.690235062851286 -0.2813471517422052 -0.275722 -0.7270520686557177 0.6853332467081534 -0.04139601937267759 0.90048 0.1642435729220838 0.23215059544860675 0.9587127566621013 -0.336324
0.6699644979618795 0.6924926111631329 -0.2675846687595403 -0.282667 -0.7292509246025314 0.681388917324895 -0.0624678502364268 0.90485 0.1390707030148331 0.2369876090247624 0.9615072608834978 -0.318348
0.6736777725187345 0.6944935205891665 -0.2526598675568814 -0.290692 -0.7305444129179313 0.6774640383263804 -0.0857166117442095 0.908817 0.11163834273488257 0.2423246306799565 0.9637508255753825 -0.299248
0.6777936763920567 0.6961455696407612 -0.236594755040089 -0.299888 -0.7306359823134279 0.673715879998421 -0.11080602143767007 0.912184 0.08226052268149117 0.24796826189553575 0.9652693652554579 -0.279263
0.6823363464600357 0.6973382300518025 -0.21940032636208484 -0.310323 -0.7292379452897895 0.6703288188873102 -0.13737282743930676 0.91477 0.05127503729004888 0.25372951637001756 0.9659152152614332 -0.258643
0.6872690156110313 0.698007396552498 -0.20111433200805987 -0.322045 -0.7261534644508438 0.6674325523803782 -0.16503010055456813 0.916411 0.019038021091523166 0.2594599436926974 0.9655662024801309 -0.237652
0.6925750885143988 0.6980682726247236 -0.18177027678915741 -0.335077 -0.721208524819748 0.6651828153244507 -0.1933651621268953 0.916964 -0.014071620254805059 0.2650141674548211 0.9641418363247352 -0.216565
0.6981918646708591 0.6974730864185448 -0.16142928429878528 -0.349415 -0.714321853490637 0.6636865821659639 -0.22195587462052524 0.916311 -0.04766979896254679 0.2702802515439312 0.9616008402098138 -0.195661
0.7040531653522533 0.6961765486798941 -0.14016901735270923 -0.365029 -0.7054706443292273 0.663042176109324 -0.25037220830179446 0.914358 -0.08136528957226082 0.2751604727579225 0.9579490612159182 -0.175224
0.7100767015858547 0.6941508628082796 -0.11809173352726039 -0.38186 -0.6947071589527672 0.663318834810317 -0.27819073795807364 0.911039 -0.11477386969483606 0.2795759343155341 0.9532388241080345 -0.155532
0.7161652448074374 0.691389641104825 -0.09532946188269774 -0.399826 -0.6821609431497861 0.6645515411438523 -0.30500442095865643 0.906316 -0.1475255563314295 0.2834636014310695 0.9475677268105063 -0.136856
0.7222085524528652 0.6879129390618685 -0.07204578429859132 -0.418822 -0.668037934573794 0.6667356606726476 -0.33043740217745854 0.900177 -0.17927667091486382 0.2867740348404476 0.9410741353405764 -0.119455
0.7281198749234704 0.6837370218855978 -0.04842656961258901 -0.43872 -0.6525851383870394 0.6698633696675492 -0.35414079563643136 0.892635 -0.2096999878345207 0.28945941145633775 0.9339374519857055 -0.103569
0.7337731962681773 0.6789453326772878 -0.02470084359106206 -0.45938 -0.636146137715502 0.6738444586042616 -0.37583472042638544 0.883727 -0.2385267027148799 0.29149079032459446 0.9263574532802716 -0.0894182
0.7390780154763339 0.6736189134185653 -0.0011164785510373865 -0.480647 -0.6190856881555555 0.6785903551336008 -0.39528222909791366 0.87351 -0.26551195408215755 0.2928356013268276 0.9185590415618525 -0.0771953
0.7439485059319095 0.6678729181079606 0.022054155609243564 -0.50236 -0.6018104589413 0.6839761886227445 -0.41231146589194617 0.862054 -0.29045617919152833 0.29346607752014714 0.9107759709799098 -0.0670664
0.7482983929321002 0.6618667940744621 0.04451810908865436 -0.524353 -0.5847628616810859 0.6898345872266399 -0.426826238491026 0.849443 -0.3132122455041997 0.2933608514567759 0.903237233565342 -0.0591679
0.7520970836910744 0.6557413280579207 0.06597944664981198 -0.546465 -0.5683629617252808 0.6960264347688789 -0.4387604652219598 0.835765 -0.33363680918365113 0.2924901926214927 0.8961785351022384 -0.053605
0.7554281405281863 0.649543489245413 0.08614859300662558 -0.568539 -0.5529546184028045 0.7025136655649814 -0.4480131021314699 0.821108 -0.35152455744248673 0.2908054423035235 0.8898666643051174 -0.050453
0.7575187986884568 0.64705360863754 0.08652685815822908 -0.592029 -0.5512904023315406 0.705056649185414 -0.4460650330798908 0.802732 -0.34963432601894967 0.2902012215490714 0.8908081101341082 -0.071574
0.7597519560592695 0.6443765130285739 0.08692453463349897 -0.614427 -0.5494952485343858 0.7077729625090085 -0.4439734286861723 0.783554 -0.3476088852464044 0.2895450621204896 0.8918137248884401 -0.092316
0.7621649537774413 0.6414632706409258 0.0873467552464145 -0.635508 -0.5475349723851568 0.7107080256341336 -0.4417007542606387 0.763864 -0.3454128504393203 0.28882343173274205 0.8929003236831677 -0.112435
0.7647101033530347 0.6383670588230975 0.08778357499748252 -0.655109 -0.5454439175962812 0.7138038324022029 -0.43928922318348385 0.743964 -0.34308802163149316 0.28804789021528254 0.8940464318789669 -0.13172
0.7674310486307812 0.6350300419354088 0.08824075836580439 -0.673123 -0.5431814848106623 0.717113469245228 -0.436694569219675 0.724159 -0.34059280696506744 0.2872022250376659 0.8952717027679753 -0.149997
0.7702883301451171 0.631495417766113 0.08870978402999978 -0.689492 -0.5407752880726546 0.7205889394239494 -0.43395122789295665 0.70475 -0.3379615011390855 0.28629550768440265 0.8965583673289462 -0.167118
0.7730944793369522 0.6279597108128162 0.0893953444795137 -0.704506 -0.5385072710772302 0.7242712942502058 -0.4306286234356539 0.685843 -0.33516390768649473 0.2847765684199035 0.8980910093433196 -0.182455
0.7753103086627657 0.6250128554778869 0.09084522975162372 -0.719063 -0.5371819013158787 0.728218838876028 -0.4255971423831548 0.667187 -0.33215889297127776 0.28116943858361976 0.9003411667954918 -0.194448
0.777682698262699 0.6218459547431148 0.0922888367706082 -0.73203 -0.5356836707980841 0.7323218979985934 -0.42041365647660356 0.649733 -0.3290176677066716 0.27751080390024785 0.9026267933401381 -0.204889
0.7803104722536538 0.6183386279704554 0.09366380331213629 -0.74333 -0.5338807069840933 0.7366175567971793 -0.4151698034880652 0.633807 -0.3257099286196912 0.2739560478941264 0.9049094574711807 -0.213889
0.7832329451984092 0.614441558456422 0.09490903433008277 -0.752899 -0.531695931028473 0.7410852277260732 -0.409990392782513 0.619723 -0.32225081921321896 0.27065523547095366 0.9071384420409995 -0.221556
0.7864788669745808 0.6101148055695378 0.09597351628040071 -0.760674 -0.5290655577062269 0.745706465528498 -0.4049833365929934 0.607781 -0.31865440127413625 0.267734553791325 0.9092731059779462 -0.227985
0.7900912946530747 0.605294978704399 0.09681805032466417 -0.766598 -0.5259163771405478 0.7504934626257778 -0.4002143510811814 0.598268 -0.3149090509477126 0.26528767651591223 0.9112928938162523 -0.233245
0.7940891957271975 0.5999442528090088 0.0974127442934093 -0.770607 -0.5221996901371989 0.7554429494182974 -0.39574415194011087 0.591455 -0.31101420039918815 0.2633872504424319 0.9131797870378152 -0.237371
0.7984403857349318 0.5940886385552051 0.0977324918697785 -0.772627 -0.5179198812083177 0.7605022918376508 -0.3916570703547211 0.5876 -0.30700479976152756 0.26209722175044825 0.9149060603548765 -0.240361
0.8031267234313508 0.587732041060582 0.0977676532457707 -0.772567 -0.5130730134022481 0.7656480435100204 -0.3879937581812559 0.586939 -0.3028919758408258 0.2614462112558542 0.9164618538658333 -0.242162
0.8079239171980611 0.5811648111490602 0.09750080154243888 -0.770313 -0.5078707241341229 0.7706198179574366 -0.3849836668466977 0.589687 -0.29887500997377214 0.2615197094930415 0.9177587754741727 -0.242666
0.8128054615536582 0.5744118167465304 0.09694506924281922 -0.765721 -0.5023402687655474 0.7754006629073453 -0.3826330701068679 0.596028 -0.29496022790386905 0.26230683701497365 0.9188000801099757 -0.241705
0.8177349658145666 0.5675122820092152 0.0961214619788055 -0.758609 -0.4965252601344764 0.7799690680197402 -0.3809342712080509 0.606112 -0.291156644665102 0.2637765393303797 0.9195921626276774 -0.239041
0.8226399689587828 0.5605602035993317 0.09505650746881442 -0.748752 -0.4905153293939431 0.7842671449459477 -0.37989440241714983 0.620036 -0.2875033792863042 0.2658896453399561 0.9201328726873896 -0.234361
0.8263526774811117 0.557570599716469 0.07909664184789901 -0.738918 -0.49451605744722804 0.7856424861412575 -0.3717791722200611 0.629235 -0.2694348183636399 0.2681061549118204 0.9249453866860202 -0.240964
0.8297987662447872 0.5546101968796299 0.06198013436390337 -0.726357 -0.498731928096542 0.786823857658349 -0.36355835971235806 0.641314 -0.2504006218756954 0.27076880643230095 0.9295072791686424 -0.247226
0.8332476599171441 0.5511572081100344 0.04386421310083852 -0.710967 -0.5026925438417307 0.7882278411112859 -0.3549606694592676 0.655929 -0.23021412556255796 0.2737199343222813 0.9338516230890607 -0.253543
0.8352483539509942 0.5493248828825048 0.024543028914074325 -0.692656 -0.5080862215867461 0.7880729053666382 -0.34754782010637 0.672669 -0.21025836167881357 0.2778187698358555 0.9373410011682158 -0.260277
0.8343090927274297 0.5512858634258521 0.003497796327081623 -0.671373 -0.5168923828951312 0.7844331963743343 -0.34276351166794 0.691064 -0.1917044660338565 0.2841627301613598 0.9394152119749372 -0.267749
0.8319413895909977 0.5545366204715166 -0.01904365619907579 -0.647126 -0.5271796119824913 0.7792618293899587 -0.33886967696417536 0.710592 -0.17307565107602313 0.29195913722958533 0.9406405696081616 -0.276202
0.8289405285435623 0.5576977948495462 -0.04278749534470506 -0.620005 -0.5377961734719635 0.7736572252620759 -0.33500712469841476 0.730696 -0.15372987977889435 0.3007119342821949 0.9412435692441291 -0.285792
0.8254516668052959 0.5604189651034927 -0.0675287295948076 -0.590192 -0.5484188814973378 0.7678876273744739 -0.33103673835755715 0.750812 -0.13366479037340864 0.31028885780435483 0.9411984639473766 -0.296571
0.8216223261363622 0.5623962466054758 -0.09299040272171093 -0.557974 -0.5587298940336526 0.7622195930975816 -0.32686724738232864 0.770392 -0.11294980614156248 0.3205179459909069 0.9404842303783479 -0.308482
0.817477048854468 0.5635534701967897 -0.1189065213743357 -0.523736 -0.5685995258075724 0.756740671778749 -0.3225494302076053 0.788941 -0.09179244983980424 0.3312869479846787 0.9390543670349462 -0.32136
0.8130234370226918 0.5638863210957228 -0.14500037149242279 -0.487956 -0.5779538927776204 0.7514917024320965 -0.31816586711792977 0.806043 -0.07044280428123276 0.3424798359857711 0.9368806611667013 -0.334953
0.8082272123036619 0.5634902714528893 -0.17101896757319052 -0.451182 -0.5868127180398577 0.7464302581624248 -0.3138354722561646 0.821386 -0.04918950333684395 0.35400647406159746 0.9339485045140068 -0.348941
0.8030874311920477 0.5624591786456371 -0.19669837370612214 -0.41401 -0.5951883728139119 0.7415299725151063 -0.30965157956786427 0.834774 -0.02830863346199819 0.36574987658100566 0.9302825640914127 -0.36297
0.7975891380353743 0.5609408388480973 -0.22180383720842392 -0.377062 -0.6031470118263756 0.7367193900073413 -0.30570937589829394 0.846128 -0.00807768611063961 0.3776107992359373 0.9259291740125128 -0.376684
0.7917979180258615 0.5590259511061634 -0.24606105543088447 -0.340956 -0.6106792693581912 0.7320082417151088 -0.3020509295421898 0.855476 0.011264412370702234 0.38942768269732 0.9209881611415744 -0.389756
0.785792298774717 0.5568283077909069 -0.2692075385814089 -0.306288 -0.617786967642799 0.7274003172976474 -0.2987106308888201 0.862937 0.029491113866059612 0.4010374222413624 0.9155868392265925 -0.401904
0.7796993254310903 0.5544450912752485 -0.29096323252789824 -0.273621 -0.6244326158623588 0.7229414955557197 -0.29570171161315734 0.868697 0.04639903198984116 0.4122453574807609 0.9098905951079861 -0.412914
0.7736874305976722 0.551965432754057 -0.3110336328756086 -0.243472 -0.6305457393276094 0.7187133440229199 -0.2930242306349261 0.872984 0.061804776117794294 0.4228300961000985 0.9040989323525443 -0.422636
0.7678146012053229 0.5496001707863034 -0.32924214561258236 -0.216313 -0.6362065739754119 0.7146479460572955 -0.2907223906522465 0.876048 0.07551114756365193 0.4326869139086075 0.8983763694164408 -0.430986
0.7621580038645548 0.5475406492699275 -0.3454191867025682 -0.192576 -0.6414716922578159 0.7106995720691417 -0.28882552915667464 0.878139 0.08734555041381017 0.44170731899958976 0.8928971940627339 -0.437935
0.7553240015407999 0.5539811816719389 -0.35012926620000806 -0.17307 -0.6494329224545883 0.7043641261939102 -0.28654503479066296 0.887094 0.08787793766632526 0.443819814884883 0.8917967481366267 -0.427914
0.7494739504029845 0.5593393429563888 -0.3541585761893399 -0.156882 -0.6561276257059953 0.6988644534322744 -0.28475430552359016 0.894009 0.08823455362134783 0.44578915997355084 0.8907786977680359 -0.419685
0.7446223283960475 0.5636443006664663 -0.35755096193446156 -0.143768 -0.6616060008849819 0.6941861454845826 -0.28351912635700477 0.899265 0.08840298437852714 0.4476725340508036 0.8898169556765604 -0.413102
0.7410142115556219 0.5667526578819907 -0.36012409396803724 -0.133477 -0.6656411752949548 0.690613211952345 -0.2827988989172642 0.903166 0.08842942962923439 0.4492714282708895 0.88900811003887 -0.408014
0.7392395239350928 0.5682681367112071 -0.36138103305374303 -0.125754 -0.667610002943858 0.688858925228618 -0.2824363027342193 0.905952 0.08844099853303183 0.45004967051609573 0.8886132363671128 -0.404272
0.7386646046360532 0.5687095139230963 -0.36186197732176695 -0.120342 -0.6682571603945103 0.6881948512062337 -0.28252471459094675 0.907815 0.08835705653386808 0.4505078640230221 0.8883893825424105 -0.401733
0.7394319001607974 0.5679994008134068 -0.36140994134113574 -0.11698 -0.6674226672606274 0.6888365646991611 -0.2829331552861346 0.908907 0.08824651976878223 0.4504229876561242 0.888443405029059 -0.400255
0.741785825295 0.5659718840248188 -0.3597632775656968 -0.115409 -0.6648110393865133 0.6911345495861996 -0.2834771882852388 0.909351 0.08820471246616787 0.44945395855602166 0.8889381687367702 -0.399702
0.7455975273444856 0.5627248790911032 -0.3569664377356683 -0.115369 -0.6605259308336255 0.6950037053401149 -0.284034054753798 0.909252 0.08825996778926407 0.44756067746777567 0.8898874187617353 -0.399939
0.7505195209268818 0.5585131894397668 -0.35324703244259975 -0.116598 -0.65490875568165 0.7001029375340764 -0.2845178352716575 0.908703 0.08840232145818766 0.4448807638884563 0.8912160992053649 -0.400829
0.7563891691653885 0.5534466095349537 -0.34867216000644274 -0.118836 -0.6480869119481836 0.7063095692740992 -0.28479843207662564 0.907792 0.08864975651834103 0.4413883128789225 0.8929264123784993 -0.402232
0.7630052394615576 0.5476638450341564 -0.34334722570106047 -0.121822 -0.6402341511650285 0.713453072589815 -0.28475418327769636 0.906609 0.08901256223818618 0.4370915534010648 0.8950015294451945 -0.404005
0.7701502940513186 0.5413215810166243 -0.3374010529004463 -0.12529 -0.6315536970107036 0.7213339856233703 -0.284283676944027 0.905244 0.08948995678164051 0.4320280397270133 0.8974092268997764 -0.406
0.7776576965901458 0.5345402382045659 -0.33093086993255 -0.128979 -0.6221998244356048 0.729806166765979 -0.2832849050384619 0.903796 0.09008820903098791 0.42620381590332307 0.9001302249691624 -0.408064
0.7850619446703264 0.5278185389678843 -0.32416867978300046 -0.132672 -0.6127041186508236 0.7385589071910996 -0.28129060346376017 0.902402 0.09094727054047791 0.41945003341339354 0.9032110846589186 -0.409961
0.792350866800177 0.5210925423778794 -0.31724228305691915 -0.136065 -0.603099504873615 0.7474248279518706 -0.27861642769642536 0.901154 0.0919298161763035 0.41209063182663463 0.90649336459707 -0.411592
0.7996268646403046 0.5141457644569549 -0.3102434692890235 -0.138819 -0.5932792139608485 0.7562750281813297 -0.2758040174314482 0.90013 0.09282592109703852 0.4046013033101874 0.9097698245887166 -0.412911
0.8068122787833845 0.5070468068457883 -0.3032449215928482 -0.140651 -0.5833425176167164 0.7650150464297034 -0.27287998438278716 0.899443 0.09362400303850374 0.39705857805070655 0.9130054937684645 -0.413787
0.8135181650917622 0.5003891065400352 -0.29630885427505826 -0.141395 -0.5737839414865531 0.7735974775727863 -0.26892179380849424 0.89928 0.09465824611669138 0.38879002655557904 0.9164508343021049 -0.413887
0.8196719895066645 0.4942829051401988 -0.289520706175485 -0.140781 -0.5647430080384249 0.7819280473651026 -0.2639201841760293 0.899756 0.0959331250918985 0.37983277692948364 0.9200673329056624 -0.413062
0.8250453807815629 0.4899474426948296 -0.2815166479052389 -0.138566 -0.5569601163770379 0.7891878290402653 -0.2588010804845857 0.902353 0.09537058464894667 0.3703161809744605 0.9239969576206452 -0.408116
0.8296884381489623 0.48607849990350177 -0.27449004997175586 -0.134837 -0.5500044769642111 0.7958983537558326 -0.25306300758522604 0.905164 0.09545769178678157 0.3609342078832609 0.9276930131559809 -0.403108
0.8335653555429219 0.48280076621292484 -0.2684626942106016 -0.129758 -0.544000019238373 0.8019381260624343 -0.2468992123035651 0.908127 0.0960873410353933 0.3518503405024413 0.9311114652827899 -0.398082
0.8366115112985144 0.4802718671189056 -0.26347696828553413 -0.123493 -0.5391100214528739 0.807169531125166 -0.24049476666293984 0.911174 0.0971677103357791 0.34324376422201813 0.9342066978944232 -0.393079
0.8388643829879566 0.4785218390643786 -0.2594675249288032 -0.116209 -0.5353314873016171 0.8115913956874453 -0.23396496564559097 0.914243 0.09862426505517204 0.33516601257369283 0.9369829231943225 -0.388144
0.8403773372691801 0.47754666742759444 -0.2563495883225892 -0.108078 -0.5326229726009167 0.8152326038875357 -0.2273951860011797 0.917271 0.10039272912978088 0.3276354406769001 0.9394553304709744 -0.383318
0.841220665448905 0.4773058161466812 -0.25402155399542753 -0.0992744 -0.5309039948992147 0.8181481957618257 -0.22084944639216036 0.920204 0.1024145508302214 0.32064417606471446 0.9416467342554873 -0.378642
0.8414846913760902 0.4777195387696949 -0.2523639365229423 -0.0899766 -0.5300516885408717 0.8204211478811839 -0.21436965173337996 0.922991 0.10463613933367617 0.3141547109100702 0.9435878845970592 -0.374155
0.8412719668108948 0.4786810549551987 -0.2512487323054721 -0.080366 -0.5299167784103938 0.8221487578465662 -0.2079894899520115 0.925592 0.10700320470564577 0.3081166460909348 0.9453118250526624 -0.369893
0.8406752579124056 0.48008573075908706 -0.2505649653391788 -0.0706287 -0.5303611343796664 0.8234166077765872 -0.20174775631270736 0.927975 0.10946313476885242 0.30249426632452303 0.9468447818768211 -0.365888
0.8398175199159555 0.4817857652195481 -0.25017795601137166 -0.0609515 -0.5311982876436034 0.8243422557627718 -0.19567377077280476 0.930117 0.11195942321536341 0.29722436272243746 0.9482208422923026 -0.362171
0.8387586444345556 0.48370707760420223 -0.25002279788432996 -0.051525 -0.5323412184418803 0.8249718350397801 -0.18982702267830986 0.932004 0.11444109198238388 0.29231649708269913 0.9494494731154363 -0.358767
0.8375318567544833 0.4858070807228085 -0.2500637303588234 -0.0425412 -0.5337454869933334 0.8253225125987346 -0.18427833652375122 0.933632 0.1168595055424977 0.28780936488810466 0.9505312332832986 -0.355699
0.8361674714068065 0.48804436923907857 -0.2502731576002062 -0.0341929 -0.5353719892354465 0.8254082468637071 -0.1791034872677323 0.935003 0.11916707977973065 0.2837497483054596 0.9514648114530352 -0.352988
0.8346908793431653 0.4903820760676288 -0.25063231119098767 -0.0266732 -0.5371899550066357 0.825238306379798 -0.17438087602535907 0.936127 0.12131812799949776 0.28019128672213417 0.9522472129986481 -0.350649
0.83312276415258 0.4927878880434444 -0.2511305581733256 -0.0201762 -0.539176924607166 0.824816384543538 -0.1701945232952126 0.937018 0.12326679934971445 0.2771967337221129 0.9528731641681747 -0.348698
0.8314831818317 0.4952290601093712 -0.2517615863356063 -0.0148947 -0.5413120444368629 0.8241453723639547 -0.16663035665406942 0.937693 0.1249679514060141 0.2748319181504715 0.953336471497402 -0.347147
0.8297899939116662 0.49767624259948584 -0.2525211348702012 -0.0110207 -0.5435793016189565 0.8232242544655198 -0.16377841649966057 0.938167 0.12637289604786373 0.273166953366886 0.9536297534854546 -0.346007
0.8281161799275549 0.5000542623256028 -0.2533166541548161 -0.00874575 -0.5458926509863062 0.8220974697222834 -0.16173114689311477 0.938485 0.1273766310644788 0.27221587941598224 0.9537681630524512 -0.345209
0.8265933260546302 0.5021318044078344 -0.25417931529547383 -0.00825901 -0.5480385100960121 0.8209050776498648 -0.160526150332002 0.938563 0.12805180503876895 0.2719898977734311 0.9537422244692281 -0.34501
0.8253502863821166 0.503818275032211 -0.2548804631832834 -0.00969095 -0.5498751573524115 0.8197298888434166 -0.1602504934888508 0.938489 0.1281960065509781 0.27241522549286207 0.9536014517732523 -0.345173
0.8245211211641599 0.5049338989854022 -0.25535598369647927 -0.0129368 -0.5511974116713574 0.8187257205875117 -0.1608403177541503 0.938237 0.12785278300057878 0.27336779639134445 0.9533749072506301 -0.345751
0.8242650451445315 0.5052952633400326 -0.25546786921061215 -0.0178327 -0.5517705147539086 0.8180702034694463 -0.16220493594112823 0.937802 0.1270292659236059 0.2746594965436036 0.9531137007499809 -0.346712
0.824795881365452 0.5046526900030615 -0.2550243450246688 -0.0242127 -0.5512749761664073 0.8179993930579162 -0.16423426442008884 0.937172 0.12572849611489983 0.2760482845981018 0.9528849300073599 -0.348027
0.8266375108965042 0.502374435323792 -0.25355542256464003 -0.0319097 -0.5489200065223518 0.8190788602079652 -0.16672326532287501 0.93633 0.12392438024187621 0.27700134926299874 0.9528446885448567 -0.349668
0.8299709550502493 0.4982136812571306 -0.25086119983208954 -0.0407545 -0.5443827972615821 0.8215309437118329 -0.16951188326958308 0.935258 0.1216370988581712 0.2772544613386118 0.9530657793925894 -0.351613
0.834264460683317 0.49277162320048 -0.24734376282643233 -0.0505774 -0.5383776139852618 0.824837626061933 -0.17260485332704714 0.933939 0.11896366840473042 0.2771624397368432 0.9534299279961849 -0.353835
0.8384714767430642 0.487328014875353 -0.24387904503247732 -0.0612081 -0.5324452459159854 0.8279242198313727 -0.17619178845246758 0.93236 0.11605017358785479 0.2775840271598151 0.9536663279554165 -0.356313
0.8412809449443658 0.4835872074242164 -0.2416397825052048 -0.0724759 -0.5286443406783217 0.8293978013833151 -0.18065007093634214 0.930511 0.11305544101146703 0.2797189658857097 0.9534022065117805 -0.359022
0.8424479680762376 0.48193009382287233 -0.24088338621020805 -0.0842096 -0.5274298344857584 0.8289657005545943 -0.18610114722471896 0.928391 0.10999632165915497 0.2838296178553402 0.9525447796558162 -0.361939
0.8417552309630569 0.4826598601907818 -0.24184207761873433 -0.0962396 -0.529179652975737 0.8263454128930987 -0.19267110179529576 0.926005 0.1068504844294565 0.29015981450081885 0.9509943512061684 -0.365037
0.8402018785400576 0.48446953491434375 -0.2436187042031826 -0.108397 -0.5323061593622282 0.82258298473087 -0.20001846398842127 0.92337 0.10349374861696899 0.2977356259689673 0.9490218864842238 -0.36829
0.8381352137386797 0.4868901568007915 -0.24590107503164443 -0.120514 -0.5362389234362275 0.8180379134033904 -0.20799468557293257 0.920509 0.0998858372502005 0.30618939799595934 0.9467158349112466 -0.37167
0.8357743310714157 0.4896245735522575 -0.24849355020985514 -0.132426 -0.5406132175925782 0.812939916367253 -0.2164856608207655 0.917458 0.09601362656585548 0.31527205608898135 0.9441318309235733 -0.375146
0.8332827221285717 0.4924550345418661 -0.2512527491518585 -0.143971 -0.5451574640634262 0.807468474281436 -0.22538412192863916 0.91426 0.09188712846711145 0.32478100621184575 0.9413150660783504 -0.378684
0.8308196891539684 0.4951781356586326 -0.254041843167113 -0.154989 -0.5496143362614331 0.8018097204595734 -0.23457462256698824 0.910969 0.08753699497930903 0.3345142540194386 0.9383163050740464 -0.382248
0.828574200749303 0.4975661442891413 -0.25669578475286936 -0.165325 -0.5536903820815263 0.7961985157769285 -0.24391573189327068 0.907648 0.08301659257682983 0.34423226974218146 0.9352071373899362 -0.3858
0.8268437607026355 0.49927475850245684 -0.25894808535580277 -0.174829 -0.5569383478267 0.7910178640141031 -0.2532003466242326 0.904368 0.07841601945513671 0.3535752456449394 0.93211344457632 -0.389299
0.8259332041318738 0.4999638413208898 -0.2605196723553075 -0.183349 -0.5589087342398729 0.7866867154264737 -0.2621927507805842 0.901204 0.07386047050242635 0.362160419073049 0.9291848372385301 -0.392701
0.8258828841235087 0.4995997830809317 -0.261376201015549 -0.190744 -0.5595459517890509 0.7833228771364072 -0.2707648389123408 0.89824 0.06946790300793483 0.369872041252413 0.9264819931069643 -0.395956
0.8245145684678794 0.5019172860253501 -0.26125612791506586 -0.198202 -0.5617800913759524 0.781334980044333 -0.2718800799851804 0.896203 0.06766723962046084 0.37093757823664675 0.9261892127066037 -0.396908
0.8238085342431934 0.5033992104234436 -0.2606314137880066 -0.204552 -0.563000092166886 0.7801990801501641 -0.2726174821116872 0.894477 0.06610896405298895 0.37132011833173245 0.9261484625015307 -0.397581
0.8210888961754594 0.5070862785846556 -0.2620620740369177 -0.20984 -0.567155853234912 0.7765781094778985 -0.27433679669543465 0.893055 0.0643992447063234 0.37388493677988455 0.9252366136996293 -0.398021
0.8172966181598196 0.5118519659586933 -0.2646390048514057 -0.214115 -0.5727993628260504 0.7716439353598434 -0.2765258160976005 0.891926 0.06266680054536246 0.3775886676882584 0.9238504587555354 -0.398274
0.8134624685805731 0.5165070901384181 -0.26739341436831193 -0.21742 -0.5784010119401324 0.7666857567315131 -0.27864891855461715 0.891079 0.06108258014712992 0.38133105861150474 0.9224183119066958 -0.398381
0.8095921175660122 0.5210376733772281 -0.2703337679547734 -0.219803 -0.5839527904541185 0.7617142218570495 -0.2806966026541076 0.890494 0.059663570927565884 0.3851119150874906 0.9209392331537499 -0.398381
0.8057119213224029 0.5254083387351514 -0.2734490399078591 -0.221308 -0.5894185659740638 0.7567657577883262 -0.282650565051864 0.890153 0.058429906075909546 0.38891087080027514 0.9194206222667249 -0.398309
0.8017982229640039 0.5296383190404441 -0.2767722179984443 -0.221986 -0.5948326860535234 0.7518142302361538 -0.2845161486045571 0.890034 0.05739063733847449 0.3927577042127023 0.9178494977540989 -0.398198
0.7978570977552925 0.5337160169212128 -0.2803056632379329 -0.221884 -0.6001878391391419 0.7468699181864051 -0.28628636547645825 0.890115 0.05655624908875499 0.3966516590031969 0.9162253282348303 -0.398075
0.7935961570540219 0.5379307923647594 -0.28431602511098547 -0.221058 -0.605874202465666 0.7415690062112333 -0.28808307797140187 0.890369 0.05587119379144666 0.40088136855272527 0.9144247033253272 -0.397965
0.7890188493397989 0.5422591887151126 -0.28879790103206704 -0.219565 -0.6118719200738642 0.7359183133672971 -0.28989134080850976 0.890773 0.05533542094917562 0.40543705837609445 0.9124465917979621 -0.397888
0.7840570625004039 0.5467486581087609 -0.29380338255286786 -0.217466 -0.6182536673101716 0.7298341697960878 -0.29172673421470763 0.8913 0.054926547322412145 0.41037542501266366 0.9102609982553983 -0.397859
0.7786870685834886 0.5513991208456607 -0.29934170900742474 -0.214828 -0.6250297305263292 0.7232886030358847 -0.29358377454584017 0.891926 0.0546286113592276 0.4157073565009777 0.9078563259524777 -0.397891
0.7729938973592994 0.5561113257171306 -0.30532053329970565 -0.211723 -0.6320729684557229 0.7163891852026968 -0.29541546654193185 0.892623 0.054444441340250616 0.42133920863569285 0.9052674047337594 -0.397992
0.7668323652660443 0.5609986202064233 -0.31184719287973905 -0.208227 -0.6395446912306207 0.7089544283955349 -0.29726453938721037 0.893367 0.05432045194228455 0.42739228652942424 0.9024328905331058 -0.398167
0.7602150639459448 0.5660254836091013 -0.31888588625830716 -0.20442 -0.6474037476310043 0.7010003168708897 -0.29911025275012415 0.894135 0.05423508184739825 0.4338360377515855 0.8993580200593148 -0.398416
0.7532243867676929 0.5711020137806003 -0.32633650276084 -0.200385 -0.6555285407950381 0.6926287834840081 -0.3009114495870683 0.894903 0.05417892008485198 0.4405767335495665 0.8960785604360999 -0.39874
0.7456568605536582 0.576377251657469 -0.33434280324398347 -0.196208 -0.6641327312222369 0.6835844115735963 -0.302721105265015 0.895651 0.05406996974804443 0.44777406805817027 0.892510404615029 -0.399139
0.7377628854529172 0.5816278585310444 -0.3426586625619976 -0.191977 -0.6729017070722623 0.6741770541586959 -0.3044480124177819 0.896357 0.053937162211418865 0.4551860430928149 0.8887611876685912 -0.399611
0.7292037855524243 0.5871518817857682 -0.3514463072098575 -0.187808 -0.6821809933716843 0.6641037484353397 -0.3059334953818449 0.89702 0.053767382477076464 0.46283785392895704 0.8848108213352736 -0.400105
0.7132895552027284 0.6020077291206294 -0.3588937231517392 -0.186063 -0.6982726523122333 0.6544454091562175 -0.2900284632017873 0.898878 0.060276972979184135 0.4574799454767109 0.8871746085270321 -0.396735
0.6957439119221709 0.6181439495348325 -0.3658394001152865 -0.184505 -0.7150525673452769 0.6443443579344752 -0.2711460387520662 0.900815 0.06811927007949087 0.45024260799205473 0.8903040823181426 -0.393053
0.6770969060575033 0.6351041650892213 -0.37172904015381913 -0.183053 -0.7318075246704094 0.6342749455177277 -0.24930511491794854 0.902827 0.07744369982848473 0.4408378306983269 0.894239610161655 -0.389094
0.6571252952968997 0.6529554707658762 -0.37661054084806916 -0.181629 -0.7486015475111796 0.6237886927296007 -0.22468509048568996 0.90491 0.08821603791164773 0.42957749012210655 0.8987108047840316 -0.3849
0.637103283204643 0.6708450449943526 -0.3795607094212854 -0.180158 -0.7641808253414122 0.6140479196623518 -0.19741534524665516 0.907058 0.10063335784113867 0.4158269808043519 0.9038588658218464 -0.380511
0.61677750077532 0.6889065232637972 -0.3807798796443128 -0.178569 -0.7787548236728534 0.6044697857691637 -0.16780108074277839 0.909262 0.11457067313939048 0.4000300992385057 0.9093126418122748 -0.375973
0.5972591845856402 0.7064763339717989 -0.37970074527957337 -0.176797 -0.7914367353222412 0.5958839218606359 -0.13619928652698665 0.911513 0.13003599659543835 0.38185539305574145 0.9150284686192427 -0.371332
0.5794102340576079 0.7230817888532907 -0.3760804532251486 -0.174782 -0.8016913680965979 0.5887805667805064 -0.10309410507410577 0.913799 0.14688339248775925 0.36123423261140525 0.9208339145583941 -0.366638
0.5632586606907909 0.7387088712072001 -0.37020114094448797 -0.172469 -0.8096733414440636 0.5828170481886962 -0.06894467706371507 0.916106 0.16482949163187202 0.3385756812595955 0.9263896300952312 -0.361946
0.5488721638234804 0.753296842134118 -0.3623302573764657 -0.169813 -0.815497838455731 0.57774950109598 -0.03418756290489369 0.918419 0.18358274225471322 0.3142441433250769 0.9314225652903882 -0.357309
0.5364548200379586 0.7666981747732426 -0.3526898564708362 -0.166772 -0.8191918483302878 0.5735191244330939 0.0007276941003697135 0.920722 0.20283229941813435 0.28853028040203177 0.9357399935900339 -0.352785
0.5263890106160711 0.7786590194595633 -0.3414743634841504 -0.163314 -0.8206876079668863 0.5702851892136169 0.03530797492323806 0.922997 0.2222306451239894 0.2616580485631221 0.9392276646212647 -0.348433
0.5181260363853224 0.7894122276759422 -0.32920167863384653 -0.159414 -0.8205062489511848 0.5674242235668019 0.06927659014175558 0.925224 0.24148479424529465 0.23421802941985248 0.941714929712272 -0.344308
0.5115995372618146 0.7989330841517905 -0.3161832388366041 -0.155053 -0.8188428878365457 0.5648303485725968 0.10228881840585036 0.927383 0.26031181016812016 0.2065734842109863 0.9431676187761802 -0.340468
0.5067377274771108 0.807203819617275 -0.3027191258355097 -0.150216 -0.8158968645062943 0.5624526075100245 0.13401257699922067 0.929456 0.2784406256998628 0.1790783568733423 0.9436110215864442 -0.336967
0.4906112726943278 0.8211706711823206 -0.29151210591539584 -0.144897 -0.8187672818424439 0.5489117729631625 0.16827359771150507 0.931421 0.29819577007326564 0.15612365065042044 0.9416499819030411 -0.333857
0.4677284768857132 0.838086819546246 -0.2807856029304726 -0.139091 -0.8242122233467756 0.5282981762847462 0.20390009274146093 0.933258 0.31922450218605714 0.13605704626027054 0.9378615022310035 -0.331185
0.44555185383176193 0.853829143706476 -0.269182724008332 -0.132797 -0.8282054960149525 0.5072795110176399 0.23820821579519558 0.934949 0.33993999752560233 0.11680449931047086 0.9331653160202233 -0.328993
0.4240909636974695 0.8683721262726385 -0.2570538947825699 -0.126016 -0.8309723232823958 0.4859762957460687 0.2707619580214092 0.936474 0.36004423679432696 0.09877697244634735 0.927691358839525 -0.327317
0.403276299538024 0.8817285354749944 -0.24479178082615424 -0.118748 -0.8327925353231624 0.4645029163051271 0.30115383752170893 0.937817 0.37924242819196485 0.08241256259305474 0.9216199597371514 -0.326187
0.38297983837090654 0.8940870219641975 -0.23223875765381363 -0.11101 -0.8341908549962266 0.44273121698854545 0.3288079788334005 0.939155 0.39680229440120274 0.06780462122181605 0.9153963472173718 -0.32506
0.3632178017548707 0.9053090685119723 -0.22020063341948992 -0.102883 -0.8350491526040312 0.42113955698474154 0.3540259683667075 0.940252 0.4132381168571564 0.0552898183455211 0.9089429546256853 -0.324564
0.34399933735125776 0.9154651285634463 -0.2087775234219633 -0.0944627 -0.83548624880757 0.3998977509539051 0.3768879367072709 0.941115 0.42851742549790306 0.04478154939616674 0.9024230875140151 -0.324621
0.3252975793729678 0.9246405559223616 -0.19804375071603092 -0.0858382 -0.8356162623491694 0.37911857546523137 0.39751046254761313 0.941758 0.4426363597262332 0.03617938751277311 0.8959710402504697 -0.325152
0.3071546493207876 0.932893796551191 -0.18805633665720714 -0.0770959 -0.8355182710894447 0.3589539846366411 0.41600631676596356 0.942195 0.4555932836163513 0.029346230929762296 0.8897041972778862 -0.326074
0.2896864936795569 0.9402624603164527 -0.17885256805339797 -0.0683171 -0.835247227795044 0.3395961370837336 0.43247720418364244 0.942445 0.467379721254932 0.024103306774327954 0.8837280275979735 -0.327309
0.272987067118064 0.946796455198321 -0.1704539046492376 -0.0595835 -0.8348539760365645 0.32119430876384814 0.44704927548722523 0.942526 0.4780134934101933 0.020265449454860474 0.8781186774441001 -0.328778
0.25711878494308477 0.9525591626585985 -0.16285260840570395 -0.0509733 -0.8343825822833832 0.30384193127696485 0.45987583887392625 0.942459 0.4875403950561481 0.017638663017190137 0.8729222421014722 -0.330412
0.2422065374263761 0.957596454569006 -0.15602891855292492 -0.0425657 -0.8338547045796209 0.28766812960726773 0.47109805652187703 0.942268 0.4960063758444633 0.01600241872736785 0.868171410331229 -0.332144
0.22838377415147992 0.9619553992382843 -0.14994219413040147 -0.0344381 -0.8332820062869326 0.272787648553383 0.48086172315452663 0.941974 0.5034699094312891 0.015123117173030776 0.8638803977543538 -0.333916
0.21579454736461728 0.9656818732430443 -0.14453799852462762 -0.0266683 -0.8326624354001784 0.2593080959651522 0.4893184852837378 0.9416 0.5100058646732839 0.014759100810439518 0.8600442935931403 -0.335677
0.20463899964229598 0.9688098685235884 -0.13975091583495208 -0.0193357 -0.8319817433215768 0.2473720488909376 0.4966019011311673 0.941169 0.5156832929279274 0.014646094319205938 0.8566540919859092 -0.337383
0.19505568544053875 0.9713883435026354 -0.13549157052941574 -0.012518 -0.8312187090456316 0.23705152907591798 0.5028737717313192 0.940704 0.5206042040839042 0.014534740106904559 0.853674413356866 -0.338997
0.18714045673168034 0.9734722002301249 -0.13164469162627537 -0.0062946 -0.8303429295959573 0.22836521060493387 0.5083108791432333 0.940227 0.5248895776487285 0.014184708826171316 0.8510521284335382 -0.34049
0.18103688240552385 0.9750985323630669 -0.12809566500191183 -0.000744871 -0.8293070107430639 0.22137017789406388 0.5130741917808326 0.939759 0.5286544515477881 0.013345280909144608 0.8487322159174611 -0.341838
0.17689986795384716 0.9762947630336152 -0.12471957501149966 0.00405116 -0.8280535029433369 0.21612545370115 0.5173172957921874 0.93932 0.5320092414433991 0.01176111965799731 0.8466568626564187 -0.343019
0.17483107036265144 0.9770882395747299 -0.12137820611874683 0.00801408 -0.8265132801717944 0.21263582321606445 0.5212118613240566 0.938929 0.5350793348051396 0.009196671679578938 0.8447517544785021 -0.344017
0.17261035740461517 0.9779650358418956 -0.11743105716722013 0.0110639 -0.8246476270617309 0.2086798993204817 0.5257461277090401 0.938606 0.5386668318154624 0.006090015628348766 0.8424968581612272 -0.344814
0.17033301619537 0.9789208502178701 -0.11269708338067261 0.0131218 -0.8223375313620491 0.2042279825468194 0.531085601064675 0.938367 0.5429066661104456 0.002213629051688315 0.8397901236256967 -0.34539
0.16810738372872108 0.9799447097847194 -0.10699660415558426 0.0141101 -0.8194577311887492 0.19925182614356401 0.5373897436437012 0.938231 0.5479315051453717 -0.0026599893603548863 0.8365189717667679 -0.345723
0.1660093105206355 0.9810707866036134 -0.09970466635735045 0.0139873 -0.8161651621015372 0.19343960450997422 0.5444773159451147 0.938375 0.5534576198700626 -0.009012828634348158 0.8328285729535059 -0.345337
0.16409553004216093 0.9822155415139888 -0.09124301084775605 0.0128489 -0.8122141363989579 0.18702469176587344 0.5525667030355474 0.93865 0.5598042994242516 -0.01656486276011654 0.8284592637347121 -0.344632
0.1623904863709229 0.9833399303380016 -0.08168176870678481 0.0108274 -0.8075953599606996 0.18001658827622458 0.561590386772544 0.93904 0.5669383251343681 -0.02523111864824562 0.8233737463300583 -0.343638
0.1609118876652622 0.9844051345756647 -0.07109075487761957 0.00805426 -0.802296760825956 0.172415042302826 0.5714831237717295 0.939525 0.574828036873795 -0.03492254585196336 0.8175286807293287 -0.342386
0.1596861474415468 0.9853704357878623 -0.05954358563703749 0.00466131 -0.7963065385591872 0.16422636137691787 0.5821731691488229 0.940086 0.5834348558006819 -0.04555004395317963 0.8108815958774136 -0.340904
0.15873363265286128 0.9861967603733054 -0.04711245794928787 0.000779088 -0.7896124723107193 0.15544918707940908 0.5935888255414721 0.940705 0.5927189700323247 -0.057021926182371396 0.8033882763012365 -0.339225
0.15807190628556034 0.9868466135438104 -0.03386788715527422 -0.00346092 -0.7822035975633158 0.14607811146037653 0.6056556094936927 0.941361 0.6026365441974586 -0.06924555357048695 0.79500581690228 -0.337382
0.1578005426071975 0.9872702657472642 -0.01991007594661659 -0.00792978 -0.7740749700757895 0.1361929794745494 0.6182713102223085 0.942038 0.6131124933118222 -0.08215165678895925 0.7857125274754053 -0.335412
0.15784923746217616 0.987449101065027 -0.005281196690077428 -0.0124983 -0.7652153815364047 0.12570078108618776 0.6313831906967564 0.942718 0.6241226146300933 -0.09562210225775236 0.7754530130621092 -0.333358
0.1582501832719394 0.9873490169600535 0.009939728487944 -0.0170405 -0.7556234070346647 0.11461743418725179 0.6449000779358434 0.943384 0.6356021918116106 -0.10956624703049495 0.7642022580939745 -0.331264
0.15898246187925874 0.9869468515109158 0.025699982636180785 -0.0214309 -0.7452963219458911 0.10290252089046098 0.6587446118856036 0.944024 0.6475013276501728 -0.12388294268008893 0.7519275544919105 -0.329181
0.16005355123207238 0.9862170511291162 0.041937916021094535 -0.0255462 -0.7342402672087238 0.09054895805966717 0.6728239860495241 0.944622 0.6597530528517954 -0.13848037498685017 0.7386129534446557 -0.327166
0.1614573389529077 0.9851385297570815 0.05859696994130137 -0.0292673 -0.7224670323336785 0.07754131686247179 0.6870434712375931 0.945165 0.672289308920805 -0.15326258958822814 0.7242497247106807 -0.325279
0.16317600682306288 0.9836937539387468 0.07563193280074199 -0.0324754 -0.7099898182205125 0.06385299234097186 0.7013110960139638 0.945641 0.6850460194910143 -0.16813504640912913 0.7088318258575279 -0.323586
0.16518674854314175 0.9818678003697271 0.09299978872480508 -0.0350557 -0.6968338497814323 0.049460866515046886 0.7155251277784511 0.946037 0.6979512331850507 -0.1830006701646042 0.6923689990278107 -0.322158
0.1674587647997352 0.9796472480459145 0.11067443918002734 -0.0368959 -0.6830263175937837 0.03433089663933042 0.7295864849421316 0.946336 0.710937839452946 -0.19776920622788124 0.6748738619193746 -0.32107
0.1700294815213701 0.9770134381999651 0.12858739047922602 -0.0378868 -0.668625931244289 0.018524155338306314 0.7433681589473077 0.946524 0.7238987080257027 -0.2123713663507517 0.6564061724824298 -0.320402
0.17123507995205817 0.9741039884843526 0.14764811889315965 -0.0379213 -0.6531981318032954 5.460789620298501e-05 0.7571870294891894 0.946579 0.7375708427008874 -0.2261004569585255 0.6362922562475901 -0.320235
0.1709377493956864 0.9708470289524449 0.16803669898491863 -0.0368963 -0.6366281842036765 -0.021333565486151174 0.7708757578632097 0.946477 0.7519872611348328 -0.23874866566717962 0.6144218695107411 -0.320655
0.17033931607677405 0.967067631128572 0.18911561073023364 -0.0347099 -0.619255991611058 -0.04422867741222131 0.7839424984960128 0.946189 0.7664897483021559 -0.25064720408921 0.5913285422081026 -0.321747
0.169316399321374 0.9626114331406431 0.21145019675508003 -0.031325 -0.6014858324781193 -0.0690318127051377 0.7958953462376486 0.945854 0.7807347502506524 -0.26194243188448835 0.5673089212496938 -0.323077
0.16782158778311418 0.9575639287109259 0.2343229333753995 -0.0269538 -0.582917098255965 -0.09529875233399454 0.8069236669998161 0.945271 0.7950116799360878 -0.2720100553936957 0.5421871987883138 -0.325172
0.1659481176104394 0.9519300978879504 0.2574690486186431 -0.0218647 -0.563722382165303 -0.12264968312312097 0.8168072790295604 0.944452 0.8091219303092878 -0.28068869582659617 0.5162708183964467 -0.32792
0.16313877548080624 0.9457179907081428 0.2810751180477853 -0.0163208 -0.5437915130061883 -0.15151878451471257 0.8254288875012947 0.943425 0.8232111092041117 -0.28750572166504346 0.4895548280762829 -0.331184
0.15914962098487834 0.9389235570493842 0.30511301538626856 -0.0105779 -0.5231332202284741 -0.18189437537890663 0.8326139982602407 0.942228 0.8372592382492751 -0.2921249565224601 0.46223368304678364 -0.334805
0.15401770311544466 0.9315729179143406 0.3293181527574875 -0.00488579 -0.5019444337654693 -0.21331660568146493 0.8381812519690479 0.940916 0.8510759851734186 -0.29439416493724785 0.4347433071503174 -0.338605
0.14756072577694426 0.9236999356958415 0.3535594165111145 0.00051096 -0.48033217584614807 -0.24555877044791052 0.8420106241034109 0.93956 0.864584774938286 -0.2940736626282752 0.4074479695535429 -0.342385
0.1390436753073765 0.9150949760737626 0.378507650017244 0.00537379 -0.4583320645241804 -0.27935159939506865 0.8437383495755182 0.938368 0.8778374422329109 -0.29079867379335944 0.38057529653670885 -0.345597
0.12865374001950958 0.9058742012698245 0.40353456686230715 0.00946691 -0.43619743920344545 -0.3137473635296811 0.8433827042989028 0.937388 0.8906065400676939 -0.28452508387123193 0.35477523509500986 -0.348158
0.11584463133625456 0.8960545358953409 0.42856305264447647 0.0125577 -0.41357924991579026 -0.3487713698150917 0.8410176785516441 0.936643 0.9030682285573218 -0.2746721687734118 0.33018627208236684 -0.350061
0.10027347331564432 0.8856127089992996 0.45347035207181796 0.0144119 -0.3904227124117128 -0.38418935741107274 0.8366412871028706 0.936215 0.9151586398992786 -0.26093805263124953 0.30723931471527766 -0.351133
0.08168002575764291 0.874543120854528 0.47801956357271946 0.0147943 -0.36675963740342565 -0.41959251325967817 0.8303189093282981 0.936183 0.9267231203352696 -0.24313875170866767 0.28647479060750225 -0.351203
0.0594997700603449 0.8626738847706753 0.5022484901893058 0.0134639 -0.34234383359387854 -0.4549914747828535 0.8220604950216075 0.936614 0.9376889020154886 -0.22085408397762346 0.2682591967247199 -0.350104
0.03327744610043096 0.8497953862057952 0.5260612256804115 0.0101709 -0.31701375510252655 -0.49019827108565794 0.8119162112560799 0.93756 0.947836953624846 -0.19378714252492524 0.25308427990532334 -0.347674
0.012616307053658515 0.8427494103713624 0.5381582110449008 0.00465393 -0.3032488558919652 -0.5096290044503267 0.8051822211295916 0.939046 0.9528278754300492 -0.17335428792415064 0.24913315849514833 -0.34376
-0.011355515564791474 0.8367973377636635 0.5473949833327877 -0.00336368 -0.29181753953183337 -0.5263729746460066 0.7986075476627434 0.941063 0.9564065954853326 -0.15067085675059882 0.2501693766994591 -0.338214
-0.03867917064429416 0.8321721448531731 0.5531667407651506 -0.0141746 -0.2834357414591746 -0.5399813999114118 0.7925176769089762 0.943557 0.9582108860901957 -0.12613329885554359 0.25675336161004914 -0.330906
-0.0701243436535218 0.8284254309837908 0.5556922545136678 -0.0280915 -0.27787377298586846 -0.5512366840988104 0.786717410758365 0.946419 0.9580546658274571 -0.0992442613105079 0.26885281081508294 -0.321717
-0.10546818258143131 0.8256685999001736 0.5542091893877769 -0.045445 -0.2762590294355603 -0.5597072881007168 0.7812865673376597 0.949502 0.9552787086072273 -0.07070441843214786 0.28712971649740415 -0.310453
-0.14546011338593073 0.8232483203923224 0.5487290391304 -0.0665828 -0.2779294828789685 -0.566295650207217 0.7759281146491692 0.952445 0.9495243851320414 -0.039641386549985724 0.31117840945671876 -0.297348
-0.19061164584167628 0.8199390921229539 0.5397842955089681 -0.0917458 -0.2827294510189162 -0.5724203248855384 0.769674625529825 0.954976 0.9400698154903545 -0.005903970403067116 0.34093090962453093 -0.282141
-0.24050541860996688 0.8147804313703984 0.5275319822296201 -0.120699 -0.29008972968354185 -0.5789809374299641 0.7619901723938765 0.956582 0.9262856429586794 0.030231155263856613 0.375607487811463 -0.265297
-0.2942877675113126 0.8069485977502973 0.5120826793419561 -0.153051 -0.2996167337148465 -0.5866968594454839 0.7523407525814703 0.956782 0.9075376150723752 0.06797614070859764 0.4144330121058294 -0.247271
-0.3511807860313856 0.7955638541005725 0.49371065369406486 -0.188364 -0.3105642846937009 -0.5964180058400543 0.7401590284408226 0.955142 0.8833016928519201 0.10660073338591797 0.4565242633710901 -0.228523
-0.409909898644354 0.7803212607455401 0.4723056267099378 -0.226145 -0.3226377810244286 -0.6083733633511345 0.725111517644329 0.951296 0.8531580962805246 0.1448467493363942 0.5011393837623136 -0.209509
-0.46925157628854136 0.761042006428123 0.4479040328045459 -0.265858 -0.3353041998129894 -0.622785498804138 0.706901206723437 0.944967 0.8169296491978302 0.1815304022227056 0.5474236579929411 -0.190673
-0.5284457232565694 0.7372256755981855 0.4210028750622026 -0.306922 -0.34727579276210874 -0.6402259631144736 0.6852081726859321 0.935984 0.7746900291944454 0.21589122120397627 0.5943453030636026 -0.172431
-0.5858720855321953 0.7096169425337061 0.39140477036345767 -0.348727 -0.3584991414883386 -0.6600882270474842 0.6601226386554497 0.924291 0.726795889467105 0.2464291528663442 0.641124330899472 -0.155164
-0.6411835072299873 0.677731274967416 0.3599500367930162 -0.390651 -0.36719459385970693 -0.6828358596846985 0.6315879344706198 0.909953 0.6738336888999079 0.2727920593780172 0.6866823516327201 -0.139202
-0.6928768039952578 0.6428721786561911 0.32655335918523254 -0.432075 -0.3735449349186686 -0.7073983514281201 0.6000431267778886 0.893159 0.6167543401403226 0.29377361063686447 0.7302815550261796 -0.124815
-0.7409137310869036 0.6047216532582202 0.29216188178393176 -0.4724 -0.3758499903921339 -0.7338713895696143 0.5658352837119617 0.874212 0.556582094402179 0.3094260907742078 0.771020016950971 -0.112211
-0.7842756172372463 0.5647018317279244 0.256950573944219 -0.511065 -0.37442645750344433 -0.7610501591380734 0.5297239688718406 0.853525 0.4946883707229815 0.31924049949691585 0.8083123897061099 -0.101525
-0.8232815039034702 0.5224584298214765 0.22191159149291476 -0.547559 -0.367832822880806 -0.7887909875422123 0.4924508019931733 0.831603 0.4323269361744403 0.32379926973459855 0.841574389568363 -0.0928183
-0.8574079730947227 0.479311687637496 0.18738162601411823 -0.581435 -0.3566643117914894 -0.8159123139641163 0.4550578695243329 0.809025 0.3710015314899693 0.32333790686496533 0.8705230965438427 -0.0860865
-0.8871655249997056 0.43490313951591725 0.15426143552811877 -0.612312 -0.34003685774655673 -0.8421186958487569 0.4185821752963655 0.786429 0.31194914108848776 0.31889710149386424 0.8949817718998345 -0.0812602
-0.9124860806955691 0.39017486377191624 0.12301515442174733 -0.639876 -0.31870979928794874 -0.8664893734360174 0.3842137810650394 0.764487 0.2565018837643793 0.3113835920581321 0.9150120448509408 -0.0782175
-0.9335281682758731 0.34590957511386666 0.0941898342712053 -0.663877 -0.2935319256230129 -0.8883313624785438 0.3531379320847024 0.743889 0.20582557585377692 0.3020164834600226 0.9308178533112174 -0.0767953
-0.9505815641979297 0.30285161398855487 0.06837828391780734 -0.684114 -0.2655243136746852 -0.9071366223371126 0.3264965348398082 0.725319 0.16090844805231422 0.2922054898857002 0.9427218163520209 -0.0768062
-0.964302109225354 0.2607131989094409 0.046368847925522545 -0.700426 -0.23481809800935916 -0.9228321377456493 0.3053543947465999 0.709444 0.1224005841113551 0.2835656422386212 0.9511091543829224 -0.0780552
-0.9751072370078839 0.21984982249983945 0.028843229389919626 -0.712662 -0.20225280183608005 -0.9351960396492978 0.29069257227133316 0.69689 0.09088278431202342 0.27762280700810227 0.9563816688668998 -0.0803605
-0.983522894412198 0.18003408204825538 0.01644522630111722 -0.720784 -0.16810843165669886 -0.9442352813796543 0.2831241575772202 0.688106 0.06650016069888794 0.27569450973664245 0.9589422641265193 -0.0835517
-0.9903081709794567 0.13856396832714085 0.009473815111072752 -0.725194 -0.1302900036000612 -0.9504686960819951 0.28219456538014426 0.682971 0.048106563514968795 0.2782252404970253 0.9593104159223714 -0.0874323
-0.9955183510640555 0.09424128545869873 0.007860840272939498 -0.726348 -0.08803117650465153 -0.9538613863468595 0.28705220361400235 0.681161 0.03455032066293299 0.28507373739357306 0.9578826857139392 -0.0918557
-0.9988359868156726 0.046856588137141414 0.011451270239936327 -0.724648 -0.041355682498898455 -0.9540801497255098 0.2966829543886863 0.682297 0.024826980626166707 0.2958640364219608 0.9549073740343055 -0.0967298
-0.9997632872467036 -0.006970828274997639 0.02061011952477632 -0.720456 0.013017380616503238 -0.9506765573055881 0.3099106826030361 0.685958 0.017433223326457973 0.3101056125624868 0.950542261965082 -0.101999
-0.9965414163412272 -0.07467265283999827 0.03645820119613683 -0.714111 0.0824862089416043 -0.9420400142620122 0.3252024551931764 0.691709 0.0100613543354209 0.3270850140973521 0.9449413541071595 -0.107628
-0.9821557150185756 -0.17730906177687866 0.0627028553429034 -0.705942 0.1880536615692941 -0.9215509389955052 0.33967585608471423 0.699103 -0.0024437321316867593 0.3454060848455121 0.9384501397117286 -0.113583
-0.9072466859649755 -0.4043164515123883 0.11589502941023583 -0.696275 0.4186810733349304 -0.8418642788106749 0.340544703223663 0.707702 -0.040119940636540674 0.35748110873025524 0.9330582228694562 -0.11983
-0.7339172678647072 -0.6555798312992861 0.17770911266337341 -0.68545 0.6732689009293943 -0.6675163066625958 0.3180109548126503 0.717079 -0.08985783756206006 0.3530397500751544 0.9312832565313001 -0.126317
-0.708976726302245 -0.676248025115986 0.20010149946584666 -0.673817 0.6990464266095396 -0.6363790383317417 0.32612238962757695 0.726835 -0.09319922213294007 0.37109342233283554 0.9239066927428973 -0.132974
-0.7749659960484803 -0.5981142110919346 0.2041741792158327 -0.661747 0.6279353578202835 -0.6920976085256159 0.35594674696116485 0.736595 -0.0715883465914593 0.40405481158253215 0.9119291737132358 -0.139709
-0.8320039242389871 -0.5154467982118325 0.20514401834832108 -0.649628 0.5527836584071961 -0.7390008660140289 0.38510770834725094 0.746022 -0.04690092801727956 0.43381138556253407 0.8997821873694946 -0.146402
-0.8764203100460466 -0.4363498739364529 0.20368168217695232 -0.637868 0.48104504554139155 -0.7740273973441532 0.4116761498079733 0.754812 -0.021979633729248035 0.45878140293202596 0.8882772765442388 -0.152917
-0.9087409474674916 -0.3661799645342226 0.2002551471738027 -0.626887 0.417360019461055 -0.7981180944233809 0.4345320718997151 0.762694 0.0007103177836091656 0.47845557884479395 0.8781114704415034 -0.159094
-0.9314068039208212 -0.307397564067853 0.19490536989819318 -0.617121 0.3634646992288668 -0.8139830072182794 0.45312810150591665 0.769425 0.019359184499112794 0.49288781843847296 0.8698774743666446 -0.164763
-0.9477696821372639 -0.2585423756808066 0.18678455396192267 -0.609011 0.3172166445373319 -0.8251314443560631 0.46747374253892926 0.774785 0.033260036829591735 0.5023086098328414 0.8640485116229831 -0.169747
-0.9602431569417651 -0.21763617302969596 0.17483585368996907 -0.603002 0.27599938451578626 -0.8341612331884047 0.4774928028698511 0.77856 0.04192158505375469 0.5067637844544414 0.8610650657598372 -0.173876
-0.9702046513187762 -0.1835459344710984 0.15815759386935177 -0.599535 0.23813532089747236 -0.8427133847905203 0.4828309435361016 0.780533 0.04465986453706994 0.5061077365878095 0.861313215657054 -0.17699
-0.9784302015053021 -0.15555289359547836 0.13593247616507173 -0.599042 0.2025314172760032 -0.8519259821649996 0.4829111159710186 0.780462 0.04068618682633555 0.5000254175602226 0.8650544583985784 -0.178963
-0.985047390163592 -0.13442940849384813 0.10775144205016432 -0.601937 0.16985459942174638 -0.8624285605078502 0.47682952202609596 0.77806 0.02882801046159586 0.4880017542513051 0.8723664560610264 -0.179708
-0.9903619343274636 -0.1178522965489304 0.0727603960496881 -0.60849 0.13821098709493537 -0.8750442516744684 0.46389145352950073 0.773057 0.008997893164964174 0.46947672339490093 0.8828989999478871 -0.179227
-0.993908515072397 -0.10550065883600922 0.031866513015252014 -0.618484 0.10865098415385067 -0.889572090106673 0.4436850911915399 0.765443 -0.018461508849033054 0.44444471814660297 0.8956160255391838 -0.177694
-0.9952964646426388 -0.09586678482583337 -0.013946577968177321 -0.631558 0.08140571686129901 -0.905687833728283 0.4160560744645707 0.755242 -0.05251720415409701 0.41296380883042005 0.9092320033215447 -0.175341
-0.9941021970645114 -0.08791590782111176 -0.06349499935822939 -0.647326 0.057282516279206316 -0.9228301713940519 0.38092412380098445 0.742455 -0.09208439129534512 0.37504035505104655 0.9224235453212104 -0.172419
-0.9900427663189291 -0.08038472605126462 -0.11555784991607068 -0.66538 0.03685293900863433 -0.9402968177952231 0.3383544817652082 0.727081 -0.13585721087225314 0.33072676072830853 0.933896476057262 -0.169183
-0.982987656684076 -0.07250180791098748 -0.1687564951531858 -0.685291 0.021048576563625656 -0.9572081674152871 0.28863381932495785 0.709127 -0.18246156919032058 0.2801713976891744 0.9424498733012278 -0.165877
-0.9730523847272037 -0.06326928292738382 -0.221734197665936 -0.706621 0.010313654469620525 -0.9725991211759775 0.23225972104348452 0.688626 -0.23035339178788533 0.22371398553861271 0.9470424317665213 -0.162728
-0.9605771173021771 -0.05208478188377541 -0.2730911518368161 -0.728926 0.005105895027777894 -0.9854333736038454 0.16998528178553987 0.665649 -0.2779667813811656 0.16188959720705845 0.9468506887385845 -0.159932
-0.9461258952926789 -0.038653591193844164 -0.3214835767880626 -0.751766 0.005703201747085638 -0.9946845159179855 0.10281141611141774 0.640309 -0.32374876640144745 0.09543905741792623 0.9413172273854966 -0.157647
-0.9304520469313651 -0.022900985548146565 -0.3656973246034975 -0.774716 0.012044811433273319 -0.9994171968091561 0.031940401369817545 0.612767 -0.3662156617060078 0.025314256517854447 0.9301856145620501 -0.155985
-0.9144389138835891 -0.004986658974516115 -0.4046932245635864 -0.797379 0.023716056626879686 -0.9988660975564303 -0.04128035622978665 0.583234 -0.4040284908684933 -0.04734609154575832 0.91352029325126 -0.155003
-0.8990225326795215 0.014639101417081945 -0.4376576086899427 -0.819391 0.04002377755092685 -0.9925108277169318 -0.11541383840426055 0.551965 -0.4360694703428028 -0.1212763520821402 0.8917036859072616 -0.154703
-0.8851179554352906 0.0352907564733667 -0.46402668832039057 -0.840439 0.060009356647552275 -0.9801400193589076 -0.1890090462540552 0.519257 -0.46148139949601247 -0.1951412436125645 0.8654217543836902 -0.155028
-0.8735383677487746 0.05611885272554825 -0.4835094564117387 -0.860261 0.08249366113504833 -0.9618940527883225 -0.26068108309386767 0.485447 -0.47971399389984726 -0.2676013930816212 0.8356219111999356 -0.15586
-0.8649381923281751 0.07616009290867379 -0.4960660880368771 -0.878659 0.10617037855562633 -0.9382826769777055 -0.3291708808520364 0.450892 -0.4905199019096203 -0.33737999100671745 0.803470576622992 -0.157022
-0.8597615608607345 0.09441387341864398 -0.5018924974258949 -0.895497 0.12969710889264824 -0.910175465156303 -0.3933945634759026 0.41597 -0.49395214182266906 -0.4033195298192188 0.7702886721581735 -0.158285
-0.8582269543106292 0.1099162601359539 -0.5013630527396552 -0.910708 0.15178532473689316 -0.8787624548613312 -0.4524795720478467 0.381069 -0.4903138893496867 -0.4644297187775691 0.7374939499595715 -0.159369
-0.860320419396165 0.12179147613955801 -0.4949905173937725 -0.924283 0.17129790794573632 -0.8454973566558656 -0.5057580910092873 0.34658 -0.48011019849969977 -0.5199048530526446 0.7065360154081937 -0.159947
-0.8658236843179449 0.12933378711895469 -0.48334472086034896 -0.936274 0.1872839865812305 -0.8120189402871621 -0.552765727035564 0.312892 -0.4639763528934866 -0.5691203845623377 0.678843083364098 -0.159658
-0.8743503259180042 0.13203340491850396 -0.4669889587053493 -0.946776 0.19903098747962372 -0.780065024777144 -0.5931991429042357 0.280387 -0.44260385627552534 -0.611609137525806 0.6557713696899049 -0.158109
-0.8855695653428923 0.12506302024957816 -0.44735420631134615 -0.955936 0.19174972521844835 -0.7787627895692864 -0.5972943666743501 0.245898 -0.4230822471069312 -0.61472575881308 0.6656678252962455 -0.160375
-0.8985801659290743 0.11587136761946973 -0.4232345821939309 -0.963953 0.18328739645493217 -0.7772304612706843 -0.6019290160589803 0.2137 -0.39869714784489 -0.6184550397878195 0.6771661155590974 -0.158518
-0.9127397585135036 0.10590141066349008 -0.3945770196656076 -0.970994 0.17250438661469908 -0.7755947653798437 -0.6072025992319788 0.183746 -0.37033548280902934 -0.62228422054144 0.6896477209689996 -0.152995
-0.9274110483563077 0.09530209391461253 -0.36169912673677296 -0.977186 0.15949011294927073 -0.7739304684899236 -0.6128576782699191 0.155911 -0.33833659461855825 -0.6260584164744192 0.702551925414385 -0.144219
-0.9420226118712535 0.08458569245297493 -0.32471319553647937 -0.982612 0.1439254744858129 -0.7723126421551275 -0.6187233958413074 0.130013 -0.3031152528615061 -0.6295859301156723 0.7153619364231567 -0.132553
-0.9560267931419864 0.0738618842958701 -0.28382599042884327 -0.987321 0.1258581023930848 -0.7707975799636737 -0.624524482133532 0.10583 -0.2649009415926302 -0.6327839384579922 0.7276070219376187 -0.118314
-0.9689061000951339 0.06322155550234577 -0.23921539272860853 -0.991329 0.10533427019661694 -0.7694264355756232 -0.6299901997329306 0.0831138 -0.22388760734034546 -0.6355989263342533 0.7388425705941422 -0.101778
-0.9801616731130055 0.05274815073510255 -0.19105163478583526 -0.994628 0.08239807075899777 -0.768239834287333 -0.6348370774847399 0.0616045 -0.18025995810359124 -0.6379852581433191 0.7486528954704534 -0.0831858
-0.9893077089921619 0.04251935728430586 -0.13950756676542564 -0.997185 0.05710199776290071 -0.7672650351247728 -0.6387830051954003 0.0410377 -0.13419992093949173 -0.6399191121783366 0.7566332738445511 -0.0627524
-0.9958664885811307 0.03261981027784896 -0.0847695989050686 -0.998949 0.029500703894471333 -0.7665259913973682 -0.6415353559875036 0.021152 -0.08590486243990961 -0.6413843251044723 0.7623952400949662 -0.0406715
-0.9993663900653501 0.023124398642029028 -0.027056987918006266 -0.999852 -0.00032239381518024343 -0.7660402325779828 -0.6427925467319124 0.00169492 -0.03559093241232301 -0.642376543982822 0.7655623170393819 -0.0171228
-0.9993435945870535 0.01410192290774232 0.03336938309484622 -0.999816 -0.03225212345001485 -0.7658170467472301 -0.6422492128794831 -0.017574 0.016497893525887417 -0.6429038704827142 0.7657691772509216 0.00772403
-0.9953457153698683 0.005630818347568109 0.09620395407456758 -0.998751 -0.06615212238364916 -0.7658581706926794 -0.6395976540665244 -0.0368796 0.07007712607537156 -0.6429848802794661 0.7626661393644122 0.0337051
-0.9869372785467497 -0.002196129912094398 0.1610899910861765 -0.996562 -0.10186433813830359 -0.7661569243024912 -0.6345291356265622 -0.0564293 0.1248137205213456 -0.6426497835965993 0.7559251224908876 0.0606581
-0.9738315348137617 -0.011004635413585359 0.22700449291079383 -0.993148 -0.13748549837612378 -0.7668114486468055 -0.6269752307391862 -0.0764125 0.18096927788589268 -0.6417780770824141 0.7452321921641986 0.0884219
-0.9557337765647727 -0.020698684410968463 0.2935038548245864 -0.988403 -0.17280479435152657 -0.7678726222572689 -0.6168550389166582 -0.0969994 0.23814166242462356 -0.6402680692111705 0.7303049692876503 0.116835
-0.9323880217888448 -0.03115627543357409 0.3601136811144397 -0.98222 -0.20760925685475767 -0.769392341385925 -0.6040975264681191 -0.118341 0.2958901372011246 -0.6380162313905436 0.7109038719751837 0.145735
-0.9035827728858217 -0.042237150931694875 0.426326395646743 -0.97449 -0.24168198365079685 -0.7714065890931778 -0.5886609321861317 -0.140569 0.3537343513465804 -0.6349392863768967 0.6868217463742771 0.174954
-0.8691545771983415 -0.05380609990270439 0.4916047442289714 -0.965102 -0.2747796849867102 -0.7739541691840324 -0.5705182457391336 -0.163796 0.41117690311321775 -0.6309515414165452 0.6579009855064127 0.204326
-0.8289885913518534 -0.06571918085809926 0.555390767546428 -0.953942 -0.3066541828245302 -0.777063557988411 -0.5496684809979661 -0.188116 0.46769768821824376 -0.6259818017432554 0.6240237626257341 0.233682
-0.7830117482367253 -0.0756702947834288 0.6173869196951423 -0.940919 -0.3361654370063609 -0.7836428046224272 -0.5223952083679737 -0.212853 0.5233406166977579 -0.6165857290360242 0.5881637847262656 0.263374
-0.7317077527679466 -0.08616765747787938 0.6761500568247083 -0.926055 -0.36392827941137607 -0.7893655858096257 -0.4944271224195752 -0.238586 0.5763332126330711 -0.60784628545727 0.5462260715782816 0.292401
-0.6757287008010469 -0.09688337668788263 0.7307560018469116 -0.909459 -0.3896852543081196 -0.7945357621037772 -0.46568049702879577 -0.265 0.6257284758491862 -0.5994385156625524 0.49913659498350804 0.320404
-0.6159178347435871 -0.10748914597965947 0.7804430179976848 -0.891301 -0.41319189184601707 -0.7993843065236009 -0.43618481289069494 -0.291776 0.670759033750184 -0.5911267325881521 0.44794140762177204 0.347058
-0.5532902688306316 -0.1176582081682182 0.824637147155021 -0.871817 -0.4342360597804337 -0.8040781634608842 -0.4060755489212997 -0.318587 0.710850844273038 -0.5827648351573862 0.39379718650632006 0.372072
-0.4889859537326465 -0.12710074492860163 0.8629821189866962 -0.851301 -0.4526659730746176 -0.8087142146775715 -0.37559930218099186 -0.345111 0.7456448577389798 -0.5743054236353972 0.3379157091796464 0.395203
-0.42423780012784634 -0.13557047467240554 0.895345148721868 -0.830101 -0.46839433140853504 -0.8133383015719693 -0.3450906511344164 -0.371031 0.7750026059614488 -0.5657750909974057 0.281548409975692 0.416255
-0.3603239965266188 -0.14288478972507318 0.921819154928073 -0.808613 -0.4814298319415297 -0.8179375459678317 -0.3149658518202749 -0.396039 0.7989943269159272 -0.5572809953347975 0.22593352516796136 0.435085
-0.2985251071079067 -0.14893774196062443 0.9427090269250014 -0.787267 -0.49186310368335134 -0.8224644108645061 -0.28569735752414893 -0.419842 0.8178957437602872 -0.5489716221089858 0.17226929632942525 0.451601
-0.24006804067583223 -0.15269867065605577 0.9586711906727666 -0.766526 -0.4992486605427099 -0.8275200775818565 -0.2568293132514825 -0.441738 0.8325371528000277 -0.5402718178646666 0.12242651685330073 0.46616
-0.1861724298726152 -0.15536403797566659 0.9701555762140535 -0.746868 -0.504588167250181 -0.8321350942366842 -0.2300912132412019 -0.461944 0.8430484018289992 -0.532365664410845 0.076525757297592 0.478325
-0.13794515070518293 -0.15706258907773366 0.9779071931983752 -0.728782 -0.5082696323373871 -0.8361973900305584 -0.2059997712370099 -0.480237 0.8500783000644956 -0.5254571990355466 0.03551923058254818 0.488107
-0.09640882429558321 -0.15793477383338259 0.9827318789029598 -0.712756 -0.510703211248099 -0.8396095871080624 -0.18503505413058405 -0.496393 0.854334576509006 -0.5197233383738188 0.00028797699593758816 0.495553
-0.062498980854459485 -0.15811776273887707 0.9854403333021264 -0.699266 -0.5123046616134344 -0.8422832199642746 -0.16763922886889657 -0.510189 0.8565265968324034 -0.5153229574481093 -0.028362624096434034 0.500733
-0.037079626442548 -0.15772854076202064 0.9867861007999479 -0.688772 -0.513467236746397 -0.8441369074060123 -0.1542215236049533 -0.521398 0.8573077032728103 -0.512400808922173 -0.04968815678813346 0.503724
-0.020958727891123415 -0.15685234918416857 0.9873996517523154 -0.681701 -0.5145334285152285 -0.845092675784922 -0.14516790373579483 -0.529791 0.8572141404955649 -0.5110926627237848 -0.06299370956184047 0.504584
-0.01491612243832494 -0.15552166841156928 0.9877198590419687 -0.678445 -0.5157571742794307 -0.845077302531353 -0.14085059433892552 -0.535137 0.8566049535641862 -0.5115245481898337 -0.06760613972476662 0.50333
-0.01971200711742827 -0.15369614593325326 0.9879215209219134 -0.679344 -0.5172856033220954 -0.8440123663020571 -0.1416288463728274 -0.537199 0.8555857884345077 -0.5138293688127082 -0.06286762580562005 0.499909
-0.03564998020853992 -0.14903126321420024 0.9881896384277213 -0.684679 -0.521031036287379 -0.8410217664699065 -0.14563326388273454 -0.535731 0.8527929046001912 -0.5200692943335705 -0.0476675041821084 0.494173
-0.06382876909930704 -0.14325768929758026 0.9876249909213443 -0.694648 -0.5250912041367191 -0.8367545729658831 -0.15530940718106198 -0.530477 0.8486489943277596 -0.5285064040083152 -0.021814338144481783 0.485858
-0.10479254341153312 -0.13544286108831982 0.9852277676890515 -0.709219 -0.5264634832087612 -0.8329257310592365 -0.17050198646096396 -0.520401 0.8437148355297779 -0.5365537791495336 0.015978685406290757 0.475596
-0.15647432490699975 -0.12286941185715866 0.9800096393784987 -0.727725 -0.5284821450694195 -0.827827644270996 -0.18817017224724752 -0.506303 0.8343994295226502 -0.5473613970774791 0.06459948143496685 0.462682
-0.21691205347496573 -0.1049823223784144 0.9705296868438944 -0.749311 -0.5306132053219833 -0.8218261404981325 -0.20748836384692493 -0.488515 0.8193892770809268 -0.559982595070577 0.12255898915549941 0.447086
-0.2839095646452411 -0.0812808741420952 0.95539980039858 -0.773107 -0.5324348197401916 -0.815303344803808 -0.22758211414773488 -0.467383 0.7974387260668867 -0.5733008594537599 0.18819565010488637 0.428788
-0.35504401601281543 -0.05143389343155694 0.9334336084049916 -0.798242 -0.5336935470500217 -0.8086333388200695 -0.2475546832234715 -0.443282 0.7675382365267923 -0.5860603023198024 0.25965049107244875 0.407812
-0.427731320947084 -0.015360441444380701 0.9037754001517726 -0.823878 -0.5343549211449508 -0.8021393792004418 -0.2665281121835063 -0.416627 0.7290478278748498 -0.5969392541746303 0.3348922087723152 0.384248
-0.49931561964925836 0.026726626449867896 0.8660078518194199 -0.84923 -0.534619173439051 -0.796058343566647 -0.2836784324358693 -0.387876 0.68181100853948 -0.6046294742042728 0.41177293203638515 0.358275
-0.5672126322602649 0.07428952084196469 0.8202139336157687 -0.873595 -0.534898793158701 -0.7905039404614218 -0.2983065557313984 -0.357525 0.6262212954553258 -0.6079346899199256 0.4881211959239398 0.330165
-0.6290391069207477 0.12649079263985866 0.7670136122271158 -0.896369 -0.5357817543223111 -0.7854404706862335 -0.3098728428621885 -0.326107 0.5632474710992095 -0.6058740350811612 0.5618442310060833 0.300295
-0.6827678805605467 0.1822466030895076 0.7075409507139458 -0.917073 -0.5379617071309506 -0.7806700986352159 -0.3180430768899641 -0.294182 0.49439379338297945 -0.5977795352462458 0.6310581623790076 0.269136
-0.7268520836118616 0.24030648323564688 0.6433807913390102 -0.935361 -0.5421525584691641 -0.7758409417484554 -0.3227095233367141 -0.262318 0.42161196839562654 -0.5833726315330411 0.6942043797641871 0.237253
-0.7602986083904535 0.29935648461325765 0.5764821950412107 -0.951031 -0.5490102902908658 -0.770472521271202 -0.32397499150511067 -0.231083 0.34717967572177844 -0.5628123924417352 0.7501389762435565 0.205281
-0.782713561026245 0.35811627031338433 0.5090306654047926 -0.964022 -0.5590524969393115 -0.7639931660973216 -0.3221408819484293 -0.201031 0.27353205854439805 -0.5367189013752187 0.7981936067490409 0.173922
-0.7942752949032661 0.4154415636006778 0.443322752787801 -0.974406 -0.5726051994452005 -0.7557964880525818 -0.31763966096145163 -0.172692 0.20310106221940824 -0.5061422486617845 0.8381944778182092 0.143914
-0.7956635990984703 0.47039089563573144 0.38164360648736523 -0.982374 -0.5897729197549209 -0.7452936914027019 -0.31097462385070873 -0.146557 0.138156940446089 -0.4725142525451994 0.8704268728320761 0.116027
-0.787943412351462 0.5222717380791835 0.3261555005448826 -0.988212 -0.6104396478888061 -0.7319660336493193 -0.30263701338249116 -0.123085 0.08067598910037942 -0.4375590899380706 0.8955631901743412 0.0910358
-0.7724171497653523 0.5706329007359311 0.27883658179311066 -0.992267 -0.634295344040419 -0.7154032633889864 -0.2930317171587994 -0.102692 0.03226706179706487 -0.4032074693381623 0.9145395417328324 0.0697161
-0.750464220736454 0.6152401669367222 0.24141870346371402 -0.994913 -0.66088493587464 -0.6953283626265971 -0.28239966299729924 -0.0857681 -0.0058783440184722174 -0.37148082738506083 0.9284220160880025 0.0528301
-0.7233713660535785 0.6560067528271099 0.21538107395732434 -0.996507 -0.6896715113143836 -0.671596970704329 -0.27075951584773916 -0.0726791 -0.03297079397153166 -0.34440187163544767 0.9382431867905501 0.0411207
-0.6921789959560344 0.6928970761387945 0.2019452387049643 -0.997339 -0.7200894929496859 -0.6441921712205024 -0.2578518347456124 -0.0637865 -0.04857324058326487 -0.3238982686223005 0.9448441945012499 0.0353089
-0.6575592236059822 0.7259083075048512 0.2016754733380831 -0.997593 -0.7515474521545474 -0.61322713127775 -0.2431643736752348 -0.0593286 -0.05284216697587189 -0.3114636649118211 0.9487876953402118 0.035896
-0.6197803238616416 0.7552236251074796 0.21332985312298808 -0.997347 -0.7833501204417651 -0.5789830321056798 -0.22614428433543388 -0.0590401 -0.047275141013336006 -0.30727174392259116 0.9504468088372641 0.0425889
-0.5787222443156982 0.7808949552313365 0.23512471760419162 -0.996532 -0.8148310027400139 -0.541787208907249 -0.20619664701007334 -0.0625566 -0.03363035693990278 -0.31091749574242744 0.9498417288861091 0.0548623
-0.5340249075522421 0.8028087997671595 0.26517056610836715 -0.994966 -0.8453594697256371 -0.5019715599763714 -0.18273456137271238 -0.0695401 -0.013592831162370977 -0.3217492563958785 0.9467273371724777 0.0721587
-0.48523971806669464 0.8207625416408975 0.3014817842751512 -0.99239 -0.8743091366727673 -0.45987188294360604 -0.15524620706613998 -0.0796665 0.01122272431609772 -0.3389199042798704 0.9407482920217546 0.0938906
-0.43197354907656227 0.8345285749832766 0.3419954830616634 -0.988512 -0.9010313854245157 -0.41583924768016234 -0.12337002297468594 -0.0926144 0.03925933491765704 -0.3614412505860092 0.9315679937592558 0.119442
-0.3739899374475948 0.8439172701180138 0.3846234104738082 -0.98304 -0.924859546152432 -0.3702397805699138 -0.08693287510636791 -0.108056 0.06903873245259842 -0.388234653373577 0.9189708958074989 0.148177
-0.3112804562771227 0.8488330757672221 0.4273018687338779 -0.975712 -0.9451302218160481 -0.3234396487362789 -0.04599627631994474 -0.125648 0.09916320562514325 -0.4181736518587828 0.9029382346214139 0.17944
-0.24412291777022266 0.8493025261493101 0.46806967440302416 -0.966324 -0.9612120285507983 -0.2758091269664198 -0.0008727263490427295 -0.14503 0.12835667956367544 -0.45012725373878587 0.8836911328359962 0.212567
-0.173093738991213 0.8454917738475919 0.5051556372823076 -0.954749 -0.9725525859630971 -0.22770616303146557 0.047868265625359535 -0.165819 0.15549927671386202 -0.48300472427662655 0.8616997222164606 0.246898
-0.09904897173780425 0.8377075071640314 0.5370618527122435 -0.940957 -0.9787270447911458 -0.17946558821593933 0.09942572323446822 -0.187615 0.1796737960640723 -0.5157889443244502 0.8376628748611192 0.281782
-0.023085858555973393 0.8263818323573789 0.5626367480749852 -0.925021 -0.9794843996869057 -0.1313924718834359 0.15279505588317419 -0.210003 0.20019329135791591 -0.5475665123818487 0.8124614209999532 0.316599
0.05353496783971773 0.8120517645663373 0.5811247188711719 -0.907128 -0.974786149286028 -0.08374856211043474 0.2068287733961412 -0.232555 0.21662403001171884 -0.5775448986954459 0.7870933360233392 0.350765
0.12946771230213272 0.7953316482464691 0.5921872007809752 -0.887575 -0.9648276168250945 -0.03675571500293129 0.260301147185778 -0.254846 0.22879200441200073 -0.6050591596795954 0.7625992604277564 0.383751
0.20337892714536138 0.7768753874193028 0.5959040563843389 -0.866762 -0.9500429500830871 0.00940969850526957 0.3119773238097028 -0.276453 0.23676022679205644 -0.6295840611039542 0.739978719297539 0.415088
0.2740172374494961 0.7573618945374546 0.5927204351827127 -0.845187 -0.9310899084763907 0.05460003413207054 0.36068049379777034 -0.296966 0.2408031061136321 -0.6507086882587434 0.7201333675859025 0.444376
0.340312129302355 0.737459452947944 0.5833877011965685 -0.82343 -0.9088124809406654 0.09871608504280949 0.4053578777331135 -0.315994 0.2413452488369519 -0.6681382265755644 0.7038066361240776 0.471287
0.40138722178423947 0.7178170632709344 0.5688822038571966 -0.802133 -0.8841976450209053 0.14166357856887135 0.445113418182991 -0.33317 0.23892011788004533 -0.6816671432481929 0.6915541071297551 0.495561
0.45660858352963674 0.6990475144812973 0.55031007072793 -0.781989 -0.8583159182043729 0.18337098127437135 0.4792377987841306 -0.348148 0.23409909441098525 -0.6911639861306396 0.6837323732806295 0.516997
0.5053928279742902 0.6817436289113576 0.5289647567380296 -0.763713 -0.8323367594484901 0.2234787002675548 0.5072206515881535 -0.360611 0.22758209134933305 -0.6966224909988893 0.6803848151829716 0.535446
0.5477633281341168 0.6663429029102883 0.505907572677585 -0.747923 -0.8072293870126379 0.26203266484099796 0.5288852420889867 -0.370346 0.21985461808803763 -0.6980874001852599 0.6814234576296504 0.550868
0.5844248411929829 0.6527673813685073 0.48201903574221905 -0.734782 -0.7834547386427471 0.29923999526670597 0.5446596163945027 -0.377505 0.2112966575570515 -0.6959527074838373 0.6862969848769078 0.563547
0.6160559696067227 0.6408270811948051 0.45805643136983387 -0.724277 -0.7612897762481454 0.3350581833458489 0.5551341192477978 -0.382322 0.2022694215445561 -0.6907073662415409 0.6942696992723393 0.573805
0.6427393628874255 0.6305262715799241 0.43511232140975525 -0.716338 -0.7412535783423414 0.3684255191464347 0.5610755469955488 -0.385023 0.19346638981937053 -0.683153904833457 0.7041814384951222 0.581908
0.6657180405491342 0.6215196220369276 0.4129562324393425 -0.710844 -0.7230224806061755 0.40039047127115923 0.5629617776131448 -0.385825 0.18454805072260788 -0.6733504510567538 0.7159198188597324 0.588081
0.6855867532706852 0.6135880935792195 0.391765816729305 -0.707638 -0.706504016237673 0.4310112635553755 0.5613210896879222 -0.384935 0.1755644576211209 -0.6616184263653919 0.7289980652333612 0.592515
0.7018283411652372 0.6070744676476594 0.3726896433596762 -0.706531 -0.6924056231559976 0.45844537244604033 0.5571375893841358 -0.38255 0.16736616312506586 -0.6490673549125102 0.7420917303323569 0.595373
0.7159314243044799 0.601337565061154 0.354732756507883 -0.707315 -0.6797964859795825 0.48460878203846103 0.5504825755834698 -0.378861 0.1591192425295253 -0.6352538557281818 0.7557338191713459 0.596799
0.7269721516998013 0.5970224330130612 0.33922810191982267 -0.709765 -0.6696687295802993 0.5071784334695039 0.5425069854349599 -0.374052 0.15183966305043228 -0.6215579225644096 0.768511851321856 0.596925
0.7358560928342146 0.5937383642364149 0.3255619226393499 -0.713644 -0.6614251259583153 0.5272786035939345 0.5333798617711935 -0.368299 0.1450262506920405 -0.6078256567683672 0.780714645427068 0.595876
0.7406200971951835 0.5930178261051945 0.31592994405732744 -0.71871 -0.6571062420450707 0.5410325171081212 0.5248763683926485 -0.361777 0.14033267009503386 -0.5963335252634383 0.7903752705840932 0.593779
0.741665811744328 0.5948180091674076 0.3100376745812496 -0.72472 -0.6565285287784726 0.5489856199765614 0.517286265001232 -0.354655 0.1374849613215982 -0.5872021159950569 0.7976788579254976 0.590762
0.7400582077205007 0.598437179144436 0.30689866699477636 -0.731433 -0.6587125217639159 0.552904936850641 0.5102880994865657 -0.347101 0.13568958271342296 -0.5798008911892418 0.8033798999970178 0.586963
0.7394435154978697 0.6011252292497977 0.3031035238124589 -0.738612 -0.6600873027099685 0.5588890873922608 0.5019240388693532 -0.339284 0.13231795112240075 -0.5712192632896967 0.8100620427211399 0.582528
0.7398294846568649 0.6027652568714313 0.2988751892363691 -0.746026 -0.6606013644489325 0.566620414166221 0.4924907547744518 -0.331369 0.12750753279930838 -0.5617965391125314 0.8173900401403332 0.577615
0.7411766261900907 0.6032799642979215 0.29446645558734363 -0.753456 -0.6602370426996101 0.5757381624819362 0.48229930096279106 -0.323522 0.12142592901331922 -0.5518866305126645 0.8250314483852299 0.572396
0.7435198398773283 0.6025348287181406 0.2900517676043247 -0.760692 -0.6588948406499476 0.5860439501861856 0.47160372922089155 -0.315912 0.11417458856362228 -0.5417603424317553 0.8327423939577923 0.567052
0.7466077931615103 0.6006286240679728 0.28604555431034706 -0.767534 -0.6567610605536323 0.5969256851249538 0.4608086758933396 -0.308708 0.10602694247674983 -0.531906930193919 0.8401388605943149 0.561775
0.7504163659646065 0.5974904304709533 0.2826313202532743 -0.773794 -0.6537969602982195 0.6081883485994465 0.45017381902181597 -0.302082 0.09708147298677765 -0.5226012993894229 0.8470319176271958 0.556767
0.7550733573130236 0.5929212653624312 0.2798367348241688 -0.779293 -0.6497991470338667 0.6199127138014847 0.43985144740166243 -0.29621 0.08732292705869361 -0.5139577807060534 0.8533593065418634 0.552234
0.760285741517569 0.5871013803331097 0.2779884178451283 -0.783898 -0.6450103141814757 0.6315867859155836 0.4301858045732527 -0.291237 0.0769888683161031 -0.506369530153405 0.8588728736475647 0.548347
0.7661102830109907 0.5800231510021524 0.27685407449837973 -0.787636 -0.6392978033727065 0.6433957722292508 0.4211177969171555 -0.28716 0.06613133045427344 -0.4996148762587646 0.8637196434916178 0.545132
0.772327488023236 0.5719393518552206 0.27639759232516514 -0.790566 -0.6328414489383457 0.6551193053865376 0.41271103234039597 -0.283945 0.05497228164569144 -0.49366392769706224 0.867913575617628 0.542569
0.7788691188720404 0.5629716425160481 0.27645221176592943 -0.792745 -0.6256661275206866 0.6667568130218318 0.4049410440573265 -0.281558 0.043643929025228845 -0.4883628589601719 0.8715485789372202 0.54063
0.7856600335700856 0.5532485468684483 0.2768652326288057 -0.794225 -0.6178154986403188 0.678281581658351 0.3977915353836233 -0.279968 0.0322850010138849 -0.4835805427961268 0.8747042570712328 0.539281
0.7925829197996572 0.542941462273424 0.2775371755031133 -0.795057 -0.6094006730841556 0.6895916336784002 0.3912725372490804 -0.279143 0.02105076925976776 -0.47924727156776903 0.8774274430449625 0.538483
0.7996298269485502 0.5321208069514929 0.2782796914320621 -0.795287 -0.6004092923164235 0.7007356025229438 0.38532881680053277 -0.279052 0.010040993692018524 -0.4752021276952567 0.8798193657106996 0.53819
0.8063890132188535 0.5212635863686479 0.27932245324359267 -0.794958 -0.5913852730926155 0.7111464878862468 0.3801764478978531 -0.279663 -0.0004670429278230137 -0.47175729596175997 0.8817283229985028 0.538359
0.8128693481515581 0.5104479011562695 0.28051089647430927 -0.794112 -0.5823531348092108 0.720877112250605 0.3757672356806988 -0.280942 -0.01040428822872258 -0.46880606783443846 0.8832398437276625 0.538942
0.8190579936790215 0.4997730236735446 0.2817284646582565 -0.792788 -0.5733726875282547 0.7299354265568354 0.3720726195971925 -0.282853 -0.019691728901301386 -0.4662844602444878 0.8844156477287047 0.539891
0.8249427135182665 0.4893413906880268 0.28286838418711147 -0.791022 -0.5645099556721611 0.7383222763886284 0.3690646638941863 -0.285358 -0.028249413447610977 -0.4641392243150992 0.8853116689008703 0.541161
0.8305227013053516 0.4792439882737985 0.28382607758957823 -0.788851 -0.5558198834170278 0.7460480955668153 0.366710371136964 -0.288417 -0.03600416385286051 -0.462317465389911 0.8859832173245186 0.542706
0.8357924904341428 0.4695778443016243 0.28451284869919846 -0.786308 -0.5473683270545062 0.7531103430754484 0.3649831854898683 -0.291987 -0.04288155164455425 -0.46078352758515584 0.8864760082679821 0.544485
0.840738197438808 0.46045097440017557 0.2848581814539871 -0.783426 -0.5392375831593015 0.7594915734945527 0.3638617576762961 -0.29602 -0.048806887586274425 -0.4595187155760873 0.8868260470686703 0.546457
0.8455124303888754 0.4517883207179932 0.2845980381533102 -0.780236 -0.531243556241355 0.7654207755512705 0.3631959805759556 -0.300469 -0.053749548927740906 -0.4582775901321243 0.887182414373029 0.548589
0.8497118120922551 0.44412815828011887 0.2841478759618058 -0.776769 -0.5240996678110705 0.7702851681759302 0.3632909273413038 -0.305281 -0.05752716394210314 -0.45761439958865874 0.88728782629871 0.550848
0.8532673255974856 0.43765147113615066 0.28354199138765646 -0.773053 -0.5180038222413974 0.7739681384033579 0.3642051082559711 -0.310403 -0.06005756580995865 -0.4576401539952585 0.8871068584111943 0.553208
0.8553717127381318 0.43337809398767135 0.2837651506070609 -0.769119 -0.5144029505777503 0.7752006206487574 0.3666791542788955 -0.315777 -0.0610642078826827 -0.4596166069643204 0.8860156528630101 0.555645
0.8568905421105849 0.4307935923701555 0.28311743078490237 -0.764993 -0.5119914175906777 0.7751717702891239 0.37009933107250276 -0.320633 -0.06002821965472631 -0.46208831116967447 0.8847999805184457 0.558552
0.8582004956379718 0.4284814067985775 0.28265808552852595 -0.760705 -0.5099249416966427 0.7748164879861325 0.37367895817199975 -0.327043 -0.05889365944153106 -0.4648258748959094 0.8834412503980316 0.560688
0.8593930906590638 0.4274839248214506 0.280537002455488 -0.75629 -0.5082767033547678 0.7739507738558952 0.37769695851922114 -0.332792 -0.05566245192471686 -0.4671805792914655 0.8824080676073962 0.563272
0.8604279582646311 0.42745283943212764 0.2773946623458535 -0.751809 -0.507006426649136 0.7726909948124753 0.38195956575556766 -0.338431 -0.05107065667320834 -0.46928956583022297 0.8815662717174746 0.565904
0.8613124552370011 0.42831621029469996 0.2732875380481066 -0.747339 -0.5060559245298355 0.7711275065657559 0.38635446142879387 -0.343784 -0.0452576590408998 -0.4710706874944209 0.8809336817727378 0.568592
0.8615497849004394 0.4305909779149722 0.26893006131006314 -0.742959 -0.5062348718766185 0.768512789887296 0.39129828299611574 -0.348677 -0.03818668137021118 -0.47326472667828584 0.8800921973566503 0.571346
0.8604820424428512 0.43500199525370853 0.2652242801077445 -0.738759 -0.5086144685927287 0.7637876216060044 0.3974163955092678 -0.352941 -0.02969809710259047 -0.47686657799298027 0.8784738412848441 0.574167
0.8589048062738422 0.4405452825167982 0.2611558688061365 -0.734832 -0.5117385656786755 0.7583357350596579 0.403795187352029 -0.356412 -0.020153762845322054 -0.4804651568883249 0.8767822186036004 0.577055
0.8575073408219663 0.446321041113743 0.2558880393757886 -0.731276 -0.5143749558811037 0.7534224572791852 0.40960103226152583 -0.358928 -0.009978236254631498 -0.4828582909369367 0.8756416536887152 0.580005
0.8562422228930551 0.45229309053038863 0.24956004486621916 -0.728197 -0.5165741155864945 0.749073093704956 0.41477787235256075 -0.360332 0.0006624508968723075 -0.48406658689250154 0.8750309140899271 0.583
0.855058125760854 0.4584247658343762 0.24232691893397376 -0.725701 -0.5184022986013818 0.7452934348395935 0.4192812335292438 -0.360471 0.01160423953299497 -0.4841326574965769 0.8749176598801529 0.586019
0.8540119359424896 0.46454546457197093 0.23422451753258533 -0.723895 -0.5197610530670687 0.7422616676748919 0.4229610672569045 -0.359194 0.022628764490631614 -0.48295458176323336 0.8753529636503937 0.589029
0.8532374517247133 0.4703847655891202 0.2252199442233883 -0.722887 -0.5204476764111838 0.7402741530920318 0.42559181662959034 -0.356351 0.03346740343255421 -0.48034607374844196 0.8764402902319925 0.591987
0.8528869454821698 0.47564107049416615 0.21528917828181246 -0.722777 -0.5202525185166822 0.7396382358345113 0.42693394930441075 -0.351795 0.04383121265883069 -0.47613112915537836 0.8782812605572777 0.594839
0.8531995235250569 0.4798900709899524 0.20434307627584267 -0.723662 -0.5188467752323696 0.7407865355874309 0.4266536446854094 -0.345379 0.053372248290543406 -0.4700434325226032 0.8810281349961431 0.597518
0.8543698814413135 0.4827433648074857 0.19238230017416552 -0.725625 -0.5159810513481881 0.7440352634645242 0.4244703539364024 -0.336952 0.061771031524286854 -0.4619203074726451 0.8847677487390703 0.599943
0.8563568127032956 0.48411575806882234 0.17968011054677763 -0.728738 -0.5117688845300107 0.7492475914826057 0.4203815594010078 -0.326362 0.06888844724307111 -0.45195130207464157 0.8893786608579468 0.602021
0.8591332853621064 0.48391157542195357 0.1664919972718102 -0.73305 -0.5062840075468561 0.7562832260905352 0.41438169075912074 -0.313452 0.07460899198627766 -0.44030133897904006 0.8947447843983536 0.603643
