1 0 0 0 0 1 0 0 0 0 1 0
0.998808 0.0395696 0.0285641 -0.121295 -0.0394294 0.999207 -0.00545749 0.0818932 -0.0287574 0.00432472 0.999577 -0.0304614
0.994982 0.0808224 0.0589798 -0.238117 -0.0801668 0.996691 -0.0134013 0.163524 -0.0598678 0.00860581 0.998169 -0.0575055
0.988203 0.12341 0.0906884 -0.349627 -0.121738 0.992278 -0.023757 0.246267 -0.0929199 0.0124365 0.995596 -0.0793759
0.978247 0.166949 0.123132 -0.455036 -0.163664 0.985845 -0.0363956 0.330816 -0.127466 0.0154516 0.991723 -0.0948974
0.964989 0.211028 0.155765 -0.553725 -0.205473 0.977326 -0.0511304 0.417176 -0.163023 0.0173348 0.98647 -0.103575
0.948418 0.255215 0.188065 -0.645407 -0.246712 0.96672 -0.0677174 0.504787 -0.199088 0.0178267 0.979819 -0.105624
0.928633 0.299067 0.219544 -0.730178 -0.286965 0.954086 -0.085858 0.592808 -0.235141 0.0167292 0.971817 -0.1018
0.905846 0.342142 0.249763 -0.806659 -0.325863 0.939545 -0.105204 0.681418 -0.270658 0.0139099 0.962575 -0.0908597
0.880375 0.384013 0.27834 -0.876819 -0.363093 0.923281 -0.125363 0.768502 -0.305127 0.00930319 0.952266 -0.0760751
0.852637 0.424276 0.304958 -0.941904 -0.398409 0.905528 -0.145909 0.853283 -0.338054 0.00290961 0.941122 -0.0590781
0.823134 0.462565 0.329369 -1.00014 -0.431634 0.88657 -0.166387 0.936166 -0.368974 -0.00520789 0.929425 -0.0379654
0.79244 0.498556 0.351398 -1.06008 -0.462669 0.866729 -0.186327 1.02348 -0.397462 -0.0149283 0.917497 -0.0147971
0.761185 0.531978 0.370941 -1.11978 -0.491483 0.846356 -0.205244 1.11579 -0.423134 -0.0260829 0.905692 0.0126352
0.730036 0.562616 0.387956 -1.18037 -0.518114 0.825823 -0.222652 1.21257 -0.44565 -0.0384615 0.89438 0.0429743
0.699686 0.590311 0.402457 -1.2417 -0.542658 0.80551 -0.238066 1.31381 -0.464716 -0.0518255 0.883942 0.0763541
0.670833 0.614956 0.414503 -1.30339 -0.565256 0.785801 -0.251002 1.41939 -0.480072 -0.0659196 0.874749 0.113313
0.644166 0.636493 0.424178 -1.36638 -0.586079 0.767072 -0.260984 1.52908 -0.49149 -0.0804845 0.867156 0.152671
0.620355 0.654906 0.431576 -1.43013 -0.605311 0.749681 -0.267539 1.64283 -0.498757 -0.0952681 0.86149 0.195261
0.600707 0.670356 0.435631 -1.49527 -0.62382 0.733817 -0.269001 1.76046 -0.5 -0.110165 0.85899 0.24048
0.583806 0.682435 0.439833 -1.56193 -0.639664 0.720246 -0.268468 1.88184 -0.5 -0.124612 0.857013 0.288021
0.572085 0.691685 0.440784 -1.63037 -0.655019 0.708731 -0.262014 2.00678 -0.493628 -0.138827 0.858521 0.338231
0.564769 0.698283 0.439815 -1.70115 -0.669244 0.699369 -0.250991 2.13514 -0.482855 -0.152592 0.862303 0.390634
0.561567 0.702569 0.43708 -1.77432 -0.682317 0.692016 -0.235706 2.26726 -0.468066 -0.165862 0.867989 0.444391
0.562141 0.704838 0.432667 -1.84999 -0.694148 0.686507 -0.216487 2.40346 -0.449617 -0.178639 0.875176 0.498599
0.566109 0.705346 0.426624 -1.92839 -0.7046 0.68266 -0.193685 2.54449 -0.427854 -0.190953 0.883447 0.551034
0.57306 0.704319 0.418972 -2.00952 -0.713512 0.680284 -0.167676 2.69103 -0.403117 -0.202853 0.892383 0.599436
0.582562 0.701959 0.409725 -2.09325 -0.720715 0.679181 -0.138862 2.84349 -0.375753 -0.214399 0.901578 0.641835
0.594174 0.69845 0.398906 -2.1794 -0.726055 0.679154 -0.107674 3.00225 -0.346124 -0.225651 0.910648 0.675379
0.607448 0.69396 0.386557 -2.26752 -0.729403 0.680008 -0.0745646 3.1674 -0.314606 -0.236662 0.919246 0.696792
0.621946 0.688652 0.37275 -2.35686 -0.730674 0.681553 -0.0400083 3.33851 -0.281601 -0.247476 0.927069 0.702675
0.63724 0.682679 0.357596 -2.44637 -0.729833 0.68361 -0.00449465 3.51452 -0.247525 -0.258121 0.933866 0.689987
0.652927 0.676193 0.341247 -2.53533 -0.726909 0.686012 0.0314787 3.69402 -0.212814 -0.268609 0.939446 0.65838
0.668633 0.669341 0.323902 -2.62403 -0.721993 0.688608 0.0674146 3.87591 -0.177918 -0.278931 0.943686 0.611289
0.68402 0.66227 0.305801 -2.71308 -0.715251 0.691263 0.102822 4.05974 -0.143293 -0.289057 0.946527 0.551795
0.698792 0.655125 0.28723 -2.80328 -0.70691 0.693863 0.13723 4.24548 -0.109396 -0.298941 0.94798 0.482655
0.712698 0.648046 0.268511 -2.8923 -0.697268 0.696315 0.170185 4.42676 -0.0766802 -0.308514 0.948124 0.409297
0.725532 0.641175 0.249998 -2.98118 -0.686677 0.698546 0.201267 4.60408 -0.0455878 -0.317693 0.947097 0.334424
0.737135 0.634645 0.232074 -3.07108 -0.675543 0.700501 0.230085 4.77795 -0.0165457 -0.32638 0.945094 0.260617
0.747388 0.62859 0.215139 -3.16326 -0.664311 0.702146 0.256283 4.94884 0.0100378 -0.334463 0.942356 0.190711
0.756211 0.623138 0.199609 -3.25895 -0.653456 0.703459 0.279537 5.1171 0.0337736 -0.341825 0.939157 0.127648
0.763581 0.619732 0.18132 -3.35784 -0.643419 0.706612 0.294467 5.28228 0.0543677 -0.341514 0.938303 0.0701825
0.769621 0.616689 0.165464 -3.45918 -0.634446 0.709451 0.30685 5.44451 0.0718418 -0.341136 0.937265 0.0187845
0.774471 0.614051 0.152106 -3.56278 -0.626696 0.711924 0.316887 5.60363 0.0862972 -0.340744 0.936187 -0.0265991
0.778247 0.611858 0.141283 -3.66796 -0.62029 0.713983 0.324759 5.75965 0.0978327 -0.340379 0.935185 -0.0667908
0.781044 0.610146 0.133012 -3.77406 -0.61532 0.715592 0.33062 5.91262 0.106544 -0.340073 0.934344 -0.102624
0.782934 0.608943 0.12729 -3.88025 -0.611845 0.716723 0.334596 6.06275 0.112519 -0.339848 0.933725 -0.135329
0.783968 0.608272 0.124094 -3.97557 -0.609897 0.717354 0.336791 6.19647 0.115841 -0.339718 0.933366 -0.184723
0.784178 0.608145 0.123388 -3.98957 -0.609485 0.717476 0.337276 6.20825 0.116585 -0.339688 0.933285 -0.368089
0.783577 0.608566 0.12512 -4.00147 -0.610593 0.717086 0.336101 6.2276 0.114818 -0.339758 0.933478 -0.549539
0.782158 0.609532 0.129224 -4.00738 -0.613185 0.716187 0.333287 6.26817 0.110601 -0.339922 0.933928 -0.726272
0.7799 0.611034 0.135622 -4.00303 -0.617205 0.71479 0.328836 6.343 0.103988 -0.340166 0.934598 -0.889743
0.776766 0.613054 0.144223 -3.98205 -0.622579 0.712912 0.322726 6.46734 0.0950303 -0.340472 0.93544 -1.01513
0.772703 0.615573 0.154921 -3.94797 -0.629216 0.710573 0.314919 6.6276 0.0837726 -0.340818 0.93639 -1.08225
0.767648 0.618567 0.167602 -3.91088 -0.637009 0.707795 0.305362 6.79839 0.0702591 -0.341175 0.93737 -1.10237
0.761527 0.622016 0.182135 -3.87558 -0.645835 0.704604 0.293991 6.9692 0.0545336 -0.341511 0.938294 -1.09051
0.754255 0.625896 0.198377 -3.84483 -0.655558 0.701023 0.280731 7.13553 0.0366417 -0.34179 0.939062 -1.05123
0.745741 0.630191 0.216172 -3.81945 -0.666028 0.697076 0.265503 7.29568 0.0166296 -0.341973 0.939563 -0.99277
0.735888 0.634887 0.235346 -3.79977 -0.677081 0.69278 0.248226 7.44915 -0.00544759 -0.342015 0.939679 -0.919602
0.724595 0.641016 0.253101 -3.78468 -0.688542 0.689079 0.22601 7.59779 -0.0295309 -0.338036 0.94067 -0.839477
0.711759 0.648045 0.270992 -3.77308 -0.700224 0.685111 0.200771 7.74385 -0.0555511 -0.332656 0.941411 -0.757014
0.697302 0.655644 0.289656 -3.76437 -0.711911 0.68051 0.173462 7.8891 -0.0833852 -0.327165 0.941281 -0.67535
0.681259 0.663727 0.308792 -3.75814 -0.723311 0.675271 0.144328 8.03513 -0.112724 -0.321678 0.940115 -0.597481
0.663721 0.67219 0.32808 -3.75411 -0.734144 0.669409 0.113682 8.18338 -0.143203 -0.316311 0.937785 -0.5266
0.644809 0.680926 0.347217 -3.7521 -0.74417 0.662956 0.0818607 8.3352 -0.174449 -0.311173 0.934205 -0.466816
0.624686 0.689829 0.365927 -3.75135 -0.753192 0.655957 0.0492183 8.48929 -0.20608 -0.30636 0.929341 -0.416975
0.603546 0.698789 0.383962 -3.75127 -0.761066 0.648474 0.0161278 8.64492 -0.237719 -0.301954 0.923208 -0.376804
0.581618 0.707697 0.401105 -3.75121 -0.767702 0.640581 -0.017025 8.80146 -0.268989 -0.298027 0.915874 -0.346296
0.559161 0.716451 0.417177 -3.75036 -0.773062 0.632369 -0.0498478 8.95843 -0.299524 -0.294631 0.907457 -0.326482
0.53646 0.724951 0.432039 -3.74728 -0.777167 0.623936 -0.0819463 9.11517 -0.328972 -0.291806 0.898124 -0.319699
0.513823 0.733101 0.445588 -3.74005 -0.780088 0.615395 -0.112927 9.2703 -0.356999 -0.289573 0.888087 -0.327786
0.491576 0.740816 0.45776 -3.72547 -0.781945 0.606862 -0.142407 9.42191 -0.383294 -0.287939 0.877597 -0.351858
0.470055 0.748018 0.468527 -3.7032 -0.782904 0.598463 -0.170009 9.57004 -0.407566 -0.286898 0.866937 -0.382114
0.449603 0.754635 0.477894 -3.67628 -0.783164 0.590325 -0.195371 9.71638 -0.429547 -0.28643 0.856415 -0.410115
0.430568 0.760606 0.485891 -3.64686 -0.782955 0.582575 -0.218145 9.86175 -0.448991 -0.286505 0.846358 -0.43267
0.413294 0.765874 0.49257 -3.61635 -0.782522 0.575342 -0.237993 10.0063 -0.465668 -0.287086 0.837099 -0.449189
0.398121 0.770393 0.49799 -3.58558 -0.782119 0.568748 -0.254587 10.1498 -0.479363 -0.288132 0.82897 -0.460466
0.38538 0.774119 0.502217 -3.55512 -0.781995 0.562913 -0.267607 10.2921 -0.489864 -0.2896 0.822293 -0.468827
0.375395 0.777012 0.505303 -3.52505 -0.782376 0.557949 -0.276732 10.4331 -0.496957 -0.291453 0.817367 -0.475407
0.368574 0.779095 0.507113 -3.49568 -0.783679 0.553829 -0.281283 10.5729 -0.5 -0.293741 0.814688 -0.480133
0.364905 0.780147 0.508149 -3.46702 -0.785395 0.551033 -0.281989 10.7114 -0.5 -0.296198 0.813798 -0.483966
0.364901 0.781549 0.505992 -3.43833 -0.788228 0.548568 -0.278872 10.8523 -0.495523 -0.297077 0.816212 -0.487473
0.368373 0.781726 0.503196 -3.41 -0.791825 0.547438 -0.270787 10.9955 -0.48715 -0.298692 0.820651 -0.490256
0.375144 0.780735 0.49972 -3.38231 -0.795951 0.547614 -0.258034 11.1358 -0.47511 -0.300953 0.82686 -0.492734
0.385018 0.778649 0.495445 -3.35626 -0.800322 0.549034 -0.240928 11.2735 -0.459615 -0.303754 0.834558 -0.494741
0.397781 0.775551 0.490195 -3.33077 -0.804618 0.551615 -0.219798 11.4083 -0.440863 -0.306988 0.843444 -0.496602
0.413198 0.771523 0.483756 -3.30679 -0.808493 0.555262 -0.194996 11.5404 -0.419055 -0.310541 0.853204 -0.498341
0.431019 0.766647 0.475894 -3.2836 -0.811589 0.559884 -0.166893 11.6697 -0.394394 -0.314297 0.863523 -0.499998
0.450974 0.760996 0.466377 -3.26134 -0.81355 0.565395 -0.135884 11.7962 -0.367094 -0.318142 0.874087 -0.501671
0.472778 0.754632 0.454985 -3.2405 -0.814032 0.571724 -0.102387 11.92 -0.33739 -0.321966 0.884594 -0.503442
0.496132 0.747605 0.441521 -3.22003 -0.812713 0.578817 -0.066846 12.0409 -0.305534 -0.325665 0.894758 -0.505178
0.520724 0.739945 0.425826 -3.20104 -0.809303 0.586639 -0.0297239 12.1591 -0.2718 -0.329144 0.904317 -0.507168
0.546237 0.731667 0.407785 -3.18292 -0.803555 0.59517 0.00849739 12.2746 -0.236484 -0.332319 0.913039 -0.509274
0.572353 0.722793 0.387274 -3.16515 -0.795268 0.604412 0.0472772 12.3871 -0.199902 -0.335046 0.920752 -0.511376
0.598753 0.713368 0.364144 -3.14865 -0.7843 0.614394 0.0859898 12.4969 -0.162385 -0.337085 0.927365 -0.513806
0.625128 0.703168 0.338777 -3.13289 -0.770564 0.6251 0.124422 12.6039 -0.12428 -0.338829 0.932603 -0.516348
0.651185 0.692155 0.311254 -3.1174 -0.754037 0.636522 0.162073 12.708 -0.0859396 -0.340237 0.936405 -0.518861
0.67665 0.68029 0.281692 -3.10257 -0.734757 0.648652 0.19845 12.8093 -0.047717 -0.341257 0.938758 -0.521505
0.701273 0.667525 0.250253 -3.0888 -0.712823 0.661486 0.233066 12.9078 -0.00996179 -0.341829 0.939709 -0.524446
0.724838 0.653806 0.217134 -3.07525 -0.68839 0.67502 0.265456 13.0034 0.0269873 -0.341886 0.939354 -0.527368
0.747164 0.639074 0.182565 -3.06191 -0.661665 0.689252 0.29518 13.0962 0.0628092 -0.341345 0.937837 -0.53028
0.768104 0.62327 0.146801 -3.04936 -0.632897 0.704152 0.321886 13.1861 0.0972517 -0.340152 0.935328 -0.533458
0.787527 0.606366 0.110093 -3.03746 -0.602354 0.719589 0.345487 13.2732 0.13027 -0.338396 0.931943 -0.536835
0.805327 0.588357 0.0726892 -3.02574 -0.570303 0.735399 0.365983 13.3575 0.161873 -0.336191 0.927778 -0.540169
0.82142 0.569258 0.0348432 -3.01419 -0.537008 0.751417 0.383398 13.4389 0.192071 -0.333642 0.922926 -0.543448
0.835747 0.549105 -0.00318963 -3.00301 -0.502733 0.76748 0.397787 13.5176 0.220875 -0.330846 0.917472 -0.546769
0.848276 0.527953 -0.0411572 -2.99273 -0.467737 0.783426 0.409226 13.5935 0.248296 -0.327886 0.911504 -0.550392
0.858997 0.505878 -0.078811 -2.98261 -0.432272 0.799104 0.41782 13.6667 0.274344 -0.324839 0.905105 -0.553908
0.867929 0.482975 -0.115912 -2.97173 -0.396586 0.81437 0.423699 13.7466 0.299031 -0.321772 0.898356 -0.557707
0.87511 0.459356 -0.152231 -2.9601 -0.360918 0.829092 0.427017 13.8333 0.322366 -0.318744 0.891337 -0.561781
0.880607 0.43515 -0.187553 -2.94854 -0.325498 0.843155 0.427949 13.9269 0.344358 -0.315807 0.884129 -0.566606
0.884505 0.410499 -0.221678 -2.93672 -0.290544 0.856458 0.426689 14.0272 0.365014 -0.313002 0.87681 -0.571968
0.886912 0.385559 -0.254424 -2.9243 -0.256262 0.868917 0.423453 14.1344 0.38434 -0.310366 0.869457 -0.577639
0.887953 0.360494 -0.285628 -2.9116 -0.222847 0.880468 0.418469 14.2484 0.402342 -0.307929 0.862149 -0.583828
0.887771 0.33548 -0.315144 -2.89963 -0.190478 0.891062 0.411979 14.3693 0.419023 -0.305715 0.854961 -0.591183
0.886523 0.310695 -0.342849 -2.88721 -0.159321 0.900672 0.404235 14.4971 0.434389 -0.303741 0.847967 -0.598897
0.884379 0.286322 -0.368639 -2.87513 -0.129529 0.909287 0.395499 14.6317 0.448438 -0.302022 0.841241 -0.607525
0.881516 0.262547 -0.392427 -2.86397 -0.101237 0.916913 0.386034 14.7731 0.461173 -0.300567 0.834853 -0.617469
0.878121 0.239555 -0.414146 -2.85252 -0.0745704 0.92357 0.376108 14.9214 0.472591 -0.299386 0.82887 -0.627838
0.874384 0.217531 -0.433743 -2.84343 -0.0496405 0.929295 0.365988 15.0765 0.482689 -0.298483 0.823358 -0.64064
0.870494 0.196656 -0.451183 -2.83425 -0.0265475 0.934132 0.355939 15.2384 0.491462 -0.297865 0.818377 -0.653985
0.866633 0.176439 -0.466709 -2.82723 -0.00535099 0.938621 0.344908 15.407 0.498918 -0.296411 0.814384 -0.66989
0.862927 0.157484 -0.480162 -2.82062 0.0140147 0.942374 0.334267 15.5823 0.505134 -0.295177 0.810993 -0.686746
0.859471 0.139804 -0.491695 -2.81609 0.0316468 0.945477 0.324147 15.7644 0.510203 -0.294156 0.808186 -0.706037
0.856338 0.1234 -0.501455 -2.81245 0.0476426 0.948011 0.31465 15.9531 0.514213 -0.293338 0.805939 -0.726807
0.853578 0.108261 -0.509592 -2.80991 0.0620982 0.950052 0.305851 16.1484 0.51725 -0.292713 0.804221 -0.749301
0.851226 0.0943633 -0.516246 -2.80861 0.0751083 0.95167 0.297798 16.3504 0.519397 -0.292268 0.802999 -0.773951
0.849299 0.0816771 -0.521555 -2.80771 0.0867643 0.952928 0.290518 16.559 0.520733 -0.291989 0.802234 -0.800067
0.847803 0.070161 -0.52565 -2.80701 0.0971567 0.953883 0.28402 16.7742 0.521336 -0.291863 0.801888 -0.82763
0.846729 0.0597672 -0.528656 -2.80598 0.106373 0.954587 0.278294 16.9961 0.521281 -0.291875 0.801919 -0.856474
0.846062 0.0504417 -0.530692 -2.80349 0.114498 0.955085 0.273319 17.2247 0.520643 -0.292008 0.802286 -0.886141
0.845777 0.0421251 -0.531872 -2.79893 0.121614 0.955414 0.26906 17.4601 0.519492 -0.292248 0.802944 -0.916149
0.845841 0.0347543 -0.532302 -2.793 0.127803 0.95561 0.265474 17.7021 0.5179 -0.292578 0.803852 -0.947121
0.846217 0.028262 -0.532089 -2.78669 0.133143 0.9557 0.262509 17.9507 0.515936 -0.292984 0.804966 -0.979915
0.846863 0.0225807 -0.531331 -2.78123 0.137713 0.955708 0.26011 18.2057 0.513671 -0.293449 0.806245 -1.01559
0.847736 0.0176398 -0.530126 -2.77817 0.141588 0.955655 0.258216 18.467 0.511172 -0.293959 0.807645 -1.05545
0.848785 0.0133691 -0.528569 -2.77939 0.144845 0.955559 0.256764 18.7341 0.508511 -0.294498 0.809127 -1.10105
0.849963 0.00969768 -0.526754 -2.7872 0.147559 0.955432 0.255688 19.0066 0.505757 -0.295053 0.81065 -1.15426
0.851217 0.00655551 -0.524773 -2.80436 0.149802 0.955287 0.254923 19.2834 0.50298 -0.295607 0.812175 -1.21727
0.852497 0.00387248 -0.522717 -2.83414 0.151651 0.955134 0.254403 19.5631 0.50025 -0.296149 0.813662 -1.29255
0.853752 0.00158028 -0.520678 -2.87775 0.153178 0.954981 0.254063 19.844 0.497639 -0.296663 0.815075 -1.38145
0.854935 -0.0010882 -0.518733 -2.93109 0.154453 0.955176 0.252553 20.1192 0.495207 -0.296036 0.816782 -1.48131
0.856035 -0.00348747 -0.516906 -2.99135 0.155529 0.955379 0.251122 20.3879 0.492965 -0.295364 0.81838 -1.59298
0.857043 -0.0056598 -0.515214 -3.05346 0.156456 0.955584 0.249763 20.6473 0.490916 -0.294666 0.819862 -1.72324
0.857953 -0.00764864 -0.513671 -3.00784 0.157282 0.955786 0.248467 20.6846 0.489059 -0.293964 0.821222 -1.8558
0.858757 -0.0094972 -0.512294 -2.89114 0.158057 0.955979 0.247228 20.4139 0.487395 -0.293281 0.822455 -1.82729
0.859448 -0.0112497 -0.511099 -2.79565 0.15883 0.956158 0.246038 20.1369 0.485924 -0.292635 0.823555 -1.78544
0.860017 -0.0129489 -0.510102 -2.71511 0.159651 0.956316 0.24489 19.8558 0.484648 -0.292048 0.824515 -1.74215
0.860455 -0.0146385 -0.509317 -2.65096 0.160567 0.956447 0.243778 19.5705 0.483566 -0.291539 0.82533 -1.70089
0.860753 -0.0163617 -0.508759 -2.60699 0.16163 0.956543 0.242694 19.2811 0.482679 -0.291131 0.825993 -1.66468
0.860904 -0.0181628 -0.508444 -2.5785 0.162887 0.956599 0.241631 18.9897 0.481988 -0.29084 0.826498 -1.63274
0.860895 -0.0200842 -0.508386 -2.56245 0.164389 0.956607 0.240583 18.6972 0.481494 -0.29069 0.82684 -1.60444
0.860718 -0.0221697 -0.508599 -2.55596 0.166183 0.956558 0.239541 18.4045 0.481194 -0.290698 0.827011 -1.57914
0.86036 -0.0244623 -0.509099 -2.5565 0.168321 0.956445 0.238499 18.1119 0.481091 -0.290887 0.827005 -1.5562
0.859811 -0.0270049 -0.509898 -2.562 0.170848 0.956258 0.237447 17.8195 0.481182 -0.291275 0.826815 -1.53508
0.859057 -0.0298399 -0.51101 -2.57083 0.173816 0.955988 0.236378 17.5274 0.481466 -0.291884 0.826435 -1.51534
0.858083 -0.0330093 -0.512449 -2.58202 0.177272 0.955624 0.235281 17.2357 0.481942 -0.292734 0.825856 -1.49678
0.856875 -0.0365554 -0.514227 -2.59419 0.181264 0.955154 0.234147 16.9443 0.482606 -0.293846 0.825073 -1.47898
0.855414 -0.040519 -0.516357 -2.60715 0.185841 0.954563 0.232965 16.6533 0.483456 -0.295242 0.824077 -1.46202
0.853682 -0.0449412 -0.518852 -2.62078 0.191049 0.953837 0.231721 16.3627 0.484487 -0.296942 0.82286 -1.44592
0.851657 -0.0498614 -0.521722 -2.63538 0.196936 0.952959 0.230403 16.0723 0.485691 -0.29897 0.821414 -1.43126
0.849326 -0.0569729 -0.524785 -2.65058 0.203516 0.952642 0.225953 15.7823 0.487059 -0.29871 0.820699 -1.41841
0.846716 -0.0647449 -0.528091 -2.66636 0.21068 0.952235 0.221049 15.4925 0.488555 -0.298424 0.819913 -1.4068
0.843866 -0.073033 -0.53156 -2.68305 0.218288 0.951731 0.215776 15.2031 0.490143 -0.298119 0.819075 -1.3971
0.840819 -0.0816918 -0.535117 -2.70072 0.226199 0.951126 0.210222 14.9141 0.49179 -0.297802 0.818203 -1.38963
0.837621 -0.0905744 -0.538691 -2.71907 0.234276 0.950423 0.204478 14.6254 0.493463 -0.297478 0.817313 -1.38375
0.834323 -0.0995299 -0.542217 -2.73856 0.24238 0.949628 0.198641 14.3371 0.495134 -0.297153 0.816421 -1.38056
0.83098 -0.108407 -0.545638 -2.75925 0.250373 0.948756 0.192807 14.0492 0.496776 -0.296832 0.81554 -1.3803
0.827651 -0.117053 -0.548902 -2.78083 0.258121 0.947826 0.18708 13.7617 0.498365 -0.29652 0.814683 -1.38223
0.824399 -0.125311 -0.551963 -2.80395 0.265489 0.946863 0.181564 13.4748 0.499882 -0.296221 0.813862 -1.388
0.821292 -0.133025 -0.554782 -2.82831 0.272343 0.945899 0.176366 13.1884 0.501307 -0.29594 0.813088 -1.39673
0.8184 -0.14004 -0.557324 -2.85349 0.278553 0.944967 0.171596 12.9033 0.502623 -0.295678 0.81237 -1.40746
0.815796 -0.146197 -0.559556 -2.87972 0.283987 0.944109 0.167364 12.6197 0.503814 -0.295441 0.811718 -1.42062
0.813555 -0.15134 -0.561449 -2.90695 0.288515 0.943364 0.163781 12.3374 0.504864 -0.295231 0.811142 -1.43592
0.811752 -0.155312 -0.562971 -2.93483 0.29201 0.942773 0.16096 12.0564 0.505755 -0.295053 0.810651 -1.45241
0.810464 -0.15796 -0.564089 -2.96336 0.294344 0.942378 0.159012 11.7768 0.506467 -0.29491 0.810259 -1.46996
0.809766 -0.159129 -0.564763 -2.99258 0.295387 0.942214 0.15805 11.4985 0.506977 -0.294807 0.809977 -1.48835
0.809727 -0.158668 -0.564948 -3.02223 0.295012 0.942309 0.158182 11.2214 0.507257 -0.294751 0.809822 -1.50676
0.810416 -0.156429 -0.564584 -3.05215 0.293089 0.942684 0.159517 10.9454 0.507272 -0.294748 0.809814 -1.52456
0.811894 -0.15227 -0.563597 -3.08216 0.289488 0.943346 0.162156 10.6706 0.506976 -0.294808 0.809978 -1.54098
0.814215 -0.146051 -0.561893 -3.11196 0.284077 0.944288 0.166197 10.3967 0.506315 -0.294941 0.810343 -1.5552
0.817397 -0.144359 -0.557694 -3.14024 0.276774 0.947452 0.160411 10.1236 0.505232 -0.285474 0.814399 -1.56801
0.821353 -0.141539 -0.552581 -3.16712 0.267701 0.951066 0.154302 9.8514 0.503702 -0.274663 0.819051 -1.57805
0.825969 -0.137652 -0.546651 -3.19202 0.257033 0.955021 0.147884 9.58009 0.501706 -0.262655 0.824199 -1.58515
0.831127 -0.132763 -0.540002 -3.21444 0.244944 0.959204 0.141171 9.3097 0.49923 -0.249602 0.82974 -1.58937
0.836709 -0.12694 -0.532733 -3.23408 0.23161 0.96351 0.134182 9.04028 0.496261 -0.235657 0.835578 -1.59098
0.842599 -0.120253 -0.524943 -3.25089 0.217208 0.967837 0.126937 8.7719 0.492795 -0.220979 0.841618 -1.59042
0.848686 -0.112781 -0.516732 -3.26503 0.201917 0.972089 0.119464 8.50462 0.488836 -0.205725 0.847771 -1.58821
0.854864 -0.10461 -0.508198 -3.27679 0.185918 0.976184 0.111798 8.23848 0.4844 -0.190055 0.853953 -1.5848
0.861032 -0.0958312 -0.49944 -3.28644 0.169391 0.980048 0.103981 7.97353 0.479511 -0.174131 0.860086 -1.58044
0.867101 -0.0865463 -0.490556 -3.29362 0.152521 0.983621 0.0960595 7.70979 0.474208 -0.158113 0.866099 -1.57515
0.872989 -0.0768636 -0.481645 -3.29876 0.135492 0.986854 0.0880931 7.44729 0.468542 -0.142163 0.871928 -1.56923
0.878626 -0.0668981 -0.472801 -3.30198 0.118484 0.989716 0.0801461 7.18604 0.462578 -0.126438 0.877517 -1.56279
0.88395 -0.056774 -0.464121 -3.3033 0.101683 0.992187 0.0722913 6.92607 0.456391 -0.111095 0.882817 -1.55588
0.888913 -0.0466195 -0.455697 -3.30244 0.0852663 0.994261 0.0646095 6.66738 0.45007 -0.0962878 0.887787 -1.5485
0.893476 -0.0365705 -0.44762 -3.29874 0.0694141 0.995948 0.0571858 6.41001 0.443715 -0.0821653 0.892393 -1.54064
0.897609 -0.026767 -0.43998 -3.29272 0.0543028 0.997266 0.0501134 6.15397 0.437436 -0.0688744 0.896608 -1.53244
0.901294 -0.0173522 -0.432861 -3.28416 0.0401049 0.998249 0.0434885 5.89929 0.431348 -0.0565557 0.900411 -1.52391
0.904519 -0.00847208 -0.426349 -3.27266 0.0269908 0.998935 0.037412 5.64599 0.425578 -0.0453474 0.903785 -1.51506
0.90728 -0.000273542 -0.420526 -3.25516 0.0151278 0.999374 0.0319879 5.39431 0.420254 -0.0353836 0.906716 -1.50605
0.909577 0.00709488 -0.415474 -3.2305 0.00468218 0.999616 0.0273205 5.14451 0.415508 -0.0267954 0.909195 -1.49708
0.911423 0.0135132 -0.411248 -3.19743 -0.00422359 0.999715 0.0234892 4.89696 0.411449 -0.0196717 0.911221 -1.48832
0.912869 0.0189712 -0.407813 -3.15435 -0.0116312 0.999723 0.0204705 4.65224 0.408088 -0.0139435 0.912836 -1.47997
0.913967 0.0234883 -0.405108 -3.09968 -0.0176202 0.999679 0.0182087 4.41105 0.405405 -0.00950409 0.914088 -1.47223
0.914765 0.0270913 -0.403077 -3.03151 -0.0222696 0.999613 0.0166452 4.17448 0.403372 -0.00625009 0.915015 -1.46538
0.915301 0.0298084 -0.401666 -2.94579 -0.0256555 0.999547 0.0157157 3.94495 0.401952 -0.00407969 0.915651 -1.45991
0.91561 0.0316721 -0.400819 -2.84497 -0.0278527 0.999494 0.0153533 3.72308 0.401103 -0.00289379 0.916029 -1.45578
0.915719 0.0327158 -0.400486 -2.72941 -0.0289344 0.999461 0.0154872 3.50994 0.400777 -0.00259412 0.916172 -1.45309
0.915654 0.032976 -0.400613 -2.60094 -0.0289733 0.999451 0.0160463 3.30557 0.400922 -0.00308579 0.916107 -1.45172
0.915436 0.0324884 -0.401151 -2.46161 -0.0280405 0.999463 0.0169556 3.10967 0.401486 -0.00427328 0.915855 -1.45145
0.915084 0.0312918 -0.402048 -2.31427 -0.0262076 0.999492 0.0181415 2.9295 0.402412 -0.00606427 0.915439 -1.45237
0.914614 0.029423 -0.403256 -2.16548 -0.0235454 0.999532 0.0195268 2.76071 0.403642 -0.00836464 0.914879 -1.45377
0.914043 0.0269205 -0.404724 -2.01669 -0.0201253 0.999576 0.021036 2.60216 0.405119 -0.0110826 0.914197 -1.45552
0.913384 0.0238225 -0.406402 -1.86646 -0.0160191 0.999616 0.0225927 2.45568 0.406784 -0.0141256 0.913415 -1.45771
0.912652 0.0201657 -0.408239 -1.71796 -0.0112984 0.999645 0.0241208 2.31856 0.40858 -0.0174015 0.912556 -1.46002
0.911862 0.0159866 -0.410185 -1.57258 -0.00603522 0.999655 0.0255441 2.18932 0.410452 -0.0208171 0.911644 -1.46238
0.911029 0.0113221 -0.412188 -1.42817 -0.000303529 0.999641 0.0267876 2.0707 0.412343 -0.0242792 0.910705 -1.4648
0.910167 0.00620738 -0.414195 -1.28857 0.00582365 0.999597 0.0277777 1.95834 0.414201 -0.0276944 0.909764 -1.46712
0.909294 0.000676917 -0.416153 -1.15182 0.0122723 0.99952 0.0284407 1.85472 0.415973 -0.0309681 0.90885 -1.46935
0.908428 -0.00523488 -0.418008 -1.01993 0.0189676 0.999408 0.028705 1.75742 0.41761 -0.034005 0.90799 -1.47143
0.907588 -0.0114947 -0.419704 -0.892206 0.0258347 0.99926 0.028499 1.66739 0.419066 -0.0367083 0.907213 -1.47335
0.906791 -0.0180506 -0.421193 -0.769639 0.0327864 0.999077 0.0277699 1.58341 0.420303 -0.0389909 0.906546 -1.47519
0.906043 -0.024774 -0.42246 -0.65196 0.0396821 0.99886 0.0265302 1.50588 0.421321 -0.0408016 0.905993 -1.47695
0.905347 -0.0315171 -0.4235 -0.54009 0.0463684 0.998616 0.0248076 1.43356 0.422133 -0.0420966 0.905556 -1.4787
0.904714 -0.0381321 -0.424309 -0.433403 0.0526933 0.998354 0.0226323 1.36743 0.422748 -0.042834 0.905235 -1.48045
0.904155 -0.0444716 -0.424883 -0.331813 0.0585054 0.998086 0.0200326 1.30446 0.423179 -0.0429705 0.905027 -1.48219
0.903687 -0.0503857 -0.425218 -0.234007 0.0636516 0.997827 0.0170382 1.24683 0.423436 -0.0424631 0.90493 -1.48408
0.903328 -0.0557282 -0.425316 -0.141375 0.0679833 0.997593 0.0136774 1.19229 0.42353 -0.0412696 0.904942 -1.48596
0.903096 -0.0603495 -0.425176 -0.0536312 0.0713491 0.997401 0.00997801 1.14136 0.423469 -0.039347 0.905056 -1.48791
0.903014 -0.0641005 -0.424802 0.0294081 0.0735988 0.99727 0.00596806 1.09439 0.42326 -0.0366542 0.905267 -1.49
0.903099 -0.0668315 -0.424199 0.10714 0.0745823 0.997213 0.00167366 1.05036 0.422905 -0.0331492 0.905567 -1.49209
0.903369 -0.0683924 -0.423375 0.179696 0.0741495 0.997243 -0.00288018 1.00956 0.422404 -0.0287912 0.90595 -1.49424
0.903836 -0.0686325 -0.422338 0.247228 0.0721507 0.997364 -0.00766964 0.972275 0.421752 -0.0235399 0.906406 -1.49657
0.904506 -0.067399 -0.421102 0.309352 0.0684345 0.997575 -0.0126721 0.937864 0.420935 -0.0173559 0.906925 -1.49888
0.905374 -0.0645388 -0.419681 0.366054 0.0628502 0.997863 -0.0178658 0.906326 0.419937 -0.0102018 0.907496 -1.50119
0.906429 -0.0598974 -0.41809 0.417386 0.0552463 0.998202 -0.0232315 0.877811 0.41873 -0.0020402 0.908109 -1.50358
0.90764 -0.0533184 -0.416349 0.46336 0.0454705 0.998552 -0.0287507 0.852369 0.417279 0.00716369 0.90875 -1.5061
0.908963 -0.0446461 -0.41448 0.503831 0.0333717 0.998851 -0.0344073 0.829779 0.41554 0.017443 0.909408 -1.5086
0.910331 -0.033723 -0.412505 0.538778 0.0187987 0.999015 -0.0401855 0.81005 0.413454 0.0288276 0.910068 -1.51109
0.911654 -0.0203934 -0.410451 0.568185 0.00160324 0.998937 -0.0460716 0.793196 0.410954 0.0413434 0.910718 -1.51356
0.912817 -0.00450333 -0.408344 0.592028 -0.0183596 0.998476 -0.0520526 0.779235 0.407956 0.0550115 0.911343 -1.51603
0.913665 0.0140067 -0.406227 0.610302 -0.0411298 0.997462 -0.0581146 0.768188 0.404382 0.0698053 0.911922 -1.51848
0.91401 0.0348265 -0.404195 0.623046 -0.0663462 0.995727 -0.0642347 0.760077 0.400231 0.0855279 0.912415 -1.52089
0.913675 0.0575458 -0.40235 0.630318 -0.0935431 0.993124 -0.0703811 0.754927 0.395534 0.101943 0.912776 -1.52328
0.912516 0.0817425 -0.40079 0.632161 -0.122249 0.989546 -0.0765145 0.752741 0.390346 0.118817 0.912969 -1.52556
0.910422 0.106988 -0.399606 0.640887 -0.151992 0.984925 -0.0825869 0.746891 0.384746 0.135926 0.912959 -1.52812
0.907329 0.132847 -0.39888 0.656551 -0.182302 0.979248 -0.0885433 0.737378 0.37884 0.153055 0.912718 -1.53091
0.903218 0.158883 -0.39869 0.679208 -0.212714 0.972551 -0.0943215 0.724198 0.37276 0.17 0.912222 -1.53394
0.898118 0.184664 -0.399102 0.708913 -0.242774 0.96493 -0.0998543 0.707338 0.366666 0.186573 0.911453 -1.53716
0.892109 0.209761 -0.400178 0.745714 -0.272041 0.956532 -0.10507 0.686781 0.360744 0.202599 0.910394 -1.54055
0.885311 0.23376 -0.40197 0.789669 -0.300094 0.947558 -0.109897 0.662501 0.3552 0.217922 0.909034 -1.5441
0.877891 0.25626 -0.404523 0.840818 -0.326531 0.938255 -0.114261 0.634455 0.350265 0.232398 0.907362 -1.54781
0.870044 0.276874 -0.407878 0.899062 -0.350969 0.928911 -0.118092 0.602361 0.346185 0.245898 0.905367 -1.55202
0.861995 0.295237 -0.412068 0.964582 -0.373049 0.919845 -0.121325 0.566408 0.343219 0.258303 0.903039 -1.55638
0.853983 0.310995 -0.417126 1.03743 -0.392425 0.911401 -0.123902 0.52655 0.341636 0.269501 0.900363 -1.56089
0.846254 0.323814 -0.423082 1.11763 -0.408765 0.903932 -0.125773 0.482767 0.34171 0.279377 0.89732 -1.56586
0.839043 0.333368 -0.429968 1.20524 -0.421742 0.897791 -0.126905 0.435013 0.343715 0.287814 0.893881 -1.57123
0.832567 0.339336 -0.437815 1.30029 -0.431026 0.893318 -0.127275 0.383227 0.347919 0.294675 0.890011 -1.57674
0.827005 0.341402 -0.446664 1.40307 -0.436276 0.890822 -0.126883 0.327895 0.35458 0.299801 0.885659 -1.58312
0.82248 0.339239 -0.456556 1.5134 -0.437124 0.890568 -0.125747 0.268534 0.363935 0.302996 0.880764 -1.5897
0.819048 0.332513 -0.467543 1.63176 -0.43317 0.892753 -0.123915 0.205977 0.376197 0.304018 0.875242 -1.59712
0.816633 0.32102 -0.479641 1.75792 -0.424125 0.89742 -0.121474 0.139743 0.391444 0.302628 0.869016 -1.60497
0.814939 0.305142 -0.492711 1.89247 -0.410268 0.904222 -0.118584 0.071173 0.409335 0.298783 0.862075 -1.61392
0.813592 0.285399 -0.506572 2.03488 -0.392022 0.912688 -0.115414 -0.000609135 0.429403 0.292487 0.854438 -1.62341
0.812218 0.262318 -0.521048 2.1862 -0.369806 0.922318 -0.112126 -0.0730961 0.451159 0.283757 0.846131 -1.63452
0.81046 0.236438 -0.535959 2.34593 -0.344065 0.932614 -0.108862 -0.147045 0.474104 0.272633 0.837196 -1.64674
0.808001 0.20831 -0.551128 2.51424 -0.315266 0.943093 -0.105746 -0.221831 0.497737 0.259195 0.827693 -1.66029
0.804584 0.178505 -0.566375 2.69229 -0.283918 0.953314 -0.102872 -0.294044 0.52157 0.243573 0.817702 -1.67623
0.800025 0.147604 -0.581526 2.8797 -0.250562 0.96289 -0.100305 -0.363819 0.54514 0.225955 0.807321 -1.6943
0.794226 0.116197 -0.596409 3.07659 -0.21578 0.971504 -0.0980741 -0.430186 0.568018 0.206586 0.796667 -1.71457
0.787175 0.0848739 -0.610862 3.28303 -0.18018 0.978921 -0.0961733 -0.491976 0.589823 0.18577 0.785874 -1.73701
0.778956 0.0542177 -0.624731 3.49905 -0.144397 0.984991 -0.0945606 -0.548038 0.610228 0.163868 0.775093 -1.76139
0.769741 0.0247947 -0.637874 3.72458 -0.109077 0.989658 -0.0931577 -0.597222 0.628968 0.141285 0.764485 -1.78726
0.759788 -0.00285338 -0.650165 3.95952 -0.0748721 0.992954 -0.0918539 -0.638363 0.645846 0.118469 0.75422 -1.81393
0.749426 -0.0282137 -0.661486 4.18737 -0.0424291 0.994991 -0.0905082 -0.668549 0.660727 0.0958955 0.744476 -1.83851
0.739048 -0.0508061 -0.671735 4.40768 -0.0123846 0.995959 -0.0889542 -0.688469 0.673539 0.0740605 0.735432 -1.86021
0.729086 -0.0701823 -0.680814 4.62753 0.0146403 0.9961 -0.0870055 -0.69896 0.684265 0.0534671 0.72727 -1.87892
0.72 -0.0859224 -0.688634 4.84649 0.0380407 0.9957 -0.0844623 -0.700693 0.69293 0.0346167 0.720173 -1.89428
0.712252 -0.097628 -0.695101 5.0641 0.0572261 0.99506 -0.0811196 -0.695923 0.699587 0.0179997 0.714321 -1.90704
0.706285 -0.104908 -0.700111 5.28017 0.0716125 0.994474 -0.076773 -0.687377 0.704296 0.00408696 0.709895 -1.91815
0.702496 -0.107371 -0.703541 5.49464 0.0806173 0.994197 -0.0712319 -0.678378 0.707107 -0.00667749 0.707075 -1.92877
0.702111 -0.104749 -0.704321 5.70754 0.0839043 0.9944 -0.0642496 -0.673085 0.707107 -0.0139852 0.706968 -1.94035
0.702422 -0.0971795 -0.705096 5.9187 0.0812625 0.995107 -0.0561958 -0.675212 0.707107 -0.0178247 0.706882 -1.95423
0.705325 -0.0849792 -0.703772 6.12761 0.0731817 0.996213 -0.0469478 -0.68839 0.705096 -0.0183898 0.708873 -1.97164
0.710306 -0.0683981 -0.700562 6.3336 0.0598573 0.997532 -0.0367025 -0.713964 0.701343 -0.0158637 0.712647 -1.99206
0.716735 -0.0476599 -0.695715 6.53578 0.0414804 0.998809 -0.0256897 -0.753314 0.696111 -0.0104459 0.717858 -2.01377
0.724181 -0.0229865 -0.689227 6.73394 0.0182789 0.999733 -0.0141364 -0.804195 0.689368 -0.00236098 0.724407 -2.03485
0.732175 0.00539891 -0.681096 6.92764 -0.00950388 0.999952 -0.00229021 -0.866123 0.681051 0.00814989 0.732191 -2.05379
0.74022 0.0372595 -0.671331 7.11648 -0.041598 0.999088 0.0095838 -0.938538 0.671076 0.0208319 0.741096 -2.06917
0.747809 0.0723404 -0.659961 7.30005 -0.0777021 0.996751 0.0212119 -1.02079 0.659351 0.0354178 0.751001 -2.07968
0.75443 0.110359 -0.647037 7.47764 -0.117476 0.99255 0.0323158 -1.11274 0.645783 0.051631 0.761773 -2.08372
0.759583 0.151 -0.63264 7.64978 -0.160535 0.98611 0.0426191 -1.21178 0.630288 0.069188 0.773273 -2.08234
0.762795 0.193913 -0.61688 7.81721 -0.206452 0.977082 0.0518544 -1.31579 0.612797 0.087802 0.785347 -2.07659
0.76363 0.238715 -0.599904 7.98062 -0.254757 0.965156 0.0597712 -1.42322 0.59327 0.107187 0.797836 -2.06724
0.761699 0.284986 -0.581891 8.14076 -0.304938 0.950073 0.0661406 -1.53275 0.571688 0.127061 0.810573 -2.05497
0.756678 0.33228 -0.563053 8.29838 -0.35645 0.931631 0.0707641 -1.64323 0.54807 0.147155 0.823386 -2.0404
0.74831 0.380125 -0.543633 8.4542 -0.408725 0.909695 0.0734774 -1.75369 0.522471 0.167212 0.836101 -2.02407
0.736419 0.428034 -0.523902 8.60892 -0.461176 0.884205 0.0741575 -1.86327 0.494978 0.187 0.848544 -2.00646
0.720911 0.475518 -0.504152 8.76269 -0.513218 0.855172 0.0727269 -1.97188 0.46572 0.20631 0.860547 -1.98793
0.701782 0.522087 -0.484692 8.91501 -0.564272 0.822687 0.0691538 -2.08039 0.434854 0.224968 0.871947 -1.96869
0.679117 0.567269 -0.46584 9.06541 -0.613787 0.786917 0.0634561 -2.18956 0.402574 0.242832 0.882591 -1.94894
0.653088 0.610633 -0.447887 9.21344 -0.661254 0.748091 0.0557114 -2.30007 0.369079 0.259782 0.892353 -1.92887
0.623951 0.651859 -0.431005 9.35869 -0.70624 0.706472 0.04608 -2.41253 0.33453 0.275641 0.901172 -1.90864
0.592012 0.690677 -0.415317 9.50067 -0.748374 0.662366 0.0347555 -2.52753 0.299097 0.290237 0.909013 -1.8884
0.557621 0.726854 -0.400926 9.63852 -0.787339 0.616129 0.0219457 -2.646 0.262974 0.303428 0.915847 -1.86836
0.521166 0.760205 -0.38791 9.77212 -0.822885 0.568154 0.00787085 -2.76791 0.226376 0.315103 0.921664 -1.84865
0.48306 0.790592 -0.376322 9.90107 -0.854827 0.518862 -0.00724062 -2.89346 0.189535 0.325188 0.926461 -1.82941
0.443738 0.817926 -0.366189 10.0257 -0.883053 0.468702 -0.0231591 -3.02219 0.152691 0.333641 0.930252 -1.81065
0.403647 0.842458 -0.356837 10.1465 -0.907519 0.418166 -0.0393192 -3.15348 0.116092 0.339708 0.933339 -1.79226
0.363237 0.865111 -0.345892 10.2638 -0.928257 0.367904 -0.0546404 -3.28679 0.0799851 0.340924 0.936682 -1.77392
0.322955 0.884303 -0.337208 10.3777 -0.945362 0.31822 -0.0708948 -3.42217 0.0446139 0.34168 0.938757 -1.75628
0.283235 0.900219 -0.330732 10.4893 -0.958996 0.269518 -0.0876717 -3.55866 0.0102146 0.342002 0.939644 -1.73922
0.244497 0.913081 -0.326351 10.5991 -0.969378 0.222189 -0.104591 -3.69577 -0.0229884 0.34193 0.939444 -1.72265
0.207136 0.923138 -0.3239 10.7074 -0.976777 0.176606 -0.121314 -3.83328 -0.0547868 0.341506 0.938281 -1.70652
0.171522 0.930668 -0.323167 10.8141 -0.981508 0.133129 -0.137546 -3.9713 -0.0849869 0.340783 0.936293 -1.69101
0.137996 0.935972 -0.323903 10.9199 -0.983918 0.0921021 -0.153044 -4.10922 -0.113413 0.339813 0.93363 -1.67592
0.106871 0.939368 -0.325832 11.0251 -0.98438 0.0538519 -0.167616 -4.24694 -0.139906 0.338656 0.930451 -1.66117
0.0784289 0.941186 -0.32866 11.1297 -0.983283 0.01869 -0.181121 -4.38444 -0.164326 0.337371 0.926919 -1.64693
0.0529255 0.941765 -0.33208 11.2337 -0.98102 -0.0130869 -0.193465 -4.52163 -0.186544 0.336016 0.923198 -1.63315
0.0305913 0.941441 -0.335788 11.3372 -0.977979 -0.0411956 -0.204596 -4.65854 -0.206448 0.334652 0.919449 -1.61973
0.0116344 0.94054 -0.339484 11.4401 -0.974535 -0.0653663 -0.214496 -4.79522 -0.223933 0.333334 0.915829 -1.60715
-0.0038349 0.939907 -0.34141 11.5424 -0.971022 -0.0850839 -0.22333 -4.93165 -0.238958 0.330661 0.912997 -1.59479
-0.016047 0.939112 -0.343236 11.6441 -0.967667 -0.101008 -0.231123 -5.06778 -0.25172 0.32843 0.910369 -1.58324
-0.0253195 0.93831 -0.344866 11.7453 -0.964609 -0.113506 -0.238006 -5.20351 -0.262467 0.326635 0.907976 -1.57245
-0.0319718 0.937608 -0.34622 11.846 -0.961925 -0.122938 -0.244103 -5.3388 -0.271437 0.325233 0.90584 -1.56225
-0.0363233 0.937076 -0.347231 11.948 -0.959645 -0.129663 -0.249537 -5.47605 -0.278858 0.324155 0.90397 -1.55305
-0.0386905 0.936755 -0.347841 12.0513 -0.95776 -0.134032 -0.254424 -5.61523 -0.284955 0.323305 0.902372 -1.54419
-0.0393898 0.936666 -0.348001 12.156 -0.956232 -0.136394 -0.258877 -5.75623 -0.289947 0.322573 0.901043 -1.5366
-0.0387337 0.936818 -0.347667 12.2621 -0.955005 -0.13709 -0.263004 -5.899 -0.294049 0.321836 0.899976 -1.52977
-0.0370351 0.937208 -0.346798 12.3697 -0.954011 -0.136465 -0.26691 -6.04349 -0.297476 0.320964 0.899161 -1.52384
-0.0346047 0.937833 -0.345357 12.4788 -0.953172 -0.134855 -0.270697 -6.18952 -0.300442 0.319817 0.898583 -1.51969
-0.0317543 0.938686 -0.343309 12.5895 -0.952411 -0.1326 -0.274465 -6.33708 -0.303159 0.318256 0.898225 -1.51637
-0.028796 0.93976 -0.34062 12.7019 -0.951647 -0.130036 -0.278314 -6.48597 -0.305841 0.316136 0.898064 -1.51425
-0.0260426 0.941052 -0.337259 12.8164 -0.950803 -0.1275 -0.282343 -6.63588 -0.3087 0.313314 0.898075 -1.51337
-0.0238101 0.942558 -0.333192 12.9328 -0.949802 -0.125324 -0.286654 -6.78687 -0.311945 0.309641 0.898228 -1.51314
-0.0224172 0.944276 -0.328392 13.0513 -0.948567 -0.123842 -0.291349 -6.93877 -0.315783 0.30497 0.898485 -1.51356
-0.022185 0.946197 -0.32283 13.1726 -0.947018 -0.123379 -0.296537 -7.09092 -0.320413 0.299147 0.898803 -1.5147
-0.0234405 0.948308 -0.316485 13.2964 -0.94507 -0.124259 -0.302329 -7.24356 -0.326027 0.292013 0.89913 -1.51599
-0.0265158 0.950583 -0.309337 13.4227 -0.942623 -0.126797 -0.308843 -7.39651 -0.332804 0.283399 0.899403 -1.51728
-0.0317477 0.952976 -0.301377 13.552 -0.939561 -0.1313 -0.316203 -7.54947 -0.340905 0.273124 0.899548 -1.51838
-0.0394792 0.955418 -0.292604 13.685 -0.935742 -0.13806 -0.324542 -7.70176 -0.35047 0.260989 0.899475 -1.51881
-0.0499543 0.9578 -0.28306 13.8211 -0.931019 -0.147249 -0.333947 -7.85369 -0.361535 0.246852 0.899086 -1.51837
-0.0629984 0.959976 -0.272904 13.9604 -0.925361 -0.158608 -0.344311 -8.00533 -0.373815 0.230844 0.898317 -1.51706
-0.0783235 0.961795 -0.262327 14.1027 -0.918768 -0.171773 -0.35547 -8.15683 -0.38695 0.213176 0.897121 -1.51492
-0.0956276 0.963118 -0.251514 14.2482 -0.911255 -0.186385 -0.367252 -8.30808 -0.400586 0.194074 0.89547 -1.51185
-0.114597 0.963824 -0.240647 14.3962 -0.902857 -0.202097 -0.379482 -8.45969 -0.414387 0.173783 0.893355 -1.5081
-0.134902 0.96382 -0.229897 14.5465 -0.893635 -0.218574 -0.391972 -8.61198 -0.42804 0.152566 0.890789 -1.50378
-0.156204 0.963044 -0.219422 14.6989 -0.883683 -0.2355 -0.40453 -8.76515 -0.441254 0.13071 0.887812 -1.49897
-0.178152 0.961471 -0.209367 14.8532 -0.873128 -0.252578 -0.416956 -8.91938 -0.453773 0.108523 0.884485 -1.49371
-0.200393 0.959113 -0.199861 15.0092 -0.862132 -0.269535 -0.429045 -9.07503 -0.465373 0.0863286 0.880895 -1.48812
-0.222568 0.956022 -0.191014 15.1666 -0.85089 -0.286122 -0.44059 -9.23233 -0.475867 0.0644706 0.877151 -1.48236
-0.244319 0.952286 -0.182919 15.3253 -0.839631 -0.302119 -0.451379 -9.39139 -0.485105 0.0433039 0.873383 -1.4765
-0.265296 0.948032 -0.175653 15.4849 -0.828611 -0.317329 -0.4612 -9.55261 -0.492972 0.0231933 0.869736 -1.47061
-0.285152 0.943416 -0.169275 15.6467 -0.81811 -0.33158 -0.46984 -9.71474 -0.499383 0.00450915 0.866369 -1.46442
-0.304427 0.938602 -0.162327 15.811 -0.810755 -0.344778 -0.473079 -9.87753 -0.5 -0.012411 0.865936 -1.45793
-0.321828 0.93377 -0.156527 15.9786 -0.804007 -0.356837 -0.475648 -10.0399 -0.5 -0.0272286 0.865597 -1.4508
-0.336842 0.929172 -0.152241 16.1509 -0.797833 -0.367531 -0.477895 -10.2006 -0.5 -0.0395118 0.865124 -1.44265
-0.349094 0.925067 -0.149613 16.3274 -0.792549 -0.37665 -0.479585 -10.3598 -0.5 -0.0488445 0.864647 -1.43375
-0.358238 0.921701 -0.148767 16.5089 -0.788458 -0.384005 -0.480495 -10.5166 -0.5 -0.0548349 0.864288 -1.42379
-0.363955 0.919288 -0.149822 16.6979 -0.785835 -0.389419 -0.480433 -10.6676 -0.5 -0.0571204 0.86414 -1.41185
-0.365947 0.917991 -0.152893 16.8927 -0.78491 -0.392717 -0.47926 -10.8144 -0.5 -0.0553768 0.864253 -1.39854
-0.365701 0.917708 -0.155164 17.0937 -0.789351 -0.39414 -0.470721 -10.9562 -0.49314 -0.0496641 0.868531 -1.38372
-0.362203 0.918494 -0.158676 17.3045 -0.796332 -0.393402 -0.459445 -11.0865 -0.484421 -0.0400534 0.873917 -1.36566
-0.355745 0.920192 -0.16338 17.5123 -0.805524 -0.390541 -0.445655 -11.2018 -0.473895 -0.0269329 0.88017 -1.34624
-0.346612 0.922616 -0.169235 17.7152 -0.816576 -0.385572 -0.429578 -11.305 -0.461588 -0.0107032 0.88703 -1.32626
-0.33509 0.925562 -0.176208 17.9144 -0.82912 -0.378506 -0.411452 -11.393 -0.44752 0.00822439 0.894236 -1.30533
-0.321467 0.92882 -0.184261 18.1067 -0.842781 -0.36936 -0.391527 -11.4714 -0.431717 0.0294285 0.901529 -1.28494
-0.306033 0.932181 -0.193345 18.2916 -0.857186 -0.358168 -0.370065 -11.5418 -0.414217 0.0524805 0.908664 -1.26524
-0.289082 0.935447 -0.203399 18.4697 -0.871973 -0.34499 -0.34734 -11.602 -0.395089 0.0769482 0.915415 -1.24646
-0.27091 0.938438 -0.214341 18.639 -0.886797 -0.329922 -0.32364 -11.6581 -0.374432 0.102399 0.921583 -1.22888
-0.251814 0.941001 -0.226068 18.8008 -0.90134 -0.313096 -0.29926 -11.7053 -0.352385 0.128406 0.927004 -1.21293
-0.232091 0.943013 -0.238456 18.9532 -0.915319 -0.294687 -0.274501 -11.7498 -0.329128 0.154554 0.931551 -1.19817
-0.212033 0.944385 -0.251355 19.0975 -0.928488 -0.274914 -0.249666 -11.7877 -0.304881 0.180442 0.935141 -1.18558
-0.191924 0.945069 -0.264594 19.2323 -0.940647 -0.254035 -0.225054 -11.8234 -0.279908 0.205696 0.937732 -1.17397
-0.172037 0.945056 -0.277981 19.3583 -0.951646 -0.232347 -0.20096 -11.8542 -0.254506 0.229967 0.93933 -1.16489
-0.152632 0.944375 -0.291306 19.4749 -0.961383 -0.210184 -0.177664 -11.8827 -0.229009 0.25294 0.939987 -1.15675
-0.133952 0.943097 -0.304344 19.5823 -0.96981 -0.187906 -0.155434 -11.9082 -0.203778 0.274335 0.939795 -1.15054
-0.116221 0.941326 -0.316856 19.6802 -0.976925 -0.165897 -0.134521 -11.931 -0.179193 0.29391 0.938886 -1.14599
-0.0996456 0.9392 -0.328594 19.7686 -0.982773 -0.144557 -0.115154 -11.9516 -0.155654 0.311458 0.937425 -1.14189
-0.0844126 0.936881 -0.339305 19.8474 -0.987439 -0.124296 -0.0975481 -11.9698 -0.133565 0.326808 0.935605 -1.14015
-0.0706939 0.934553 -0.348731 19.9166 -0.991038 -0.105527 -0.0818978 -11.9858 -0.113338 0.339816 0.933638 -1.13922
-0.0585976 0.936144 -0.346699 19.9756 -0.993722 -0.0878559 -0.0692706 -11.9997 -0.0953068 0.340463 0.935415 -1.13711
-0.0480228 0.937292 -0.345222 20.025 -0.995678 -0.0724281 -0.0581394 -12.0114 -0.0794973 0.340938 0.936719 -1.13534
-0.0388284 0.938105 -0.344169 20.0647 -0.997074 -0.0590681 -0.0485146 -12.0209 -0.0658411 0.341278 0.937654 -1.13542
-0.0308852 0.938669 -0.343433 20.0947 -0.99805 -0.0476117 -0.0403769 -12.0281 -0.054252 0.341516 0.938309 -1.13554
-0.0240748 0.939052 -0.342931 20.1151 -0.998714 -0.037905 -0.033683 -12.0333 -0.0446289 0.341679 0.938756 -1.13561
-0.0182905 0.939304 -0.342597 20.1257 -0.999153 -0.0298042 -0.0283722 -12.0364 -0.0368609 0.341788 0.939054 -1.13566
-0.0134322 0.939466 -0.342378 20.1266 -0.999434 -0.023171 -0.0243702 -12.0374 -0.0308282 0.341857 0.939246 -1.13567
-0.00940882 0.939566 -0.342238 20.1276 -0.999607 -0.0178751 -0.0215924 -12.0383 -0.026405 0.341901 0.939365 -1.13568
-0.00613451 0.939626 -0.342149 20.1288 -0.999706 -0.01379 -0.0199468 -12.039 -0.0234607 0.341926 0.939434 -1.13568
-0.00352699 0.93966 -0.34209 20.1301 -0.999755 -0.0107922 -0.0193367 -12.0396 -0.0218618 0.341938 0.939468 -1.13569
-0.00150772 0.93968 -0.34205 20.1315 -0.999768 -0.00876097 -0.0196613 -12.0402 -0.021472 0.341941 0.939476 -1.13569
-1.05996e-07 0.939693 -0.34202 20.133 -0.999755 -0.00757716 -0.0208178 -12.0406 -0.0221538 0.341936 0.939462 -1.1357
0.00107241 0.939701 -0.341996 20.1347 -0.999717 -0.00712138 -0.0227022 -12.041 -0.0237688 0.341923 0.939427 -1.1357
0.00178623 0.939707 -0.341976 20.1365 -0.999656 -0.00727443 -0.0252107 -12.0413 -0.0261784 0.341903 0.939371 -1.1357
0.00221903 0.939713 -0.341958 20.1384 -0.99957 -0.00791589 -0.0282395 -12.0416 -0.0292439 0.341874 0.939291 -1.1357
0.00244969 0.939717 -0.341943 20.1405 -0.999458 -0.00892429 -0.0316856 -12.0419 -0.0328271 0.341836 0.939186 -1.1357
0.00255927 0.939722 -0.34193 20.1427 -0.99932 -0.0101765 -0.0354475 -12.0422 -0.0367904 0.341789 0.939056 -1.1357
0.00263099 0.939726 -0.341917 20.145 -0.999156 -0.0115471 -0.0394245 -12.0424 -0.0409964 0.341733 0.938903 -1.1357
0.00275056 0.939732 -0.341902 20.1474 -0.998969 -0.0129092 -0.0435182 -12.0427 -0.0453092 0.341669 0.938728 -1.1357
0.00300497 0.939739 -0.341878 20.1499 -0.998765 -0.0141343 -0.0476304 -12.0431 -0.0495924 0.341599 0.938536 -1.1357
0.0034615 0.940278 -0.340391 20.1526 -0.998549 -0.0150425 -0.0517069 -12.0435 -0.0537391 0.340076 0.938861 -1.13552
0.00410019 0.940606 -0.339477 20.153 -0.998322 -0.0157568 -0.055716 -12.0435 -0.0577559 0.339136 0.938963 -1.1354
0.00487787 0.940759 -0.33904 20.1579 -0.998084 -0.0163314 -0.0596755 -12.0444 -0.0616773 0.338682 0.938877 -1.13536
0.0057503 0.940773 -0.338988 20.1673 -0.997833 -0.0168192 -0.0636038 -12.0461 -0.0655382 0.33862 0.938638 -1.13538
0.00667271 0.940681 -0.339226 20.181 -0.997568 -0.0172722 -0.0675188 -12.0488 -0.0693728 0.338852 0.938279 -1.13544
0.00759904 0.940517 -0.339661 20.1992 -0.997287 -0.017742 -0.0714391 -12.0522 -0.073216 0.339282 0.937831 -1.13555
0.0084832 0.940316 -0.340198 20.2217 -0.996987 -0.0182787 -0.0753837 -12.0565 -0.0771028 0.339813 0.937327 -1.13568
0.00927716 0.94011 -0.340745 20.2487 -0.996665 -0.0189327 -0.0793703 -12.0617 -0.081068 0.340345 0.936799 -1.13623
0.00993384 0.939936 -0.341205 20.28 -0.996319 -0.0197518 -0.083418 -12.0678 -0.085147 0.340778 0.93628 -1.13778
0.0104039 0.939961 -0.341124 20.3157 -0.995944 -0.0207508 -0.0875535 -12.0746 -0.0893754 0.340651 0.935932 -1.13948
0.0106383 0.939982 -0.341059 20.3558 -0.995535 -0.0220346 -0.0917816 -12.0823 -0.0937882 0.340513 0.935551 -1.14138
0.0105855 0.939998 -0.341017 20.4003 -0.995089 -0.0236642 -0.096118 -12.0908 -0.0984206 0.34036 0.93513 -1.14349
0.0101946 0.940224 -0.340404 20.4491 -0.994597 -0.0256355 -0.100594 -12.1003 -0.103307 0.339591 0.934883 -1.14657
0.00941208 0.94071 -0.339082 20.5021 -0.994054 -0.0279855 -0.105232 -12.1108 -0.108482 0.338056 0.934853 -1.15157
0.00818356 0.941423 -0.337129 20.5594 -0.993449 -0.0307739 -0.11005 -12.1222 -0.113979 0.335822 0.935004 -1.15692
0.00645199 0.942389 -0.334457 20.6209 -0.992774 -0.0340423 -0.115071 -12.1345 -0.119828 0.332782 0.935359 -1.16331
0.00415955 0.943631 -0.330974 20.6863 -0.992014 -0.037829 -0.120321 -12.1485 -0.126059 0.328831 0.935938 -1.1728
0.00124431 0.945165 -0.32659 20.756 -0.991156 -0.0421723 -0.125825 -12.1633 -0.132698 0.323858 0.936753 -1.18282
-0.0023557 0.947003 -0.321215 20.829 -0.990181 -0.0471054 -0.131614 -12.1803 -0.13977 0.317751 0.937816 -1.19669
-0.0067083 0.949149 -0.314757 20.9061 -0.98907 -0.0526618 -0.137722 -12.1985 -0.147294 0.310392 0.939128 -1.21195
-0.0118901 0.951583 -0.307161 20.9861 -0.987798 -0.0588824 -0.14418 -12.2199 -0.155286 0.301699 0.940672 -1.23157
-0.0180129 0.954234 -0.298518 21.0696 -0.986336 -0.0658595 -0.151008 -12.2432 -0.163757 0.291719 0.942382 -1.2533
-0.0251963 0.957011 -0.288957 21.1555 -0.984649 -0.0736972 -0.158223 -12.2704 -0.172716 0.280534 0.944177 -1.27928
-0.0335582 0.959818 -0.27861 21.2439 -0.982695 -0.0824982 -0.165844 -12.3013 -0.182165 0.268223 0.945977 -1.3084
-0.0432154 0.962556 -0.267616 21.3346 -0.980423 -0.0923648 -0.173895 -12.3362 -0.192101 0.254862 0.947704 -1.34051
-0.0542819 0.96512 -0.256118 21.4265 -0.977773 -0.103397 -0.182397 -12.3771 -0.202517 0.240524 0.949281 -1.37638
-0.0668685 0.9674 -0.244264 21.5182 -0.974675 -0.115693 -0.191376 -12.4257 -0.213397 0.225281 0.950637 -1.41581
-0.0810815 0.96928 -0.232211 21.6097 -0.971044 -0.129348 -0.200855 -12.4817 -0.224721 0.209201 0.951701 -1.45818
-0.0970212 0.970636 -0.220118 21.7001 -0.966784 -0.144454 -0.21086 -12.5458 -0.236465 0.192349 0.952411 -1.5033
-0.11478 0.971337 -0.208156 21.7879 -0.961782 -0.161099 -0.22141 -12.6193 -0.248598 0.174787 0.952706 -1.5509
-0.134444 0.971243 -0.196499 21.871 -0.955908 -0.179365 -0.232524 -12.7034 -0.261082 0.156574 0.952534 -1.60025
-0.156083 0.970201 -0.18533 21.9509 -0.949015 -0.199325 -0.244215 -12.7961 -0.273878 0.137763 0.951847 -1.65078
-0.17976 0.968049 -0.174838 22.0276 -0.940932 -0.221048 -0.256487 -12.897 -0.286939 0.118404 0.950603 -1.70225
-0.205515 0.964607 -0.165217 22.0992 -0.931469 -0.244587 -0.269337 -13.007 -0.300214 0.0985421 0.948768 -1.75403
-0.233374 0.959683 -0.156671 22.1657 -0.920414 -0.269984 -0.282749 -13.1254 -0.313648 0.0782155 0.946313 -1.80559
-0.263338 0.953064 -0.149404 22.2304 -0.907528 -0.297266 -0.296693 -13.2499 -0.32718 0.0574579 0.943214 -1.85752
-0.29538 0.944522 -0.143628 22.292 -0.892549 -0.326437 -0.311121 -13.3812 -0.340746 0.0362966 0.939454 -1.90922
-0.329442 0.933805 -0.139557 22.3514 -0.875189 -0.357478 -0.325966 -13.5187 -0.354277 0.014752 0.935024 -1.96043
-0.365429 0.920642 -0.137404 22.4104 -0.855137 -0.390342 -0.341135 -13.6612 -0.367698 -0.00716173 0.929918 -2.01171
-0.403204 0.904739 -0.137381 22.4682 -0.832057 -0.424948 -0.356512 -13.8096 -0.38093 -0.0294386 0.924135 -2.06216
-0.442505 0.885823 -0.139665 22.5254 -0.805645 -0.461093 -0.371927 -13.9635 -0.39386 -0.0520595 0.917695 -2.1112
-0.482738 0.863797 -0.144287 22.5829 -0.775829 -0.498237 -0.387103 -14.1226 -0.406268 -0.0749277 0.910677 -2.15894
-0.523233 0.838667 -0.151209 22.6408 -0.742668 -0.535773 -0.401736 -14.2874 -0.417937 -0.0979033 0.903185 -2.20435
-0.563337 0.810516 -0.160357 22.6995 -0.70631 -0.57312 -0.415524 -14.458 -0.428693 -0.120819 0.895335 -2.24542
-0.602426 0.779509 -0.171609 22.7606 -0.666996 -0.609736 -0.42818 -14.6348 -0.438406 -0.143484 0.88725 -2.27746
-0.639921 0.745888 -0.184804 22.8271 -0.62506 -0.645135 -0.439433 -14.8174 -0.446991 -0.165689 0.87906 -2.29022
-0.675307 0.709972 -0.199748 22.9048 -0.580919 -0.678892 -0.449042 -15.0005 -0.454415 -0.187204 0.870897 -2.27081
-0.708143 0.672151 -0.216208 23.0019 -0.535069 -0.710658 -0.456801 -15.1749 -0.460689 -0.207794 0.862895 -2.21961
-0.738069 0.632875 -0.233929 23.1168 -0.488071 -0.740164 -0.46254 -15.3451 -0.465876 -0.227212 0.855181 -2.16925
-0.764821 0.592642 -0.252635 23.2404 -0.440537 -0.767232 -0.466135 -15.5175 -0.470081 -0.245214 0.847876 -2.13758
-0.788229 0.551988 -0.272039 23.3665 -0.393119 -0.791769 -0.467503 -15.6937 -0.473448 -0.261556 0.841092 -2.11831
-0.80822 0.511472 -0.291851 23.4925 -0.346491 -0.81377 -0.466608 -15.8741 -0.476157 -0.275998 0.834925 -2.10435
-0.824815 0.471664 -0.311789 23.617 -0.301334 -0.833313 -0.463451 -16.0592 -0.478412 -0.288309 0.829458 -2.09178
-0.83812 0.433135 -0.331584 23.7391 -0.25833 -0.850548 -0.458075 -16.2491 -0.480437 -0.298264 0.824754 -2.07842
-0.848316 0.393844 -0.353902 23.8578 -0.218148 -0.868987 -0.444155 -16.4441 -0.482464 -0.299581 0.823092 -2.06312
-0.855644 0.3571 -0.374637 23.9724 -0.181433 -0.884865 -0.429064 -16.6465 -0.484722 -0.299154 0.821919 -2.04326
-0.860387 0.324421 -0.393046 24.0812 -0.14881 -0.897533 -0.415078 -16.8566 -0.487431 -0.298639 0.820503 -2.0168
-0.862856 0.296599 -0.409278 24.1819 -0.120873 -0.907319 -0.402693 -17.0746 -0.490784 -0.297996 0.818737 -1.98165
-0.863362 0.274387 -0.423459 24.2747 -0.0981956 -0.914543 -0.392388 -17.2997 -0.494937 -0.297191 0.816526 -1.93803
-0.862198 0.258498 -0.435652 24.3602 -0.0813258 -0.919481 -0.384631 -17.5311 -0.5 -0.296198 0.813798 -1.88668
-0.863114 0.241137 -0.44372 24.4404 -0.0709513 -0.927824 -0.366207 -17.7675 -0.5 -0.284596 0.817927 -1.82957
-0.863456 0.228182 -0.449863 24.5157 -0.0666604 -0.93563 -0.34663 -18.0088 -0.5 -0.269312 0.823086 -1.76654
-0.863333 0.219605 -0.454346 24.5874 -0.0682375 -0.942879 -0.326072 -18.2547 -0.5 -0.250506 0.829004 -1.6982
-0.862732 0.215375 -0.457502 24.6572 -0.075459 -0.949462 -0.304675 -18.5045 -0.5 -0.228331 0.835383 -1.62503
-0.861534 0.215442 -0.459721 24.7283 -0.0880822 -0.955194 -0.282569 -18.758 -0.5 -0.20295 0.84191 -1.54854
-0.859535 0.219716 -0.461438 24.8018 -0.10583 -0.959821 -0.259891 -19.0152 -0.5 -0.174551 0.848252 -1.47002
-0.856458 0.228053 -0.463112 24.8739 -0.128376 -0.963035 -0.23682 -19.2779 -0.5 -0.143374 0.854075 -1.39171
-0.851982 0.240229 -0.465206 24.9373 -0.155326 -0.964496 -0.213593 -19.5494 -0.5 -0.109719 0.859047 -1.31846
-0.84577 0.255934 -0.468157 24.9793 -0.186208 -0.96386 -0.190525 -19.8335 -0.5 -0.0739658 0.862861 -1.25863
-0.837493 0.274768 -0.472344 25.0099 -0.220468 -0.960815 -0.168014 -19.9805 -0.5 -0.036574 0.865253 -1.21638
-0.826867 0.296245 -0.478048 25.0444 -0.25747 -0.95511 -0.14654 -19.6927 -0.5 0.00191447 0.866023 -1.21997
-0.813682 0.319824 -0.485422 25.0744 -0.296516 -0.946594 -0.12664 -19.4133 -0.5 0.0408912 0.865059 -1.22742
-0.797822 0.344938 -0.494467 25.1028 -0.336868 -0.935235 -0.10888 -19.1425 -0.5 0.0797035 0.86235 -1.23534
-0.779283 0.371037 -0.505024 25.1308 -0.37778 -0.921131 -0.0938095 -18.8726 -0.5 0.117684 0.857992 -1.2437
-0.758173 0.397634 -0.516779 25.1587 -0.418538 -0.904497 -0.0819206 -18.6035 -0.5 0.154182 0.85219 -1.25194
-0.734699 0.424342 -0.529292 25.1865 -0.458494 -0.885644 -0.0736094 -18.335 -0.5 0.188597 0.845241 -1.25992
-0.709156 0.450892 -0.542028 25.2145 -0.497089 -0.86494 -0.0691478 -18.0673 -0.5 0.2204 0.837511 -1.26766
-0.68189 0.477143 -0.5544 25.2425 -0.533878 -0.842768 -0.0686776 -17.8003 -0.5 0.249152 0.829412 -1.27502
-0.653281 0.503076 -0.565808 25.2704 -0.568528 -0.819488 -0.0722098 -17.5338 -0.5 0.274504 0.821369 -1.28195
-0.626676 0.530539 -0.570794 25.2982 -0.603675 -0.7937 -0.0749479 -17.2682 -0.492802 0.297606 0.817666 -1.28857
-0.602392 0.572524 -0.556183 25.3244 -0.640084 -0.762785 -0.0919324 -17.0036 -0.476882 0.300624 0.825959 -1.2926
-0.577067 0.611799 -0.541014 25.3509 -0.674679 -0.730411 -0.106337 -16.7397 -0.46022 0.303647 0.834264 -1.29662
-0.550763 0.6484 -0.525583 25.3777 -0.707421 -0.696816 -0.118334 -16.4764 -0.442963 0.306635 0.842472 -1.30063
-0.523564 0.682379 -0.510136 25.4048 -0.738281 -0.662218 -0.128097 -16.2137 -0.425232 0.309557 0.850501 -1.30462
-0.495569 0.7138 -0.494875 25.4321 -0.767241 -0.626818 -0.135797 -15.9516 -0.407128 0.312391 0.858288 -1.3086
-0.466891 0.742732 -0.479959 25.4598 -0.794295 -0.590802 -0.141592 -15.69 -0.388726 0.315121 0.865789 -1.31253
-0.43766 0.76925 -0.46552 25.4878 -0.819448 -0.554345 -0.145623 -15.4289 -0.370079 0.317737 0.872975 -1.31644
-0.408013 0.79343 -0.451658 25.5161 -0.842718 -0.517611 -0.148007 -15.1683 -0.351216 0.320231 0.879829 -1.32033
-0.3781 0.815353 -0.438452 25.5445 -0.86413 -0.480756 -0.14884 -14.9082 -0.332145 0.322603 0.886345 -1.3242
-0.348077 0.835104 -0.425963 25.5732 -0.883723 -0.44393 -0.14819 -14.6486 -0.312851 0.324851 0.892522 -1.32805
-0.318107 0.852769 -0.414238 25.6021 -0.901546 -0.407272 -0.1461 -14.3894 -0.293297 0.326979 0.898366 -1.33187
-0.288356 0.86844 -0.403315 25.6312 -0.917654 -0.370918 -0.142589 -14.1306 -0.273427 0.328987 0.903884 -1.33568
-0.258993 0.882212 -0.393224 25.6606 -0.932111 -0.334995 -0.137649 -13.8722 -0.253163 0.330878 0.909081 -1.33947
-0.230185 0.894185 -0.38399 25.6901 -0.944987 -0.299624 -0.131246 -13.6142 -0.232411 0.332655 0.913962 -1.34324
-0.202104 0.904462 -0.375636 25.7198 -0.956352 -0.264918 -0.123328 -13.3566 -0.211058 0.334316 0.918525 -1.34699
-0.174917 0.913152 -0.368182 25.7496 -0.966278 -0.230984 -0.113815 -13.0994 -0.188975 0.335858 0.922761 -1.35071
-0.148794 0.920366 -0.361644 25.7795 -0.974832 -0.19792 -0.102613 -12.8425 -0.166018 0.337274 0.926652 -1.35442
-0.123902 0.926221 -0.356036 25.8096 -0.982077 -0.165819 -0.0896062 -12.5859 -0.142033 0.338553 0.930166 -1.3581
-0.100412 0.930837 -0.351369 25.8397 -0.98806 -0.134768 -0.0746615 -12.3297 -0.116851 0.339677 0.933255 -1.36177
-0.0784951 0.934335 -0.347644 25.87 -0.992816 -0.104852 -0.0576329 -12.0738 -0.0902997 0.340623 0.935854 -1.36543
-0.0582747 0.938703 -0.339766 25.9001 -0.996358 -0.0759115 -0.0388383 -11.8182 -0.0622498 0.336265 0.939708 -1.36842
-0.0396717 0.941849 -0.333687 25.9303 -0.998675 -0.0483302 -0.0176832 -11.5629 -0.032782 0.332543 0.942518 -1.37149
-0.0225538 0.943938 -0.329351 25.9606 -0.999744 -0.0219685 0.00549895 -11.3079 -0.00204467 0.32939 0.944192 -1.37461
-0.00678759 0.945109 -0.326686 25.9909 -0.999533 0.00332306 0.0303811 -11.0533 0.029799 0.326739 0.944645 -1.3778
0.00776346 0.945472 -0.325611 26.0211 -0.99801 0.0277015 0.0566413 -10.8007 0.0625727 0.324523 0.943806 -1.38101
0.021238 0.945119 -0.326036 26.0511 -0.995146 0.0513262 0.0839612 -10.5501 0.0960875 0.322671 0.941621 -1.38423
0.0337785 0.944118 -0.327872 26.0809 -0.990919 0.0743575 0.112027 -10.3017 0.130146 0.32111 0.938057 -1.38752
0.0455314 0.942523 -0.331024 26.1106 -0.985318 0.0969536 0.140528 -10.0553 0.164545 0.319765 0.9331 -1.3908
0.0566486 0.94037 -0.335403 26.14 -0.978345 0.119271 0.16916 -9.81101 0.199077 0.318557 0.926763 -1.39407
0.0672854 0.937681 -0.34092 26.1693 -0.970018 0.141457 0.197622 -9.56888 0.233532 0.317402 0.919086 -1.39732
0.0776038 0.934465 -0.347495 26.1983 -0.96037 0.163656 0.225622 -9.32891 0.267706 0.316214 0.910133 -1.40053
0.0877705 0.930718 -0.355049 26.2272 -0.949451 0.186003 0.252875 -9.09111 0.301396 0.314906 0.899997 -1.4037
0.0979572 0.926425 -0.363512 26.2559 -0.937324 0.208625 0.279104 -8.85549 0.334406 0.313388 0.888797 -1.40682
0.108341 0.921558 -0.372818 26.2844 -0.924069 0.231637 0.304042 -8.62208 0.366551 0.311569 0.876679 -1.40986
0.119104 0.916077 -0.382907 26.3127 -0.909773 0.255147 0.327435 -8.39087 0.397653 0.309359 0.863811 -1.41288
0.130431 0.909929 -0.393722 26.3408 -0.894533 0.279252 0.34904 -8.16189 0.427549 0.306672 0.850385 -1.41584
0.142513 0.903047 -0.40521 26.3688 -0.87845 0.304039 0.368626 -7.93515 0.456087 0.303423 0.836612 -1.41869
0.155543 0.895391 -0.417231 26.3966 -0.861625 0.329547 0.386007 -7.71065 0.483124 0.299456 0.82275 -1.42143
0.169716 0.886976 -0.4295 26.4242 -0.844151 0.355734 0.401076 -7.48839 0.508532 0.294494 0.809116 -1.42401
0.185229 0.877104 -0.443147 26.4517 -0.826114 0.383201 0.413151 -7.26844 0.53219 0.289563 0.795567 -1.42656
0.202198 0.866324 -0.456727 26.4791 -0.807578 0.411313 0.422658 -7.05072 0.554016 0.283382 0.782791 -1.42892
0.22042 0.854374 -0.470595 26.5064 -0.788598 0.440031 0.429517 -6.83523 0.574045 0.276437 0.77075 -1.43116
0.239615 0.841272 -0.484609 26.5336 -0.76923 0.469048 0.433913 -6.62193 0.592343 0.268804 0.759522 -1.43328
0.259511 0.827064 -0.498617 26.5606 -0.749537 0.498062 0.436038 -6.41077 0.608974 0.260575 0.749168 -1.43541
0.27985 0.811826 -0.512466 26.5886 -0.729595 0.526791 0.436098 -6.19197 0.623999 0.251851 0.739727 -1.43758
0.300379 0.795668 -0.526008 26.6176 -0.709498 0.554967 0.43431 -5.96549 0.637484 0.242744 0.731225 -1.43982
0.320862 0.778729 -0.5391 26.6476 -0.689351 0.58234 0.4309 -5.7313 0.649494 0.23337 0.723669 -1.44213
0.341075 0.761179 -0.55161 26.6785 -0.669281 0.608685 0.426104 -5.48937 0.660099 0.223849 0.71705 -1.44454
0.360809 0.743219 -0.56342 26.7104 -0.649431 0.633798 0.420167 -5.23968 0.66937 0.214302 0.711349 -1.44706
0.379871 0.725075 -0.574425 26.7433 -0.629958 0.657498 0.413339 -4.98221 0.677386 0.204848 0.706531 -1.4497
0.398083 0.706997 -0.584538 26.7769 -0.61104 0.679628 0.405877 -4.71692 0.684223 0.195603 0.702552 -1.45255
0.415283 0.689256 -0.593688 26.8112 -0.592864 0.700055 0.398039 -4.4438 0.689965 0.186677 0.699356 -1.45568
0.431326 0.672138 -0.601822 26.8463 -0.57563 0.718669 0.390083 -4.16284 0.6947 0.178174 0.696883 -1.45899
0.446074 0.655942 -0.608899 26.8822 -0.559548 0.735375 0.382269 -3.87403 0.698515 0.170188 0.695063 -1.46248
0.459405 0.640975 -0.614897 26.9179 -0.544833 0.750096 0.37485 -3.58552 0.701501 0.162808 0.693823 -1.46604
0.471203 0.627548 -0.6198 26.9533 -0.531703 0.762766 0.368075 -3.29732 0.703747 0.156112 0.693087 -1.46968
0.481351 0.615972 -0.623602 26.9882 -0.520375 0.773323 0.362189 -3.00939 0.705344 0.150167 0.692777 -1.47361
0.489736 0.606551 -0.626302 27.0225 -0.511063 0.781704 0.357427 -2.72172 0.706381 0.145035 0.692814 -1.47779
0.496234 0.599581 -0.627897 27.0565 -0.50397 0.787837 0.354015 -2.43432 0.706941 0.140767 0.693122 -1.48206
0.50071 0.595342 -0.628377 27.0901 -0.499289 0.791636 0.352169 -2.14719 0.707107 0.137407 0.693628 -1.48644
0.503062 0.594032 -0.627738 27.1232 -0.497156 0.793035 0.352038 -1.86032 0.70694 0.134987 0.694273 -1.49093
0.503383 0.595565 -0.626025 27.1555 -0.497529 0.792136 0.353533 -1.57367 0.706449 0.133503 0.695059 -1.49589
0.50179 0.59977 -0.623284 27.1873 -0.500307 0.789051 0.356499 -1.2873 0.705621 0.132946 0.696006 -1.50106
0.498378 0.606449 -0.619547 27.2187 -0.505365 0.78387 0.360769 -1.00122 0.704432 0.133298 0.697142 -1.50632
0.493227 0.615389 -0.614836 27.2498 -0.512567 0.776657 0.366169 -0.715436 0.702853 0.13454 0.698496 -1.51168
0.486397 0.626362 -0.60917 27.28 -0.521759 0.767462 0.372518 -0.429914 0.700846 0.136648 0.700101 -1.51761
0.477942 0.63913 -0.602565 27.3098 -0.53278 0.756324 0.37963 -0.144692 0.698367 0.139593 0.701995 -1.52373
0.467909 0.653445 -0.595039 27.3394 -0.545458 0.743279 0.387313 0.140212 0.695368 0.143341 0.704214 -1.52995
0.456345 0.669052 -0.586616 27.3682 -0.559617 0.72836 0.395373 0.424832 0.691793 0.147854 0.706797 -1.53661
0.443296 0.685698 -0.577328 27.3965 -0.575076 0.711606 0.403614 0.709162 0.687587 0.153087 0.70978 -1.54369
0.428815 0.703124 -0.567216 27.4247 -0.591652 0.693064 0.411838 0.99316 0.68269 0.158992 0.713201 -1.55084
0.412961 0.721082 -0.556332 27.4519 -0.609163 0.67279 0.41985 1.27688 0.67704 0.165515 0.717092 -1.5587
0.395804 0.739322 -0.544741 27.4789 -0.627429 0.650856 0.427457 1.56027 0.670576 0.172597 0.721483 -1.5668
0.377424 0.757609 -0.532521 27.5048 -0.646274 0.627348 0.434471 1.84339 0.663235 0.180175 0.726399 -1.57528
0.357917 0.775718 -0.519767 27.5299 -0.665527 0.60237 0.440708 2.1262 0.654957 0.188182 0.73186 -1.58409
0.33739 0.793437 -0.506582 27.5532 -0.685029 0.576043 0.445993 2.4088 0.645681 0.19655 0.737878 -1.59307
0.315964 0.810574 -0.493088 27.5753 -0.704626 0.548506 0.45016 2.69109 0.63535 0.205208 0.74446 -1.6021
0.293777 0.826957 -0.479413 27.5939 -0.724178 0.519913 0.453052 2.97326 0.623908 0.214084 0.751603 -1.61061
0.27098 0.842433 -0.4657 27.6094 -0.743559 0.490437 0.454523 3.25522 0.611302 0.223109 0.759297 -1.61806
0.247736 0.856875 -0.452098 27.6218 -0.762654 0.460264 0.45444 3.53691 0.597483 0.232213 0.767523 -1.62445
0.224207 0.870187 -0.438756 27.6314 -0.781346 0.429583 0.452722 3.81826 0.582434 0.241316 0.776232 -1.62982
0.200507 0.882329 -0.425785 27.6385 -0.799457 0.398569 0.449457 4.0992 0.566274 0.250278 0.785299 -1.63432
0.176743 0.893286 -0.413281 27.6443 -0.816814 0.367395 0.444788 4.37965 0.549161 0.25896 0.794583 -1.63828
0.153038 0.90306 -0.401326 27.6503 -0.833263 0.336248 0.438873 4.65954 0.531274 0.267246 0.803945 -1.64218
0.129522 0.911664 -0.38999 27.6598 -0.848679 0.305323 0.431882 4.93872 0.512804 0.275038 0.813256 -1.64637
0.106332 0.919131 -0.379331 27.6758 -0.862959 0.274821 0.423999 5.22665 0.493958 0.282263 0.822395 -1.65121
0.0836122 0.925504 -0.369394 27.7003 -0.87603 0.244947 0.415418 5.52302 0.474953 0.288867 0.83125 -1.6569
0.0615086 0.930841 -0.36021 27.7316 -0.887844 0.215911 0.406343 5.80991 0.456014 0.294817 0.839723 -1.66312
0.04017 0.935214 -0.351797 27.7699 -0.89838 0.187922 0.396988 6.08707 0.437379 0.300101 0.847726 -1.66989
0.0197439 0.938702 -0.344164 27.8121 -0.907639 0.161188 0.38757 6.35472 0.419287 0.304724 0.855185 -1.67689
0.000376022 0.941395 -0.337306 27.8547 -0.915647 0.135916 0.37831 6.61335 0.401984 0.308711 0.862036 -1.68379
-0.0177906 0.943389 -0.33121 27.8992 -0.922446 0.112307 0.369433 6.86266 0.385716 0.312095 0.868228 -1.69072
-0.0346183 0.944786 -0.325854 27.9426 -0.928095 0.0905574 0.361163 7.10315 0.370731 0.314926 0.873716 -1.69739
-0.0499731 0.945688 -0.321211 27.9857 -0.932662 0.0708604 0.353723 7.33464 0.357273 0.317258 0.878466 -1.70389
-0.0637274 0.946199 -0.317249 28.0272 -0.93622 0.0534013 0.347333 7.55733 0.345587 0.31915 0.882447 -1.71011
-0.0757583 0.946417 -0.313936 28.0671 -0.938841 0.0383616 0.342207 7.77121 0.335914 0.320661 0.885629 -1.71605
-0.0859484 0.946437 -0.311238 28.1055 -0.94059 0.0259172 0.338555 7.97624 0.328488 0.321845 0.887982 -1.72171
-0.0941852 0.946346 -0.309126 28.1429 -0.941515 0.01624 0.336579 8.17228 0.32354 0.322748 0.889469 -1.72766
-0.100361 0.946215 -0.307578 28.1787 -0.941645 0.00949808 0.336473 8.35943 0.321297 0.323398 0.890046 -1.73335
-0.104373 0.946105 -0.30658 28.2137 -0.940977 0.0058567 0.338421 8.53752 0.321978 0.323807 0.889651 -1.7394
-0.106181 0.946258 -0.305486 28.2476 -0.939496 0.00515624 0.342522 8.7066 0.325689 0.323372 0.888458 -1.74554
-0.105991 0.946505 -0.304784 28.2798 -0.937262 0.00727994 0.34855 8.86681 0.332123 0.322606 0.886352 -1.75142
-0.104072 0.946823 -0.30446 28.3124 -0.934336 0.0118395 0.356198 9.01775 0.340861 0.321538 0.883418 -1.75858
-0.100691 0.947171 -0.304513 28.3431 -0.930764 0.0184497 0.365155 9.15996 0.351483 0.320197 0.879735 -1.76531
-0.0961177 0.947507 -0.304945 28.3733 -0.926596 0.0267281 0.375108 9.29313 0.363569 0.318615 0.875387 -1.77271
-0.0906211 0.947789 -0.30575 28.4034 -0.921892 0.0362935 0.385744 9.41722 0.376701 0.316825 0.87047 -1.78104
-0.0844688 0.947982 -0.306912 28.4314 -0.916734 0.046765 0.396752 9.5328 0.390466 0.31487 0.865097 -1.78877
-0.0779256 0.948062 -0.308392 28.4593 -0.91123 0.0577626 0.407827 9.63931 0.404459 0.312797 0.859402 -1.7975
-0.0712547 0.948019 -0.310132 28.4855 -0.905519 0.0689035 0.418674 9.73727 0.41828 0.310663 0.85354 -1.80599
-0.0647151 0.94786 -0.312047 28.5096 -0.899767 0.0798041 0.42901 9.82691 0.431544 0.308534 0.847689 -1.81374
-0.0585618 0.947605 -0.31403 28.5326 -0.894173 0.0900783 0.438567 9.90786 0.443875 0.30648 0.842048 -1.82186
-0.0530469 0.947292 -0.315949 28.5535 -0.888958 0.099336 0.447086 9.98056 0.454906 0.304582 0.836833 -1.82932
-0.0484193 0.946968 -0.317658 28.5721 -0.884363 0.107184 0.454327 10.0451 0.464281 0.302923 0.832274 -1.83595
-0.0449257 0.946691 -0.318995 28.5883 -0.880641 0.113228 0.460055 10.1016 0.471649 0.301589 0.828608 -1.8418
-0.0428123 0.946517 -0.3198 28.6025 -0.878043 0.117071 0.464042 10.15 0.476663 0.300665 0.826071 -1.84718
-0.0423292 0.946499 -0.319919 28.6142 -0.87681 0.118315 0.466054 10.1904 0.478971 0.300236 0.824891 -1.85169
-0.0437308 0.946671 -0.31922 28.6235 -0.877155 0.116565 0.465845 10.2229 0.478212 0.300377 0.82528 -1.85534
-0.0472804 0.947042 -0.317609 28.6304 -0.87925 0.111429 0.463145 10.2475 0.474009 0.301156 0.827418 -1.85813
-0.0532535 0.947581 -0.315047 28.6349 -0.883201 0.102522 0.457651 10.2643 0.465961 0.302621 0.831445 -1.86009
-0.0619399 0.948204 -0.311565 28.637 -0.889031 0.0894667 0.44902 10.2734 0.453637 0.304804 0.837441 -1.8612
-0.0735516 0.949036 -0.306464 28.6376 -0.896593 0.0716366 0.437022 10.278 0.436704 0.306918 0.845631 -1.86172
-0.0879385 0.949684 -0.300611 28.6395 -0.90541 0.0496226 0.421629 10.2878 0.415331 0.309254 0.85549 -1.86281
-0.104851 0.949952 -0.294275 28.6429 -0.914902 0.0238492 0.402971 10.3029 0.389821 0.311484 0.866612 -1.86442
-0.124023 0.949647 -0.287731 28.6478 -0.924479 -0.00523826 0.381198 10.3231 0.360496 0.313279 0.878578 -1.86652
-0.145168 0.94859 -0.281254 28.6535 -0.933561 -0.0371713 0.356486 10.3462 0.327705 0.314318 0.890962 -1.8688
-0.167974 0.946626 -0.275107 28.66 -0.941604 -0.0714547 0.329052 10.3722 0.291832 0.314314 0.90335 -1.87124
-0.192106 0.943635 -0.269535 28.6672 -0.948121 -0.107569 0.299158 10.4011 0.253302 0.313022 0.915344 -1.87377
-0.217204 0.939534 -0.264759 28.6754 -0.952697 -0.144975 0.267114 10.4326 0.212579 0.310254 0.926581 -1.8764
-0.242893 0.934291 -0.260965 28.6844 -0.955012 -0.183121 0.233279 10.4668 0.170162 0.305887 0.936738 -1.87911
-0.268784 0.92792 -0.258301 28.6942 -0.954847 -0.221453 0.198053 10.5036 0.126576 0.299872 0.945545 -1.8819
-0.294484 0.920487 -0.256872 28.705 -0.9521 -0.259424 0.161877 10.543 0.0823666 0.292238 0.952792 -1.88477
-0.319602 0.912108 -0.256737 28.7165 -0.946786 -0.296509 0.125213 10.5848 0.0380831 0.283094 0.958336 -1.88774
-0.343762 0.902946 -0.257908 28.7289 -0.939039 -0.332213 0.0885448 10.6289 -0.00572892 0.272624 0.962104 -1.89083
-0.366608 0.893206 -0.260348 28.7421 -0.929108 -0.366083 0.052357 10.6755 -0.0485432 0.261086 0.964094 -1.89404
-0.387808 0.883131 -0.26398 28.7557 -0.91735 -0.397714 0.0171289 10.7244 -0.0898614 0.248804 0.964376 -1.89738
-0.407062 0.872988 -0.268685 28.7701 -0.904214 -0.426755 -0.0166778 10.7755 -0.129222 0.23616 0.963084 -1.90096
-0.424104 0.863069 -0.274314 28.7852 -0.890231 -0.452906 -0.0486272 10.8289 -0.166207 0.22358 0.96041 -1.90482
-0.438701 0.853671 -0.28069 28.8009 -0.875993 -0.475923 -0.0783154 10.8844 -0.200443 0.211526 0.956598 -1.90902
-0.45065 0.845097 -0.287621 28.8172 -0.862135 -0.495599 -0.105374 10.9421 -0.231596 0.200482 0.95193 -1.91363
-0.459774 0.837638 -0.294907 28.8337 -0.849314 -0.511765 -0.129469 11.0021 -0.259371 0.190942 0.946714 -1.91859
-0.465983 0.83153 -0.302355 28.8506 -0.838116 -0.524354 -0.15038 11.0642 -0.283586 0.183334 0.941258 -1.92406
-0.46948 0.826804 -0.309813 28.8681 -0.828806 -0.53365 -0.16822 11.1284 -0.304417 0.1778 0.935798 -1.93005
-0.470523 0.823414 -0.317171 28.8861 -0.821497 -0.539987 -0.183182 11.1949 -0.322103 0.174364 0.930509 -1.93658
-0.469353 0.821283 -0.324349 28.9033 -0.816231 -0.543657 -0.195457 11.2596 -0.336861 0.173006 0.925524 -1.94314
-0.466193 0.820309 -0.331297 28.9197 -0.812988 -0.544916 -0.205226 11.3224 -0.348878 0.173666 0.920937 -1.9497
-0.461251 0.820374 -0.337985 28.9355 -0.811698 -0.543987 -0.212661 11.3834 -0.358321 0.176252 0.91681 -1.95634
-0.454723 0.821348 -0.344404 28.9508 -0.812254 -0.541067 -0.217923 11.4426 -0.365336 0.180649 0.913179 -1.96304
-0.446796 0.823093 -0.350558 28.9656 -0.814513 -0.536334 -0.221165 11.5 -0.370055 0.186718 0.910052 -1.96979
-0.437649 0.825469 -0.356459 28.9796 -0.818312 -0.529949 -0.22253 11.5557 -0.372597 0.194305 0.907423 -1.97647
-0.427458 0.828336 -0.362131 28.9929 -0.823467 -0.522065 -0.222151 11.6097 -0.373071 0.203243 0.905268 -1.98312
-0.416394 0.831557 -0.367598 29.0059 -0.829782 -0.512828 -0.220156 11.6619 -0.371587 0.213354 0.90355 -1.98975
-0.404633 0.835001 -0.372889 29.0184 -0.837057 -0.502386 -0.216667 11.7125 -0.368251 0.224458 0.902225 -1.99635
-0.392347 0.838545 -0.37803 29.0305 -0.845085 -0.490889 -0.211799 11.7613 -0.363173 0.236369 0.901241 -2.00289
-0.379714 0.842076 -0.383047 29.0428 -0.853666 -0.478494 -0.205664 11.811 -0.356471 0.2489 0.900543 -2.00961
-0.366915 0.845494 -0.387961 29.0552 -0.862603 -0.465365 -0.198374 11.8618 -0.348267 0.26187 0.900075 -2.0164
-0.354133 0.84871 -0.392788 29.0677 -0.871708 -0.451678 -0.190034 11.9136 -0.338697 0.275099 0.89978 -2.02331
-0.341556 0.851648 -0.397537 29.0806 -0.880805 -0.437621 -0.180751 11.9664 -0.327907 0.288416 0.899607 -2.03033
-0.329373 0.854248 -0.402212 29.0937 -0.889732 -0.423393 -0.170629 12.0203 -0.316053 0.30166 0.899506 -2.03746
-0.317778 0.856462 -0.406806 29.1072 -0.898345 -0.409206 -0.15977 12.0752 -0.303304 0.314681 0.899435 -2.04465
-0.306965 0.858254 -0.411306 29.1209 -0.906513 -0.395284 -0.148275 12.1312 -0.28984 0.327339 0.899356 -2.05188
-0.297094 0.864518 -0.405392 29.1341 -0.914135 -0.380173 -0.140807 12.1881 -0.275849 0.32875 0.903233 -2.05773
-0.288193 0.870121 -0.399793 29.1476 -0.92117 -0.36594 -0.132411 12.2463 -0.261514 0.330118 0.906991 -2.06368
-0.280248 0.875101 -0.394536 29.1614 -0.9276 -0.352644 -0.123287 12.3056 -0.247019 0.331421 0.910572 -2.06971
-0.273242 0.8795 -0.389639 29.1755 -0.933412 -0.340335 -0.113637 12.3661 -0.232551 0.332643 0.91393 -2.07585
-0.26715 0.883357 -0.385111 29.19 -0.938603 -0.329054 -0.103669 12.4277 -0.218299 0.333771 0.917029 -2.08206
-0.261945 0.886711 -0.380958 29.2045 -0.943178 -0.318835 -0.0935897 12.4907 -0.20445 0.334796 0.919844 -2.08827
-0.257594 0.889595 -0.377182 29.2193 -0.947149 -0.309709 -0.0836074 12.5548 -0.191193 0.335711 0.922358 -2.09457
-0.254064 0.89204 -0.373786 29.2344 -0.950533 -0.3017 -0.0739257 12.6201 -0.178716 0.336514 0.924564 -2.10095
-0.251316 0.894074 -0.370772 29.2499 -0.953354 -0.294829 -0.0647462 12.6866 -0.167202 0.337205 0.926464 -2.10742
-0.249314 0.895718 -0.368146 29.2655 -0.955639 -0.289118 -0.0562643 12.7543 -0.156835 0.337788 0.928064 -2.11394
-0.248022 0.896989 -0.365918 29.2813 -0.957415 -0.284584 -0.0486698 12.8233 -0.147791 0.338264 0.929374 -2.12049
-0.247403 0.897899 -0.364101 29.2974 -0.958709 -0.281249 -0.0421451 12.8935 -0.140245 0.33864 0.930406 -2.12712
-0.247429 0.898453 -0.362714 29.3138 -0.959544 -0.279136 -0.0368642 12.9649 -0.134367 0.338919 0.931171 -2.13384
-0.248073 0.898651 -0.361782 29.3304 -0.959935 -0.278273 -0.0329921 13.0375 -0.130323 0.339103 0.931679 -2.14063
-0.249318 0.898485 -0.361338 29.3472 -0.959889 -0.278696 -0.0306821 13.1114 -0.128271 0.339195 0.93193 -2.14743
-0.251154 0.897941 -0.361419 29.3643 -0.959397 -0.280449 -0.0300763 13.1865 -0.128366 0.33919 0.931918 -2.15431
-0.253584 0.896995 -0.362071 29.3817 -0.958435 -0.283588 -0.0313016 13.2628 -0.130756 0.339084 0.931625 -2.16128
-0.25662 0.895614 -0.363347 29.3993 -0.956956 -0.28818 -0.0344683 13.3404 -0.13558 0.338862 0.931016 -2.16829
-0.260293 0.893753 -0.365312 29.4172 -0.954886 -0.29431 -0.0396661 13.4192 -0.142967 0.338507 0.93004 -2.17532
-0.264647 0.891352 -0.368039 29.4354 -0.952125 -0.302081 -0.0469601 13.4993 -0.153035 0.337991 0.928624 -2.18243
-0.269753 0.89591 -0.352957 29.453 -0.948544 -0.31035 -0.0628204 13.5806 -0.165822 0.317849 0.933528 -2.18717
-0.275722 0.90048 -0.336324 29.4708 -0.944028 -0.319581 -0.0817285 13.663 -0.181078 0.294965 0.938193 -2.19156
-0.282667 0.90485 -0.318348 29.4889 -0.93846 -0.329546 -0.103405 13.7465 -0.198476 0.269527 0.942317 -2.19573
-0.290692 0.908817 -0.299248 29.5073 -0.931726 -0.340022 -0.127558 13.8312 -0.217678 0.241737 0.945611 -2.19966
-0.299888 0.912184 -0.279263 29.5261 -0.923723 -0.350792 -0.153882 13.917 -0.238332 0.211814 0.947804 -2.20332
-0.310323 0.91477 -0.258643 29.5453 -0.914362 -0.361659 -0.182057 14.0038 -0.26008 0.179997 0.948662 -2.20683
-0.322045 0.916411 -0.237652 29.5649 -0.903574 -0.372447 -0.211748 14.0917 -0.282561 0.146544 0.94799 -2.21013
-0.335077 0.916964 -0.216565 29.585 -0.891318 -0.383004 -0.242611 14.1806 -0.305411 0.111735 0.945642 -2.21333
-0.349415 0.916311 -0.195661 29.6055 -0.877579 -0.393216 -0.274292 14.2704 -0.328274 0.0758666 0.941531 -2.21644
-0.365029 0.914358 -0.175224 29.6265 -0.862375 -0.402999 -0.306431 14.3613 -0.350803 0.0392526 0.935626 -2.21953
-0.38186 0.911039 -0.155532 29.6479 -0.845754 -0.412313 -0.338671 14.4532 -0.37267 0.00221682 0.927961 -2.22268
-0.399826 0.906316 -0.136856 29.6697 -0.827794 -0.421155 -0.370655 14.5461 -0.393568 -0.0349088 0.918632 -2.22596
-0.418822 0.900177 -0.119455 29.692 -0.808603 -0.429566 -0.402037 14.6399 -0.413218 -0.0717902 0.907798 -2.22942
-0.43872 0.892635 -0.103569 29.7145 -0.788315 -0.437627 -0.432483 14.7348 -0.431375 -0.108094 0.895674 -2.23323
-0.45938 0.883727 -0.0894182 29.7375 -0.767085 -0.445461 -0.461676 14.8307 -0.447828 -0.143494 0.88253 -2.23736
-0.480647 0.87351 -0.0771953 29.7607 -0.745088 -0.453226 -0.489315 14.9277 -0.462408 -0.177671 0.868684 -2.24191
-0.50236 0.862054 -0.0670664 29.7842 -0.722512 -0.461117 -0.515118 15.0258 -0.474985 -0.210318 0.854491 -2.24693
-0.524353 0.849443 -0.0591679 29.8079 -0.699552 -0.469359 -0.538822 15.125 -0.48547 -0.241142 0.840339 -2.25238
-0.546465 0.835765 -0.053605 29.8319 -0.676407 -0.478198 -0.56018 15.2253 -0.493812 -0.26986 0.826635 -2.2584
-0.568539 0.821108 -0.050453 29.858 -0.653272 -0.487902 -0.578954 15.3347 -0.5 -0.296198 0.813798 -2.26565
-0.592029 0.802732 -0.071574 29.8862 -0.632061 -0.517579 -0.576724 15.4557 -0.5 -0.296198 0.813798 -2.27729
-0.614427 0.783554 -0.092316 29.9162 -0.61031 -0.546178 -0.573769 15.5855 -0.5 -0.296198 0.813798 -2.28988
-0.635508 0.763864 -0.112435 29.9476 -0.588328 -0.573392 -0.570168 15.7242 -0.5 -0.296198 0.813798 -2.30367
-0.655109 0.743964 -0.13172 29.9806 -0.566421 -0.598986 -0.566024 15.8718 -0.5 -0.296198 0.813798 -2.31843
-0.673123 0.724159 -0.149997 30.0143 -0.54489 -0.622784 -0.561457 16.0284 -0.5 -0.296198 0.813798 -2.33446
-0.689492 0.70475 -0.167118 30.0492 -0.524024 -0.644666 -0.556601 16.1938 -0.5 -0.296198 0.813798 -2.35158
-0.704506 0.685843 -0.182455 30.0847 -0.504319 -0.664686 -0.55123 16.3682 -0.499332 -0.29633 0.81416 -2.36993
-0.719063 0.667187 -0.194448 30.1202 -0.486597 -0.68314 -0.544557 16.5517 -0.496157 -0.296953 0.815872 -2.38955
-0.73203 0.649733 -0.204889 30.1561 -0.470241 -0.699496 -0.538124 16.7441 -0.492956 -0.297576 0.817583 -2.4104
-0.74333 0.633807 -0.213889 30.1908 -0.455431 -0.713716 -0.532158 16.9457 -0.489941 -0.298158 0.819182 -2.43279
-0.752899 0.619723 -0.221556 30.2242 -0.442355 -0.725771 -0.526857 17.1564 -0.487304 -0.298663 0.82057 -2.45673
-0.760674 0.607781 -0.227985 30.2559 -0.431209 -0.735639 -0.522392 17.3763 -0.485215 -0.299061 0.821663 -2.48224
-0.766598 0.598268 -0.233245 30.285 -0.422193 -0.74329 -0.518915 17.6053 -0.483819 -0.299325 0.822389 -2.50951
-0.770607 0.591455 -0.237371 30.3104 -0.415508 -0.748678 -0.51656 17.8436 -0.483237 -0.299435 0.822691 -2.53866
-0.772627 0.5876 -0.240361 30.3328 -0.411356 -0.751732 -0.515446 18.091 -0.483564 -0.299373 0.822522 -2.56951
-0.772567 0.586939 -0.242162 30.352 -0.409936 -0.752346 -0.515681 18.3474 -0.484863 -0.299127 0.821846 -2.60203
-0.770313 0.589687 -0.242666 30.367 -0.411439 -0.75037 -0.517362 18.6011 -0.487171 -0.298688 0.82064 -2.63463
-0.765721 0.596028 -0.241705 30.378 -0.416042 -0.745597 -0.520571 18.8519 -0.49049 -0.298052 0.818892 -2.66715
-0.758609 0.606112 -0.239041 30.3852 -0.423906 -0.737759 -0.525371 19.0997 -0.494789 -0.29722 0.816605 -2.69938
-0.748752 0.620036 -0.234361 30.388 -0.435167 -0.726513 -0.531797 19.3447 -0.5 -0.296198 0.813798 -2.73082
-0.738918 0.629235 -0.240964 30.3869 -0.451663 -0.727939 -0.515854 19.5887 -0.5 -0.272339 0.82209 -2.76373
-0.726357 0.641314 -0.247226 30.3703 -0.471598 -0.726696 -0.499508 19.8293 -0.5 -0.24623 0.830283 -2.79519
-0.710967 0.655929 -0.253543 30.3006 -0.494496 -0.722664 -0.48294 20.0557 -0.5 -0.217979 0.838144 -2.82761
-0.692656 0.672669 -0.260277 30.1396 -0.519835 -0.715733 -0.466367 20.2282 -0.5 -0.187731 0.845433 -2.84686
-0.671373 0.691064 -0.267749 29.9464 -0.547045 -0.705829 -0.450053 20.363 -0.5 -0.155682 0.851917 -2.83778
-0.647126 0.710592 -0.276202 29.7496 -0.575524 -0.692932 -0.434302 20.4857 -0.5 -0.122087 0.857377 -2.81522
-0.620005 0.730696 -0.285792 29.5538 -0.604644 -0.677103 -0.419448 20.6032 -0.5 -0.0872574 0.861618 -2.78727
-0.590192 0.750812 -0.296571 29.3593 -0.633777 -0.6585 -0.405837 20.7161 -0.5 -0.051562 0.864489 -2.75565
-0.557974 0.770392 -0.308482 29.1664 -0.662318 -0.637384 -0.393797 20.8254 -0.5 -0.0154154 0.865888 -2.72197
-0.523736 0.788941 -0.32136 28.9753 -0.68971 -0.614119 -0.383611 20.9313 -0.5 0.0207346 0.865777 -2.68666
-0.487956 0.806043 -0.334953 28.7861 -0.715471 -0.589161 -0.375487 21.034 -0.5 0.0564278 0.864185 -2.64998
-0.451182 0.821386 -0.348941 28.5989 -0.739212 -0.563032 -0.36954 21.1334 -0.5 0.0912113 0.861209 -2.61185
-0.41401 0.834774 -0.36297 28.4135 -0.760655 -0.536294 -0.365777 21.2297 -0.5 0.124659 0.857007 -2.57247
-0.377062 0.846128 -0.376684 28.2303 -0.779631 -0.509519 -0.364096 21.323 -0.5 0.156388 0.851788 -2.53193
-0.340956 0.855476 -0.389756 28.0488 -0.796084 -0.483258 -0.364297 21.4133 -0.5 0.186069 0.8458 -2.49089
-0.306288 0.862937 -0.401904 27.869 -0.810054 -0.458024 -0.366097 21.5008 -0.5 0.213433 0.839313 -2.45001
-0.273621 0.868697 -0.412914 27.6902 -0.821664 -0.434275 -0.369153 21.5846 -0.5 0.238268 0.832603 -2.41016
-0.243472 0.872984 -0.422636 27.5124 -0.831096 -0.412412 -0.373088 21.6649 -0.5 0.260415 0.825944 -2.37234
-0.216313 0.876048 -0.430986 27.3355 -0.838575 -0.392782 -0.377509 21.7418 -0.5 0.279754 0.819596 -2.33674
-0.192576 0.878139 -0.437935 27.1595 -0.844343 -0.375685 -0.382029 21.8156 -0.5 0.296198 0.813798 -2.30363
-0.17307 0.887094 -0.427914 26.9827 -0.851246 -0.353264 -0.388053 21.8837 -0.495406 0.2971 0.816275 -2.27331
-0.156882 0.894009 -0.419685 26.8065 -0.856472 -0.334754 -0.392933 21.9478 -0.491777 0.297804 0.818211 -2.24778
-0.143768 0.899265 -0.413102 26.6314 -0.860286 -0.319891 -0.396961 22.0081 -0.489121 0.298315 0.819615 -2.22664
-0.133477 0.903166 -0.408014 26.457 -0.862913 -0.308389 -0.400346 22.0642 -0.487406 0.298643 0.820517 -2.21085
-0.125754 0.905952 -0.404272 26.283 -0.864545 -0.299945 -0.403232 22.1139 -0.486568 0.298803 0.820956 -2.20319
-0.120342 0.907815 -0.401733 26.1006 -0.865343 -0.294249 -0.405709 22.1626 -0.486518 0.298813 0.820982 -2.20035
-0.11698 0.908907 -0.400255 25.9099 -0.86545 -0.290983 -0.40783 22.2099 -0.487146 0.298693 0.820653 -2.20319
-0.115409 0.909351 -0.399702 25.711 -0.864995 -0.289825 -0.409617 22.2551 -0.488329 0.298467 0.820032 -2.21325
-0.115369 0.909252 -0.399939 25.5045 -0.864092 -0.290452 -0.411075 22.299 -0.489934 0.298159 0.819186 -2.23036
-0.116598 0.908703 -0.400829 25.2907 -0.862855 -0.292535 -0.412196 22.3428 -0.49182 0.297796 0.818188 -2.25334
-0.118836 0.907792 -0.402232 25.0697 -0.86139 -0.295743 -0.412968 22.3871 -0.493847 0.297403 0.817109 -2.28201
-0.121822 0.906609 -0.404005 24.842 -0.859809 -0.299744 -0.413379 22.4328 -0.495871 0.297009 0.816025 -2.31602
-0.12529 0.905244 -0.406 24.6075 -0.858221 -0.304201 -0.413422 22.4808 -0.497754 0.29664 0.815013 -2.35489
-0.128979 0.903796 -0.408064 24.3666 -0.856742 -0.308778 -0.413098 22.5325 -0.499358 0.296325 0.814146 -2.39836
-0.132672 0.902402 -0.409961 24.1195 -0.855803 -0.312949 -0.411904 22.5891 -0.5 0.296198 0.813798 -2.44515
-0.136065 0.901154 -0.411592 23.8656 -0.85527 -0.316525 -0.410275 22.6488 -0.5 0.296198 0.813798 -2.49474
-0.138819 0.90013 -0.412911 23.6046 -0.854827 -0.319427 -0.408947 22.7103 -0.5 0.296198 0.813798 -2.54677
-0.140651 0.899443 -0.413787 23.336 -0.854528 -0.321355 -0.408061 22.7721 -0.5 0.296198 0.813798 -2.60086
-0.141395 0.89928 -0.413887 23.0593 -0.855157 -0.321576 -0.406565 22.8321 -0.498712 0.296452 0.814495 -2.65659
-0.140781 0.899756 -0.413062 22.7739 -0.856835 -0.319749 -0.404467 22.8877 -0.495998 0.296984 0.815957 -2.71337
-0.138566 0.902353 -0.408116 22.4893 -0.859393 -0.314358 -0.403265 22.9339 -0.492182 0.294853 0.819035 -2.76809
-0.134837 0.905164 -0.403108 22.2056 -0.862738 -0.307336 -0.401531 22.9676 -0.487342 0.293635 0.82236 -2.82031
-0.129758 0.908127 -0.398082 21.9226 -0.866736 -0.298879 -0.3993 22.9842 -0.481593 0.293219 0.825888 -2.86874
-0.123493 0.911174 -0.393079 21.6413 -0.871252 -0.289177 -0.396606 22.9782 -0.475047 0.293493 0.829574 -2.91177
-0.116209 0.914243 -0.388144 21.3634 -0.876152 -0.278425 -0.393493 22.9492 -0.467817 0.294346 0.833372 -2.94882
-0.108078 0.917271 -0.383318 21.091 -0.881309 -0.266819 -0.390003 22.8981 -0.460014 0.295671 0.837237 -2.97962
-0.0992744 0.920204 -0.378642 20.8253 -0.886602 -0.254555 -0.386185 22.827 -0.451755 0.297366 0.841125 -3.00424
-0.0899766 0.922991 -0.374155 20.5673 -0.891918 -0.241838 -0.382094 22.7393 -0.443155 0.299336 0.844992 -3.02312
-0.080366 0.925592 -0.369893 20.3167 -0.897159 -0.228872 -0.377788 22.6386 -0.434335 0.301491 0.848797 -3.03697
-0.0706287 0.927975 -0.365888 20.0731 -0.902235 -0.215867 -0.373327 22.5286 -0.425421 0.30375 0.852498 -3.04649
-0.0609515 0.930117 -0.362171 19.835 -0.907071 -0.203037 -0.368779 22.4135 -0.416541 0.306037 0.856058 -3.05277
-0.051525 0.932004 -0.358767 19.6012 -0.911604 -0.190598 -0.364213 22.2963 -0.407828 0.308287 0.859439 -3.05626
-0.0425412 0.933632 -0.355699 19.3707 -0.915782 -0.178769 -0.359702 22.1794 -0.399417 0.310441 0.862608 -3.05716
-0.0341929 0.935003 -0.352988 19.1425 -0.919565 -0.167771 -0.355321 22.0645 -0.391448 0.312446 0.865532 -3.05565
-0.0266732 0.936127 -0.350649 18.9158 -0.922922 -0.157828 -0.351149 21.9538 -0.384062 0.314256 0.868182 -3.05188
-0.0201762 0.937018 -0.348698 18.6897 -0.925829 -0.149164 -0.347261 21.8489 -0.377403 0.315828 0.870528 -3.04595
-0.0148947 0.937693 -0.347147 18.4637 -0.928267 -0.142001 -0.343738 21.7517 -0.371616 0.317125 0.872544 -3.03797
-0.0110207 0.938167 -0.346007 18.2372 -0.930217 -0.136565 -0.340656 21.6642 -0.366845 0.318107 0.874204 -3.02802
-0.00874575 0.938485 -0.345209 18.0104 -0.931657 -0.133049 -0.338103 21.5864 -0.363235 0.318659 0.875509 -3.01671
-0.00825901 0.938563 -0.34501 17.7841 -0.932557 -0.131762 -0.336119 21.5174 -0.360928 0.318966 0.876351 -3.00518
-0.00969095 0.938489 -0.345173 17.5587 -0.932891 -0.132769 -0.334794 21.4563 -0.360028 0.318764 0.876795 -2.99452
-0.0129368 0.938237 -0.345751 17.3345 -0.932673 -0.135983 -0.33411 21.4021 -0.360491 0.31815 0.876828 -2.98601
-0.0178327 0.937802 -0.346712 17.1118 -0.931918 -0.141219 -0.334044 21.3544 -0.362229 0.31715 0.876473 -2.98119
-0.0242127 0.937172 -0.348027 16.8911 -0.930631 -0.148288 -0.334568 21.3123 -0.365156 0.315784 0.875752 -2.98214
-0.0319097 0.93633 -0.349668 16.6727 -0.92881 -0.157002 -0.335653 21.276 -0.369181 0.314065 0.874682 -2.99402
-0.0407545 0.935258 -0.351613 16.4578 -0.926447 -0.167168 -0.337269 21.2448 -0.374212 0.312005 0.87328 -3.01919
-0.0505774 0.933939 -0.353835 16.2464 -0.923538 -0.178595 -0.339385 21.2193 -0.380158 0.309615 0.871561 -3.05343
-0.0612081 0.93236 -0.356313 16.0374 -0.920077 -0.191089 -0.341969 21.1984 -0.386925 0.306904 0.869539 -3.08675
-0.0724759 0.930511 -0.359022 15.8293 -0.916067 -0.204459 -0.344989 21.1801 -0.394421 0.303885 0.867229 -3.10493
-0.0842096 0.928391 -0.361939 15.6235 -0.911515 -0.218511 -0.348416 21.1621 -0.402554 0.300572 0.864642 -3.10437
-0.0962396 0.926005 -0.365037 15.4218 -0.906436 -0.233054 -0.352222 21.1433 -0.411232 0.296985 0.861794 -3.08242
-0.108397 0.92337 -0.36829 15.2244 -0.900856 -0.247897 -0.356378 21.125 -0.420367 0.293146 0.858695 -3.05027
-0.120514 0.920509 -0.37167 15.0311 -0.894812 -0.262853 -0.360861 21.1076 -0.42987 0.289086 0.85536 -3.0121
-0.132426 0.917458 -0.375146 14.8414 -0.888349 -0.277736 -0.365648 21.0918 -0.439658 0.284839 0.851802 -2.97057
-0.143971 0.91426 -0.378684 14.6548 -0.881527 -0.292367 -0.370719 21.078 -0.449648 0.280447 0.848037 -2.92761
-0.154989 0.910969 -0.382248 14.4711 -0.874413 -0.306565 -0.376058 21.0669 -0.459761 0.275958 0.844077 -2.88493
-0.165325 0.907648 -0.3858 14.2897 -0.867087 -0.32016 -0.381651 21.0596 -0.469923 0.271426 0.839941 -2.84438
-0.174829 0.904368 -0.389299 14.1101 -0.859637 -0.332982 -0.387488 21.0578 -0.480062 0.266912 0.835643 -2.80863
-0.183349 0.901204 -0.392701 13.9324 -0.85216 -0.344866 -0.393562 21.0642 -0.490109 0.262484 0.831201 -2.78027
-0.190744 0.89824 -0.395956 13.7569 -0.844758 -0.355653 -0.399867 21.0787 -0.5 0.258215 0.826635 -2.75951
-0.198202 0.896203 -0.396908 13.5845 -0.84304 -0.36244 -0.397393 21.1017 -0.5 0.255845 0.827371 -2.74731
-0.204552 0.894477 -0.397581 13.4157 -0.841522 -0.368165 -0.395343 21.1308 -0.5 0.253705 0.82803 -2.74107
-0.20984 0.893055 -0.398021 13.2523 -0.840218 -0.372886 -0.393687 21.1619 -0.5 0.251813 0.828607 -2.71736
-0.214115 0.891926 -0.398274 13.0928 -0.839139 -0.376659 -0.392394 21.1926 -0.5 0.25019 0.829099 -2.68515
-0.21742 0.891079 -0.398381 12.9361 -0.838289 -0.379541 -0.391434 21.2227 -0.5 0.248853 0.829501 -2.65354
-0.219803 0.890494 -0.398381 12.7823 -0.837667 -0.381585 -0.390776 21.2521 -0.5 0.247817 0.829811 -2.62256
-0.221308 0.890153 -0.398309 12.6312 -0.837271 -0.382846 -0.390392 21.281 -0.5 0.247095 0.830026 -2.59239
-0.221986 0.890034 -0.398198 12.483 -0.837092 -0.383379 -0.390254 21.3092 -0.5 0.246697 0.830145 -2.56282
-0.221884 0.890115 -0.398075 12.3377 -0.837119 -0.383238 -0.390335 21.3368 -0.5 0.246627 0.830166 -2.53387
-0.221058 0.890369 -0.397965 12.184 -0.837337 -0.38248 -0.390609 21.3659 -0.5 0.246883 0.83009 -2.50346
-0.219565 0.890773 -0.397888 12.0221 -0.83773 -0.381164 -0.391053 21.3965 -0.5 0.247461 0.829918 -2.47177
-0.217466 0.8913 -0.397859 11.8519 -0.838277 -0.379351 -0.391643 21.4287 -0.5 0.248347 0.829653 -2.4385
-0.214828 0.891926 -0.397891 11.6735 -0.838957 -0.377103 -0.392358 21.4624 -0.5 0.249524 0.829299 -2.40369
-0.211723 0.892623 -0.397992 11.4867 -0.839746 -0.374486 -0.393176 21.4977 -0.5 0.250968 0.828864 -2.36807
-0.208227 0.893367 -0.398167 11.2917 -0.84062 -0.371569 -0.394075 21.5347 -0.5 0.252649 0.828353 -2.33091
-0.20442 0.894135 -0.398416 11.0884 -0.841554 -0.368422 -0.395035 21.5732 -0.5 0.254535 0.827775 -2.29251
-0.200385 0.894903 -0.39874 10.8768 -0.842524 -0.365117 -0.396035 21.6135 -0.5 0.256589 0.827141 -2.25353
-0.196208 0.895651 -0.399139 10.6569 -0.843506 -0.361728 -0.397052 21.6554 -0.5 0.258771 0.826461 -2.21304
-0.191977 0.896357 -0.399611 10.4285 -0.844479 -0.358329 -0.398064 21.6992 -0.5 0.261044 0.825746 -2.17256
-0.187808 0.89702 -0.400105 10.1919 -0.845564 -0.354921 -0.398813 21.7447 -0.499749 0.263414 0.825145 -2.13098
-0.186063 0.898878 -0.396735 9.9466 -0.857309 -0.345788 -0.381381 21.7914 -0.480001 0.269164 0.834955 -2.09009
-0.184505 0.900815 -0.393053 9.69294 -0.869848 -0.335834 -0.361358 21.8398 -0.457517 0.275224 0.845536 -2.04877
-0.183053 0.902827 -0.389094 9.4307 -0.882866 -0.325076 -0.338931 21.8904 -0.432481 0.281476 0.856581 -2.00881
-0.181629 0.90491 -0.3849 9.16004 -0.896051 -0.313538 -0.314302 21.9428 -0.405096 0.287804 0.867794 -1.96871
-0.180158 0.907058 -0.380511 8.88061 -0.90911 -0.301252 -0.287691 21.9977 -0.375583 0.294097 0.878888 -1.9323
-0.178569 0.909262 -0.375973 8.59266 -0.921766 -0.288258 -0.259337 22.0548 -0.344182 0.300249 0.8896 -1.89754
-0.176797 0.911513 -0.371332 8.31323 -0.933768 -0.274606 -0.229496 22.1107 -0.311159 0.306163 0.899691 -1.86686
-0.174782 0.913799 -0.366638 8.04231 -0.944899 -0.260353 -0.198449 22.1655 -0.276797 0.311751 0.908953 -1.84144
-0.172469 0.916106 -0.361946 7.78002 -0.954976 -0.245565 -0.166489 22.2191 -0.241402 0.316935 0.917212 -1.82003
-0.169813 0.918419 -0.357309 7.52642 -0.963855 -0.230318 -0.133928 22.2713 -0.205296 0.321652 0.924334 -1.8018
-0.166772 0.920722 -0.352785 7.28155 -0.971436 -0.214691 -0.101089 22.322 -0.168815 0.32585 0.930228 -1.78651
-0.163314 0.922997 -0.348433 7.04544 -0.977662 -0.198773 -0.0683062 22.3714 -0.132305 0.329494 0.934842 -1.77453
-0.159414 0.925224 -0.344308 6.81812 -0.982521 -0.182652 -0.0359157 22.419 -0.0961186 0.332564 0.93817 -1.76412
-0.155053 0.927383 -0.340468 6.5996 -0.986045 -0.166424 -0.00425713 22.4648 -0.0606099 0.335057 0.940246 -1.75498
-0.150216 0.929456 -0.336967 6.38989 -0.988308 -0.150181 0.0263326 22.5089 -0.0261312 0.336983 0.941148 -1.74696
-0.144897 0.931421 -0.333857 6.19175 -0.989422 -0.134019 0.0555223 22.5417 0.00697157 0.338371 0.940987 -1.71058
-0.139091 0.933258 -0.331185 6.00394 -0.989536 -0.118028 0.0829884 22.5676 0.0383603 0.339262 0.939909 -1.6589
-0.132797 0.934949 -0.328993 5.82474 -0.988828 -0.1023 0.108417 22.5923 0.0677081 0.339714 0.938088 -1.60955
-0.126016 0.936474 -0.327317 5.65414 -0.987498 -0.0869185 0.131505 22.6156 0.094701 0.339796 0.935719 -1.56257
-0.118748 0.937817 -0.326187 5.49216 -0.985763 -0.0719656 0.151959 22.6376 0.119035 0.339588 0.933011 -1.51794
-0.11101 0.939155 -0.32506 5.33878 -0.983837 -0.0576077 0.169546 22.6585 0.140504 0.338627 0.930371 -1.4756
-0.102883 0.940252 -0.324564 5.19401 -0.981864 -0.0437605 0.184467 22.678 0.159242 0.337656 0.927702 -1.43567
-0.0944627 0.941115 -0.324621 5.05783 -0.979943 -0.0304281 0.196943 22.6962 0.175468 0.336714 0.925113 -1.39818
-0.0858382 0.941758 -0.325152 4.9303 -0.978141 -0.0176176 0.207197 22.7132 0.189401 0.335829 0.922684 -1.36306
-0.0770959 0.942195 -0.326074 4.8114 -0.9765 -0.00533903 0.215453 22.729 0.201258 0.335022 0.920465 -1.33031
-0.0683171 0.942445 -0.327309 4.70109 -0.975041 0.00639726 0.221934 22.7435 0.211255 0.334301 0.918485 -1.3
-0.0595835 0.942526 -0.328778 4.59937 -0.973768 0.0175774 0.226863 22.7566 0.219603 0.333671 0.916754 -1.27213
-0.0509733 0.942459 -0.330412 4.50629 -0.972673 0.0281885 0.23046 22.7686 0.226513 0.33313 0.915268 -1.24663
-0.0425657 0.942268 -0.332144 4.42184 -0.971738 0.038216 0.232948 22.7794 0.232193 0.332673 0.914011 -1.2235
-0.0344381 0.941974 -0.333916 4.34602 -0.970936 0.047647 0.234548 22.7891 0.236848 0.332288 0.912955 -1.20273
-0.0266683 0.9416 -0.335677 4.27882 -0.970237 0.0564683 0.23548 22.7976 0.240683 0.331966 0.912069 -1.18432
-0.0193357 0.941169 -0.337383 4.22021 -0.969608 0.0646666 0.235964 22.8048 0.2439 0.331691 0.911314 -1.16833
-0.012518 0.940704 -0.338997 4.1702 -0.969011 0.0722314 0.236222 22.8108 0.246701 0.331449 0.910648 -1.15474
-0.0062946 0.940227 -0.34049 4.12882 -0.968409 0.0791516 0.236471 22.8157 0.249287 0.331222 0.910026 -1.14348
-0.000744871 0.939759 -0.341838 4.09606 -0.967764 0.0854173 0.236932 22.8195 0.251858 0.330995 0.909401 -1.13455
0.00405116 0.93932 -0.343019 4.07192 -0.967034 0.0910187 0.237823 22.8221 0.254613 0.330748 0.908723 -1.12797
0.00801408 0.938929 -0.344017 4.05641 -0.966178 0.0959472 0.239362 22.8237 0.257751 0.330464 0.907942 -1.12371
0.0110639 0.938606 -0.344814 4.03892 -0.965148 0.100194 0.241765 22.8256 0.26147 0.330122 0.907002 -1.11892
0.0131218 0.938367 -0.34539 4.01947 -0.963893 0.103749 0.245249 22.8278 0.265968 0.329701 0.905847 -1.11359
0.0141101 0.938231 -0.345723 3.99805 -0.962352 0.106604 0.250028 22.8304 0.271439 0.329179 0.904413 -1.10771
0.0139873 0.938375 -0.345337 3.97463 -0.96047 0.108643 0.25631 22.8334 0.278033 0.328101 0.9028 -1.10124
0.0128489 0.93865 -0.344632 3.94924 -0.958227 0.110043 0.263992 22.8368 0.28572 0.326844 0.900854 -1.09421
0.0108274 0.93904 -0.343638 3.92188 -0.955613 0.110905 0.272952 22.8404 0.294424 0.32543 0.89856 -1.08663
0.00805426 0.939525 -0.342386 3.89255 -0.952616 0.111325 0.283072 22.8444 0.304069 0.323882 0.895903 -1.0785
0.00466131 0.940086 -0.340904 3.86126 -0.949221 0.111402 0.294227 22.8488 0.314577 0.322222 0.892869 -1.06983
0.000779088 0.940705 -0.339225 3.828 -0.945415 0.111236 0.306297 22.8534 0.325869 0.32047 0.889443 -1.06062
-0.00346092 0.941361 -0.337382 3.79277 -0.941188 0.110925 0.319157 22.8583 0.337866 0.318644 0.885614 -1.05087
-0.00792978 0.942038 -0.335412 3.75553 -0.936533 0.11057 0.332687 22.8633 0.35049 0.316763 0.881373 -1.04068
-0.0124983 0.942718 -0.333358 3.71633 -0.931448 0.110272 0.346764 22.8685 0.363661 0.314839 0.876714 -1.02995
-0.0170405 0.943384 -0.331264 3.67517 -0.925935 0.110132 0.361269 22.874 0.377298 0.312885 0.871636 -1.01871
-0.0214309 0.944024 -0.329181 3.63205 -0.920004 0.110254 0.376081 22.8796 0.391323 0.310908 0.866142 -1.00693
-0.0255462 0.944622 -0.327166 3.58698 -0.913668 0.110742 0.391085 22.8856 0.405658 0.308912 0.860241 -0.994622
-0.0292673 0.945165 -0.325279 3.53995 -0.906948 0.111697 0.406163 22.8917 0.420224 0.306898 0.853947 -0.98179
-0.0324754 0.945641 -0.323586 3.49097 -0.89987 0.113227 0.421204 22.8979 0.434947 0.304864 0.847278 -0.968429
-0.0350557 0.946037 -0.322158 3.44004 -0.892467 0.115435 0.436094 22.9044 0.449749 0.302803 0.840259 -0.95454
-0.0368959 0.946336 -0.32107 3.38716 -0.884772 0.118426 0.450726 22.911 0.464562 0.300704 0.832922 -0.940121
-0.0378868 0.946524 -0.320402 3.33229 -0.876826 0.122305 0.464992 22.9176 0.479312 0.298554 0.825303 -0.925264
-0.0379213 0.946579 -0.320235 3.26783 -0.868672 0.127177 0.478785 22.925 0.493935 0.296336 0.817443 -0.908003
-0.0368963 0.946477 -0.320655 3.19386 -0.860352 0.133146 0.492003 22.9334 0.508363 0.294029 0.809391 -0.888217
-0.0347099 0.946189 -0.321747 3.11612 -0.851911 0.140315 0.50454 22.9421 0.522536 0.291612 0.801198 -0.86742
-0.031325 0.945854 -0.323077 3.0346 -0.843396 0.148448 0.516378 22.9512 0.536379 0.288657 0.793079 -0.845557
-0.0269538 0.945271 -0.325172 2.94929 -0.834884 0.157611 0.527377 22.9605 0.549765 0.285696 0.784944 -0.822767
-0.0218647 0.944452 -0.32792 2.85998 -0.826469 0.167487 0.537492 22.9692 0.562558 0.282768 0.776898 -0.799409
-0.0163208 0.943425 -0.331184 2.76691 -0.818253 0.177756 0.546686 22.9783 0.574627 0.279914 0.769059 -0.775082
-0.0105779 0.942228 -0.334805 2.67006 -0.810353 0.188089 0.554933 22.9878 0.585847 0.277181 0.761547 -0.749792
-0.00488579 0.940916 -0.338605 2.56925 -0.802897 0.198156 0.56222 22.9969 0.596098 0.274612 0.75449 -0.723925
0.00051096 0.93956 -0.342385 2.46439 -0.796024 0.207616 0.568544 23.0054 0.605265 0.272256 0.748018 -0.697628
0.00537379 0.938368 -0.345597 2.35569 -0.789882 0.215922 0.57399 23.0144 0.613236 0.269896 0.74236 -0.670385
0.00946691 0.937388 -0.348158 2.24289 -0.784623 0.222806 0.578553 23.0225 0.619901 0.267696 0.737606 -0.64286
0.0125577 0.936643 -0.350061 2.12607 -0.780403 0.228056 0.582204 23.0304 0.625151 0.265878 0.733823 -0.614824
0.0144119 0.936215 -0.351133 2.00524 -0.777373 0.231355 0.584949 23.038 0.628874 0.264531 0.731123 -0.586328
0.0147943 0.936183 -0.351203 1.88032 -0.775677 0.232388 0.586789 23.0449 0.630957 0.263739 0.729613 -0.557546
0.0134639 0.936614 -0.350104 1.7514 -0.775441 0.230833 0.587713 23.0517 0.631276 0.263572 0.729397 -0.528286
0.0101709 0.93756 -0.347674 1.61848 -0.776772 0.226361 0.587696 23.0585 0.6297 0.264086 0.730573 -0.498501
0.00465393 0.939046 -0.34376 1.48361 -0.779741 0.218635 0.586688 23.0277 0.626085 0.265313 0.73323 -0.48122
-0.00336368 0.941063 -0.338214 1.34548 -0.784379 0.207304 0.584615 22.9903 0.620272 0.267254 0.737453 -0.465519
-0.0141746 0.943557 -0.330906 1.20647 -0.790664 0.192006 0.581364 22.9423 0.612086 0.269876 0.743316 -0.451805
-0.0280915 0.946419 -0.321717 1.0663 -0.798507 0.172365 0.576782 22.8866 0.60133 0.273096 0.75088 -0.439473
-0.045445 0.949502 -0.310453 0.926303 -0.807735 0.147933 0.570683 22.821 0.587791 0.276699 0.760223 -0.429088
-0.0665828 0.952445 -0.297348 0.785593 -0.818078 0.118503 0.562765 22.7486 0.571239 0.280724 0.771284 -0.419846
-0.0917458 0.954976 -0.282141 0.642975 -0.829108 0.0836651 0.552793 22.6722 0.55151 0.284641 0.784102 -0.410941
-0.120699 0.956582 -0.265297 0.497587 -0.840145 0.0439163 0.540581 22.5935 0.528761 0.288135 0.798367 -0.401847
-0.153051 0.956782 -0.247271 0.348976 -0.850473 -0.000101415 0.526018 22.5134 0.50326 0.290805 0.813733 -0.392281
-0.188364 0.955142 -0.228523 0.196546 -0.859416 -0.0476933 0.509047 22.4329 0.475313 0.292282 0.829848 -0.38181
-0.226145 0.951296 -0.209509 0.0404117 -0.866368 -0.0981128 0.489673 22.3519 0.445269 0.292249 0.846361 -0.370522
-0.265858 0.944967 -0.190673 -0.11933 -0.870818 -0.15057 0.467979 22.2701 0.413515 0.290457 0.862925 -0.358431
-0.306922 0.935984 -0.172431 -0.283317 -0.872373 -0.204243 0.444128 22.1887 0.380479 0.286737 0.879214 -0.345097
-0.348727 0.924291 -0.155164 -0.450663 -0.870774 -0.258302 0.418368 22.106 0.346615 0.281009 0.894926 -0.33109
-0.390651 0.909953 -0.139202 -0.622374 -0.86591 -0.311925 0.391027 22.0238 0.312395 0.273291 0.909792 -0.315762
-0.432075 0.893159 -0.124815 -0.797331 -0.857824 -0.364323 0.362501 21.9398 0.278298 0.263697 0.923588 -0.299867
-0.4724 0.874212 -0.112211 -0.976304 -0.846709 -0.414763 0.33325 21.8554 0.24479 0.252438 0.936137 -0.282811
-0.511065 0.853525 -0.101525 -1.15858 -0.832907 -0.462585 0.303778 21.769 0.212319 0.239811 0.947318 -0.26528
-0.547559 0.831603 -0.0928183 -1.34471 -0.81689 -0.50722 0.274625 21.6814 0.1813 0.226196 0.957061 -0.246714
-0.581435 0.809025 -0.0860865 -1.53433 -0.799248 -0.548195 0.246343 21.5918 0.152105 0.212037 0.965352 -0.227722
-0.612312 0.786429 -0.0812602 -1.72774 -0.780662 -0.585142 0.219489 21.5005 0.125063 0.197832 0.972225 -0.207881
-0.639876 0.764487 -0.0782175 -1.92483 -0.761885 -0.617786 0.194608 21.4072 0.100454 0.184117 0.977758 -0.187634
-0.663877 0.743889 -0.0767953 -2.11873 -0.743709 -0.645937 0.172227 21.3153 0.0785127 0.171451 0.982059 -0.167339
-0.684114 0.725319 -0.0768062 -2.30948 -0.726948 -0.669466 0.152845 21.2246 0.0594424 0.160398 0.985261 -0.147351
-0.700426 0.709444 -0.0780552 -2.49708 -0.712403 -0.688282 0.136931 21.135 0.0434209 0.151517 0.987501 -0.12749
-0.712662 0.69689 -0.0803605 -2.68163 -0.700839 -0.702296 0.124922 21.0467 0.03062 0.145347 0.988907 -0.107953
-0.720784 0.688106 -0.0835517 -2.86309 -0.692838 -0.711524 0.117087 20.9592 0.0211189 0.142282 0.989601 -0.0886413
-0.725194 0.682971 -0.0874323 -3.05359 -0.68839 -0.716467 0.113116 20.8669 0.0146122 0.142218 0.989727 -0.0682272
-0.726348 0.681161 -0.0918557 -3.25286 -0.687243 -0.717657 0.112543 20.7694 0.0107393 0.144873 0.989392 -0.0461548
-0.724648 0.682297 -0.0967298 -3.46077 -0.689058 -0.71554 0.114895 20.6667 0.00917819 0.149911 0.988657 -0.0223172
-0.720456 0.685958 -0.101999 -3.67648 -0.693434 -0.71051 0.11969 20.5577 0.00963091 0.156961 0.987558 0.00506014
-0.714111 0.691709 -0.107628 -3.89807 -0.699932 -0.702926 0.12645 20.4401 0.0118124 0.165631 0.986117 0.0399063
-0.705942 0.699103 -0.113583 -4.11875 -0.708102 -0.693144 0.134698 20.3079 0.0154383 0.175517 0.984355 0.0936054
-0.696275 0.707702 -0.11983 -4.28762 -0.71749 -0.68153 0.143962 20.1397 0.0202147 0.186214 0.982301 0.219553
-0.68545 0.717079 -0.126317 -4.39768 -0.727662 -0.668476 0.153781 19.9478 0.025833 0.197325 0.979998 0.390753
-0.673817 0.726835 -0.132974 -4.15594 -0.738207 -0.65441 0.163701 19.9551 0.0319637 0.208467 0.977507 0.411212
-0.661747 0.736595 -0.139709 -3.90256 -0.748751 -0.639801 0.173283 20.06 0.0382539 0.219277 0.974913 0.353742
-0.649628 0.746022 -0.146402 -3.66317 -0.758958 -0.625156 0.182106 20.1742 0.0443308 0.229415 0.972319 0.299258
-0.637868 0.754812 -0.152917 -3.43435 -0.768534 -0.61102 0.189761 20.2911 0.0497986 0.238564 0.969849 0.251428
-0.626887 0.762694 -0.159094 -3.21518 -0.777219 -0.597972 0.195855 20.4088 0.0542438 0.24643 0.967641 0.21149
-0.617121 0.769425 -0.164763 -3.00509 -0.784783 -0.58661 0.200011 20.5259 0.0572421 0.252734 0.965841 0.179225
-0.609011 0.774785 -0.169747 -2.80382 -0.791012 -0.577541 0.201858 20.6413 0.0583603 0.257206 0.964593 0.152703
-0.603002 0.77856 -0.173876 -2.61106 -0.795689 -0.571373 0.201027 20.7538 0.0571639 0.259571 0.964031 0.130183
-0.599535 0.780533 -0.17699 -2.42658 -0.798577 -0.56869 0.197147 20.863 0.0532274 0.259537 0.964265 0.110666
-0.599042 0.780462 -0.178963 -2.25022 -0.799387 -0.57004 0.18983 20.9686 0.0461389 0.256777 0.965369 0.093544
-0.601937 0.77806 -0.179708 -2.08201 -0.797753 -0.575906 0.178666 21.0707 0.035518 0.250908 0.967359 0.0791302
-0.60849 0.773057 -0.179227 -1.92164 -0.793279 -0.586535 0.163356 21.1689 0.021161 0.241578 0.970151 0.0662753
-0.618484 0.765443 -0.177694 -1.76916 -0.78579 -0.601464 0.144138 21.263 0.00345305 0.228777 0.973473 0.0551642
-0.631558 0.755242 -0.175341 -1.62449 -0.775141 -0.620018 0.121381 21.3528 -0.0170423 0.212573 0.976996 0.0454553
-0.647326 0.742455 -0.172419 -1.48761 -0.761177 -0.64148 0.0954618 21.4382 -0.0397275 0.193037 0.980387 0.0370767
-0.66538 0.727081 -0.169183 -1.35848 -0.743758 -0.665105 0.0667706 21.519 -0.0639768 0.170259 0.98332 0.0298331
-0.685291 0.709127 -0.165877 -1.2371 -0.722792 -0.690142 0.0357224 21.5952 -0.0891467 0.144375 0.985499 0.0237451
-0.706621 0.688626 -0.162728 -1.12344 -0.698252 -0.715847 0.00275823 21.6665 -0.114589 0.115574 0.986667 0.0186508
-0.728926 0.665649 -0.159932 -1.01751 -0.670195 -0.741509 -0.0316547 21.7329 -0.139662 0.0841115 0.98662 0.0144946
-0.751766 0.640309 -0.157647 -0.919325 -0.638776 -0.766468 -0.067027 21.7943 -0.163749 0.0503126 0.985218 0.011257
-0.774716 0.612767 -0.155985 -0.828905 -0.604249 -0.790129 -0.102853 21.8506 -0.186273 0.0145714 0.98239 0.00889376
-0.797379 0.583234 -0.155003 -0.746277 -0.566973 -0.811989 -0.138624 21.9017 -0.20671 -0.022653 0.97814 0.00733644
-0.819391 0.551965 -0.154703 -0.671468 -0.527399 -0.831645 -0.173831 21.9476 -0.224607 -0.0608454 0.972548 0.00652558
-0.840439 0.519257 -0.155028 -0.60452 -0.486065 -0.848812 -0.207986 21.9883 -0.239588 -0.0994457 0.965768 0.00639895
-0.860261 0.485447 -0.15586 -0.545474 -0.443581 -0.863328 -0.240625 22.0237 -0.251369 -0.137864 0.958022 0.00688294
-0.878659 0.450892 -0.157022 -0.494371 -0.400608 -0.875156 -0.27132 22.0539 -0.259755 -0.175494 0.949594 0.00790131
-0.895497 0.41597 -0.158285 -0.451263 -0.357837 -0.884387 -0.299686 22.0788 -0.264646 -0.211727 0.940816 0.00937653
-0.910708 0.381069 -0.159369 -0.416196 -0.315978 -0.891228 -0.325379 22.0984 -0.266025 -0.245968 0.932057 0.0112317
-0.924283 0.34658 -0.159947 -0.38922 -0.275731 -0.895989 -0.348102 22.1129 -0.263956 -0.277643 0.923711 0.0134012
-0.936274 0.312892 -0.159658 -0.370377 -0.237776 -0.899075 -0.367597 22.1223 -0.258563 -0.306209 0.916178 0.015817
-0.946776 0.280387 -0.158109 -0.359729 -0.202751 -0.900954 -0.383634 22.1266 -0.250014 -0.331158 0.90985 0.0184152
-0.955936 0.245898 -0.160375 -0.352081 -0.17113 -0.910611 -0.376168 22.1298 -0.238538 -0.332147 0.912567 0.0182751
-0.963953 0.2137 -0.158518 -0.347971 -0.142855 -0.918286 -0.369247 22.1308 -0.224473 -0.333292 0.915712 0.0184116
-0.970994 0.183746 -0.152995 -0.338594 -0.117702 -0.924298 -0.363069 22.135 -0.208125 -0.334531 0.919115 0.018122
-0.977186 0.155911 -0.144219 -0.323931 -0.0954172 -0.928938 -0.357729 22.1425 -0.189744 -0.335807 0.922622 0.0173981
-0.982612 0.130013 -0.132553 -0.301276 -0.0757244 -0.932459 -0.353249 22.1548 -0.169527 -0.33707 0.926091 0.016023
-0.987321 0.10583 -0.118314 -0.270601 -0.0583354 -0.935079 -0.349607 22.1721 -0.147632 -0.338272 0.929396 0.0139893
-0.991329 0.0831138 -0.101778 -0.231869 -0.0429562 -0.936973 -0.346751 22.1943 -0.124183 -0.339373 0.932419 0.0112927
-0.994628 0.0616045 -0.0831858 -0.185053 -0.0292927 -0.938286 -0.344618 22.2215 -0.0992821 -0.34033 0.93505 0.00792786
-0.997185 0.0410377 -0.0627524 -0.13012 -0.0170546 -0.939128 -0.343143 22.2538 -0.0730143 -0.341107 0.937184 0.00389007
-0.998949 0.021152 -0.0406715 -0.0670404 -0.00595974 -0.939583 -0.342269 22.291 -0.045454 -0.341667 0.938721 -0.00083068
-0.999852 0.00169492 -0.0171228 0.00422667 0.00426306 -0.939708 -0.34195 22.3332 -0.0166701 -0.341973 0.939562 -0.006239
-0.999816 -0.017574 0.00772403 0.0837037 0.0138711 -0.939539 -0.34216 22.3804 0.0132701 -0.34199 0.93961 -0.0123352
-0.998751 -0.0368796 0.0337051 0.171424 0.0231049 -0.939091 -0.342891 22.4326 0.0442978 -0.341684 0.93877 -0.0191232
-0.996562 -0.0564293 0.0606581 0.26741 0.0321858 -0.93836 -0.344157 22.4899 0.0763397 -0.341022 0.93695 -0.0266126
-0.993148 -0.0764125 0.0884219 0.360093 0.0413131 -0.937327 -0.345994 22.545 0.109319 -0.33997 0.934061 -0.0338913
-0.988403 -0.0969994 0.116835 0.449498 0.0506624 -0.935954 -0.348458 22.5981 0.143153 -0.338498 0.930014 -0.0409567
-0.98222 -0.118341 0.145735 0.535641 0.0603828 -0.934192 -0.351625 22.6491 0.177756 -0.336573 0.924728 -0.0478131
-0.97449 -0.140569 0.174954 0.618544 0.070595 -0.931972 -0.355591 22.6979 0.213037 -0.334169 0.918121 -0.054469
-0.965102 -0.163796 0.204326 0.698217 0.0813892 -0.929215 -0.360465 22.7446 0.248905 -0.331256 0.910118 -0.0609244
-0.953942 -0.188116 0.233682 0.774673 0.0928234 -0.925826 -0.366374 22.7892 0.285269 -0.327808 0.900646 -0.0671802
-0.940919 -0.212853 0.263374 0.847822 0.10487 -0.922679 -0.371033 22.8318 0.321985 -0.321492 0.890488 -0.0735281
-0.926055 -0.238586 0.292401 0.917746 0.11728 -0.91838 -0.377921 22.8721 0.358702 -0.315683 0.878452 -0.0795486
-0.909459 -0.265 0.320404 0.984397 0.129771 -0.912998 -0.386773 22.9103 0.395024 -0.310175 0.864724 -0.0852673
-0.891301 -0.291776 0.347058 1.04774 0.142087 -0.906621 -0.397304 22.9463 0.430574 -0.304805 0.849529 -0.0907025
-0.871817 -0.318587 0.372072 1.10774 0.154009 -0.899351 -0.409206 22.9801 0.464991 -0.29945 0.833134 -0.0958691
-0.851301 -0.345111 0.395203 1.16434 0.165351 -0.891314 -0.42216 23.0117 0.497942 -0.294038 0.815841 -0.100777
-0.830101 -0.371031 0.416255 1.21751 0.175973 -0.882657 -0.435834 23.0413 0.529118 -0.288536 0.797986 -0.105429
-0.808613 -0.396039 0.435085 1.26722 0.185772 -0.873548 -0.449893 23.0687 0.558242 -0.282962 0.779935 -0.109826
-0.787267 -0.419842 0.451601 1.31342 0.194691 -0.864175 -0.464001 23.094 0.585069 -0.27737 0.762076 -0.113958
-0.766526 -0.441738 0.46616 1.35603 0.202708 -0.855178 -0.477054 23.1173 0.609383 -0.27118 0.74506 -0.117899
-0.746868 -0.461944 0.478325 1.39507 0.209842 -0.846289 -0.489655 23.1386 0.630995 -0.265335 0.729002 -0.12153
-0.728782 -0.480237 0.488107 1.43052 0.216138 -0.837722 -0.501504 23.1579 0.649739 -0.259989 0.714314 -0.124833
-0.712756 -0.496393 0.495553 1.46235 0.221666 -0.82971 -0.512294 23.1751 0.665465 -0.255294 0.701414 -0.127788
-0.699266 -0.510189 0.500733 1.49053 0.226509 -0.8225 -0.521716 23.1905 0.678027 -0.251398 0.690709 -0.130376
-0.688772 -0.521398 0.503724 1.51503 0.230755 -0.816346 -0.529464 23.2039 0.687274 -0.248443 0.682591 -0.13258
-0.681701 -0.529791 0.504584 1.53582 0.234482 -0.811497 -0.535248 23.2154 0.693038 -0.246563 0.677425 -0.134384
-0.678445 -0.535137 0.50333 1.55288 0.237751 -0.808191 -0.538797 23.225 0.695117 -0.245877 0.675542 -0.135771
-0.679344 -0.537199 0.499909 1.56618 0.240582 -0.806635 -0.53987 23.2328 0.693262 -0.246489 0.677223 -0.13673
-0.684679 -0.535731 0.494173 1.57633 0.242947 -0.807001 -0.538262 23.2343 0.687162 -0.248479 0.682691 -0.138852
-0.694648 -0.530477 0.485858 1.5827 0.244749 -0.809408 -0.533814 23.2336 0.676433 -0.251899 0.692087 -0.140657
-0.709219 -0.520401 0.475596 1.58475 0.24582 -0.814822 -0.525012 23.2338 0.660742 -0.255438 0.705812 -0.141264
-0.727725 -0.506303 0.462682 1.59047 0.245966 -0.822371 -0.513037 23.2337 0.640248 -0.259546 0.722993 -0.143128
-0.749311 -0.488515 0.447086 1.59991 0.244973 -0.831723 -0.498222 23.2333 0.61524 -0.263799 0.742892 -0.1463
-0.773107 -0.467383 0.428788 1.61311 0.242623 -0.84253 -0.480914 23.2324 0.586037 -0.267764 0.764763 -0.150837
-0.798242 -0.443282 0.407812 1.63012 0.238719 -0.854429 -0.461481 23.2312 0.553012 -0.271021 0.787861 -0.15679
-0.823878 -0.416627 0.384248 1.65099 0.233106 -0.867057 -0.440311 23.2294 0.51661 -0.273193 0.811467 -0.164205
-0.84923 -0.387876 0.358275 1.67579 0.225687 -0.880055 -0.417813 23.2271 0.477361 -0.273962 0.834908 -0.173124
-0.873595 -0.357525 0.330165 1.70455 0.21644 -0.893083 -0.394406 23.2242 0.435874 -0.27309 0.857575 -0.183575
-0.896369 -0.326107 0.300295 1.73737 0.205421 -0.905826 -0.370515 23.2207 0.392842 -0.270431 0.878944 -0.195577
-0.917073 -0.294182 0.269136 1.7743 0.192774 -0.918005 -0.346561 23.2166 0.349021 -0.265939 0.898588 -0.209136
-0.935361 -0.262318 0.237253 1.81542 0.178726 -0.929387 -0.322951 23.2117 0.305215 -0.259673 0.916195 -0.224244
-0.951031 -0.231083 0.205281 1.8608 0.163581 -0.939788 -0.300065 23.2062 0.262261 -0.251791 0.931569 -0.240882
-0.964022 -0.201031 0.173922 1.91051 0.147716 -0.949082 -0.278252 23.2 0.221003 -0.24255 0.944631 -0.259017
-0.974406 -0.172692 0.143914 1.96461 0.131563 -0.957194 -0.257821 23.193 0.182277 -0.232288 0.955415 -0.278607
-0.982374 -0.146557 0.116027 2.02317 0.115599 -0.964104 -0.239039 23.1853 0.146895 -0.221413 0.964053 -0.299601
-0.988212 -0.123085 0.0910358 2.08623 0.100333 -0.96984 -0.222134 23.1769 0.115631 -0.210381 0.970757 -0.321943
-0.992267 -0.102692 0.0697161 2.15387 0.0862853 -0.974465 -0.207298 23.1678 0.0892239 -0.19968 0.97579 -0.345571
-0.994913 -0.0857681 0.0528301 2.22611 0.0739773 -0.978069 -0.194702 23.1579 0.0683707 -0.189803 0.979439 -0.370423
-0.996507 -0.0726791 0.0411207 2.30302 0.0639166 -0.980752 -0.184501 23.1474 0.0537385 -0.181228 0.981972 -0.39644
-0.997339 -0.0637865 0.0353089 2.38463 0.056583 -0.982609 -0.176858 23.1362 0.045976 -0.17439 0.983603 -0.423568
-0.997593 -0.0593286 0.035896 2.47097 0.0523192 -0.983727 -0.171883 23.1243 0.0455094 -0.169591 0.984463 -0.451768
-0.997347 -0.0590401 0.0425889 2.56202 0.0510296 -0.984225 -0.1694 23.1117 0.0519184 -0.166777 0.984627 -0.481048
-0.996532 -0.0625566 0.0548623 2.65772 0.0524664 -0.984184 -0.169201 23.0985 0.0645793 -0.165736 0.984053 -0.511433
-0.994966 -0.0695401 0.0721587 2.75804 0.0563381 -0.983638 -0.17112 23.0847 0.0828777 -0.166193 0.982604 -0.542959
-0.99239 -0.0796665 0.0938906 2.86294 0.0623222 -0.982592 -0.175009 23.0702 0.106199 -0.167826 0.98008 -0.575671
-0.988512 -0.0926144 0.119442 2.97239 0.0700754 -0.981032 -0.180735 23.0551 0.133915 -0.170289 0.976252 -0.609612
-0.98304 -0.108056 0.148177 3.08636 0.0792428 -0.978936 -0.188161 23.0394 0.165387 -0.173227 0.970896 -0.644825
-0.975712 -0.125648 0.17944 3.20478 0.0894673 -0.976285 -0.197136 23.0229 0.199954 -0.176294 0.963815 -0.681356
-0.966324 -0.14503 0.212567 3.32763 0.100399 -0.973071 -0.207493 23.0059 0.236936 -0.179164 0.954862 -0.719244
-0.954749 -0.165819 0.246898 3.45485 0.111703 -0.969301 -0.219039 22.9881 0.275639 -0.181548 0.943962 -0.758526
-0.940957 -0.187615 0.281782 3.58639 0.12307 -0.965007 -0.231551 22.9698 0.315364 -0.1832 0.931119 -0.799232
-0.925021 -0.210003 0.316599 3.7222 0.134221 -0.960244 -0.244779 22.9508 0.355416 -0.183931 0.916432 -0.841385
-0.907128 -0.232555 0.350765 3.86222 0.144917 -0.955094 -0.258446 22.9311 0.395117 -0.183612 0.900094 -0.885003
-0.887575 -0.254846 0.383751 4.00641 0.154964 -0.949666 -0.272251 22.9109 0.433817 -0.182175 0.882392 -0.930093
-0.866762 -0.276453 0.415088 4.15472 0.164214 -0.944092 -0.285874 22.89 0.470912 -0.179622 0.8637 -0.976656
-0.845187 -0.296966 0.444376 4.30708 0.172566 -0.938526 -0.298981 22.8686 0.505845 -0.176011 0.844477 -1.02468
-0.82343 -0.315994 0.471287 4.46346 0.179966 -0.93314 -0.311228 22.8466 0.538122 -0.171459 0.825243 -1.07416
-0.802133 -0.33317 0.495561 4.62379 0.1864 -0.928116 -0.322266 22.8241 0.567307 -0.166128 0.806576 -1.12507
-0.781989 -0.348148 0.516997 4.78805 0.191887 -0.923646 -0.331748 22.801 0.59302 -0.160218 0.789086 -1.17738
-0.763713 -0.360611 0.535446 4.95633 0.196467 -0.919924 -0.339325 22.7776 0.614934 -0.153949 0.773406 -1.23067
-0.747923 -0.370346 0.550868 5.1286 0.20021 -0.917101 -0.344735 22.7539 0.632872 -0.147546 0.760068 -1.28497
-0.734782 -0.377505 0.563547 5.30474 0.203236 -0.915176 -0.348062 22.7297 0.647141 -0.141217 0.749177 -1.34057
-0.724277 -0.382322 0.573805 5.4848 0.205645 -0.914096 -0.349483 22.705 0.658128 -0.135122 0.740682 -1.39745
-0.716338 -0.385023 0.581908 5.6694 0.207502 -0.913793 -0.349178 22.6803 0.666185 -0.129382 0.734478 -1.45385
-0.710844 -0.385825 0.588081 5.85803 0.208845 -0.91419 -0.347334 22.6553 0.671628 -0.124083 0.730424 -1.51134
-0.707638 -0.384935 0.592515 6.05067 0.209687 -0.915203 -0.344144 22.6297 0.674745 -0.119287 0.728348 -1.57003
-0.706531 -0.38255 0.595373 6.2486 0.210029 -0.916746 -0.339802 22.6049 0.675797 -0.115036 0.728056 -1.6261
-0.707315 -0.378861 0.596799 6.45072 0.209858 -0.918729 -0.33451 22.5797 0.675029 -0.111361 0.729338 -1.68298
-0.709765 -0.374052 0.596925 6.65864 0.209159 -0.921064 -0.32847 22.5558 0.672671 -0.108285 0.731975 -1.73513
-0.713644 -0.368299 0.595876 6.87189 0.207914 -0.923665 -0.321892 22.5327 0.668943 -0.105825 0.735742 -1.78422
-0.71871 -0.361777 0.593779 7.09272 0.20611 -0.926446 -0.314988 22.5148 0.664059 -0.104001 0.740411 -1.81947
-0.72472 -0.354655 0.590762 7.32007 0.203735 -0.929325 -0.307972 22.5035 0.658234 -0.102835 0.745756 -1.84053
-0.731433 -0.347101 0.586963 7.55288 0.200789 -0.932226 -0.301064 22.5006 0.651682 -0.102353 0.751555 -1.85107
-0.738612 -0.339284 0.582528 7.78982 0.197277 -0.935073 -0.294482 22.4998 0.644619 -0.102588 0.757589 -1.86716
-0.746026 -0.331369 0.577615 8.03081 0.193218 -0.937798 -0.288447 22.5006 0.637269 -0.103584 0.763648 -1.88822
-0.753456 -0.323522 0.572396 8.27585 0.188635 -0.940333 -0.283178 22.5028 0.629857 -0.105388 0.769528 -1.91356
-0.760692 -0.315912 0.567052 8.52491 0.183566 -0.942615 -0.278893 22.5062 0.622617 -0.10806 0.77503 -1.94294
-0.767534 -0.308708 0.561775 8.77816 0.178049 -0.944579 -0.275805 22.5104 0.615784 -0.111666 0.779962 -1.97484
-0.773794 -0.302082 0.556767 9.03566 0.172134 -0.946164 -0.274124 22.5152 0.609601 -0.116277 0.784134 -2.00885
-0.779293 -0.29621 0.552234 9.29736 0.165866 -0.947303 -0.274055 22.5208 0.60431 -0.121972 0.787357 -2.0454
-0.783898 -0.291237 0.548347 9.56349 0.159305 -0.947942 -0.275732 22.5266 0.600105 -0.128792 0.789485 -2.08294
-0.787636 -0.28716 0.545132 9.83393 0.152538 -0.948089 -0.279033 22.533 0.596961 -0.136623 0.790552 -2.12221
-0.790566 -0.283945 0.542569 10.1088 0.145655 -0.947766 -0.283768 22.5397 0.594803 -0.145309 0.79063 -2.16256
-0.792745 -0.281558 0.54063 10.388 0.138742 -0.946993 -0.289748 22.5467 0.593554 -0.154689 0.789788 -2.20409
-0.794225 -0.279968 0.539281 10.6717 0.131878 -0.945794 -0.296786 22.5542 0.59314 -0.164596 0.788095 -2.24682
-0.795057 -0.279143 0.538483 10.9597 0.12514 -0.944194 -0.304693 22.562 0.593485 -0.174862 0.78562 -2.29044
-0.795287 -0.279052 0.53819 11.2522 0.118603 -0.942224 -0.313283 22.5703 0.594518 -0.185319 0.782435 -2.33528
-0.794958 -0.279663 0.538359 11.5352 0.112343 -0.939922 -0.322374 22.5786 0.596172 -0.195793 0.778617 -2.37876
-0.794112 -0.280942 0.538942 11.8088 0.106435 -0.937331 -0.331787 22.587 0.598379 -0.206113 0.774248 -2.42093
-0.792788 -0.282853 0.539891 12.0729 0.100956 -0.9345 -0.341346 22.5956 0.601079 -0.21611 0.769416 -2.46166
-0.791022 -0.285358 0.541161 12.3276 0.0959834 -0.931488 -0.350881 22.6045 0.604211 -0.225612 0.764217 -2.50079
-0.788851 -0.288417 0.542706 12.5729 0.0915994 -0.928358 -0.360225 22.6139 0.60772 -0.234452 0.758755 -2.53823
-0.786308 -0.291987 0.544485 12.8088 0.0878879 -0.925178 -0.369217 22.6242 0.611552 -0.242464 0.753137 -2.57382
-0.783426 -0.29602 0.546457 13.0352 0.0849361 -0.922024 -0.377699 22.6361 0.615653 -0.249486 0.747481 -2.60732
-0.780236 -0.300469 0.548589 13.2682 0.0828346 -0.918974 -0.38552 22.6522 0.619976 -0.255355 0.741906 -2.64007
-0.776769 -0.305281 0.550848 13.508 0.0816776 -0.916105 -0.392531 22.6722 0.624467 -0.259914 0.736536 -2.66801
-0.773053 -0.310403 0.553208 13.7553 0.0815627 -0.913498 -0.398584 22.6884 0.629076 -0.263006 0.7315 -2.69003
-0.769119 -0.315777 0.555645 14.0061 0.0825909 -0.911229 -0.403535 22.7354 0.633747 -0.264475 0.726923 -2.69713
-0.764993 -0.320633 0.558552 14.2611 0.0848661 -0.909887 -0.406082 22.7946 0.638422 -0.263248 0.723268 -2.698
-0.760705 -0.327043 0.560688 14.5219 0.0884951 -0.907984 -0.409553 22.8578 0.643037 -0.261931 0.71965 -2.69672
-0.75629 -0.332792 0.563272 14.789 0.0935332 -0.907115 -0.410357 22.9227 0.647516 -0.257664 0.717169 -2.69448
-0.751809 -0.338431 0.565904 15.0626 0.0998215 -0.90676 -0.409662 22.9879 0.651781 -0.251498 0.715493 -2.69111
-0.747339 -0.343784 0.568592 15.3427 0.107147 -0.906897 -0.407501 23.0536 0.655747 -0.243619 0.714595 -2.68698
-0.742959 -0.348677 0.571346 15.6317 0.115293 -0.907507 -0.403904 23.1064 0.659332 -0.234213 0.714441 -2.67691
-0.738759 -0.352941 0.574167 15.9214 0.124043 -0.908567 -0.398897 23.0817 0.662457 -0.223467 0.714992 -2.65408
-0.734832 -0.356412 0.577055 16.1794 0.133176 -0.910059 -0.3925 22.9554 0.665046 -0.211571 0.716206 -2.62783
-0.731276 -0.358928 0.580005 16.427 0.14247 -0.911967 -0.384731 22.8271 0.667036 -0.198712 0.718037 -2.60591
-0.728197 -0.360332 0.583 16.6656 0.151697 -0.91428 -0.375607 22.6998 0.668369 -0.185077 0.720437 -2.58794
-0.725701 -0.360471 0.586019 16.9032 0.160627 -0.916989 -0.365144 22.5707 0.668997 -0.170855 0.723361 -2.57351
-0.723895 -0.359194 0.589029 17.1398 0.169024 -0.920093 -0.353355 22.44 0.668884 -0.156232 0.726764 -2.56328
-0.722887 -0.356351 0.591987 17.3753 0.176649 -0.923592 -0.340254 22.3075 0.668004 -0.141391 0.730602 -2.55861
-0.722777 -0.351795 0.594839 17.6094 0.183257 -0.927488 -0.325856 22.1731 0.666341 -0.126513 0.734836 -2.56099
-0.723662 -0.345379 0.597518 17.8416 0.188597 -0.931783 -0.310179 22.0365 0.663886 -0.111774 0.739433 -2.57279
-0.725625 -0.336952 0.599943 18.0713 0.192412 -0.936476 -0.293241 21.8976 0.66064 -0.0973465 0.744364 -2.59606
-0.728738 -0.326362 0.602021 18.2983 0.194438 -0.941559 -0.275064 21.7571 0.656609 -0.0833934 0.749607 -2.63069
-0.73305 -0.313452 0.603643 18.5226 0.194404 -0.947015 -0.255675 21.6163 0.651801 -0.0700721 0.755146 -2.67693
