2.159984779357910156e+01 -3.960928916931152344e+00 -2.934951782226562500e-01 -0.000000000000000000e+00 -0.000000000000000000e+00 -9.964270591735839844e-01 8.445787429809570312e-02
2.173319625854492188e+01 -4.021238327026367188e+00 -3.239566087722778320e-01 1.449008658528327942e-02 -1.226869877427816391e-03 -9.977957606315612793e-01 6.474735587835311890e-02
2.186209106445312500e+01 -4.082041740417480469e+00 -3.510006666183471680e-01 3.010866604745388031e-02 -2.976492047309875488e-03 -9.985646009445190430e-01 4.419605061411857605e-02
2.198593711853027344e+01 -4.144835948944091797e+00 -3.728710711002349854e-01 4.664197191596031189e-02 -5.154712125658988953e-03 -9.986345767974853516e-01 2.295350283384323120e-02
2.210407257080078125e+01 -4.210437297821044922e+00 -3.883926272392272949e-01 6.387411057949066162e-02 -7.666702847927808762e-03 -9.979277849197387695e-01 1.173540251329541206e-03
2.221588897705078125e+01 -4.278954505920410156e+00 -3.970699906349182129e-01 -8.158752322196960449e-02 1.041725091636180878e-02 9.963907599449157715e-01 2.098655141890048981e-02
2.232100868225097656e+01 -4.349884510040283203e+00 -3.991189599037170410e-01 -9.956468641757965088e-02 1.331101357936859131e-02 9.939963817596435547e-01 4.336648434400558472e-02
2.241938591003417969e+01 -4.422381877899169922e+00 -3.952954113483428955e-01 -1.175890564918518066e-01 1.625300198793411255e-02 9.907463788986206055e-01 6.580565124750137329e-02
2.250968933105468750e+01 -4.496855258941650391e+00 -3.843548595905303955e-01 -1.354468464851379395e-01 1.914891600608825684e-02 9.866701960563659668e-01 8.814334869384765625e-02
2.259350585937500000e+01 -4.570888042449951172e+00 -3.695703148841857910e-01 -1.529283076524734497e-01 2.190554328262805939e-02 9.818271398544311523e-01 1.102206930518150330e-01
2.267193222045898438e+01 -4.643504619598388672e+00 -3.525732457637786865e-01 -1.698292195796966553e-01 2.443118207156658173e-02 9.763033390045166016e-01 1.318821460008621216e-01
2.274328613281250000e+01 -4.715404033660888672e+00 -3.314605653285980225e-01 -1.859514862298965454e-01 2.663567662239074707e-02 9.702118039131164551e-01 1.529764235019683838e-01
2.281706809997558594e+01 -4.791378974914550781e+00 -3.082922399044036865e-01 -2.011044174432754517e-01 2.843131497502326965e-02 9.636885523796081543e-01 1.733581572771072388e-01
2.289145278930664062e+01 -4.872328758239746094e+00 -2.808599770069122314e-01 -2.151049524545669556e-01 2.973145246505737305e-02 9.568908810615539551e-01 1.928881853818893433e-01
2.296747016906738281e+01 -4.957531452178955078e+00 -2.505209147930145264e-01 -2.277771830558776855e-01 3.045187331736087799e-02 9.499925374984741211e-01 2.114338278770446777e-01
2.304496574401855469e+01 -5.046998023986816406e+00 -2.171411067247390747e-01 -2.389524579048156738e-01 3.050989657640457153e-02 9.431805014610290527e-01 2.288701087236404419e-01
2.312354469299316406e+01 -5.140687942504882812e+00 -1.801821887493133545e-01 -2.484678179025650024e-01 2.982331439852714539e-02 9.366491436958312988e-01 2.450771927833557129e-01
2.320410156250000000e+01 -5.238219261169433594e+00 -1.408245861530303955e-01 -2.561646401882171631e-01 2.831044048070907593e-02 9.305957555770874023e-01 2.599413990974426270e-01
2.328608322143554688e+01 -5.339617729187011719e+00 -9.823394566774368286e-02 -2.618866264820098877e-01 2.588985115289688110e-02 9.252150058746337891e-01 2.733538150787353516e-01
2.337009239196777344e+01 -5.444597721099853516e+00 -5.301513522863388062e-02 -2.646004855632781982e-01 2.217272296547889709e-02 9.209098815917968750e-01 2.853417992591857910e-01
2.345623397827148438e+01 -5.553027629852294922e+00 -5.474242847412824631e-03 -2.667764723300933838e-01 1.798896491527557373e-02 9.171950221061706543e-01 2.953976690769195557e-01
2.354472160339355469e+01 -5.664672851562500000e+00 4.473571851849555969e-02 -2.656814157962799072e-01 1.236815005540847778e-02 9.148402214050292969e-01 3.038546741008758545e-01
2.363609504699707031e+01 -5.779285907745361328e+00 9.713836759328842163e-02 -2.623283863067626953e-01 5.689561367034912109e-03 9.135887622833251953e-01 3.106559813022613525e-01
2.373046112060546875e+01 -5.897201538085937500e+00 1.508962959051132202e-01 -2.569084167480468750e-01 -1.939229667186737061e-03 9.133428931236267090e-01 3.159097433090209961e-01
2.382798004150390625e+01 -6.018721580505371094e+00 2.051040530204772949e-01 -2.496072202920913696e-01 -1.041127741336822510e-02 9.139853119850158691e-01 3.197165131568908691e-01
2.392899894714355469e+01 -6.144542217254638672e+00 2.575387656688690186e-01 -2.406070977449417114e-01 -1.961947977542877197e-02 9.153839349746704102e-01 3.221729993820190430e-01
2.403363037109375000e+01 -6.275339126586914062e+00 3.059411644935607910e-01 -2.300889641046524048e-01 -2.945491671562194824e-02 9.173991084098815918e-01 3.233735859394073486e-01
2.414183044433593750e+01 -6.411529541015625000e+00 3.483398258686065674e-01 -2.182345688343048096e-01 -3.980919718742370605e-02 9.198877811431884766e-01 3.234120011329650879e-01
2.425346946716308594e+01 -6.553526878356933594e+00 3.818838298320770264e-01 -2.052275389432907104e-01 -5.057215318083763123e-02 9.227095246315002441e-01 3.223836421966552734e-01
2.436812973022460938e+01 -6.701488971710205078e+00 4.032970964908599854e-01 -1.912540644407272339e-01 -6.163325905799865723e-02 9.257300496101379395e-01 3.203857243061065674e-01
2.448499488830566406e+01 -6.855122566223144531e+00 4.091799855232238770e-01 -1.765043586492538452e-01 -7.288146018981933594e-02 9.288247227668762207e-01 3.175202906131744385e-01
2.460285186767578125e+01 -7.013559818267822266e+00 3.964920043945312500e-01 -1.611725538969039917e-01 -8.420549333095550537e-02 9.318818449974060059e-01 3.138932287693023682e-01
2.472075462341308594e+01 -7.175523757934570312e+00 3.648846447467803955e-01 -1.454566866159439087e-01 -9.549434483051300049e-02 9.348051548004150391e-01 3.096164166927337646e-01
2.483880996704101562e+01 -7.339887142181396484e+00 3.177935779094696045e-01 -1.295583844184875488e-01 -1.066382378339767456e-01 9.375156760215759277e-01 3.048067986965179443e-01
2.495752906799316406e+01 -7.506108283996582031e+00 2.582995593547821045e-01 -1.136825233697891235e-01 -1.175279393792152405e-01 9.399525523185729980e-01 2.995875179767608643e-01
2.507769966125488281e+01 -7.674017906188964844e+00 1.891601532697677612e-01 -9.803651273250579834e-02 -1.280571222305297852e-01 9.420741796493530273e-01 2.940860092639923096e-01
2.519596672058105469e+01 -7.837723255157470703e+00 1.158016920089721680e-01 -8.282919228076934814e-02 -1.381206959486007690e-01 9.438575506210327148e-01 2.884352207183837891e-01
2.531342315673828125e+01 -7.997560977935791016e+00 4.092895239591598511e-02 -6.827040761709213257e-02 -1.476165354251861572e-01 9.452978372573852539e-01 2.827729582786560059e-01
2.543129920959472656e+01 -8.153814315795898438e+00 -3.287811204791069031e-02 -5.457026511430740356e-02 -1.564451456069946289e-01 9.464063644409179688e-01 2.772395312786102295e-01
2.555093002319335938e+01 -8.306756019592285156e+00 -1.027838140726089478e-01 -4.193812236189842224e-02 -1.645096689462661743e-01 9.472092986106872559e-01 2.719784975051879883e-01
2.567357826232910156e+01 -8.456503868103027344e+00 -1.658468544483184814e-01 -3.058271482586860657e-02 -1.717161238193511963e-01 9.477431774139404297e-01 2.671349644660949707e-01
2.579885673522949219e+01 -8.602680206298828125e+00 -2.233126759529113770e-01 -1.971201598644256592e-02 -1.745280176401138306e-01 9.486997127532958984e-01 2.629069983959197998e-01
2.592605400085449219e+01 -8.745539665222167969e+00 -2.747106850147247314e-01 -1.043116673827171326e-02 -1.768019795417785645e-01 9.494495391845703125e-01 2.591869533061981201e-01
2.605496215820312500e+01 -8.884957313537597656e+00 -3.200942873954772949e-01 -2.711147069931030273e-03 -1.786032617092132568e-01 9.500274658203125000e-01 2.560102045536041260e-01
2.618489646911621094e+01 -9.021046638488769531e+00 -3.602859377861022949e-01 3.478851169347763062e-03 -1.799874752759933472e-01 9.504619836807250977e-01 2.534054815769195557e-01
2.631522941589355469e+01 -9.153978347778320312e+00 -3.961193859577178955e-01 8.171435445547103882e-03 -1.810007393360137939e-01 9.507745504379272461e-01 2.513951063156127930e-01
2.644517517089843750e+01 -9.284097671508789062e+00 -4.288241565227508545e-01 1.139927655458450317e-02 -1.816795468330383301e-01 9.509811401367187500e-01 2.499948740005493164e-01
2.656163978576660156e+01 -9.399858474731445312e+00 -4.782177507877349854e-01 1.319624483585357666e-02 -1.820512413978576660e-01 9.510918855667114258e-01 2.492134273052215576e-01
2.657742691040039062e+01 -9.409119606018066406e+00 -6.615838408470153809e-01 1.359585300087928772e-02 -1.821341216564178467e-01 9.511122107505798340e-01 2.490536719560623169e-01
2.659241104125976562e+01 -9.426193237304687500e+00 -8.430337309837341309e-01 1.263152435421943665e-02 -1.819379478693008423e-01 9.510428905487060547e-01 2.495120167732238770e-01
2.660506820678710938e+01 -9.465188026428222656e+00 -1.019766807556152344e+00 1.033683493733406067e-02 -1.814645230770111084e-01 9.508804678916931152e-01 2.505792975425720215e-01
2.661337661743164062e+01 -9.539681434631347656e+00 -1.183237910270690918e+00 6.745010614395141602e-03 -1.807081550359725952e-01 9.506171941757202148e-01 2.522417306900024414e-01
2.661362648010253906e+01 -9.665780067443847656e+00 -1.308623909950256348e+00 1.890037208795547485e-03 -1.796565055847167969e-01 9.502418041229248047e-01 2.544809877872467041e-01
2.660699653625488281e+01 -9.829482078552246094e+00 -1.375749826431274414e+00 -4.194274544715881348e-03 -1.782909035682678223e-01 9.497390389442443848e-01 2.572749257087707520e-01
2.659918975830078125e+01 -1.000408077239990234e+01 -1.395866990089416504e+00 -1.147305965423583984e-02 -1.765875071287155151e-01 9.490907788276672363e-01 2.605989873409271240e-01
2.659313964843750000e+01 -1.017839241027832031e+01 -1.384008407592773438e+00 -1.991009898483753204e-02 -1.745176911354064941e-01 9.482751488685607910e-01 2.644262909889221191e-01
2.659082031250000000e+01 -1.034752750396728516e+01 -1.344720721244812012e+00 -2.946757897734642029e-02 -1.720490008592605591e-01 9.472674131393432617e-01 2.687287628650665283e-01
2.659275817871093750e+01 -1.050966739654541016e+01 -1.286265254020690918e+00 -4.010681435465812683e-02 -1.691451966762542725e-01 9.460397958755493164e-01 2.734777033329010010e-01
2.659918975830078125e+01 -1.066425800323486328e+01 -1.213097453117370605e+00 -5.178504809737205505e-02 -1.657678335905075073e-01 9.445615410804748535e-01 2.786449491977691650e-01
2.660933494567871094e+01 -1.081331729888916016e+01 -1.132972359657287598e+00 -6.387820839881896973e-02 -1.599523723125457764e-01 9.431272745132446289e-01 2.843336462974548340e-01
2.662248039245605469e+01 -1.095925045013427734e+01 -1.050509333610534668e+00 -7.671306282281875610e-02 -1.530023366212844849e-01 9.414461255073547363e-01 2.904902696609497070e-01
2.663834381103515625e+01 -1.110389232635498047e+01 -9.688454866409301758e-01 -9.041060507297515869e-02 -1.455518305301666260e-01 9.393632411956787109e-01 2.970474362373352051e-01
2.665678596496582031e+01 -1.124888420104980469e+01 -8.909759521484375000e-01 -1.048244982957839966e-01 -1.376741230487823486e-01 9.368495345115661621e-01 3.039252758026123047e-01
2.667776298522949219e+01 -1.139570426940917969e+01 -8.200954794883728027e-01 -1.197862327098846436e-01 -1.294561773538589478e-01 9.338895678520202637e-01 3.110347688198089600e-01
2.670133781433105469e+01 -1.154569149017333984e+01 -7.603112459182739258e-01 -1.351275891065597534e-01 -1.209877431392669678e-01 9.304802417755126953e-01 3.182905316352844238e-01
2.672652816772460938e+01 -1.169771194458007812e+01 -7.104699611663818359e-01 -1.506808996200561523e-01 -1.123600155115127563e-01 9.266326427459716797e-01 3.256108760833740234e-01
2.675264167785644531e+01 -1.185113143920898438e+01 -6.702987551689147949e-01 -1.662801653146743774e-01 -1.036667823791503906e-01 9.223715662956237793e-01 3.329184055328369141e-01
2.677893829345703125e+01 -1.200545120239257812e+01 -6.397915482521057129e-01 -1.817614138126373291e-01 -9.500418603420257568e-02 9.177368879318237305e-01 3.401408791542053223e-01
2.680451583862304688e+01 -1.216032791137695312e+01 -6.199771165847778320e-01 -1.969633996486663818e-01 -8.646919578313827515e-02 9.127830266952514648e-01 3.472111821174621582e-01
2.682785987854003906e+01 -1.231534767150878906e+01 -6.131939291954040527e-01 -2.117283046245574951e-01 -7.816016674041748047e-02 9.075778126716613770e-01 3.540685772895812988e-01
2.684684753417968750e+01 -1.246947574615478516e+01 -6.212810873985290527e-01 -2.259018272161483765e-01 -7.017669081687927246e-02 9.022033810615539551e-01 3.606559336185455322e-01
2.685799026489257812e+01 -1.262138080596923828e+01 -6.453533768653869629e-01 -2.393334060907363892e-01 -6.261780858039855957e-02 8.967530727386474609e-01 3.669228553771972656e-01
2.686096954345703125e+01 -1.277114486694335938e+01 -6.756094098091125488e-01 -2.518769502639770508e-01 -5.558341741561889648e-02 8.913311362266540527e-01 3.728235661983489990e-01
2.685906982421875000e+01 -1.291993331909179688e+01 -7.036102414131164551e-01 -2.633898854255676270e-01 -4.917358607053756714e-02 8.860499262809753418e-01 3.783162832260131836e-01
2.685453796386718750e+01 -1.306817245483398438e+01 -7.261654734611511230e-01 -2.737329900264739990e-01 -4.348696768283843994e-02 8.810288906097412109e-01 3.833630084991455078e-01
2.684878349304199219e+01 -1.321575736999511719e+01 -7.426837086677551270e-01 -2.827698588371276855e-01 -3.862253576517105103e-02 8.763909339904785156e-01 3.879282474517822266e-01
2.684260940551757812e+01 -1.336240005493164062e+01 -7.539608478546142578e-01 -2.903660237789154053e-01 -3.467845916748046875e-02 8.722602128982543945e-01 3.919781446456909180e-01
2.683653259277343750e+01 -1.350781822204589844e+01 -7.623226642608642578e-01 -2.963873744010925293e-01 -3.175243735313415527e-02 8.687592148780822754e-01 3.954790234565734863e-01
2.683063507080078125e+01 -1.365190887451171875e+01 -7.689022421836853027e-01 -3.006991446018218994e-01 -2.994155883789062500e-02 8.660050630569458008e-01 3.983951210975646973e-01
2.682521247863769531e+01 -1.379466438293457031e+01 -7.736279368400573730e-01 -3.029657900333404541e-01 -2.945826202630996704e-02 8.641420006752014160e-01 4.007524549961090088e-01
2.682027053833007812e+01 -1.393597984313964844e+01 -7.774609327316284180e-01 -3.036412596702575684e-01 -3.005221486091613770e-02 8.631581068038940430e-01 4.023143351078033447e-01
2.681569290161132812e+01 -1.407965183258056641e+01 -7.809677124023437500e-01 -3.015417754650115967e-01 -3.108809888362884521e-02 8.632586002349853516e-01 4.035970568656921387e-01
2.681187248229980469e+01 -1.422560119628906250e+01 -7.837514877319335938e-01 -2.975563406944274902e-01 -3.368592262268066406e-02 8.643269538879394531e-01 4.040599167346954346e-01
2.680820274353027344e+01 -1.436861419677734375e+01 -7.862289547920227051e-01 -2.917994856834411621e-01 -3.772079944610595703e-02 8.662894368171691895e-01 4.036988317966461182e-01
2.680569839477539062e+01 -1.450871658325195312e+01 -7.882366776466369629e-01 -2.843720316886901855e-01 -4.305049031972885132e-02 8.690577149391174316e-01 4.025143384933471680e-01
2.680326080322265625e+01 -1.464588737487792969e+01 -7.900970578193664551e-01 -2.753649055957794189e-01 -4.952014982700347900e-02 8.725331425666809082e-01 4.005093574523925781e-01
2.680185890197753906e+01 -1.478014469146728516e+01 -7.918365597724914551e-01 -2.648637294769287109e-01 -5.696624517440795898e-02 8.766105175018310547e-01 3.976882994174957275e-01
2.680075645446777344e+01 -1.491149139404296875e+01 -7.934930324554443359e-01 -2.529525160789489746e-01 -6.522018462419509888e-02 8.811816573143005371e-01 3.940559029579162598e-01
2.680010223388671875e+01 -1.503992748260498047e+01 -7.951666116714477539e-01 -2.397166192531585693e-01 -7.411179691553115845e-02 8.861392736434936523e-01 3.896159529685974121e-01
2.680039978027343750e+01 -1.516545867919921875e+01 -7.969372272491455078e-01 -2.252458631992340088e-01 -8.347149938344955444e-02 8.913781642913818359e-01 3.843718767166137695e-01
2.680057525634765625e+01 -1.528809928894042969e+01 -7.986730933189392090e-01 -2.096365094184875488e-01 -9.313296526670455933e-02 8.967987298965454102e-01 3.783264160156250000e-01
2.680174827575683594e+01 -1.540782546997070312e+01 -8.006628155708312988e-01 -1.929924041032791138e-01 -1.029349565505981445e-01 9.023079872131347656e-01 3.714815080165863037e-01
2.680332183837890625e+01 -1.552465343475341797e+01 -8.027691245079040527e-01 -1.754257231950759888e-01 -1.127231866121292114e-01 9.078214168548583984e-01 3.638398945331573486e-01
2.680474090576171875e+01 -1.563859367370605469e+01 -8.048714995384216309e-01 -1.570441126823425293e-01 -1.223167181015014648e-01 9.132684469223022461e-01 3.554103672504425049e-01
2.680696296691894531e+01 -1.574960899353027344e+01 -8.073016405105590820e-01 -1.379443556070327759e-01 -1.314879059791564941e-01 9.185966849327087402e-01 3.462113738059997559e-01
2.680943298339843750e+01 -1.585772228240966797e+01 -8.098434209823608398e-01 -1.183482185006141663e-01 -1.403280943632125854e-01 9.237210750579833984e-01 3.362157046794891357e-01
2.681168937683105469e+01 -1.596295261383056641e+01 -8.123562335968017578e-01 -9.839431196451187134e-02 -1.487154960632324219e-01 9.285947084426879883e-01 3.254444599151611328e-01
2.681411743164062500e+01 -1.606528472900390625e+01 -8.149996995925903320e-01 -7.822398841381072998e-02 -1.565307676792144775e-01 9.331830143928527832e-01 3.139243423938751221e-01
2.681712341308593750e+01 -1.616469192504882812e+01 -8.179412484169006348e-01 -5.798009037971496582e-02 -1.636570394039154053e-01 9.374641180038452148e-01 3.016879558563232422e-01
2.681985855102539062e+01 -1.626122856140136719e+01 -8.208630084991455078e-01 -3.780667483806610107e-02 -1.699813306331634521e-01 9.414284229278564453e-01 2.887725532054901123e-01
2.682232093811035156e+01 -1.635488891601562500e+01 -8.237752914428710938e-01 -1.784727349877357483e-02 -1.753934025764465332e-01 9.450781941413879395e-01 2.752195000648498535e-01
2.682508087158203125e+01 -1.644564247131347656e+01 -8.269534111022949219e-01 1.771893352270126343e-03 -1.798133701086044312e-01 9.484208822250366211e-01 2.610781490802764893e-01
2.682801628112792969e+01 -1.653351211547851562e+01 -8.303304910659790039e-01 2.099359780550003052e-02 -1.832695305347442627e-01 9.514462947845458984e-01 2.464171200990676880e-01
2.683064079284667969e+01 -1.661855125427246094e+01 -8.336645364761352539e-01 3.977935016155242920e-02 -1.858181953430175781e-01 9.541410207748413086e-01 2.313095033168792725e-01
2.683296394348144531e+01 -1.670078086853027344e+01 -8.369427323341369629e-01 5.809118971228599548e-02 -1.875170320272445679e-01 9.564938545227050781e-01 2.158289998769760132e-01
2.683518981933593750e+01 -1.678020286560058594e+01 -8.402645587921142578e-01 7.589253783226013184e-02 -1.884253919124603271e-01 9.584967494010925293e-01 2.000500708818435669e-01
2.683783721923828125e+01 -1.685679435729980469e+01 -8.438870310783386230e-01 9.314825385808944702e-02 -1.886033117771148682e-01 9.601451158523559570e-01 1.840475350618362427e-01
2.684017753601074219e+01 -1.693063354492187500e+01 -8.474035263061523438e-01 1.098238080739974976e-01 -1.881122291088104248e-01 9.614381194114685059e-01 1.678963303565979004e-01
2.684290504455566406e+01 -1.701125717163085938e+01 -8.512023687362670898e-01 1.258866637945175171e-01 -1.870148181915283203e-01 9.623791575431823730e-01 1.516713201999664307e-01
2.684603500366210938e+01 -1.709868049621582031e+01 -8.552758693695068359e-01 1.413061618804931641e-01 -1.853750795125961304e-01 9.629758000373840332e-01 1.354483366012573242e-01
2.685038757324218750e+01 -1.719283485412597656e+01 -8.601015806198120117e-01 1.560525000095367432e-01 -1.832572668790817261e-01 9.632400274276733398e-01 1.193020939826965332e-01
2.685563087463378906e+01 -1.729376029968261719e+01 -8.654632568359375000e-01 1.700980961322784424e-01 -1.807259321212768555e-01 9.631887078285217285e-01 1.033068895339965820e-01
2.686141967773437500e+01 -1.740150451660156250e+01 -8.711340427398681641e-01 1.834169328212738037e-01 -1.778471618890762329e-01 9.628425836563110352e-01 8.753693103790283203e-02
2.686809539794921875e+01 -1.751603126525878906e+01 -8.773229718208312988e-01 1.959848552942276001e-01 -1.746867001056671143e-01 9.622271060943603516e-01 7.206514477729797363e-02
2.687664985656738281e+01 -1.763722419738769531e+01 -8.846783041954040527e-01 2.077793031930923462e-01 -1.713107675313949585e-01 9.613716602325439453e-01 5.696419626474380493e-02
2.688590431213378906e+01 -1.776522827148437500e+01 -8.923925757408142090e-01 2.187796533107757568e-01 -1.677853614091873169e-01 9.603091478347778320e-01 4.230505973100662231e-02
2.689665031433105469e+01 -1.789992904663085938e+01 -9.010204672813415527e-01 -2.289663851261138916e-01 1.641767024993896484e-01 -9.590764045715332031e-01 -2.815774455666542053e-02
2.690945434570312500e+01 -1.804124069213867188e+01 -9.109640121459960938e-01 -2.383219450712203979e-01 1.605502367019653320e-01 -9.577124714851379395e-01 -1.459111645817756653e-02
2.692313003540039062e+01 -1.818933486938476562e+01 -9.213336110115051270e-01 -2.468295693397521973e-01 1.569716632366180420e-01 -9.562593698501586914e-01 -1.672420650720596313e-03
2.694026756286621094e+01 -1.834374427795410156e+01 -9.341351389884948730e-01 -2.544733881950378418e-01 1.535059511661529541e-01 -9.547608494758605957e-01 1.053183525800704956e-02
2.695846939086914062e+01 -1.850489616394042969e+01 -9.474804401397705078e-01 -2.612392306327819824e-01 1.502176225185394287e-01 -9.532611370086669922e-01 2.195655554533004761e-02
2.697993087768554688e+01 -1.867225265502929688e+01 -9.633855819702148438e-01 -2.671018838882446289e-01 1.465081423521041870e-01 -9.519035220146179199e-01 3.273705393075942993e-02
2.700292968750000000e+01 -1.884622573852539062e+01 -9.802407622337341309e-01 -2.721149325370788574e-01 1.430277973413467407e-01 -9.506165385246276855e-01 4.271751642227172852e-02
2.702910041809082031e+01 -1.902640151977539062e+01 -9.995318651199340820e-01 -2.763375639915466309e-01 1.398012936115264893e-01 -9.494194388389587402e-01 5.192128196358680725e-02
2.705726432800292969e+01 -1.921302413940429688e+01 -1.020302653312683105e+00 -2.798280417919158936e-01 1.368457674980163574e-01 -9.483271241188049316e-01 6.037393957376480103e-02
2.708765029907226562e+01 -1.940602684020996094e+01 -1.042796611785888672e+00 -2.826436460018157959e-01 1.341715157032012939e-01 -9.473502635955810547e-01 6.810287386178970337e-02
2.712035179138183594e+01 -1.960530853271484375e+01 -1.067445993423461914e+00 -2.848402857780456543e-01 1.317825913429260254e-01 -9.464954137802124023e-01 7.513745129108428955e-02
2.715457916259765625e+01 -1.981107902526855469e+01 -1.093562602996826172e+00 -2.864726781845092773e-01 1.296776682138442993e-01 -9.457660317420959473e-01 8.150838315486907959e-02
2.719011878967285156e+01 -2.002337074279785156e+01 -1.121125102043151855e+00 -2.875936925411224365e-01 1.278505623340606689e-01 -9.451621770858764648e-01 8.724857866764068604e-02
2.722645378112792969e+01 -2.024228096008300781e+01 -1.149968862533569336e+00 -2.882547080516815186e-01 1.262911558151245117e-01 -9.446815848350524902e-01 9.239207208156585693e-02
2.726247024536132812e+01 -2.046805763244628906e+01 -1.179635882377624512e+00 -2.885058522224426270e-01 1.249858289957046509e-01 -9.443193078041076660e-01 9.697389602661132812e-02
2.729759216308593750e+01 -2.070083045959472656e+01 -1.209644436836242676e+00 -2.883960008621215820e-01 1.239181160926818848e-01 -9.440682530403137207e-01 1.010301560163497925e-01
2.733248138427734375e+01 -2.094039916992187500e+01 -1.240616083145141602e+00 -2.879719436168670654e-01 1.230696067214012146e-01 -9.439200758934020996e-01 1.045975759625434875e-01
2.736809921264648438e+01 -2.118650436401367188e+01 -1.273410558700561523e+00 -2.872807979583740234e-01 1.224197596311569214e-01 -9.438648223876953125e-01 1.077139601111412048e-01
2.740564346313476562e+01 -2.143880844116210938e+01 -1.309087514877319336e+00 -2.863680124282836914e-01 1.219470724463462830e-01 -9.438911676406860352e-01 1.104164570569992065e-01
2.744659805297851562e+01 -2.169684982299804688e+01 -1.348942279815673828e+00 -2.852782309055328369e-01 1.216289848089218140e-01 -9.439870119094848633e-01 1.127433329820632935e-01
2.749276733398437500e+01 -2.195998573303222656e+01 -1.394541263580322266e+00 -2.840564846992492676e-01 1.214424073696136475e-01 -9.441397786140441895e-01 1.147323399782180786e-01
2.754632568359375000e+01 -2.222726249694824219e+01 -1.447751998901367188e+00 -2.827465832233428955e-01 1.213640645146369934e-01 -9.443364143371582031e-01 1.164214760065078735e-01
2.760984230041503906e+01 -2.249725723266601562e+01 -1.510762333869934082e+00 -2.813926637172698975e-01 1.213705092668533325e-01 -9.445629715919494629e-01 1.178481727838516235e-01
2.768625831604003906e+01 -2.276788330078125000e+01 -1.586046099662780762e+00 -2.800387144088745117e-01 1.214384138584136963e-01 -9.448058009147644043e-01 1.190500631928443909e-01
2.777652740478515625e+01 -2.303746986389160156e+01 -1.674947142601013184e+00 -2.787283062934875488e-01 1.215449571609497070e-01 -9.450512528419494629e-01 1.200639903545379639e-01
2.787542152404785156e+01 -2.329973030090332031e+01 -1.774809479713439941e+00 -2.774174213409423828e-01 1.210314482450485229e-01 -9.453690648078918457e-01 1.211129873991012573e-01
2.798005867004394531e+01 -2.355452537536621094e+01 -1.886472702026367188e+00 -2.761960625648498535e-01 1.205231398344039917e-01 -9.456725716590881348e-01 1.220378130674362183e-01
2.808493995666503906e+01 -2.379976081848144531e+01 -2.016735792160034180e+00 -2.750699222087860107e-01 1.200234591960906982e-01 -9.459576606750488281e-01 1.228623539209365845e-01
2.804624938964843750e+01 -2.384421348571777344e+01 -2.149297952651977539e+00 -2.740435600280761719e-01 1.195361018180847168e-01 -9.462195038795471191e-01 1.236109063029289246e-01
2.788564872741699219e+01 -2.359698867797851562e+01 -2.120789766311645508e+00 -2.731226980686187744e-01 1.190646216273307800e-01 -9.464540481567382812e-01 1.243077740073204041e-01
2.774489593505859375e+01 -2.333999633789062500e+01 -2.078938961029052734e+00 -2.723119556903839111e-01 1.186119467020034790e-01 -9.466562867164611816e-01 1.249773576855659485e-01
2.761819267272949219e+01 -2.307642936706542969e+01 -2.035646200180053711e+00 -2.716166675090789795e-01 1.181816905736923218e-01 -9.468215703964233398e-01 1.256435811519622803e-01
2.750694274902343750e+01 -2.280603790283203125e+01 -1.994382023811340332e+00 -2.710418701171875000e-01 1.177774667739868164e-01 -9.469452500343322754e-01 1.263307332992553711e-01
2.741489219665527344e+01 -2.252819061279296875e+01 -1.958175301551818848e+00 -2.705925107002258301e-01 1.174027025699615479e-01 -9.470223188400268555e-01 1.270629167556762695e-01
2.733775329589843750e+01 -2.224569702148437500e+01 -1.926235914230346680e+00 -2.702735066413879395e-01 1.170602589845657349e-01 -9.470478296279907227e-01 1.278644800186157227e-01
2.727271461486816406e+01 -2.196014022827148438e+01 -1.897940039634704590e+00 -2.700901925563812256e-01 1.167541295289993286e-01 -9.470167756080627441e-01 1.287593841552734375e-01
2.721704864501953125e+01 -2.167267990112304688e+01 -1.872631430625915527e+00 -2.700469195842742920e-01 1.164873540401458740e-01 -9.469237327575683594e-01 1.297717392444610596e-01
2.716832542419433594e+01 -2.138410568237304688e+01 -1.849690556526184082e+00 -2.701489925384521484e-01 1.162633597850799561e-01 -9.467632770538330078e-01 1.309258192777633667e-01
2.712453079223632812e+01 -2.109496116638183594e+01 -1.828575372695922852e+00 -2.704009413719177246e-01 1.160852164030075073e-01 -9.465298056602478027e-01 1.322455555200576782e-01
2.708408164978027344e+01 -2.080557823181152344e+01 -1.808839321136474609e+00 -2.708075046539306641e-01 1.159565448760986328e-01 -9.462171792984008789e-01 1.337549388408660889e-01
2.704601097106933594e+01 -2.051615715026855469e+01 -1.790277719497680664e+00 -2.713734507560729980e-01 1.158802434802055359e-01 -9.458191394805908203e-01 1.354779303073883057e-01
2.700897407531738281e+01 -2.022691154479980469e+01 -1.772479534149169922e+00 -2.721028923988342285e-01 1.158596724271774292e-01 -9.453291296958923340e-01 1.374385654926300049e-01
2.697276115417480469e+01 -1.993787574768066406e+01 -1.755516052246093750e+00 -2.730005681514739990e-01 1.158979386091232300e-01 -9.447398185729980469e-01 1.396606862545013428e-01
2.693727874755859375e+01 -1.964905929565429688e+01 -1.739418864250183105e+00 -2.740706205368041992e-01 1.159978732466697693e-01 -9.440433382987976074e-01 1.421681046485900879e-01
2.690279769897460938e+01 -1.936041450500488281e+01 -1.724752783775329590e+00 -2.753165960311889648e-01 1.161628365516662598e-01 -9.432319402694702148e-01 1.449843645095825195e-01
2.686895942687988281e+01 -1.907190704345703125e+01 -1.711907267570495605e+00 -2.764994502067565918e-01 1.148854941129684448e-01 -9.424854516983032227e-01 1.485608518123626709e-01
2.683574676513671875e+01 -1.878364181518554688e+01 -1.700293540954589844e+00 -2.777872979640960693e-01 1.134799867868423462e-01 -9.416530728340148926e-01 1.524662077426910400e-01
2.680348587036132812e+01 -1.849555587768554688e+01 -1.690592288970947266e+00 -2.791498005390167236e-01 1.119717508554458618e-01 -9.407473206520080566e-01 1.566269099712371826e-01
2.677226066589355469e+01 -1.820765113830566406e+01 -1.683129787445068359e+00 -2.805585861206054688e-01 1.103867143392562866e-01 -9.397821426391601562e-01 1.609694361686706543e-01
2.674175262451171875e+01 -1.791999626159667969e+01 -1.677240252494812012e+00 -2.819868326187133789e-01 1.087512522935867310e-01 -9.387720227241516113e-01 1.654197275638580322e-01
2.671244049072265625e+01 -1.763252830505371094e+01 -1.674052953720092773e+00 -2.834093272686004639e-01 1.070927828550338745e-01 -9.377330541610717773e-01 1.699023991823196411e-01
2.668438339233398438e+01 -1.734527969360351562e+01 -1.673799991607666016e+00 -2.848031520843505859e-01 1.054389327764511108e-01 -9.366827011108398438e-01 1.743422150611877441e-01
2.665727043151855469e+01 -1.705829620361328125e+01 -1.675721645355224609e+00 -2.861477136611938477e-01 1.038179472088813782e-01 -9.356393814086914062e-01 1.786628067493438721e-01
2.663176536560058594e+01 -1.677155876159667969e+01 -1.681498050689697266e+00 -2.874235212802886963e-01 1.022586971521377563e-01 -9.346227049827575684e-01 1.827874332666397095e-01
2.660757255554199219e+01 -1.648513221740722656e+01 -1.690228819847106934e+00 -2.886131405830383301e-01 1.007903814315795898e-01 -9.336539506912231445e-01 1.866390854120254517e-01
2.658441543579101562e+01 -1.619989013671875000e+01 -1.700958251953125000e+00 -2.897004187107086182e-01 9.944248199462890625e-02 -9.327547550201416016e-01 1.901403367519378662e-01
2.656252288818359375e+01 -1.591585540771484375e+01 -1.714118361473083496e+00 -2.906698286533355713e-01 9.824495017528533936e-02 -9.319481849670410156e-01 1.932135671377182007e-01
2.654186439514160156e+01 -1.563303470611572266e+01 -1.729418039321899414e+00 -2.915062904357910156e-01 9.722793102264404297e-02 -9.312574267387390137e-01 1.957811862230300903e-01
2.652206039428710938e+01 -1.535140705108642578e+01 -1.745906949043273926e+00 -2.921935319900512695e-01 9.642187505960464478e-02 -9.307061433792114258e-01 1.977662146091461182e-01
2.650311279296875000e+01 -1.507096672058105469e+01 -1.763451218605041504e+00 -2.927150130271911621e-01 9.585724771022796631e-02 -9.303179979324340820e-01 1.990921050310134888e-01
2.648506736755371094e+01 -1.479169273376464844e+01 -1.781843543052673340e+00 -2.930510044097900391e-01 9.556504338979721069e-02 -9.301156997680664062e-01 1.996825039386749268e-01
2.646766090393066406e+01 -1.451354789733886719e+01 -1.800250530242919922e+00 -2.931794822216033936e-01 9.557600319385528564e-02 -9.301212430000305176e-01 1.994622051715850830e-01
2.645070648193359375e+01 -1.423649883270263672e+01 -1.818056941032409668e+00 -2.930735051631927490e-01 9.592109173536300659e-02 -9.303554296493530273e-01 1.983577460050582886e-01
2.643402862548828125e+01 -1.396050834655761719e+01 -1.834475994110107422e+00 -2.927004396915435791e-01 9.663082659244537354e-02 -9.308361411094665527e-01 1.962976753711700439e-01
2.641730880737304688e+01 -1.368555831909179688e+01 -1.848693251609802246e+00 -2.920212745666503906e-01 9.773539751768112183e-02 -9.315795302391052246e-01 1.932119429111480713e-01
2.639921379089355469e+01 -1.341157722473144531e+01 -1.861503243446350098e+00 -2.898654639720916748e-01 9.369454532861709595e-02 -9.331650137901306152e-01 1.907943934202194214e-01
2.637989616394042969e+01 -1.313872241973876953e+01 -1.871546030044555664e+00 -2.872482240200042725e-01 8.923459798097610474e-02 -9.350541234016418457e-01 1.876150965690612793e-01
2.635877799987792969e+01 -1.286708927154541016e+01 -1.878648996353149414e+00 -2.842116355895996094e-01 8.440630137920379639e-02 -9.371965527534484863e-01 1.837438195943832397e-01
2.633537101745605469e+01 -1.259678459167480469e+01 -1.882864594459533691e+00 -2.807987630367279053e-01 7.925926148891448975e-02 -9.395419955253601074e-01 1.792505532503128052e-01
2.630938339233398438e+01 -1.232790660858154297e+01 -1.884473562240600586e+00 -2.770522236824035645e-01 7.384475320577621460e-02 -9.420412778854370117e-01 1.742051541805267334e-01
2.628078079223632812e+01 -1.206052589416503906e+01 -1.883918166160583496e+00 -2.730160057544708252e-01 6.821357458829879761e-02 -9.446464776992797852e-01 1.686781942844390869e-01
2.624973106384277344e+01 -1.179467487335205078e+01 -1.881708025932312012e+00 -2.687349319458007812e-01 6.241670250892639160e-02 -9.473124742507934570e-01 1.627412289381027222e-01
2.621652793884277344e+01 -1.153035449981689453e+01 -1.878291010856628418e+00 -2.642545402050018311e-01 5.650611221790313721e-02 -9.499972462654113770e-01 1.564663648605346680e-01
2.618144416809082031e+01 -1.126756095886230469e+01 -1.873934626579284668e+00 -2.596215009689331055e-01 5.053379386663436890e-02 -9.526621103286743164e-01 1.499259024858474731e-01
2.614413070678710938e+01 -1.100637054443359375e+01 -1.868645548820495605e+00 -2.548837065696716309e-01 4.455168172717094421e-02 -9.552721977233886719e-01 1.431937515735626221e-01
2.610501480102539062e+01 -1.074674797058105469e+01 -1.862724542617797852e+00 -2.500903010368347168e-01 3.861278295516967773e-02 -9.577964544296264648e-01 1.363442093133926392e-01
2.606422233581542969e+01 -1.048868656158447266e+01 -1.856281995773315430e+00 -2.452913522720336914e-01 3.276954963803291321e-02 -9.602085947990417480e-01 1.294516772031784058e-01
2.602176284790039062e+01 -1.023220062255859375e+01 -1.849372506141662598e+00 -2.405380308628082275e-01 2.707512676715850830e-02 -9.624860882759094238e-01 1.225920990109443665e-01
2.597737693786621094e+01 -9.977346420288085938e+00 -1.841997385025024414e+00 -2.358827441930770874e-01 2.158282510936260223e-02 -9.646109938621520996e-01 1.158408746123313904e-01
2.593041419982910156e+01 -9.724273681640625000e+00 -1.834136605262756348e+00 -2.313788384199142456e-01 1.634525507688522339e-02 -9.665690660476684570e-01 1.092745736241340637e-01
2.588138389587402344e+01 -9.472904205322265625e+00 -1.825935363769531250e+00 -2.270804047584533691e-01 1.141604781150817871e-02 -9.683498144149780273e-01 1.029699742794036865e-01
2.583007812500000000e+01 -9.223294258117675781e+00 -1.817403793334960938e+00 -2.230416834354400635e-01 6.847796961665153503e-03 -9.699463248252868652e-01 9.700373560190200806e-02
2.577610778808593750e+01 -8.975545883178710938e+00 -1.808558344841003418e+00 -2.193181365728378296e-01 2.693627029657363892e-03 -9.713539481163024902e-01 9.145262092351913452e-02
2.571650123596191406e+01 -8.730395317077636719e+00 -1.799542546272277832e+00 -2.159650474786758423e-01 -9.933896362781524658e-04 -9.725708961486816406e-01 8.639337122440338135e-02
2.565014076232910156e+01 -8.488309860229492188e+00 -1.790576457977294922e+00 -2.130384445190429688e-01 -4.160655662417411804e-03 -9.735959768295288086e-01 8.190312981605529785e-02
2.557588005065917969e+01 -8.249865531921386719e+00 -1.781817555427551270e+00 -2.105797231197357178e-01 -6.771196611225605011e-03 -9.744330644607543945e-01 7.804130762815475464e-02
2.549222564697265625e+01 -8.015879631042480469e+00 -1.773463726043701172e+00 -2.085752040147781372e-01 -8.849807083606719971e-03 -9.751016497611999512e-01 7.479903846979141235e-02
2.539773941040039062e+01 -7.787338733673095703e+00 -1.765729665756225586e+00 -2.069958001375198364e-01 -1.043732836842536926e-02 -9.756218791007995605e-01 7.215088605880737305e-02
2.529072189331054688e+01 -7.565613269805908203e+00 -1.758875727653503418e+00 -2.058122903108596802e-01 -1.157388091087341309e-02 -9.760109186172485352e-01 7.007004320621490479e-02
2.516759490966796875e+01 -7.353790760040283203e+00 -1.753401398658752441e+00 -2.049950063228607178e-01 -1.230023242533206940e-02 -9.762833118438720703e-01 6.853022426366806030e-02
2.503087043762207031e+01 -7.152052402496337891e+00 -1.749272465705871582e+00 -2.045129090547561646e-01 -1.265671104192733765e-02 -9.764513969421386719e-01 6.750456988811492920e-02
2.488108825683593750e+01 -6.961397647857666016e+00 -1.746586561203002930e+00 -2.043356299400329590e-01 -1.268431823700666428e-02 -9.765252470970153809e-01 6.696638464927673340e-02
2.472004890441894531e+01 -6.781569004058837891e+00 -1.745213270187377930e+00 -2.044313400983810425e-01 -1.242296863347291946e-02 -9.765138030052185059e-01 6.688845902681350708e-02
2.454973602294921875e+01 -6.611912727355957031e+00 -1.744946837425231934e+00 -2.047693431377410889e-01 -1.191376894712448120e-02 -9.764249920845031738e-01 6.724415719509124756e-02
2.437417602539062500e+01 -6.459111213684082031e+00 -1.745861172676086426e+00 -2.053175121545791626e-01 -1.119641494005918503e-02 -9.762655496597290039e-01 6.800592690706253052e-02
2.419909095764160156e+01 -6.317773342132568359e+00 -1.747266173362731934e+00 -2.060441374778747559e-01 -1.031206548213958740e-02 -9.760420918464660645e-01 6.914696842432022095e-02
2.402574157714843750e+01 -6.186529636383056641e+00 -1.749020099639892578e+00 -2.069178968667984009e-01 -9.300820529460906982e-03 -9.757604598999023438e-01 7.063996791839599609e-02
2.385300254821777344e+01 -6.067422866821289062e+00 -1.751209735870361328e+00 -2.079064548015594482e-01 -8.203166536986827850e-03 -9.754268527030944824e-01 7.245755195617675781e-02
2.368354034423828125e+01 -5.957260608673095703e+00 -1.753520131111145020e+00 -2.089783698320388794e-01 -7.059499621391296387e-03 -9.750472903251647949e-01 7.457274943590164185e-02
2.351847839355468750e+01 -5.854330539703369141e+00 -1.755870580673217773e+00 -2.101019471883773804e-01 -5.910551175475120544e-03 -9.746279716491699219e-01 7.695863395929336548e-02
2.335617065429687500e+01 -5.761712074279785156e+00 -1.758293151855468750e+00 -2.112450301647186279e-01 -4.796771332621574402e-03 -9.741756319999694824e-01 7.958760112524032593e-02
2.319964599609375000e+01 -5.674451351165771484e+00 -1.760614633560180664e+00 -2.123765796422958374e-01 -3.758429549634456635e-03 -9.736974239349365234e-01 8.243276923894882202e-02
2.304740333557128906e+01 -5.595326900482177734e+00 -1.762845158576965332e+00 -2.134646624326705933e-01 -2.836171537637710571e-03 -9.732009768486022949e-01 8.546710759401321411e-02
2.290102005004882812e+01 -5.521611690521240234e+00 -1.764928579330444336e+00 -2.144781202077865601e-01 -2.070376649498939514e-03 -9.726939797401428223e-01 8.866336941719055176e-02
2.275996780395507812e+01 -5.454366207122802734e+00 -1.766842007637023926e+00 -2.153857946395874023e-01 -1.501934602856636047e-03 -9.721849560737609863e-01 9.199448674917221069e-02
2.262501335144042969e+01 -5.392205715179443359e+00 -1.768681645393371582e+00 -2.161613404750823975e-01 -1.164792105555534363e-03 -9.716826081275939941e-01 9.542537480592727661e-02
2.249596595764160156e+01 -5.335597038269042969e+00 -1.770449757575988770e+00 -2.168000638484954834e-01 -1.068778336048126221e-03 -9.711940884590148926e-01 9.888727962970733643e-02
2.237351799011230469e+01 -5.283132076263427734e+00 -1.772195339202880859e+00 -2.173026353120803833e-01 -1.218166202306747437e-03 -9.707276821136474609e-01 1.023033484816551208e-01
2.225722312927246094e+01 -5.235904216766357422e+00 -1.773947715759277344e+00 -2.176696509122848511e-01 -1.616273075342178345e-03 -9.702919721603393555e-01 1.055969148874282837e-01
2.214648437500000000e+01 -5.190935611724853516e+00 -1.775686860084533691e+00 -2.179024964570999146e-01 -2.267152070999145508e-03 -9.698966741561889648e-01 1.086915805935859680e-01
2.204037284851074219e+01 -5.150583267211914062e+00 -1.777572631835937500e+00 -2.180016785860061646e-01 -3.174463286995887756e-03 -9.695518016815185547e-01 1.115098968148231506e-01
2.193988227844238281e+01 -5.112413406372070312e+00 -1.779451847076416016e+00 -2.179687023162841797e-01 -4.341956228017807007e-03 -9.692677259445190430e-01 1.139764040708541870e-01
2.184481811523437500e+01 -5.076975822448730469e+00 -1.781407713890075684e+00 -2.178045958280563354e-01 -5.773574113845825195e-03 -9.690554738044738770e-01 1.160141900181770325e-01
2.175505828857421875e+01 -5.044654846191406250e+00 -1.783498167991638184e+00 -2.175105363130569458e-01 -7.472785189747810364e-03 -9.689252376556396484e-01 1.175467222929000854e-01
2.167102432250976562e+01 -5.014337539672851562e+00 -1.785580396652221680e+00 -2.170879542827606201e-01 -9.443547576665878296e-03 -9.688869714736938477e-01 1.184973418712615967e-01
2.159263610839843750e+01 -4.986329078674316406e+00 -1.787739515304565430e+00 -2.165370583534240723e-01 -1.168973091989755630e-02 -9.689499735832214355e-01 1.187895759940147400e-01
2.151979255676269531e+01 -4.960944175720214844e+00 -1.790065288543701172e+00 -2.158587872982025146e-01 -1.421519648283720016e-02 -9.691216349601745605e-01 1.183468177914619446e-01
2.145276260375976562e+01 -4.937480926513671875e+00 -1.792378187179565430e+00 -2.150531560182571411e-01 -1.702379062771797180e-02 -9.694079160690307617e-01 1.170918419957160950e-01
2.139156150817871094e+01 -4.915935993194580078e+00 -1.794683218002319336e+00 -2.141196131706237793e-01 -2.011897787451744080e-02 -9.698117971420288086e-01 1.149474829435348511e-01
2.133616256713867188e+01 -4.896467685699462891e+00 -1.797078490257263184e+00 -2.130569517612457275e-01 -2.350469119846820831e-02 -9.703333973884582520e-01 1.118362396955490112e-01
2.128656196594238281e+01 -4.879127025604248047e+00 -1.799598336219787598e+00 -2.118630707263946533e-01 -2.718441933393478394e-02 -9.709685444831848145e-01 1.076797991991043091e-01
2.124286651611328125e+01 -4.863671302795410156e+00 -1.802099585533142090e+00 -2.105351835489273071e-01 -3.116198629140853882e-02 -9.717088341712951660e-01 1.024002879858016968e-01
2.120509719848632812e+01 -4.850105762481689453e+00 -1.804584980010986328e+00 -2.090688943862915039e-01 -3.544057533144950867e-02 -9.725398421287536621e-01 9.591860324144363403e-02
2.117327308654785156e+01 -4.838441848754882812e+00 -1.807058691978454590e+00 -2.074587643146514893e-01 -4.002339392900466919e-02 -9.734410047531127930e-01 8.815600723028182983e-02
2.114742088317871094e+01 -4.828692913055419922e+00 -1.809523224830627441e+00 -2.056974917650222778e-01 -4.491318762302398682e-02 -9.743844866752624512e-01 7.903331518173217773e-02
2.112754821777343750e+01 -4.820879459381103516e+00 -1.811974763870239258e+00 -2.037857770919799805e-01 -5.010204017162322998e-02 -9.753287434577941895e-01 6.851948797702789307e-02
2.111362075805664062e+01 -4.815028190612792969e+00 -1.814388990402221680e+00 -2.017619907855987549e-01 -5.554067343473434448e-02 -9.762088060379028320e-01 5.677644908428192139e-02
2.110558509826660156e+01 -4.811175823211669922e+00 -1.816779136657714844e+00 -1.996749043464660645e-01 -6.116932630538940430e-02 -9.769600033760070801e-01 4.401519149541854858e-02
2.110340118408203125e+01 -4.809331417083740234e+00 -1.819057822227478027e+00 -1.975751966238021851e-01 -6.692853569984436035e-02 -9.775260686874389648e-01 3.044904954731464386e-02
2.109381484985351562e+01 -4.805033683776855469e+00 -1.821610689163208008e+00 -1.955160647630691528e-01 -7.275903224945068359e-02 -9.778619408607482910e-01 1.629190146923065186e-02
2.107677268981933594e+01 -4.798293113708496094e+00 -1.824410080909729004e+00 1.935524791479110718e-01 7.860217243432998657e-02 9.779344797134399414e-01 -1.759101636707782745e-03
2.105222129821777344e+01 -4.789114475250244141e+00 -1.827431559562683105e+00 1.917430460453033447e-01 8.440011739730834961e-02 9.777237772941589355e-01 1.293340884149074554e-02
2.102010154724121094e+01 -4.777494430541992188e+00 -1.830650329589843750e+00 1.901478618383407593e-01 9.009607136249542236e-02 9.772238731384277344e-01 2.756930887699127197e-02
2.098036575317382812e+01 -4.763424873352050781e+00 -1.834045648574829102e+00 1.888305544853210449e-01 9.563436359167098999e-02 9.764419198036193848e-01 4.193279892206192017e-02
2.093295097351074219e+01 -4.746889591217041016e+00 -1.837597250938415527e+00 1.878561973571777344e-01 1.009606420993804932e-01 9.753986001014709473e-01 5.580892041325569153e-02
2.087781143188476562e+01 -4.727852344512939453e+00 -1.841306686401367188e+00 1.872923672199249268e-01 1.060219183564186096e-01 9.741262197494506836e-01 6.898405402898788452e-02
2.081499671936035156e+01 -4.706019878387451172e+00 -1.845516324043273926e+00 1.872086524963378906e-01 1.107665449380874634e-01 9.726678133010864258e-01 8.124580979347229004e-02
2.074435997009277344e+01 -4.681607246398925781e+00 -1.849879384040832520e+00 1.876756846904754639e-01 1.151440665125846863e-01 9.710741639137268066e-01 9.238383173942565918e-02
2.066584396362304688e+01 -4.654578685760498047e+00 -1.854381322860717773e+00 1.887653023004531860e-01 1.191049292683601379e-01 9.694013595581054688e-01 1.021891534328460693e-01
2.057941627502441406e+01 -4.624919891357421875e+00 -1.859352350234985352e+00 1.905500590801239014e-01 1.226005628705024719e-01 9.677083492279052734e-01 1.104542464017868042e-01
2.048502159118652344e+01 -4.592592239379882812e+00 -1.864720463752746582e+00 1.931026279926300049e-01 1.255823969841003418e-01 9.660526514053344727e-01 1.169724613428115845e-01
2.038261222839355469e+01 -4.557542800903320312e+00 -1.870231032371520996e+00 1.964949667453765869e-01 1.280018538236618042e-01 9.644863605499267578e-01 1.215374171733856201e-01
2.027198600769042969e+01 -4.520299434661865234e+00 -1.876610994338989258e+00 2.007980495691299438e-01 1.298093199729919434e-01 9.630513191223144531e-01 1.239424198865890503e-01
2.015323257446289062e+01 -4.480356216430664062e+00 -1.883194208145141602e+00 2.060806304216384888e-01 1.309540420770645142e-01 9.617749452590942383e-01 1.239790469408035278e-01
2.002603721618652344e+01 -4.438612461090087891e+00 -1.890615820884704590e+00 2.124088555574417114e-01 1.313826888799667358e-01 9.606632590293884277e-01 1.214375495910644531e-01
1.989052581787109375e+01 -4.394557476043701172e+00 -1.898463726043701172e+00 2.198093533515930176e-01 1.310573965311050415e-01 9.596916437149047852e-01 1.161879301071166992e-01
1.974635887145996094e+01 -4.349611759185791016e+00 -1.907411098480224609e+00 2.281667739152908325e-01 1.300086081027984619e-01 9.587912559509277344e-01 1.084303110837936401e-01
1.959389877319335938e+01 -4.302823066711425781e+00 -1.916900277137756348e+00 2.373278439044952393e-01 1.282831430435180664e-01 9.578762650489807129e-01 9.844747185707092285e-02
1.943253707885742188e+01 -4.256839275360107422e+00 -1.928016662597656250e+00 2.471370697021484375e-01 1.259282082319259644e-01 9.568588733673095703e-01 8.652326464653015137e-02
1.926263809204101562e+01 -4.210830211639404297e+00 -1.940237641334533691e+00 2.574396729469299316e-01 1.229915916919708252e-01 9.556552171707153320e-01 7.294471561908721924e-02
1.908414459228515625e+01 -4.165438652038574219e+00 -1.953786611557006836e+00 2.680813074111938477e-01 1.195235177874565125e-01 9.541920423507690430e-01 5.800089985132217407e-02
1.889647865295410156e+01 -4.124224662780761719e+00 -1.969720363616943359e+00 2.789105772972106934e-01 1.155764386057853699e-01 9.524117112159729004e-01 4.198545962572097778e-02
1.869999313354492188e+01 -4.086988925933837891e+00 -1.987793207168579102e+00 2.897807061672210693e-01 1.112062409520149231e-01 9.502765536308288574e-01 2.519417181611061096e-02
1.849474334716796875e+01 -4.054708003997802734e+00 -2.008068084716796875e+00 3.005501031875610352e-01 1.064718365669250488e-01 9.477713108062744141e-01 7.925596088171005249e-03
1.828084754943847656e+01 -4.028545856475830078e+00 -2.030508279800415039e+00 3.110847473144531250e-01 1.014353334903717041e-01 9.449054598808288574e-01 -9.520141407847404480e-03
1.805847930908203125e+01 -4.009641170501708984e+00 -2.054885149002075195e+00 3.212571442127227783e-01 9.616214036941528320e-02 9.417144656181335449e-01 -2.684267237782478333e-02
1.782788848876953125e+01 -3.999118566513061523e+00 -2.080755233764648438e+00 -3.309489786624908447e-01 -9.072011709213256836e-02 -9.382587075233459473e-01 4.374230653047561646e-02
1.758937263488769531e+01 -3.998107910156250000e+00 -2.107425212860107422e+00 -3.400503695011138916e-01 -8.517952263355255127e-02 -9.346225857734680176e-01 5.992162972688674927e-02
1.735968780517578125e+01 -4.006703853607177734e+00 -2.132003068923950195e+00 -3.484593629837036133e-01 -7.961230725049972534e-02 -9.309135079383850098e-01 7.508598268032073975e-02
1.713916969299316406e+01 -4.024148464202880859e+00 -2.153702259063720703e+00 -3.560822904109954834e-01 -7.409134507179260254e-02 -9.272565841674804688e-01 8.894413709640502930e-02
1.692068862915039062e+01 -4.050811290740966797e+00 -2.172419309616088867e+00 -3.628312051296234131e-01 -6.868986785411834717e-02 -9.237921833992004395e-01 1.012085005640983582e-01
1.670456886291503906e+01 -4.085955142974853516e+00 -2.187773466110229492e+00 -3.686239421367645264e-01 -6.348083168268203735e-02 -9.206698536872863770e-01 1.115948259830474854e-01
1.649085807800292969e+01 -4.127285003662109375e+00 -2.200530290603637695e+00 -3.733805119991302490e-01 -5.853646248579025269e-02 -9.180430769920349121e-01 1.198218613862991333e-01
1.627931594848632812e+01 -4.172074317932128906e+00 -2.211647987365722656e+00 -3.770204484462738037e-01 -5.392698943614959717e-02 -9.160621762275695801e-01 1.256085634231567383e-01
1.606941604614257812e+01 -4.217044353485107422e+00 -2.222263813018798828e+00 -3.794603347778320312e-01 -4.972114413976669312e-02 -9.148663282394409180e-01 1.286747008562088013e-01
1.586044788360595703e+01 -4.258094787597656250e+00 -2.233845233917236328e+00 -3.800139427185058594e-01 -4.588198289275169373e-02 -9.148119688034057617e-01 1.288530826568603516e-01
1.565193557739257812e+01 -4.291539669036865234e+00 -2.247724533081054688e+00 -3.804434239864349365e-01 -4.268204793334007263e-02 -9.151721000671386719e-01 1.260995566844940186e-01
1.544378662109375000e+01 -4.313712596893310547e+00 -2.265131235122680664e+00 -3.794336020946502686e-01 -3.992082178592681885e-02 -9.164490103721618652e-01 1.206543147563934326e-01
1.523643398284912109e+01 -4.323173522949218750e+00 -2.285554647445678711e+00 -3.771746456623077393e-01 -3.762354701757431030e-02 -9.184951186180114746e-01 1.126504614949226379e-01
1.503051471710205078e+01 -4.318413734436035156e+00 -2.307265043258666992e+00 -3.738822340965270996e-01 -3.581866621971130371e-02 -9.211302995681762695e-01 1.022156327962875366e-01
1.482662296295166016e+01 -4.301610469818115234e+00 -2.328344106674194336e+00 -3.696016669273376465e-01 -3.450967743992805481e-02 -9.242269992828369141e-01 8.948895335197448730e-02
1.462526321411132812e+01 -4.273168087005615234e+00 -2.347284555435180664e+00 -3.643746972084045410e-01 -3.369928523898124695e-02 -9.276468753814697266e-01 7.461026310920715332e-02
1.442692852020263672e+01 -4.233570098876953125e+00 -2.362664699554443359e+00 -3.582418859004974365e-01 -3.339027613401412964e-02 -9.312442541122436523e-01 5.772235244512557983e-02
1.423213195800781250e+01 -4.183385372161865234e+00 -2.373173236846923828e+00 -3.512432277202606201e-01 -3.358434513211250305e-02 -9.348698258399963379e-01 3.897035494446754456e-02
1.404160022735595703e+01 -4.122637271881103516e+00 -2.377211332321166992e+00 -3.434209525585174561e-01 -3.428286314010620117e-02 -9.383731484413146973e-01 1.850382797420024872e-02
1.385523986816406250e+01 -4.053991317749023438e+00 -2.375834941864013672e+00 3.348199427127838135e-01 3.548664227128028870e-02 9.416070580482482910e-01 3.522882238030433655e-03
1.367269229888916016e+01 -3.979644775390625000e+00 -2.370086669921875000e+00 3.254886567592620850e-01 3.719595074653625488e-02 9.444295167922973633e-01 2.695035189390182495e-02
1.349353218078613281e+01 -3.901245117187500000e+00 -2.360733509063720703e+00 3.154819905757904053e-01 3.941014409065246582e-02 9.467068910598754883e-01 5.161459371447563171e-02
1.331724548339843750e+01 -3.820231914520263672e+00 -2.348467350006103516e+00 3.048585951328277588e-01 4.212820157408714294e-02 9.483165144920349121e-01 7.734638452529907227e-02
1.314328193664550781e+01 -3.737855195999145508e+00 -2.333898305892944336e+00 2.936845421791076660e-01 4.534823074936866760e-02 9.491482973098754883e-01 1.039726138114929199e-01
1.297108936309814453e+01 -3.655203104019165039e+00 -2.317569017410278320e+00 2.820319533348083496e-01 4.906794428825378418e-02 9.491081833839416504e-01 1.313160657882690430e-01
1.280013370513916016e+01 -3.573228120803833008e+00 -2.299959659576416016e+00 2.699790000915527344e-01 5.328435450792312622e-02 9.481182694435119629e-01 1.591978371143341064e-01
1.263027191162109375e+01 -3.492044687271118164e+00 -2.281423330307006836e+00 2.576104998588562012e-01 5.799374729394912720e-02 9.461185336112976074e-01 1.874385774135589600e-01
1.246186542510986328e+01 -3.410723209381103516e+00 -2.262181282043457031e+00 2.450168877840042114e-01 6.319262087345123291e-02 9.430687427520751953e-01 2.158576995134353638e-01
1.229524135589599609e+01 -3.328425407409667969e+00 -2.242432832717895508e+00 2.322940975427627563e-01 6.887707114219665527e-02 9.389483928680419922e-01 2.442772984504699707e-01
1.213071727752685547e+01 -3.244402885437011719e+00 -2.222362041473388672e+00 2.195304632186889648e-01 7.503297924995422363e-02 9.337580800056457520e-01 2.725294828414916992e-01
1.196861648559570312e+01 -3.157994270324707031e+00 -2.202133178710937500e+00 2.067715674638748169e-01 8.160486817359924316e-02 9.275234937667846680e-01 3.004767894744873047e-01
1.180930423736572266e+01 -3.068540811538696289e+00 -2.181898117065429688e+00 1.940533816814422607e-01 8.852685987949371338e-02 9.202858209609985352e-01 3.279941380023956299e-01
1.165348243713378906e+01 -2.974957466125488281e+00 -2.161856651306152344e+00 1.814147233963012695e-01 9.573391824960708618e-02 9.121006131172180176e-01 3.549593687057495117e-01
1.150127124786376953e+01 -2.877276897430419922e+00 -2.142146587371826172e+00 1.688960194587707520e-01 1.031616628170013428e-01 9.030359983444213867e-01 3.812581002712249756e-01
1.135301876068115234e+01 -2.775215387344360352e+00 -2.122900247573852539e+00 1.565399467945098877e-01 1.107469350099563599e-01 8.931730985641479492e-01 4.067826867103576660e-01
1.120849609375000000e+01 -2.669300556182861328e+00 -2.104140281677246094e+00 1.443899273872375488e-01 1.184286773204803467e-01 8.826055526733398438e-01 4.314320385456085205e-01
1.106734371185302734e+01 -2.560219764709472656e+00 -2.085756778717041016e+00 1.323082149028778076e-01 1.257978826761245728e-01 8.714886903762817383e-01 4.551667869091033936e-01
1.092926979064941406e+01 -2.448548555374145508e+00 -2.067414522171020508e+00 1.196766346693038940e-01 1.316682547330856323e-01 8.601217865943908691e-01 4.780495166778564453e-01
1.079419803619384766e+01 -2.334276676177978516e+00 -2.049776554107666016e+00 1.075858846306800842e-01 1.380100399255752563e-01 8.483423590660095215e-01 4.996934235095977783e-01
1.066126155853271484e+01 -2.218512296676635742e+00 -2.032715320587158203e+00 9.610204398632049561e-02 1.447155177593231201e-01 8.362774252891540527e-01 5.200593471527099609e-01
1.052996158599853516e+01 -2.101837158203125000e+00 -2.016141891479492188e+00 8.527967333793640137e-02 1.516747325658798218e-01 8.240621089935302734e-01 5.391139984130859375e-01
1.040006065368652344e+01 -1.984511375427246094e+00 -2.000016212463378906e+00 7.516074925661087036e-02 1.587772369384765625e-01 8.118386268615722656e-01 5.568290352821350098e-01
1.027164649963378906e+01 -1.866426348686218262e+00 -1.984506487846374512e+00 6.577582657337188721e-02 1.659128665924072266e-01 7.997561693191528320e-01 5.731808543205261230e-01
1.014407348632812500e+01 -1.748290777206420898e+00 -1.969413995742797852e+00 5.714370310306549072e-02 1.729732453823089600e-01 7.879698276519775391e-01 5.881482958793640137e-01
1.001721286773681641e+01 -1.630235671997070312e+00 -1.954660296440124512e+00 4.927195236086845398e-02 1.798527389764785767e-01 7.766386270523071289e-01 6.017122268676757812e-01
9.891002655029296875e+00 -1.512301325798034668e+00 -1.940424442291259766e+00 4.215838015079498291e-02 1.864493489265441895e-01 7.659248709678649902e-01 6.138553023338317871e-01
9.765362739562988281e+00 -1.394573688507080078e+00 -1.926641821861267090e+00 3.579268604516983032e-02 1.926654577255249023e-01 7.559921145439147949e-01 6.245597004890441895e-01
9.640311241149902344e+00 -1.277038693428039551e+00 -1.913221359252929688e+00 3.015813231468200684e-02 1.984081864356994629e-01 7.470036745071411133e-01 6.338060498237609863e-01
9.515864372253417969e+00 -1.159631133079528809e+00 -1.900649666786193848e+00 2.523467689752578735e-02 2.035897970199584961e-01 7.391200661659240723e-01 6.415729522705078125e-01
9.392074584960937500e+00 -1.042358398437500000e+00 -1.888287663459777832e+00 2.047171443700790405e-02 2.075635641813278198e-01 7.326286435127258301e-01 6.478838920593261719e-01
9.268880844116210938e+00 -9.252977371215820312e-01 -1.876740097999572754e+00 1.640237122774124146e-02 2.110608816146850586e-01 7.273097038269042969e-01 6.528437137603759766e-01
9.146279335021972656e+00 -8.085354566574096680e-01 -1.865945339202880859e+00 1.293745636940002441e-02 2.141134589910507202e-01 7.230864763259887695e-01 6.566080451011657715e-01
9.024306297302246094e+00 -6.921105980873107910e-01 -1.855741262435913086e+00 9.987488389015197754e-03 2.167497426271438599e-01 7.198704481124877930e-01 6.593225002288818359e-01
8.900648117065429688e+00 -5.739901661872863770e-01 -1.846544742584228516e+00 7.462464272975921631e-03 2.189960181713104248e-01 7.175640463829040527e-01 6.611254215240478516e-01
8.775405883789062500e+00 -4.541769325733184814e-01 -1.837683677673339844e+00 5.272373557090759277e-03 2.208762466907501221e-01 7.160627245903015137e-01 6.621481776237487793e-01
8.648426055908203125e+00 -3.328262269496917725e-01 -1.830090641975402832e+00 3.326728940010070801e-03 2.224132567644119263e-01 7.152560353279113770e-01 6.625180244445800781e-01
8.519782066345214844e+00 -2.099539190530776978e-01 -1.823268055915832520e+00 1.535303890705108643e-03 2.236284911632537842e-01 7.150309681892395020e-01 6.623584032058715820e-01
8.389456748962402344e+00 -8.562133461236953735e-02 -1.817336082458496094e+00 -1.922473311424255371e-04 2.245429158210754395e-01 7.152711749076843262e-01 6.617910861968994141e-01
8.257267951965332031e+00 3.994842618703842163e-02 -1.813189983367919922e+00 -1.946419477462768555e-03 2.251768559217453003e-01 7.158597111701965332e-01 6.609360575675964355e-01
8.123323440551757812e+00 1.667735278606414795e-01 -1.809862017631530762e+00 -3.817498683929443359e-03 2.255504429340362549e-01 7.166780829429626465e-01 6.599127650260925293e-01
7.987448692321777344e+00 2.946229577064514160e-01 -1.807749629020690918e+00 -5.895823240280151367e-03 2.256837636232376099e-01 7.176079750061035156e-01 6.588405966758728027e-01
7.849359989166259766e+00 4.231220781803131104e-01 -1.806864261627197266e+00 -8.271858096122741699e-03 2.255969047546386719e-01 7.185307145118713379e-01 6.578382849693298340e-01
7.709202289581298828e+00 5.523595809936523438e-01 -1.806630492210388184e+00 -1.103577762842178345e-02 2.253096401691436768e-01 7.193275094032287598e-01 6.570249795913696289e-01
7.566858768463134766e+00 6.821554303169250488e-01 -1.807056903839111328e+00 -1.427786052227020264e-02 2.248418629169464111e-01 7.198785543441772461e-01 6.565189361572265625e-01
7.421683311462402344e+00 8.117218017578125000e-01 -1.808198451995849609e+00 -1.808837801218032837e-02 2.242129743099212646e-01 7.200636267662048340e-01 6.564370989799499512e-01
7.273999691009521484e+00 9.413515925407409668e-01 -1.809482097625732422e+00 -2.255730330944061279e-02 2.234418541193008423e-01 7.197597026824951172e-01 6.568948030471801758e-01
7.123686313629150391e+00 1.070849299430847168e+00 -1.810773849487304688e+00 -2.777463942766189575e-02 2.225463390350341797e-01 7.188406586647033691e-01 6.580044627189636230e-01
6.970491886138916016e+00 1.199864745140075684e+00 -1.811872243881225586e+00 -3.383011370897293091e-02 2.215431034564971924e-01 7.171758413314819336e-01 6.598735451698303223e-01
6.813826084136962891e+00 1.327610731124877930e+00 -1.812306523323059082e+00 -4.081293940544128418e-02 2.204467654228210449e-01 7.146283388137817383e-01 6.626039147377014160e-01
6.654055595397949219e+00 1.454457044601440430e+00 -1.811869144439697266e+00 -4.877043515443801880e-02 2.192674726247787476e-01 7.110921144485473633e-01 6.662517189979553223e-01
6.491228103637695312e+00 1.580489516258239746e+00 -1.810555934906005859e+00 -5.758345127105712891e-02 2.180038094520568848e-01 7.066111564636230469e-01 6.707154512405395508e-01
6.325449466705322266e+00 1.705879449844360352e+00 -1.808415174484252930e+00 -6.709092110395431519e-02 2.166524529457092285e-01 7.012692093849182129e-01 6.758563518524169922e-01
6.156592369079589844e+00 1.830486655235290527e+00 -1.805349349975585938e+00 -7.713133096694946289e-02 2.152111232280731201e-01 6.951547861099243164e-01 6.815384626388549805e-01
5.985161781311035156e+00 1.955020427703857422e+00 -1.801593303680419922e+00 -8.754298835992813110e-02 2.136793732643127441e-01 6.883612275123596191e-01 6.876308321952819824e-01
5.811381816864013672e+00 2.079838275909423828e+00 -1.797272562980651855e+00 -9.816460311412811279e-02 2.120591104030609131e-01 6.809897422790527344e-01 6.940082907676696777e-01
5.635380744934082031e+00 2.205171346664428711e+00 -1.792469739913940430e+00 -1.088351905345916748e-01 2.103544473648071289e-01 6.731498241424560547e-01 7.005534768104553223e-01
5.457276344299316406e+00 2.331220149993896484e+00 -1.787207245826721191e+00 -1.193948835134506226e-01 2.085724472999572754e-01 6.649594306945800781e-01 7.071571350097656250e-01
5.277335166931152344e+00 2.458400011062622070e+00 -1.781614303588867188e+00 -1.296850740909576416e-01 2.067228853702545166e-01 6.565456986427307129e-01 7.137193083763122559e-01
5.095721244812011719e+00 2.586966753005981445e+00 -1.775852322578430176e+00 -1.395488679409027100e-01 2.048183381557464600e-01 6.480439305305480957e-01 7.201490998268127441e-01
4.912513732910156250e+00 2.717052936553955078e+00 -1.769998073577880859e+00 -1.488312184810638428e-01 2.028739750385284424e-01 6.395977735519409180e-01 7.263650298118591309e-01
4.728028297424316406e+00 2.849102497100830078e+00 -1.764105200767517090e+00 -1.573792099952697754e-01 2.009073197841644287e-01 6.313583254814147949e-01 7.322940230369567871e-01
4.541234016418457031e+00 2.981687307357788086e+00 -1.757913470268249512e+00 -1.650420874357223511e-01 1.989380717277526855e-01 6.234825253486633301e-01 7.378714084625244141e-01
4.351939678192138672e+00 3.114508628845214844e+00 -1.751423358917236328e+00 -1.701518744230270386e-01 1.951412260532379150e-01 6.165288686752319336e-01 7.435457706451416016e-01
4.159333229064941406e+00 3.246381044387817383e+00 -1.744291663169860840e+00 -1.744521856307983398e-01 1.917493194341659546e-01 6.101439595222473145e-01 7.486807703971862793e-01
3.962431669235229492e+00 3.375715970993041992e+00 -1.736144661903381348e+00 -1.779967993497848511e-01 1.890908479690551758e-01 6.044576168060302734e-01 7.531220316886901855e-01
3.761677265167236328e+00 3.503006458282470703e+00 -1.727246999740600586e+00 -1.806205511093139648e-01 1.872238665819168091e-01 5.996567010879516602e-01 7.567926645278930664e-01
3.556357383728027344e+00 3.627020835876464844e+00 -1.717289686203002930e+00 -1.821676641702651978e-01 1.862018257379531860e-01 5.959182977676391602e-01 7.596217989921569824e-01
3.344647169113159180e+00 3.744063138961791992e+00 -1.705341458320617676e+00 -1.824975013732910156e-01 1.860775500535964966e-01 5.934027433395385742e-01 7.615398764610290527e-01
3.127924680709838867e+00 3.855923414230346680e+00 -1.692038536071777344e+00 -1.814922690391540527e-01 1.869064271450042725e-01 5.922481417655944824e-01 7.624753117561340332e-01
2.905959367752075195e+00 3.961887836456298828e+00 -1.677216768264770508e+00 -1.768045574426651001e-01 1.856735646724700928e-01 5.930534005165100098e-01 7.632516622543334961e-01
2.676201105117797852e+00 4.054821014404296875e+00 -1.659154057502746582e+00 -1.702131927013397217e-01 1.845771521329879761e-01 5.953397750854492188e-01 7.632359862327575684e-01
2.452003002166748047e+00 4.133502006530761719e+00 -1.639730215072631836e+00 -1.618879586458206177e-01 1.835959553718566895e-01 5.989553928375244141e-01 7.624547481536865234e-01
2.234583616256713867e+00 4.201150894165039062e+00 -1.619753360748291016e+00 -1.519978791475296021e-01 1.827066242694854736e-01 6.037423610687255859e-01 7.609272003173828125e-01
2.023493528366088867e+00 4.254286289215087891e+00 -1.598820447921752930e+00 -1.407120972871780396e-01 1.818850636482238770e-01 6.095396876335144043e-01 7.586694359779357910e-01
1.820729970932006836e+00 4.299266338348388672e+00 -1.578436851501464844e+00 -1.282014101743698120e-01 1.811073422431945801e-01 6.161858439445495605e-01 7.556980252265930176e-01
1.626552700996398926e+00 4.337474346160888672e+00 -1.558730721473693848e+00 -1.146381720900535583e-01 1.803501397371292114e-01 6.235203742980957031e-01 7.520333528518676758e-01
1.440844655036926270e+00 4.366885185241699219e+00 -1.539952993392944336e+00 -1.001974642276763916e-01 1.795917153358459473e-01 6.313872337341308594e-01 7.477014660835266113e-01
1.264571547508239746e+00 4.393644332885742188e+00 -1.522379398345947266e+00 -8.505705744028091431e-02 1.788122653961181641e-01 6.396350860595703125e-01 7.427370548248291016e-01
1.097138643264770508e+00 4.412940979003906250e+00 -1.506422400474548340e+00 -6.939733028411865234e-02 1.779943257570266724e-01 6.481208205223083496e-01 7.371848821640014648e-01
9.393712878227233887e-01 4.431194305419921875e+00 -1.491662621498107910e+00 -5.340103060007095337e-02 1.771231591701507568e-01 6.567092537879943848e-01 7.311009764671325684e-01
7.907922267913818359e-01 4.444270133972167969e+00 -1.479077458381652832e+00 -3.725308179855346680e-02 1.761870980262756348e-01 6.652759313583374023e-01 7.245537638664245605e-01
6.519299149513244629e-01 4.456765174865722656e+00 -1.467460632324218750e+00 -2.113981544971466064e-02 1.751777380704879761e-01 6.737070679664611816e-01 7.176243066787719727e-01
5.224694609642028809e-01 4.465939044952392578e+00 -1.458386182785034180e+00 -5.248174071311950684e-03 1.740896701812744141e-01 6.819005608558654785e-01 7.104061245918273926e-01
4.027343690395355225e-01 4.474380493164062500e+00 -1.450241684913635254e+00 1.023466140031814575e-02 1.729207932949066162e-01 6.897661089897155762e-01 7.030051946640014648e-01
2.926440238952636719e-01 4.481493473052978516e+00 -1.444033145904541016e+00 2.512199431657791138e-02 1.716720759868621826e-01 6.972256898880004883e-01 6.955386400222778320e-01
1.922448724508285522e-01 4.487402915954589844e+00 -1.439486980438232422e+00 3.922840952873229980e-02 1.703472137451171875e-01 7.042118906974792480e-01 6.881341934204101562e-01
1.016943305730819702e-01 4.492902755737304688e+00 -1.435380578041076660e+00 5.236985161900520325e-02 1.689523458480834961e-01 7.106682658195495605e-01 6.809280514717102051e-01
2.090454101562500000e-02 4.497580051422119141e+00 -1.433641076087951660e+00 6.436430662870407104e-02 1.674955040216445923e-01 7.165473699569702148e-01 6.740641593933105469e-01
-4.999999701976776123e-02 4.501675128936767578e+00 -1.432717561721801758e+00 7.503138482570648193e-02 1.659862697124481201e-01 7.218086719512939453e-01 6.676908135414123535e-01
-1.105017066001892090e-01 4.505458831787109375e+00 -1.430608510971069336e+00 8.070476353168487549e-02 1.605589389801025391e-01 7.273017168045043945e-01 6.623743772506713867e-01
-1.611132770776748657e-01 4.508698463439941406e+00 -1.428837299346923828e+00 8.572814613580703735e-02 1.558569371700286865e-01 7.320055365562438965e-01 6.576679944992065430e-01
-2.018530219793319702e-01 4.511299133300781250e+00 -1.428919911384582520e+00 9.009738266468048096e-02 1.518408358097076416e-01 7.360141873359680176e-01 6.535363197326660156e-01
-2.326818853616714478e-01 4.513426303863525391e+00 -1.429032921791076660e+00 9.382010251283645630e-02 1.484702527523040771e-01 7.394093871116638184e-01 6.499446630477905273e-01
-2.535912990570068359e-01 4.515107154846191406e+00 -1.429109454154968262e+00 9.691352397203445435e-02 1.457037329673767090e-01 7.422617673873901367e-01 6.468582153320312500e-01
-2.645776271820068359e-01 4.516360282897949219e+00 -1.429152131080627441e+00 9.940230846405029297e-02 1.434996873140335083e-01 7.446327209472656250e-01 6.442430615425109863e-01
-2.656396329402923584e-01 4.517202854156494141e+00 -1.429163455963134766e+00 1.013171225786209106e-01 1.418161690235137939e-01 7.465764880180358887e-01 6.420643329620361328e-01
-2.668078541755676270e-01 4.517881870269775391e+00 -1.429172039031982422e+00 1.026935130357742310e-01 1.406112909317016602e-01 7.481403946876525879e-01 6.402875781059265137e-01
-2.680834829807281494e-01 4.518413543701171875e+00 -1.429178118705749512e+00 1.035705581307411194e-01 1.398432403802871704e-01 7.493675947189331055e-01 6.388781666755676270e-01
-2.694665491580963135e-01 4.518814563751220703e+00 -1.429183363914489746e+00 1.039900779724121094e-01 1.394705623388290405e-01 7.502967119216918945e-01 6.378000974655151367e-01
-2.709582448005676270e-01 4.519098281860351562e+00 -1.429187536239624023e+00 1.039960533380508423e-01 1.394518613815307617e-01 7.509638071060180664e-01 6.370174884796142578e-01
-2.725610435009002686e-01 4.519280910491943359e+00 -1.429191231727600098e+00 1.036338135600090027e-01 1.397462785243988037e-01 7.514029741287231445e-01 6.364940404891967773e-01
-2.742761075496673584e-01 4.519376277923583984e+00 -1.429194331169128418e+00 1.029496267437934875e-01 1.403131932020187378e-01 7.516468763351440430e-01 6.361922025680541992e-01
-2.761047184467315674e-01 4.519400596618652344e+00 -1.429196476936340332e+00 1.019901186227798462e-01 1.411124467849731445e-01 7.517278790473937988e-01 6.360743045806884766e-01
-2.780517637729644775e-01 4.519365787506103516e+00 -1.429198622703552246e+00 1.008020490407943726e-01 1.421041190624237061e-01 7.516781091690063477e-01 6.361016631126403809e-01
-2.801184058189392090e-01 4.519289970397949219e+00 -1.429199218750000000e+00 9.943214058876037598e-02 1.432485729455947876e-01 7.515302300453186035e-01 6.362352967262268066e-01
-2.823058962821960449e-01 4.519186496734619141e+00 -1.429199457168579102e+00 9.792652726173400879e-02 1.445065736770629883e-01 7.513175010681152344e-01 6.364354491233825684e-01
-2.846191227436065674e-01 4.519071578979492188e+00 -1.429198861122131348e+00 9.633117914199829102e-02 1.458388864994049072e-01 7.510743737220764160e-01 6.366619467735290527e-01
-2.870593070983886719e-01 4.518960475921630859e+00 -1.429197669029235840e+00 9.469111263751983643e-02 1.472066640853881836e-01 7.508363723754882812e-01 6.368740797042846680e-01
-2.896301150321960449e-01 4.518869400024414062e+00 -1.429195880889892578e+00 9.305123239755630493e-02 1.485707610845565796e-01 7.506396770477294922e-01 6.370307803153991699e-01
-2.922692894935607910e-01 4.518831253051757812e+00 -1.429012775421142578e+00 9.095479547977447510e-02 1.493206918239593506e-01 7.506286501884460449e-01 6.371712088584899902e-01
-2.927453517913818359e-01 4.518762111663818359e+00 -1.428896784782409668e+00 8.909115195274353027e-02 1.502708494663238525e-01 7.506359815597534180e-01 6.372024416923522949e-01
-2.977319359779357910e-01 4.518810272216796875e+00 -1.428853750228881836e+00 8.741797506809234619e-02 1.513918191194534302e-01 7.506527900695800781e-01 6.371492147445678711e-01
-3.072216808795928955e-01 4.518967628479003906e+00 -1.428871750831604004e+00 8.589290082454681396e-02 1.526543796062469482e-01 7.506693601608276367e-01 6.370356678962707520e-01
-3.212121427059173584e-01 4.519232273101806641e+00 -1.428938508033752441e+00 8.447374403476715088e-02 1.540288925170898438e-01 7.506765723228454590e-01 6.368861198425292969e-01
-3.396948277950286865e-01 4.519594669342041016e+00 -1.429042339324951172e+00 8.311804383993148804e-02 1.554859578609466553e-01 7.506644725799560547e-01 6.367245912551879883e-01
-3.626672327518463135e-01 4.520051956176757812e+00 -1.429170489311218262e+00 8.178328722715377808e-02 1.569961905479431152e-01 7.506236433982849121e-01 6.365751028060913086e-01
-3.901123106479644775e-01 4.520610809326171875e+00 -1.429725646972656250e+00 8.042736351490020752e-02 1.585299968719482422e-01 7.505439519882202148e-01 6.364617943763732910e-01
-4.220092594623565674e-01 4.521285533905029297e+00 -1.431278347969055176e+00 7.900626957416534424e-02 1.600561738014221191e-01 7.504161596298217773e-01 6.364083886146545410e-01
-4.583593606948852539e-01 4.522052288055419922e+00 -1.432971119880676270e+00 7.735497504472732544e-02 1.614007502794265747e-01 7.502614259719848633e-01 6.364539861679077148e-01
-4.991821050643920898e-01 4.522892475128173828e+00 -1.434872984886169434e+00 7.565086334943771362e-02 1.627931743860244751e-01 7.500146031379699707e-01 6.365950107574462891e-01
-5.444799661636352539e-01 4.523800373077392578e+00 -1.436983942985534668e+00 7.388506829738616943e-02 1.642431914806365967e-01 7.496560811996459961e-01 6.368523836135864258e-01
-5.941613912582397461e-01 4.524905681610107422e+00 -1.440060973167419434e+00 7.184462994337081909e-02 1.655203402042388916e-01 7.492190003395080566e-01 6.372694969177246094e-01
-6.481445431709289551e-01 4.526356697082519531e+00 -1.445068597793579102e+00 6.947067379951477051e-02 1.665755510330200195e-01 7.486969232559204102e-01 6.378707885742187500e-01
-7.065551877021789551e-01 4.527899742126464844e+00 -1.450417399406433105e+00 6.677839159965515137e-02 1.674472093582153320e-01 7.480638623237609863e-01 6.386722922325134277e-01
-7.692931890487670898e-01 4.529735565185546875e+00 -1.456805348396301270e+00 6.372533738613128662e-02 1.681052595376968384e-01 7.473075389862060547e-01 6.396961212158203125e-01
-8.360778689384460449e-01 4.532453060150146484e+00 -1.466295480728149414e+00 6.026878580451011658e-02 1.685195565223693848e-01 7.464149594306945801e-01 6.409629583358764648e-01
-9.072460532188415527e-01 4.535317420959472656e+00 -1.476318359375000000e+00 5.636606365442276001e-02 1.686598062515258789e-01 7.453716397285461426e-01 6.424933671951293945e-01
-9.821227788925170898e-01 4.539803504943847656e+00 -1.490189433097839355e+00 5.197440087795257568e-02 1.684953123331069946e-01 7.441626787185668945e-01 6.443057656288146973e-01
-1.061204791069030762e+00 4.544819355010986328e+00 -1.505443692207336426e+00 4.705073311924934387e-02 1.679951548576354980e-01 7.427702546119689941e-01 6.464180350303649902e-01
-1.143579125404357910e+00 4.552424430847167969e+00 -1.525062203407287598e+00 4.156469926238059998e-02 1.671414971351623535e-01 7.411698698997497559e-01 6.488477587699890137e-01
-1.229827880859375000e+00 4.561333656311035156e+00 -1.546797394752502441e+00 3.553495928645133972e-02 1.659708172082901001e-01 7.393118143081665039e-01 6.516203284263610840e-01
-1.319056391716003418e+00 4.573658943176269531e+00 -1.572778582572937012e+00 2.899298816919326782e-02 1.645327657461166382e-01 7.371396422386169434e-01 6.547622680664062500e-01
-1.411390304565429688e+00 4.589270591735839844e+00 -1.601891756057739258e+00 2.197002619504928589e-02 1.628768891096115112e-01 7.345959544181823730e-01 6.582987308502197266e-01
-1.506754159927368164e+00 4.608361244201660156e+00 -1.634007811546325684e+00 1.449789106845855713e-02 1.610525548458099365e-01 7.316223978996276855e-01 6.622542738914489746e-01
-1.604200363159179688e+00 4.633289813995361328e+00 -1.669874548912048340e+00 6.608285009860992432e-03 1.591089665889739990e-01 7.281594872474670410e-01 6.666517257690429688e-01
-1.702794194221496582e+00 4.665768146514892578e+00 -1.709300756454467773e+00 -1.666769385337829590e-03 1.570949852466583252e-01 7.241469025611877441e-01 6.715129613876342773e-01
-1.802370548248291016e+00 4.705542564392089844e+00 -1.751670241355895996e+00 -1.029492914676666260e-02 1.550592631101608276e-01 7.195231318473815918e-01 6.768583059310913086e-01
-1.902255773544311523e+00 4.753468990325927734e+00 -1.796796798706054688e+00 -1.924370229244232178e-02 1.530502438545227051e-01 7.142254114151000977e-01 6.827059984207153320e-01
-2.001162052154541016e+00 4.811151504516601562e+00 -1.844397902488708496e+00 -2.847997844219207764e-02 1.511155962944030762e-01 7.081894874572753906e-01 6.890721917152404785e-01
-2.097314357757568359e+00 4.880117893218994141e+00 -1.893740773200988770e+00 -3.797070682048797607e-02 1.493028998374938965e-01 7.013497352600097656e-01 6.959708929061889648e-01
-2.191671133041381836e+00 4.958050251007080078e+00 -1.944270610809326172e+00 -4.768207669258117676e-02 1.476587951183319092e-01 6.936382055282592773e-01 7.034126520156860352e-01
-2.284213781356811523e+00 5.044561862945556641e+00 -1.995745778083801270e+00 -5.757995694875717163e-02 1.462292075157165527e-01 6.849851012229919434e-01 7.114049196243286133e-01
-2.373332500457763672e+00 5.140913963317871094e+00 -2.047528982162475586e+00 -6.762984395027160645e-02 1.450592130422592163e-01 6.753185391426086426e-01 7.199506163597106934e-01
-2.458837747573852539e+00 5.246442794799804688e+00 -2.099088907241821289e+00 -7.779635488986968994e-02 1.441924571990966797e-01 6.645634770393371582e-01 7.290484309196472168e-01
-2.543504476547241211e+00 5.358335018157958984e+00 -2.151017904281616211e+00 -8.804376423358917236e-02 1.436715275049209595e-01 6.526423692703247070e-01 7.386912703514099121e-01
-2.626309871673583984e+00 5.477391719818115234e+00 -2.202719688415527344e+00 -9.833547472953796387e-02 1.435371488332748413e-01 6.394745111465454102e-01 7.488655447959899902e-01
-2.708048105239868164e+00 5.602850914001464844e+00 -2.253923892974853516e+00 -1.086340770125389099e-01 1.438281089067459106e-01 6.249759197235107422e-01 7.595506310462951660e-01
-2.790230751037597656e+00 5.733457565307617188e+00 -2.305207490921020508e+00 -1.189012676477432251e-01 1.445810198783874512e-01 6.090593934059143066e-01 7.707175612449645996e-01
-2.872138500213623047e+00 5.869945049285888672e+00 -2.355653524398803711e+00 -1.290979534387588501e-01 1.458295583724975586e-01 5.916336178779602051e-01 7.823280096054077148e-01
-2.954432249069213867e+00 6.012033462524414062e+00 -2.404692411422729492e+00 -1.391738057136535645e-01 1.475914269685745239e-01 5.726435184478759766e-01 7.943090200424194336e-01
-3.037885665893554688e+00 6.159258365631103516e+00 -2.452433347702026367e+00 -1.490393280982971191e-01 1.498292088508605957e-01 5.521922707557678223e-01 8.064875006675720215e-01
-3.122651338577270508e+00 6.311889648437500000e+00 -2.497844696044921875e+00 -1.585969626903533936e-01 1.524936258792877197e-01 5.304350256919860840e-01 8.186766505241394043e-01
-3.209291934967041016e+00 6.470174312591552734e+00 -2.538913011550903320e+00 -1.677507758140563965e-01 1.555379927158355713e-01 5.075411200523376465e-01 8.307043313980102539e-01
-3.299255371093750000e+00 6.634223461151123047e+00 -2.570955753326416016e+00 -1.764091849327087402e-01 1.589176356792449951e-01 4.836955070495605469e-01 8.424153327941894531e-01
-3.395581007003784180e+00 6.802981853485107422e+00 -2.583717584609985352e+00 -1.844842433929443359e-01 1.625906527042388916e-01 4.590981304645538330e-01 8.536736965179443359e-01
-3.502994298934936523e+00 6.970415592193603516e+00 -2.564306020736694336e+00 -1.918924450874328613e-01 1.665193587541580200e-01 4.339614808559417725e-01 8.643644452095031738e-01
-3.627989530563354492e+00 7.126029014587402344e+00 -2.513108968734741211e+00 -1.985568106174468994e-01 1.706689745187759399e-01 4.085110127925872803e-01 8.743946552276611328e-01
-3.769957304000854492e+00 7.274406433105468750e+00 -2.462744712829589844e+00 -2.044053971767425537e-01 1.750090569257736206e-01 3.829833865165710449e-01 8.836934566497802734e-01
-3.920803070068359375e+00 7.423575878143310547e+00 -2.431074142456054688e+00 -2.093727886676788330e-01 1.795131117105484009e-01 3.576227724552154541e-01 8.922129273414611816e-01
-4.074771404266357422e+00 7.576037883758544922e+00 -2.411810159683227539e+00 -2.133996486663818359e-01 1.841592639684677124e-01 3.326814770698547363e-01 8.999271988868713379e-01
-4.229322433471679688e+00 7.732666015625000000e+00 -2.397842884063720703e+00 -2.164326906204223633e-01 1.889294683933258057e-01 3.084156513214111328e-01 9.068310260772705078e-01
-4.383212566375732422e+00 7.894089221954345703e+00 -2.385280132293701172e+00 -2.184229493141174316e-01 1.938105672597885132e-01 2.850832343101501465e-01 9.129382371902465820e-01
-4.535540580749511719e+00 8.060799598693847656e+00 -2.371918916702270508e+00 -2.193269729614257812e-01 1.987931430339813232e-01 2.629439830780029297e-01 9.182795882225036621e-01
-4.685311317443847656e+00 8.233028411865234375e+00 -2.356617450714111328e+00 -2.156990319490432739e-01 2.047632336616516113e-01 2.415025085210800171e-01 9.237003326416015625e-01
-4.832378864288330078e+00 8.413221359252929688e+00 -2.336753606796264648e+00 -2.114493399858474731e-01 2.105459868907928467e-01 2.218572348356246948e-01 9.282989501953125000e-01
-4.975002288818359375e+00 8.602043151855468750e+00 -2.310298919677734375e+00 -2.076283544301986694e-01 2.159601897001266479e-01 2.045188546180725098e-01 9.318925142288208008e-01
-5.110973834991455078e+00 8.799986839294433594e+00 -2.275144100189208984e+00 -2.043352723121643066e-01 2.210852652788162231e-01 1.897898614406585693e-01 9.345310330390930176e-01
-5.240284442901611328e+00 9.006275177001953125e+00 -2.231528997421264648e+00 -2.016671299934387207e-01 2.259810864925384521e-01 1.779707670211791992e-01 9.362635016441345215e-01
-5.363525390625000000e+00 9.219992637634277344e+00 -2.180171966552734375e+00 -1.997230052947998047e-01 2.306769937276840210e-01 1.693609952926635742e-01 9.371315836906433105e-01
-5.482375144958496094e+00 9.439494132995605469e+00 -2.123069524765014648e+00 -1.916571557521820068e-01 2.330318987369537354e-01 1.620702147483825684e-01 9.395195245742797852e-01
-5.597204685211181641e+00 9.664700508117675781e+00 -2.060036659240722656e+00 -1.823150068521499634e-01 2.349851727485656738e-01 1.575530469417572021e-01 9.416582584381103516e-01
-5.709228515625000000e+00 9.894964218139648438e+00 -1.991691827774047852e+00 -1.718010157346725464e-01 2.366064637899398804e-01 1.557299494743347168e-01 9.435306191444396973e-01
-5.820109844207763672e+00 1.012951660156250000e+01 -1.918522953987121582e+00 -1.602130979299545288e-01 2.379918843507766724e-01 1.565194129943847656e-01 9.450890421867370605e-01
-5.932890415191650391e+00 1.036738014221191406e+01 -1.842035531997680664e+00 -1.476506292819976807e-01 2.392582744359970093e-01 1.598321497440338135e-01 9.462602138519287109e-01
-6.048571586608886719e+00 1.060853767395019531e+01 -1.763513445854187012e+00 -1.342203617095947266e-01 2.405385076999664307e-01 1.655635833740234375e-01 9.469502568244934082e-01
-6.163942813873291016e+00 1.085531997680664062e+01 -1.685203194618225098e+00 -1.200471371412277222e-01 2.419736236333847046e-01 1.735880225896835327e-01 9.470505118370056152e-01
-6.272131443023681641e+00 1.111229228973388672e+01 -1.611952781677246094e+00 -1.052795499563217163e-01 2.437062710523605347e-01 1.837525814771652222e-01 9.464451670646667480e-01
-6.361276626586914062e+00 1.138526916503906250e+01 -1.552122116088867188e+00 -9.009574353694915771e-02 2.458703219890594482e-01 1.958733797073364258e-01 9.450207352638244629e-01
-6.416223049163818359e+00 1.152504730224609375e+01 -1.509878754615783691e+00 -7.470560073852539062e-02 2.485813796520233154e-01 2.097346931695938110e-01 9.426758289337158203e-01
-6.401813983917236328e+00 1.123555183410644531e+01 -1.513468265533447266e+00 -5.934954062104225159e-02 2.519245743751525879e-01 2.250918895006179810e-01 9.393323659896850586e-01
-6.384333133697509766e+00 1.095503807067871094e+01 -1.520911574363708496e+00 -4.429253935813903809e-02 2.559461295604705811e-01 2.416784316301345825e-01 9.349445104598999023e-01
-6.366730690002441406e+00 1.068341064453125000e+01 -1.528836369514465332e+00 -2.981358766555786133e-02 2.606456279754638672e-01 2.592166066169738770e-01 9.295062422752380371e-01
-6.348908424377441406e+00 1.041262149810791016e+01 -1.537193298339843750e+00 -1.619330793619155884e-02 2.659730911254882812e-01 2.774307727813720703e-01 9.230536818504333496e-01
-6.331081390380859375e+00 1.014261817932128906e+01 -1.545435190200805664e+00 -3.699608147144317627e-03 2.718293964862823486e-01 2.960625886917114258e-01 9.156648516654968262e-01
-6.313322544097900391e+00 9.873352050781250000e+00 -1.553415536880493164e+00 7.424898445606231689e-03 2.780730426311492920e-01 3.148832321166992188e-01 9.074518680572509766e-01
-6.295868873596191406e+00 9.604762077331542969e+00 -1.561159610748291016e+00 1.697410643100738525e-02 2.845286726951599121e-01 3.337020576000213623e-01 8.985534310340881348e-01
-6.278505802154541016e+00 9.336806297302246094e+00 -1.568515539169311523e+00 2.478326857089996338e-02 2.909983098506927490e-01 3.523747026920318604e-01 8.891219496726989746e-01
-6.261230468750000000e+00 9.069442749023437500e+00 -1.575440287590026855e+00 3.073207288980484009e-02 2.972725629806518555e-01 3.708015382289886475e-01 8.793126344680786133e-01
-6.243884086608886719e+00 8.802883148193359375e+00 -1.582066893577575684e+00 3.668706119060516357e-02 2.997018098831176758e-01 3.900177180767059326e-01 8.698958754539489746e-01
-6.225209712982177734e+00 8.537701606750488281e+00 -1.586093068122863770e+00 3.378233313560485840e-02 2.930515408515930176e-01 4.136284589767456055e-01 8.613309860229492188e-01
-6.206921100616455078e+00 8.273103713989257812e+00 -1.590112924575805664e+00 3.160586208105087280e-02 2.861280143260955811e-01 4.364539980888366699e-01 8.524316549301147461e-01
-6.189015865325927734e+00 8.009063720703125000e+00 -1.594122290611267090e+00 3.010113537311553955e-02 2.790301740169525146e-01 4.585008919239044189e-01 8.432158231735229492e-01
-6.171474456787109375e+00 7.745553493499755859e+00 -1.598117351531982422e+00 2.921467274427413940e-02 2.718381285667419434e-01 4.797785282135009766e-01 8.337044119834899902e-01
-6.154291629791259766e+00 7.482550621032714844e+00 -1.602094411849975586e+00 2.889788895845413208e-02 2.646145820617675781e-01 5.002976059913635254e-01 8.239212632179260254e-01
-6.137597560882568359e+00 7.220024108886718750e+00 -1.606029272079467773e+00 2.910894900560379028e-02 2.574065923690795898e-01 5.200685858726501465e-01 8.138938546180725098e-01
-6.121257305145263672e+00 6.957962512969970703e+00 -1.609939575195312500e+00 2.981353551149368286e-02 2.502474784851074219e-01 5.391009449958801270e-01 8.036525249481201172e-01
-6.105231761932373047e+00 6.696347713470458984e+00 -1.613828420639038086e+00 3.098602592945098877e-02 2.431571781635284424e-01 5.574033260345458984e-01 7.932312488555908203e-01
-6.089514255523681641e+00 6.435162067413330078e+00 -1.617695927619934082e+00 3.260965645313262939e-02 2.361446321010589600e-01 5.749822258949279785e-01 7.826669812202453613e-01
-6.074084281921386719e+00 6.174389362335205078e+00 -1.621541738510131836e+00 3.467658907175064087e-02 2.292083501815795898e-01 5.918432474136352539e-01 7.719990611076354980e-01
-6.058932781219482422e+00 5.914013385772705078e+00 -1.625366210937500000e+00 3.718823939561843872e-02 2.223374396562576294e-01 6.079901456832885742e-01 7.612692713737487793e-01
-6.044086933135986328e+00 5.654017925262451172e+00 -1.629173874855041504e+00 4.015501588582992554e-02 2.155127823352813721e-01 6.234252452850341797e-01 7.505215406417846680e-01
-6.029521465301513672e+00 5.394389629364013672e+00 -1.632963180541992188e+00 4.359588027000427246e-02 2.087078392505645752e-01 6.381496787071228027e-01 7.398009300231933594e-01
-6.015187740325927734e+00 5.135117053985595703e+00 -1.636731863021850586e+00 4.753819853067398071e-02 2.018893510103225708e-01 6.521629095077514648e-01 7.291530966758728027e-01
-6.001074314117431641e+00 4.876189231872558594e+00 -1.640480279922485352e+00 5.201712250709533691e-02 1.950176358222961426e-01 6.654627919197082520e-01 7.186247706413269043e-01
-5.987165451049804688e+00 4.617595195770263672e+00 -1.644207477569580078e+00 5.707503855228424072e-02 1.880474388599395752e-01 6.780452728271484375e-01 7.082621455192565918e-01
-5.973442077636718750e+00 4.359324455261230469e+00 -1.647912859916687012e+00 6.276052445173263550e-02 1.809281855821609497e-01 6.899039745330810547e-01 6.981106400489807129e-01
-5.959889888763427734e+00 4.101367473602294922e+00 -1.651594519615173340e+00 6.912787258625030518e-02 1.736039519309997559e-01 7.010292410850524902e-01 6.882157921791076660e-01
-5.946501255035400391e+00 3.843716859817504883e+00 -1.655267238616943359e+00 7.623580098152160645e-02 1.660135239362716675e-01 7.114076614379882812e-01 6.786211729049682617e-01
-5.933256626129150391e+00 3.586365222930908203e+00 -1.658926606178283691e+00 8.414609730243682861e-02 1.580904871225357056e-01 7.210209965705871582e-01 6.693694591522216797e-01
-5.919907093048095703e+00 3.329373598098754883e+00 -1.661916732788085938e+00 9.110832214355468750e-02 1.478017270565032959e-01 7.302620410919189453e-01 6.607354879379272461e-01
-5.906706333160400391e+00 3.072650194168090820e+00 -1.664980411529541016e+00 9.922491759061813354e-02 1.374603211879730225e-01 7.386450171470642090e-01 6.524283289909362793e-01
-5.893630027770996094e+00 2.816216468811035156e+00 -1.668108463287353516e+00 1.083887740969657898e-01 1.271063089370727539e-01 7.462321519851684570e-01 6.443859934806823730e-01
-5.880668640136718750e+00 2.560092926025390625e+00 -1.671293616294860840e+00 1.184921637177467346e-01 1.167789399623870850e-01 7.530830502510070801e-01 6.365439295768737793e-01
-5.867902755737304688e+00 2.306005001068115234e+00 -1.674503445625305176e+00 1.294265687465667725e-01 1.065167859196662903e-01 7.592557072639465332e-01 6.288352608680725098e-01
-5.855319499969482422e+00 2.053972959518432617e+00 -1.677729487419128418e+00 1.410827040672302246e-01 9.635867178440093994e-02 7.648072242736816406e-01 6.211928129196166992e-01
-5.842887878417968750e+00 1.804021000862121582e+00 -1.681010365486145020e+00 1.533511877059936523e-01 8.634313941001892090e-02 7.697954177856445312e-01 6.135496497154235840e-01
-5.830629825592041016e+00 1.556167602539062500e+00 -1.684295058250427246e+00 1.661219298839569092e-01 7.650914043188095093e-02 7.742788791656494141e-01 6.058399081230163574e-01
-5.818544864654541016e+00 1.310432434082031250e+00 -1.687566757202148438e+00 1.792859584093093872e-01 6.689502298831939697e-02 7.783179879188537598e-01 5.979987978935241699e-01
-5.806638240814208984e+00 1.066834330558776855e+00 -1.690815448760986328e+00 1.927335560321807861e-01 5.754011869430541992e-02 7.819749712944030762e-01 5.899645090103149414e-01
-5.794904708862304688e+00 8.253912329673767090e-01 -1.694029808044433594e+00 2.063562422990798950e-01 4.848325997591018677e-02 7.853144407272338867e-01 5.816766619682312012e-01
-5.783354282379150391e+00 5.861193537712097168e-01 -1.697199702262878418e+00 2.200462818145751953e-01 3.976332396268844604e-02 7.884035110473632812e-01 5.730779170989990234e-01
-5.771986961364746094e+00 3.490347266197204590e-01 -1.700313687324523926e+00 2.336969077587127686e-01 3.141914308071136475e-02 7.913117408752441406e-01 5.641137361526489258e-01
-5.760810375213623047e+00 1.141503900289535522e-01 -1.703359603881835938e+00 2.472021281719207764e-01 2.348973602056503296e-02 7.941107749938964844e-01 5.547317266464233398e-01
-5.749784946441650391e+00 -1.185182183980941772e-01 -1.706379652023315430e+00 2.604577541351318359e-01 1.601359248161315918e-02 7.968742847442626953e-01 5.448821783065795898e-01
-5.738945007324218750e+00 -3.489613234996795654e-01 -1.709334015846252441e+00 2.733609676361083984e-01 9.028568863868713379e-03 7.996773719787597656e-01 5.345169305801391602e-01
-5.728322505950927734e+00 -5.771716237068176270e-01 -1.712188124656677246e+00 2.858103215694427490e-01 2.572149038314819336e-03 8.025959134101867676e-01 5.235891938209533691e-01
-5.717922210693359375e+00 -8.031448125839233398e-01 -1.714921474456787109e+00 2.976808845996856689e-01 -3.356784582138061523e-03 8.057056069374084473e-01 5.120675563812255859e-01
-5.707741737365722656e+00 -1.026886105537414551e+00 -1.717500209808349609e+00 3.088108897209167480e-01 -8.827820420265197754e-03 8.090795874595642090e-01 4.999480545520782471e-01
-5.697880744934082031e+00 -1.248335957527160645e+00 -1.720052480697631836e+00 3.194380402565002441e-01 -1.325874030590057373e-02 8.127974867820739746e-01 4.869739115238189697e-01
-5.688259124755859375e+00 -1.467560887336730957e+00 -1.722417831420898438e+00 3.291002511978149414e-01 -1.725226640701293945e-02 8.168976902961730957e-01 4.733641445636749268e-01
-5.678903579711914062e+00 -1.684571385383605957e+00 -1.724657297134399414e+00 3.379347920417785645e-01 -2.062074840068817139e-02 8.213268518447875977e-01 4.591264128684997559e-01
-5.669809341430664062e+00 -1.899404883384704590e+00 -1.726779699325561523e+00 3.459637761116027832e-01 -2.341163158416748047e-02 8.260056972503662109e-01 4.443823397159576416e-01
-5.660856723785400391e+00 -2.112090349197387695e+00 -1.728901982307434082e+00 3.532097637653350830e-01 -2.567212283611297607e-02 8.308571577072143555e-01 4.292553961277008057e-01
-5.651618480682373047e+00 -2.332482814788818359e+00 -1.731075406074523926e+00 3.596982061862945557e-01 -2.744990587234497070e-02 8.358082175254821777e-01 4.138700962066650391e-01
-5.642082214355468750e+00 -2.560613155364990234e+00 -1.733312368392944336e+00 3.654564023017883301e-01 -2.879345417022705078e-02 8.407893180847167969e-01 3.983541131019592285e-01
-5.632226467132568359e+00 -2.796508789062500000e+00 -1.735627651214599609e+00 3.705138564109802246e-01 -2.975094318389892578e-02 8.457366228103637695e-01 3.828366994857788086e-01
-5.622023582458496094e+00 -3.040194272994995117e+00 -1.738036751747131348e+00 3.749031722545623779e-01 -3.037111461162567139e-02 8.505916595458984375e-01 3.674492835998535156e-01
-5.611442565917968750e+00 -3.291690826416015625e+00 -1.740553498268127441e+00 3.786590695381164551e-01 -3.070264309644699097e-02 8.553020358085632324e-01 3.523250818252563477e-01
-5.600453853607177734e+00 -3.551015615463256836e+00 -1.743193984031677246e+00 3.818196356296539307e-01 -3.079465776681900024e-02 8.598210215568542480e-01 3.375993072986602783e-01
-5.588945388793945312e+00 -3.818176984786987305e+00 -1.746040940284729004e+00 3.844241499900817871e-01 -3.069595247507095337e-02 8.641077280044555664e-01 3.234090805053710938e-01
-5.576796531677246094e+00 -4.093181133270263672e+00 -1.749179601669311523e+00 3.865155577659606934e-01 -3.045583516359329224e-02 8.681272268295288086e-01 3.098921775817871094e-01
-5.564130783081054688e+00 -4.376045227050781250e+00 -1.752488970756530762e+00 3.881379961967468262e-01 -3.012286126613616943e-02 8.718494176864624023e-01 2.971867322921752930e-01
-5.550898075103759766e+00 -4.666775226593017578e+00 -1.755979895591735840e+00 3.893376290798187256e-01 -2.974639087915420532e-02 8.752483129501342773e-01 2.854326069355010986e-01
-5.537504673004150391e+00 -4.957164764404296875e+00 -1.759538173675537109e+00 3.901612460613250732e-01 -2.937454730272293091e-02 8.783016800880432129e-01 2.747681438922882080e-01
-5.523908615112304688e+00 -5.247215270996093750e+00 -1.763173460960388184e+00 3.906562030315399170e-01 -2.905604243278503418e-02 8.809891939163208008e-01 2.653327584266662598e-01
-5.509819030761718750e+00 -5.536911964416503906e+00 -1.767102599143981934e+00 3.908708393573760986e-01 -2.883955091238021851e-02 8.832910060882568359e-01 2.572647929191589355e-01
-5.495265960693359375e+00 -5.826260089874267578e+00 -1.771281123161315918e+00 3.908517956733703613e-01 -2.877317368984222412e-02 8.851867914199829102e-01 2.507016360759735107e-01
-5.480392932891845703e+00 -6.115273952484130859e+00 -1.775557875633239746e+00 3.906448185443878174e-01 -2.890501916408538818e-02 8.866531848907470703e-01 2.457789033651351929e-01
-5.465164661407470703e+00 -6.403959751129150391e+00 -1.779938936233520508e+00 3.902931213378906250e-01 -2.928313612937927246e-02 8.876620531082153320e-01 2.426308989524841309e-01
-5.449554443359375000e+00 -6.692319869995117188e+00 -1.784428119659423828e+00 3.898297250270843506e-01 -2.994100749492645264e-02 8.881919980049133301e-01 2.413531690835952759e-01
-5.433145523071289062e+00 -6.980314731597900391e+00 -1.789389967918395996e+00 3.892542719841003418e-01 -3.085182607173919678e-02 8.882673978805541992e-01 2.418891042470932007e-01
-5.416282653808593750e+00 -7.267955303192138672e+00 -1.794550180435180664e+00 3.885543048381805420e-01 -3.197391331195831299e-02 8.879172205924987793e-01 2.441438585519790649e-01
-5.399101257324218750e+00 -7.555243492126464844e+00 -1.799813508987426758e+00 3.877144157886505127e-01 -3.326529264450073242e-02 8.871624469757080078e-01 2.480196207761764526e-01
-5.381630897521972656e+00 -7.842175960540771484e+00 -1.805178165435791016e+00 3.867159485816955566e-01 -3.468342125415802002e-02 8.860180377960205078e-01 2.534166872501373291e-01
-5.363350868225097656e+00 -8.128709793090820312e+00 -1.811102509498596191e+00 3.855384588241577148e-01 -3.618593513965606689e-02 8.844934701919555664e-01 2.602342367172241211e-01
-5.344713211059570312e+00 -8.414876937866210938e+00 -1.817229866981506348e+00 3.841601908206939697e-01 -3.773032128810882568e-02 8.825955986976623535e-01 2.683700621128082275e-01
-5.325876235961914062e+00 -8.700688362121582031e+00 -1.823446273803710938e+00 3.825580179691314697e-01 -3.927356004714965820e-02 8.803285360336303711e-01 2.777205109596252441e-01
-5.306452751159667969e+00 -8.986110687255859375e+00 -1.830101609230041504e+00 3.807088434696197510e-01 -4.077271372079849243e-02 8.776959180831909180e-01 2.881807684898376465e-01
-5.286485671997070312e+00 -9.271146774291992188e+00 -1.837181687355041504e+00 3.785898387432098389e-01 -4.218503087759017944e-02 8.747012615203857422e-01 2.996460795402526855e-01
-5.266420841217041016e+00 -9.555828094482421875e+00 -1.844332575798034668e+00 3.761781752109527588e-01 -4.346711188554763794e-02 8.713496923446655273e-01 3.120098114013671875e-01
-5.245520114898681641e+00 -9.840087890625000000e+00 -1.852194428443908691e+00 3.734526038169860840e-01 -4.457678645849227905e-02 8.676475286483764648e-01 3.251672685146331787e-01
-5.224372386932373047e+00 -1.012397098541259766e+01 -1.860291719436645508e+00 3.703927397727966309e-01 -4.547084867954254150e-02 8.636046648025512695e-01 3.390112817287445068e-01
-5.202307224273681641e+00 -1.040741634368896484e+01 -1.868771314620971680e+00 3.669801950454711914e-01 -4.610739648342132568e-02 8.592333793640136719e-01 3.534369170665740967e-01
-5.179452896118164062e+00 -1.069042205810546875e+01 -1.877589344978332520e+00 3.631982207298278809e-01 -4.644415527582168579e-02 8.545505404472351074e-01 3.683385252952575684e-01
-5.154864311218261719e+00 -1.097290515899658203e+01 -1.886565804481506348e+00 3.590322732925415039e-01 -4.643969237804412842e-02 8.495768308639526367e-01 3.836121261119842529e-01
-5.129148960113525391e+00 -1.125489330291748047e+01 -1.895591735839843750e+00 3.544702529907226562e-01 -4.605304449796676636e-02 8.443376421928405762e-01 3.991539776325225830e-01
-5.099970817565917969e+00 -1.153616905212402344e+01 -1.904106140136718750e+00 3.495017290115356445e-01 -4.524371773004531860e-02 8.388624191284179688e-01 4.148632287979125977e-01
-5.067763328552246094e+00 -1.181670856475830078e+01 -1.911553263664245605e+00 3.441188037395477295e-01 -4.397179931402206421e-02 8.331856131553649902e-01 4.306394457817077637e-01
-5.032621860504150391e+00 -1.209647464752197266e+01 -1.917948842048645020e+00 3.383162617683410645e-01 -4.219815135002136230e-02 8.273463845252990723e-01 4.463847875595092773e-01
-4.994655609130859375e+00 -1.237541675567626953e+01 -1.923312902450561523e+00 3.321018815040588379e-01 -3.990193456411361694e-02 8.213812708854675293e-01 4.620053470134735107e-01
-4.954434871673583984e+00 -1.265355396270751953e+01 -1.927815556526184082e+00 3.255323767662048340e-01 -3.713407367467880249e-02 8.153056502342224121e-01 4.774163365364074707e-01
-4.912955284118652344e+00 -1.293097877502441406e+01 -1.931773900985717773e+00 3.186769485473632812e-01 -3.396300226449966431e-02 8.091337680816650391e-01 4.925385117530822754e-01
-4.871700286865234375e+00 -1.320787239074707031e+01 -1.935677170753479004e+00 3.116081655025482178e-01 -3.045834600925445557e-02 8.028848171234130859e-01 5.072954893112182617e-01
-4.834090232849121094e+00 -1.348466873168945312e+01 -1.939866304397583008e+00 3.044003248214721680e-01 -2.668961882591247559e-02 7.965841889381408691e-01 5.216147303581237793e-01
-4.801424503326416016e+00 -1.377119350433349609e+01 -1.944707870483398438e+00 2.971298992633819580e-01 -2.272681891918182373e-02 7.902621626853942871e-01 5.354279279708862305e-01
-4.775665283203125000e+00 -1.406745719909667969e+01 -1.950393080711364746e+00 2.898752689361572266e-01 -1.863977313041687012e-02 7.839550375938415527e-01 5.486705303192138672e-01
-4.758212566375732422e+00 -1.435551452636718750e+01 -1.956610679626464844e+00 2.827162742614746094e-01 -1.449845731258392334e-02 7.777035832405090332e-01 5.612828731536865234e-01
-4.749367713928222656e+00 -1.463517379760742188e+01 -1.963386535644531250e+00 2.757343649864196777e-01 -1.037254929542541504e-02 7.715536355972290039e-01 5.732085108757019043e-01
-4.745876312255859375e+00 -1.490610313415527344e+01 -1.970388412475585938e+00 2.690121233463287354e-01 -6.331637501716613770e-03 7.655549645423889160e-01 5.843954086303710938e-01
-4.744390964508056641e+00 -1.516822242736816406e+01 -1.977282643318176270e+00 2.626325786113739014e-01 -2.444654703140258789e-03 7.597609162330627441e-01 5.947954058647155762e-01
-4.746287822723388672e+00 -1.542146682739257812e+01 -1.984212040901184082e+00 2.566799521446228027e-01 1.219630241394042969e-03 7.542278766632080078e-01 6.043628454208374023e-01
-4.748575210571289062e+00 -1.566582584381103516e+01 -1.990883708000183105e+00 2.512382864952087402e-01 4.592828452587127686e-03 7.490137219429016113e-01 6.130551695823669434e-01
-4.752062797546386719e+00 -1.590125656127929688e+01 -1.997386455535888672e+00 2.463917732238769531e-01 7.607176899909973145e-03 7.441781759262084961e-01 6.208316087722778320e-01
-4.755495548248291016e+00 -1.612775993347167969e+01 -2.003603219985961914e+00 2.422241568565368652e-01 1.019530743360519409e-02 7.397807836532592773e-01 6.276527047157287598e-01
-4.758867263793945312e+00 -1.634530830383300781e+01 -2.009541273117065430e+00 2.388190329074859619e-01 1.228974759578704834e-02 7.358799576759338379e-01 6.334784626960754395e-01
-4.762166500091552734e+00 -1.655387687683105469e+01 -2.015207529067993164e+00 2.362584769725799561e-01 1.382378488779067993e-02 7.325327396392822266e-01 6.382685303688049316e-01
-4.766075134277343750e+00 -1.675341606140136719e+01 -2.021158695220947266e+00 2.346239984035491943e-01 1.473032683134078979e-02 7.297920584678649902e-01 6.419798135757446289e-01
-4.769897460937500000e+00 -1.694393157958984375e+01 -2.026845693588256836e+00 2.339953333139419556e-01 1.494245231151580811e-02 7.277068495750427246e-01 6.445662379264831543e-01
-4.774415016174316406e+00 -1.712536239624023438e+01 -2.032900094985961914e+00 2.344506680965423584e-01 1.439262181520462036e-02 7.263194322586059570e-01 6.459765434265136719e-01
-4.779327392578125000e+00 -1.729773330688476562e+01 -2.039032936096191406e+00 2.358119487762451172e-01 1.280024647712707520e-02 7.256496548652648926e-01 6.462672948837280273e-01
-4.784160137176513672e+00 -1.746109008789062500e+01 -2.044911146163940430e+00 2.381486594676971436e-01 1.044880598783493042e-02 7.256221175193786621e-01 6.454831957817077637e-01
-4.790821552276611328e+00 -1.761534690856933594e+01 -2.052077054977416992e+00 2.413200139999389648e-01 7.459312677383422852e-03 7.261410951614379883e-01 6.437609791755676270e-01
-4.797150611877441406e+00 -1.776069831848144531e+01 -2.058800697326660156e+00 2.451874315738677979e-01 3.955617547035217285e-03 7.271083593368530273e-01 6.412338614463806152e-01
-4.804545879364013672e+00 -1.789705848693847656e+01 -2.066209554672241211e+00 2.496126294136047363e-01 6.303191184997558594e-05 7.284266948699951172e-01 6.380345225334167480e-01
-4.813280105590820312e+00 -1.802443885803222656e+01 -2.074532508850097656e+00 2.544566094875335693e-01 -4.094004631042480469e-03 7.300012707710266113e-01 6.342973113059997559e-01
-4.821470737457275391e+00 -1.814308357238769531e+01 -2.082261085510253906e+00 2.595784068107604980e-01 -8.392661809921264648e-03 7.317420244216918945e-01 6.301603913307189941e-01
-4.831019401550292969e+00 -1.825276374816894531e+01 -2.090996265411376953e+00 2.648347616195678711e-01 -1.271387934684753418e-02 7.335646152496337891e-01 6.257666349411010742e-01
-4.840410232543945312e+00 -1.835374641418457031e+01 -2.099484443664550781e+00 2.700797915458679199e-01 -1.694312691688537598e-02 7.353902459144592285e-01 6.212657094001770020e-01
-4.849041461944580078e+00 -1.844615745544433594e+01 -2.107236862182617188e+00 2.751649618148803711e-01 -2.097110450267791748e-02 7.371466755867004395e-01 6.168137788772583008e-01
-4.858115196228027344e+00 -1.852982711791992188e+01 -2.115353345870971680e+00 2.799397706985473633e-01 -2.469472587108612061e-02 7.387672662734985352e-01 6.125738620758056641e-01
-4.866474628448486328e+00 -1.860500907897949219e+01 -2.122816085815429688e+00 2.842507362365722656e-01 -2.801555395126342773e-02 7.401900291442871094e-01 6.087160706520080566e-01
-4.873891353607177734e+00 -1.867178916931152344e+01 -2.129443407058715820e+00 2.879439294338226318e-01 -3.084108233451843262e-02 7.413563132286071777e-01 6.054155826568603516e-01
-4.880393028259277344e+00 -1.873020553588867188e+01 -2.135293483734130859e+00 2.908636331558227539e-01 -3.308120369911193848e-02 7.422093152999877930e-01 6.028511524200439453e-01
-4.886211872100830078e+00 -1.878024673461914062e+01 -2.140672445297241211e+00 2.928553521633148193e-01 -3.464789688587188721e-02 7.426919341087341309e-01 6.012019515037536621e-01
-4.890988826751708984e+00 -1.882204246520996094e+01 -2.145182371139526367e+00 2.937647700309753418e-01 -3.545075654983520508e-02 7.427445054054260254e-01 6.006463170051574707e-01
-4.894709587097167969e+00 -1.885564231872558594e+01 -2.148831844329833984e+00 2.934403419494628906e-01 -3.539429605007171631e-02 7.423016428947448730e-01 6.013553142547607422e-01
-4.897365570068359375e+00 -1.888109207153320312e+01 -2.151629686355590820e+00 2.917349338531494141e-01 -3.437411785125732422e-02 7.412892580032348633e-01 6.034893989562988281e-01
-4.898952484130859375e+00 -1.889844131469726562e+01 -2.153581380844116211e+00 2.885065376758575439e-01 -3.227162361145019531e-02 7.396204471588134766e-01 6.071935892105102539e-01
-4.899472713470458984e+00 -1.890773582458496094e+01 -2.154692411422729492e+00 2.836215496063232422e-01 -2.895125746726989746e-02 7.371913790702819824e-01 6.125924587249755859e-01
-4.899270057678222656e+00 -1.891233444213867188e+01 -2.155219793319702148e+00 2.767277657985687256e-01 -2.462500333786010742e-02 7.338911890983581543e-01 6.198540925979614258e-01
-4.899555683135986328e+00 -1.892236709594726562e+01 -2.156309127807617188e+00 2.681235671043395996e-01 -1.910440623760223389e-02 7.297183275222778320e-01 6.286938786506652832e-01
-4.900366306304931641e+00 -1.893777847290039062e+01 -2.157919883728027344e+00 2.579493820667266846e-01 -1.249095797538757324e-02 7.246798276901245117e-01 6.388624310493469238e-01
-4.901733398437500000e+00 -1.895852279663085938e+01 -2.160010337829589844e+00 2.463477253913879395e-01 -4.887610673904418945e-03 7.187834382057189941e-01 6.501071453094482422e-01
-4.903433799743652344e+00 -1.898228836059570312e+01 -2.162294149398803711e+00 2.334648668766021729e-01 3.600850701332092285e-03 7.120415568351745605e-01 6.621766090393066406e-01
-4.905485630035400391e+00 -1.900901222229003906e+01 -2.164733886718750000e+00 2.194526493549346924e-01 1.286762952804565430e-02 7.044765949249267578e-01 6.748242378234863281e-01
-4.907790184020996094e+00 -1.903865242004394531e+01 -2.167263031005859375e+00 2.044695317745208740e-01 2.280402928590774536e-02 6.961231827735900879e-01 6.878116130828857422e-01
-4.910492897033691406e+00 -1.907112884521484375e+01 -2.169891357421875000e+00 1.886808425188064575e-01 3.330002725124359131e-02 6.870323419570922852e-01 7.009115815162658691e-01
-4.913602352142333984e+00 -1.910637092590332031e+01 -2.172605037689208984e+00 1.722598671913146973e-01 4.424340650439262390e-02 6.772728562355041504e-01 7.139121890068054199e-01
-4.917132377624511719e+00 -1.914431571960449219e+01 -2.175395488739013672e+00 1.553857624530792236e-01 5.552254244685173035e-02 6.669322848320007324e-01 7.266179919242858887e-01
-4.921086311340332031e+00 -1.918489074707031250e+01 -2.178267717361450195e+00 1.382449120283126831e-01 6.702515482902526855e-02 6.561185121536254883e-01 7.388534545898437500e-01
-4.925458908081054688e+00 -1.922803115844726562e+01 -2.181236028671264648e+00 1.210281029343605042e-01 7.864027470350265503e-02 6.449592709541320801e-01 7.504636049270629883e-01
-4.930243968963623047e+00 -1.927366828918457031e+01 -2.184321880340576172e+00 1.039307042956352234e-01 9.025830030441284180e-02 6.336010098457336426e-01 7.613157033920288086e-01
-4.935353755950927734e+00 -1.932175254821777344e+01 -2.187539577484130859e+00 8.715033531188964844e-02 1.017727255821228027e-01 6.222086548805236816e-01 7.712998986244201660e-01
-4.940590858459472656e+00 -1.937225723266601562e+01 -2.190878868103027344e+00 7.088617980480194092e-02 1.130800172686576843e-01 6.109631657600402832e-01 7.803282141685485840e-01
-4.946156024932861328e+00 -1.942509841918945312e+01 -2.194451808929443359e+00 5.533736571669578552e-02 1.240805834531784058e-01 6.000599265098571777e-01 7.883336544036865234e-01
-4.952022552490234375e+00 -1.948023414611816406e+01 -2.198311090469360352e+00 4.070203378796577454e-02 1.346789598464965820e-01 5.897060632705688477e-01 7.952682971954345703e-01
-4.958156585693359375e+00 -1.953762626647949219e+01 -2.202515840530395508e+00 2.717640995979309082e-02 1.447842866182327271e-01 5.801177024841308594e-01 8.011006712913513184e-01
-4.964526176452636719e+00 -1.959724617004394531e+01 -2.207125186920166016e+00 1.495420187711715698e-02 1.543096303939819336e-01 5.715171694755554199e-01 8.058120012283325195e-01
-4.970698356628417969e+00 -1.965911483764648438e+01 -2.212088584899902344e+00 4.226475954055786133e-03 1.631717681884765625e-01 5.641300082206726074e-01 8.093913793563842773e-01
-4.976971149444580078e+00 -1.972318267822265625e+01 -2.217551946640014648e+00 -4.862502217292785645e-03 1.713100820779800415e-01 5.581379532814025879e-01 8.118567466735839844e-01
-4.983388423919677734e+00 -1.978947257995605469e+01 -2.223546028137207031e+00 -1.234622299671173096e-02 1.787417829036712646e-01 5.535427927970886230e-01 8.133200407028198242e-01
-4.989949703216552734e+00 -1.985802650451660156e+01 -2.230076789855957031e+00 -1.830355077981948853e-02 1.855008900165557861e-01 5.502894520759582520e-01 8.139016628265380859e-01
-4.996030330657958984e+00 -1.992463493347167969e+01 -2.236636400222778320e+00 -2.281395345926284790e-02 1.916187256574630737e-01 5.483108162879943848e-01 8.137056827545166016e-01
-5.001568317413330078e+00 -1.998934555053710938e+01 -2.243195772171020508e+00 -2.595708519220352173e-02 1.971238702535629272e-01 5.475300550460815430e-01 8.128218054771423340e-01
-5.006886959075927734e+00 -2.005214500427246094e+01 -2.249833345413208008e+00 -2.781286835670471191e-02 2.020426541566848755e-01 5.478621125221252441e-01 8.113274574279785156e-01
-5.012000560760498047e+00 -2.011306762695312500e+01 -2.256535530090332031e+00 -2.846080809831619263e-02 2.063993066549301147e-01 5.492151379585266113e-01 8.092910051345825195e-01
-5.016921043395996094e+00 -2.017212677001953125e+01 -2.263284206390380859e+00 -2.798026055097579956e-02 2.102163285017013550e-01 5.514927506446838379e-01 8.067725300788879395e-01
-5.021340370178222656e+00 -2.022939109802246094e+01 -2.269969463348388672e+00 -2.645047754049301147e-02 2.135149538516998291e-01 5.545939207077026367e-01 8.038266897201538086e-01
-5.025424480438232422e+00 -2.028486061096191406e+01 -2.276612520217895508e+00 -2.395059168338775635e-02 2.163153886795043945e-01 5.584152340888977051e-01 8.005038499832153320e-01
-5.029371261596679688e+00 -2.033853721618652344e+01 -2.283245086669921875e+00 -2.055976539850234985e-02 2.186371833086013794e-01 5.628516674041748047e-01 7.968519330024719238e-01
-5.033192157745361328e+00 -2.039044380187988281e+01 -2.289842367172241211e+00 -1.635696738958358765e-02 2.204994857311248779e-01 5.677969455718994141e-01 7.929180264472961426e-01
-5.036900520324707031e+00 -2.044059753417968750e+01 -2.296382427215576172e+00 -1.142160594463348389e-02 2.219215333461761475e-01 5.731449127197265625e-01 7.887490391731262207e-01
-5.040712833404541016e+00 -2.049172401428222656e+01 -2.303106069564819336e+00 -5.832940340042114258e-03 2.229227870702743530e-01 5.787901878356933594e-01 7.843935489654541016e-01
-5.044311523437500000e+00 -2.054387092590332031e+01 -2.309891939163208008e+00 3.293827176094055176e-04 2.235230803489685059e-01 5.846285820007324219e-01 7.799018025398254395e-01
-5.047984600067138672e+00 -2.059704589843750000e+01 -2.316803455352783203e+00 6.985589861869812012e-03 2.237430810928344727e-01 5.905575752258300781e-01 7.753270268440246582e-01
-5.051773548126220703e+00 -2.065125846862792969e+01 -2.323829889297485352e+00 1.405590772628784180e-02 2.236041128635406494e-01 5.964770913124084473e-01 7.707261443138122559e-01
-5.055683612823486328e+00 -2.070653915405273438e+01 -2.330950260162353516e+00 2.146048098802566528e-02 2.231283634901046753e-01 6.022898554801940918e-01 7.661593556404113770e-01
-5.059715270996093750e+00 -2.076292037963867188e+01 -2.338146924972534180e+00 2.911942452192306519e-02 2.223391830921173096e-01 6.079015731811523438e-01 7.616908550262451172e-01
-5.063787937164306641e+00 -2.082042503356933594e+01 -2.345375299453735352e+00 3.695297241210937500e-02 2.212607115507125854e-01 6.132206916809082031e-01 7.573893070220947266e-01
-5.067175388336181641e+00 -2.087879753112792969e+01 -2.351224899291992188e+00 4.038092494010925293e-02 2.162236273288726807e-01 6.194750666618347168e-01 7.535696625709533691e-01
-5.070693016052246094e+00 -2.093837356567382812e+01 -2.357170343399047852e+00 4.409886896610260010e-02 2.110918909311294556e-01 6.252371072769165039e-01 7.500492930412292480e-01
-5.074338436126708984e+00 -2.099915885925292969e+01 -2.363209724426269531e+00 4.803235083818435669e-02 2.059292197227478027e-01 6.305007338523864746e-01 7.468298077583312988e-01
-5.078103065490722656e+00 -2.106116676330566406e+01 -2.369341373443603516e+00 5.210524052381515503e-02 2.007983326911926270e-01 6.352640986442565918e-01 7.439116239547729492e-01
-5.081951618194580078e+00 -2.112439155578613281e+01 -2.375550985336303711e+00 5.624039471149444580e-02 1.957611441612243652e-01 6.395289301872253418e-01 7.412942647933959961e-01
-5.085674762725830078e+00 -2.118886375427246094e+01 -2.381763935089111328e+00 6.036096066236495972e-02 1.908788979053497314e-01 6.433005332946777344e-01 7.389764785766601562e-01
-5.089498043060302734e+00 -2.125456428527832031e+01 -2.388062715530395508e+00 6.439037621021270752e-02 1.862124800682067871e-01 6.465860605239868164e-01 7.369566559791564941e-01
-5.093416690826416016e+00 -2.132149314880371094e+01 -2.394446849822998047e+00 6.825385987758636475e-02 1.818220764398574829e-01 6.493953466415405273e-01 7.352331280708312988e-01
-5.097426414489746094e+00 -2.138965797424316406e+01 -2.400918483734130859e+00 7.187794148921966553e-02 1.777680069208145142e-01 6.517390012741088867e-01 7.338041067123413086e-01
-5.101430416107177734e+00 -2.145906257629394531e+01 -2.407433986663818359e+00 7.519176602363586426e-02 1.741099655628204346e-01 6.536282300949096680e-01 7.326677441596984863e-01
-5.105400085449218750e+00 -2.152971458435058594e+01 -2.413983106613159180e+00 7.812688499689102173e-02 1.709075868129730225e-01 6.550735235214233398e-01 7.318233847618103027e-01
-5.109450340270996094e+00 -2.160160636901855469e+01 -2.420617103576660156e+00 8.061774075031280518e-02 1.682201623916625977e-01 6.560841202735900879e-01 7.312704324722290039e-01
-5.113581657409667969e+00 -2.167473602294921875e+01 -2.427338838577270508e+00 8.260188251733779907e-02 1.661064177751541138e-01 6.566662192344665527e-01 7.310095429420471191e-01
-5.117756366729736328e+00 -2.174911880493164062e+01 -2.434125900268554688e+00 8.402020484209060669e-02 1.646247357130050659e-01 6.568226814270019531e-01 7.310425639152526855e-01
-5.121887207031250000e+00 -2.182476043701171875e+01 -2.440925836563110352e+00 8.481746912002563477e-02 1.638322174549102783e-01 6.565507650375366211e-01 7.313727140426635742e-01
-5.126097202301025391e+00 -2.190165901184082031e+01 -2.447809934616088867e+00 8.494205772876739502e-02 1.637853831052780151e-01 6.558413505554199219e-01 7.320050597190856934e-01
-5.130385398864746094e+00 -2.197981834411621094e+01 -2.454779624938964844e+00 8.434715867042541504e-02 1.645389646291732788e-01 6.546772122383117676e-01 7.329463362693786621e-01
-5.134718894958496094e+00 -2.205925750732421875e+01 -2.461787700653076172e+00 8.299091458320617676e-02 1.661461293697357178e-01 6.530311107635498047e-01 7.342059016227722168e-01
-5.139086723327636719e+00 -2.213998985290527344e+01 -2.468819618225097656e+00 8.083765208721160889e-02 1.686577796936035156e-01 6.508643627166748047e-01 7.357957959175109863e-01
-5.143543720245361328e+00 -2.222201538085937500e+01 -2.475927591323852539e+00 7.785892486572265625e-02 1.721224188804626465e-01 6.481243968009948730e-01 7.377306818962097168e-01
-5.147193431854248047e+00 -2.230503845214843750e+01 -2.480664014816284180e+00 6.632304191589355469e-02 1.698150485754013062e-01 6.465572118759155273e-01 7.407617568969726562e-01
-5.150881290435791016e+00 -2.238927650451660156e+01 -2.485055446624755859e+00 5.301769450306892395e-02 1.676082909107208252e-01 6.445611119270324707e-01 7.440682053565979004e-01
-5.154634952545166016e+00 -2.247469139099121094e+01 -2.489221811294555664e+00 3.812788426876068115e-02 1.654917597770690918e-01 6.420844793319702148e-01 7.475870251655578613e-01
-5.158525466918945312e+00 -2.256126213073730469e+01 -2.493153095245361328e+00 2.184066176414489746e-02 1.634554564952850342e-01 6.390775442123413086e-01 7.512557506561279297e-01
-5.162646293640136719e+00 -2.264896965026855469e+01 -2.496810197830200195e+00 4.345707595348358154e-03 1.614901274442672729e-01 6.354942917823791504e-01 7.550159096717834473e-01
-5.166920185089111328e+00 -2.273778724670410156e+01 -2.500324010848999023e+00 -1.416531205177307129e-02 1.595882475376129150e-01 6.312946081161499023e-01 7.588135600090026855e-01
-5.171497821807861328e+00 -2.282770156860351562e+01 -2.503621101379394531e+00 -3.349819034337997437e-02 1.577437072992324829e-01 6.264445781707763672e-01 7.626020312309265137e-01
-5.176291465759277344e+00 -2.291869544982910156e+01 -2.506826639175415039e+00 -5.345714837312698364e-02 1.559524089097976685e-01 6.209189295768737793e-01 7.663425207138061523e-01
-5.181402683258056641e+00 -2.301075172424316406e+01 -2.509932279586791992e+00 -7.384502142667770386e-02 1.542122215032577515e-01 6.147008538246154785e-01 7.700054645538330078e-01
-5.186767578125000000e+00 -2.310386848449707031e+01 -2.513027906417846680e+00 -9.446429461240768433e-02 1.525234282016754150e-01 6.077831387519836426e-01 7.735714912414550781e-01
-5.192426681518554688e+00 -2.319803428649902344e+01 -2.516172409057617188e+00 -1.151175945997238159e-01 1.508884429931640625e-01 6.001683473587036133e-01 7.770320177078247070e-01
-5.198322772979736328e+00 -2.329325103759765625e+01 -2.519452571868896484e+00 -1.356086283922195435e-01 1.493119895458221436e-01 5.918688774108886719e-01 7.803891897201538086e-01
-5.204452991485595703e+00 -2.338952636718750000e+01 -2.522912502288818359e+00 -1.557432711124420166e-01 1.478009819984436035e-01 5.829070210456848145e-01 7.836571335792541504e-01
-5.210731029510498047e+00 -2.348685646057128906e+01 -2.526727914810180664e+00 -1.753296554088592529e-01 1.463647186756134033e-01 5.733134150505065918e-01 7.868599891662597656e-01
-5.217178821563720703e+00 -2.358527374267578125e+01 -2.530853748321533203e+00 -1.941797584295272827e-01 1.450145244598388672e-01 5.631273388862609863e-01 7.900332808494567871e-01
-5.223733901977539062e+00 -2.368477821350097656e+01 -2.535407543182373047e+00 -2.121089547872543335e-01 1.437632441520690918e-01 5.523954033851623535e-01 7.932220101356506348e-01
-5.230370998382568359e+00 -2.378539657592773438e+01 -2.540429115295410156e+00 -2.289373278617858887e-01 1.426257491111755371e-01 5.411702990531921387e-01 7.964798808097839355e-01
-5.237126350402832031e+00 -2.388715934753417969e+01 -2.545878887176513672e+00 -2.444889396429061890e-01 1.416179835796356201e-01 5.295089483261108398e-01 7.998686432838439941e-01
-5.243896484375000000e+00 -2.399009704589843750e+01 -2.551896810531616211e+00 -2.585923671722412109e-01 1.407568156719207764e-01 5.174716711044311523e-01 8.034552931785583496e-01
-5.251194953918457031e+00 -2.410233497619628906e+01 -2.559144258499145508e+00 -2.710799574851989746e-01 1.400598585605621338e-01 5.051199793815612793e-01 8.073120117187500000e-01
-5.258569240570068359e+00 -2.422629165649414062e+01 -2.570784330368041992e+00 -2.684754729270935059e-01 1.449899077415466309e-01 4.902838468551635742e-01 8.164070844650268555e-01
-5.266380310058593750e+00 -2.435931396484375000e+01 -2.583379507064819336e+00 -2.658182978630065918e-01 1.498058736324310303e-01 4.754877686500549316e-01 8.251122236251831055e-01
-5.273891448974609375e+00 -2.450136375427246094e+01 -2.597161293029785156e+00 -2.631429135799407959e-01 1.544569730758666992e-01 4.609051048755645752e-01 8.333458304405212402e-01
-5.281628131866455078e+00 -2.465239906311035156e+01 -2.611923694610595703e+00 -2.604836821556091309e-01 1.589006036520004272e-01 4.466957151889801025e-01 8.410479426383972168e-01
-5.288522720336914062e+00 -2.481240463256835938e+01 -2.627954006195068359e+00 -2.578740119934082031e-01 1.631016582250595093e-01 4.330053329467773438e-01 8.481774926185607910e-01
-5.295073032379150391e+00 -2.498134422302246094e+01 -2.645078659057617188e+00 -2.553464174270629883e-01 1.670309752225875854e-01 4.199676811695098877e-01 8.547080755233764648e-01
-5.300678730010986328e+00 -2.515922546386718750e+01 -2.663424015045166016e+00 -2.528069615364074707e-01 1.703199148178100586e-01 4.076822102069854736e-01 8.607409596443176270e-01
-5.304804801940917969e+00 -2.534607696533203125e+01 -2.683044433593750000e+00 -2.499668598175048828e-01 1.719900071620941162e-01 3.961908817291259766e-01 8.665845990180969238e-01
-5.307776927947998047e+00 -2.554180908203125000e+01 -2.703897714614868164e+00 -2.473339438438415527e-01 1.733037531375885010e-01 3.856764435768127441e-01 8.718057870864868164e-01
-5.308082103729248047e+00 -2.574636840820312500e+01 -2.726284742355346680e+00 -2.449657469987869263e-01 1.743580549955368042e-01 3.762494325637817383e-01 8.763716220855712891e-01
-5.305480957031250000e+00 -2.595969963073730469e+01 -2.750222682952880859e+00 -2.429113090038299561e-01 1.752403527498245239e-01 3.680203258991241455e-01 8.802533149719238281e-01
-5.299738883972167969e+00 -2.618175315856933594e+01 -2.775739669799804688e+00 -2.412127256393432617e-01 1.760260015726089478e-01 3.610992133617401123e-01 8.834243416786193848e-01
-5.289900779724121094e+00 -2.641244506835937500e+01 -2.803000926971435547e+00 -2.399072051048278809e-01 1.767766475677490234e-01 3.555970788002014160e-01 8.858584761619567871e-01
-5.274815559387207031e+00 -2.665160751342773438e+01 -2.832159280776977539e+00 -2.390287816524505615e-01 1.775378882884979248e-01 3.516263961791992188e-01 8.875271081924438477e-01
-5.255284309387207031e+00 -2.689923286437988281e+01 -2.863009691238403320e+00 -2.386099845170974731e-01 1.783380508422851562e-01 3.493013978004455566e-01 8.883970379829406738e-01
-5.231047153472900391e+00 -2.715524101257324219e+01 -2.895525455474853516e+00 -2.386829555034637451e-01 1.791858524084091187e-01 3.487382531166076660e-01 8.884280920028686523e-01
-5.203147888183593750e+00 -2.740779304504394531e+01 -2.928124427795410156e+00 -2.392804622650146484e-01 1.800693869590759277e-01 3.500546216964721680e-01 8.875705599784851074e-01
-5.171792984008789062e+00 -2.765685272216796875e+01 -2.960644960403442383e+00 -2.404363453388214111e-01 1.809537559747695923e-01 3.533691167831420898e-01 8.857631683349609375e-01
-5.137124061584472656e+00 -2.790238380432128906e+01 -2.992871522903442383e+00 -2.421850264072418213e-01 1.817792654037475586e-01 3.587999343872070312e-01 8.829299211502075195e-01
-5.098720550537109375e+00 -2.814430618286132812e+01 -3.024318218231201172e+00 -2.445606738328933716e-01 1.824588477611541748e-01 3.664636015892028809e-01 8.789784908294677734e-01
-5.056488037109375000e+00 -2.838464355468750000e+01 -3.057225942611694336e+00 -2.337842583656311035e-01 1.852028071880340576e-01 3.735261857509613037e-01 8.783637881278991699e-01
-4.999676227569580078e+00 -2.861901855468750000e+01 -3.088684558868408203e+00 -2.224570363759994507e-01 1.880721449851989746e-01 3.825169801712036133e-01 8.768252134323120117e-01
-4.892806053161621094e+00 -2.883049583435058594e+01 -3.121104717254638672e+00 -2.106519639492034912e-01 1.911903619766235352e-01 3.932544291019439697e-01 8.743128180503845215e-01
-4.705078125000000000e+00 -2.897341156005859375e+01 -3.140353441238403320e+00 -1.984584033489227295e-01 1.946733295917510986e-01 4.055396914482116699e-01 8.707778453826904297e-01
-4.491969108581542969e+00 -2.907376861572265625e+01 -3.131276845932006836e+00 -1.859829723834991455e-01 1.986245512962341309e-01 4.191515147686004639e-01 8.661815524101257324e-01
-4.277364253997802734e+00 -2.916156578063964844e+01 -3.108715057373046875e+00 -1.733528077602386475e-01 2.031267434358596802e-01 4.338507056236267090e-01 8.605009317398071289e-01
-4.064555644989013672e+00 -2.924442863464355469e+01 -3.080762863159179688e+00 -1.607122272253036499e-01 2.082364261150360107e-01 4.493799507617950439e-01 8.537369370460510254e-01
-3.853781700134277344e+00 -2.932302665710449219e+01 -3.049145460128784180e+00 -1.482191085815429688e-01 2.139779329299926758e-01 4.654712080955505371e-01 8.459202647209167480e-01
-3.645264863967895508e+00 -2.939829826354980469e+01 -3.015462636947631836e+00 -1.360373944044113159e-01 2.203400284051895142e-01 4.818522334098815918e-01 8.371156454086303711e-01
-3.439095497131347656e+00 -2.947052383422851562e+01 -2.980151414871215820e+00 -1.243293881416320801e-01 2.272743582725524902e-01 4.982544779777526855e-01 8.274243474006652832e-01
-3.235339164733886719e+00 -2.953991127014160156e+01 -2.943472862243652344e+00 -1.132456436753273010e-01 2.346973121166229248e-01 5.144230127334594727e-01 8.169832229614257812e-01
-3.034006357192993164e+00 -2.960636711120605469e+01 -2.905349731445312500e+00 -1.029170081019401550e-01 2.424947917461395264e-01 5.301254391670227051e-01 8.059599399566650391e-01
-2.835133075714111328e+00 -2.967007827758789062e+01 -2.865960597991943359e+00 -9.344692528247833252e-02 2.505282759666442871e-01 5.451580286026000977e-01 7.945476174354553223e-01
-2.638746261596679688e+00 -2.973120498657226562e+01 -2.825424671173095703e+00 -8.490713685750961304e-02 2.586441040039062500e-01 5.593500137329101562e-01 7.829569578170776367e-01
-2.444661855697631836e+00 -2.978973388671875000e+01 -2.784389019012451172e+00 -7.733627408742904663e-02 2.666813135147094727e-01 5.725649595260620117e-01 7.714074254035949707e-01
-2.252694129943847656e+00 -2.984563255310058594e+01 -2.743501424789428711e+00 -7.074067741632461548e-02 2.744799852371215820e-01 5.846985578536987305e-01 7.601210474967956543e-01
-2.062402248382568359e+00 -2.989822387695312500e+01 -2.703659057617187500e+00 -6.509839743375778198e-02 2.818874716758728027e-01 5.956749320030212402e-01 7.493150234222412109e-01
-1.873548507690429688e+00 -2.994737052917480469e+01 -2.665830612182617188e+00 -6.036471575498580933e-02 2.887626886367797852e-01 6.054409146308898926e-01 7.391979098320007324e-01
-1.686215758323669434e+00 -2.999347496032714844e+01 -2.630238056182861328e+00 -5.647844076156616211e-02 2.949783205986022949e-01 6.139588952064514160e-01 7.299674153327941895e-01
-1.500360131263732910e+00 -3.003655052185058594e+01 -2.597128868103027344e+00 -5.336946994066238403e-02 3.004211187362670898e-01 6.212001442909240723e-01 7.218096256256103516e-01
-1.314599633216857910e+00 -3.007395744323730469e+01 -2.566810131072998047e+00 -5.508100986480712891e-02 2.980412840843200684e-01 6.304824948310852051e-01 7.145831584930419922e-01
-1.130174517631530762e+00 -3.010744476318359375e+01 -2.541271209716796875e+00 -5.650961399078369141e-02 2.961442470550537109e-01 6.380077600479125977e-01 7.085559368133544922e-01
-9.473571777343750000e-01 -3.013746833801269531e+01 -2.520134925842285156e+00 -5.773887783288955688e-02 2.947179675102233887e-01 6.439573764801025391e-01 7.036522030830383301e-01
-7.660192847251892090e-01 -3.016334342956542969e+01 -2.504340648651123047e+00 -5.882652848958969116e-02 2.937364578247070312e-01 6.484996080398559570e-01 6.997904181480407715e-01
-5.861034989356994629e-01 -3.018309783935546875e+01 -2.496681451797485352e+00 -5.980908125638961792e-02 2.931639552116394043e-01 6.517908573150634766e-01 6.968832612037658691e-01
-3.981323242187500000e-01 -3.020043563842773438e+01 -2.493843317031860352e+00 -6.070631742477416992e-02 2.929571568965911865e-01 6.539782881736755371e-01 6.948404312133789062e-01
-2.021874934434890747e-01 -3.021491622924804688e+01 -2.496685028076171875e+00 -6.152457743883132935e-02 2.930671572685241699e-01 6.552016139030456543e-01 6.935684680938720703e-01
1.453857403248548508e-03 -3.022599601745605469e+01 -2.506742000579833984e+00 -6.226112693548202515e-02 2.934411168098449707e-01 6.555957794189453125e-01 6.929719448089599609e-01
2.124145478010177612e-01 -3.023453140258789062e+01 -2.523855447769165039e+00 -6.290657818317413330e-02 2.940231859683990479e-01 6.552920341491699219e-01 6.929541230201721191e-01
4.305602908134460449e-01 -3.024171829223632812e+01 -2.546830892562866211e+00 -6.344802677631378174e-02 2.947551608085632324e-01 6.544207334518432617e-01 6.934171915054321289e-01
6.557812094688415527e-01 -3.024823570251464844e+01 -2.575502872467041016e+00 -6.387130916118621826e-02 2.955774664878845215e-01 6.531115174293518066e-01 6.942619681358337402e-01
8.880078196525573730e-01 -3.025492095947265625e+01 -2.609519004821777344e+00 -6.416247040033340454e-02 2.964295446872711182e-01 6.514950394630432129e-01 6.953897476196289062e-01
1.127216815948486328e+00 -3.026271247863769531e+01 -2.648385047912597656e+00 -6.430988758802413940e-02 2.972505092620849609e-01 6.497040390968322754e-01 6.967002153396606445e-01
1.373332500457763672e+00 -3.027320671081542969e+01 -2.691859006881713867e+00 -6.430437415838241577e-02 2.979798316955566406e-01 6.478723287582397461e-01 6.980933547019958496e-01
1.626478195190429688e+00 -3.028733062744140625e+01 -2.738641977310180664e+00 -6.391502916812896729e-02 2.983555197715759277e-01 6.462318301200866699e-01 6.994878649711608887e-01
1.886807799339294434e+00 -3.030347061157226562e+01 -2.788236618041992188e+00 -6.332322210073471069e-02 2.984816730022430420e-01 6.448433399200439453e-01 7.007681727409362793e-01
2.154472589492797852e+00 -3.032020187377929688e+01 -2.840267896652221680e+00 -6.284236162900924683e-02 2.985832691192626953e-01 6.437137126922607422e-01 7.018057703971862793e-01
2.429636240005493164e+00 -3.033588790893554688e+01 -2.894356012344360352e+00 -6.252244114875793457e-02 2.986504137516021729e-01 6.429614424705505371e-01 7.024950385093688965e-01
2.712481737136840820e+00 -3.034844589233398438e+01 -2.950083494186401367e+00 -6.188859790563583374e-02 2.981981039047241211e-01 6.429273486137390137e-01 7.027746438980102539e-01
3.003167629241943359e+00 -3.035523605346679688e+01 -3.006867647171020508e+00 -6.093453615903854370e-02 2.971671819686889648e-01 6.437492370605468750e-01 7.025422453880310059e-01
3.291423320770263672e+00 -3.035289764404296875e+01 -3.061587572097778320e+00 -6.105695664882659912e-02 2.945410609245300293e-01 6.459675431251525879e-01 7.016005516052246094e-01
3.576808929443359375e+00 -3.033835601806640625e+01 -3.113800525665283203e+00 -6.070958077907562256e-02 2.917777001857757568e-01 6.488556265830993652e-01 7.001189589500427246e-01
3.858531475067138672e+00 -3.030708694458007812e+01 -3.162238121032714844e+00 -5.993860214948654175e-02 2.889002859592437744e-01 6.523223519325256348e-01 6.981543898582458496e-01
4.134832859039306641e+00 -3.025380706787109375e+01 -3.205265998840332031e+00 -5.878977477550506592e-02 2.859318256378173828e-01 6.562764644622802734e-01 6.957643032073974609e-01
4.403802394866943359e+00 -3.017843627929687500e+01 -3.242318630218505859e+00 -5.730922520160675049e-02 2.828955352306365967e-01 6.606270670890808105e-01 6.930061578750610352e-01
4.663765907287597656e+00 -3.008219146728515625e+01 -3.273115873336791992e+00 -5.554293841123580933e-02 2.798152267932891846e-01 6.652840971946716309e-01 6.899387240409851074e-01
4.913671016693115234e+00 -2.996747016906738281e+01 -3.297737360000610352e+00 -5.353733897209167480e-02 2.767151892185211182e-01 6.701585650444030762e-01 6.866220235824584961e-01
5.153317928314208984e+00 -2.983755302429199219e+01 -3.316613674163818359e+00 -5.133882910013198853e-02 2.736205160617828369e-01 6.751634478569030762e-01 6.831181645393371582e-01
5.383377552032470703e+00 -2.969615364074707031e+01 -3.330460786819458008e+00 -4.899407178163528442e-02 2.705571651458740234e-01 6.802135109901428223e-01 6.794908642768859863e-01
5.604996204376220703e+00 -2.954667472839355469e+01 -3.339982748031616211e+00 -4.654971510171890259e-02 2.675519585609436035e-01 6.852254867553710938e-01 6.758069396018981934e-01
5.820315361022949219e+00 -2.939314842224121094e+01 -3.346268892288208008e+00 -4.405298084020614624e-02 2.646327614784240723e-01 6.901189684867858887e-01 6.721344590187072754e-01
6.031044960021972656e+00 -2.923831176757812500e+01 -3.349755287170410156e+00 -4.155085980892181396e-02 2.618282139301300049e-01 6.948150992393493652e-01 6.685442924499511719e-01
6.238564491271972656e+00 -2.908418655395507812e+01 -3.350655555725097656e+00 -3.909048438072204590e-02 2.591677904129028320e-01 6.992378234863281250e-01 6.651093363761901855e-01
6.444160461425781250e+00 -2.893260002136230469e+01 -3.349146604537963867e+00 -3.671928495168685913e-02 2.566818594932556152e-01 7.033128738403320312e-01 6.619043350219726562e-01
6.649017810821533203e+00 -2.878526115417480469e+01 -3.345371007919311523e+00 -3.448452055454254150e-02 2.544011473655700684e-01 7.069676518440246582e-01 6.590050458908081055e-01
6.854204654693603516e+00 -2.864383888244628906e+01 -3.339444398880004883e+00 -3.243343532085418701e-02 2.523568570613861084e-01 7.101309895515441895e-01 6.564891934394836426e-01
7.060665607452392578e+00 -2.851002311706542969e+01 -3.331464052200317383e+00 -3.061348199844360352e-02 2.505806088447570801e-01 7.127324342727661133e-01 6.544345021247863770e-01
7.269185066223144531e+00 -2.838555526733398438e+01 -3.321516036987304688e+00 -2.907186001539230347e-02 2.491038888692855835e-01 7.147020101547241211e-01 6.529189348220825195e-01
7.479608535766601562e+00 -2.827074432373046875e+01 -3.310209274291992188e+00 -2.788395434617996216e-02 2.479269206523895264e-01 7.159793376922607422e-01 6.520187258720397949e-01
7.691097259521484375e+00 -2.816464614868164062e+01 -3.298674345016479492e+00 -2.701216936111450195e-02 2.471732199192047119e-01 7.164601683616638184e-01 6.518132686614990234e-01
7.903032779693603516e+00 -2.806642532348632812e+01 -3.288013935089111328e+00 -2.657695859670639038e-02 2.467718422412872314e-01 7.161255478858947754e-01 6.523507833480834961e-01
8.114914894104003906e+00 -2.797535133361816406e+01 -3.279502391815185547e+00 -2.654079347848892212e-02 2.467422038316726685e-01 7.150051593780517578e-01 6.535913348197937012e-01
8.326326370239257812e+00 -2.789077568054199219e+01 -3.274689197540283203e+00 -2.688295394182205200e-02 2.470638751983642578e-01 7.131597995758056641e-01 6.554691791534423828e-01
8.536849021911621094e+00 -2.781215476989746094e+01 -3.275635957717895508e+00 -2.758263051509857178e-02 2.477157860994338989e-01 7.106486558914184570e-01 6.579167842864990234e-01
8.745988845825195312e+00 -2.773965454101562500e+01 -3.287514686584472656e+00 -2.861899137496948242e-02 2.486762106418609619e-01 7.075294256210327148e-01 6.608654260635375977e-01
8.952606201171875000e+00 -2.767269897460937500e+01 -3.312689781188964844e+00 -2.997125685214996338e-02 2.499234378337860107e-01 7.038593292236328125e-01 6.642455458641052246e-01
9.156698226928710938e+00 -2.761194229125976562e+01 -3.346923112869262695e+00 -3.161851316690444946e-02 2.514355182647705078e-01 6.996953487396240234e-01 6.679871678352355957e-01
9.359226226806640625e+00 -2.755617332458496094e+01 -3.380249500274658203e+00 -3.353968262672424316e-02 2.531905174255371094e-01 6.950951218605041504e-01 6.720211505889892578e-01
9.561226844787597656e+00 -2.750313377380371094e+01 -3.398422718048095703e+00 -3.571380674839019775e-02 2.551668882369995117e-01 6.901170015335083008e-01 6.762786507606506348e-01
9.761112213134765625e+00 -2.745073699951171875e+01 -3.397864341735839844e+00 -3.812004625797271729e-02 2.573434412479400635e-01 6.848210096359252930e-01 6.806918978691101074e-01
9.956759452819824219e+00 -2.739830017089843750e+01 -3.375912427902221680e+00 -4.073731601238250732e-02 2.596992850303649902e-01 6.792680621147155762e-01 6.851946115493774414e-01
1.014819049835205078e+01 -2.734697914123535156e+01 -3.343764543533325195e+00 -4.354482889175415039e-02 2.622144818305969238e-01 6.735212802886962891e-01 6.897220015525817871e-01
1.033584594726562500e+01 -2.729733276367187500e+01 -3.305598735809326172e+00 -4.652161896228790283e-02 2.648693323135375977e-01 6.676457524299621582e-01 6.942111253738403320e-01
1.052020931243896484e+01 -2.724979400634765625e+01 -3.264067888259887695e+00 -4.964707046747207642e-02 2.676452100276947021e-01 6.617082357406616211e-01 6.986010670661926270e-01
1.070176506042480469e+01 -2.720479965209960938e+01 -3.221109628677368164e+00 -5.290034413337707520e-02 2.705239951610565186e-01 6.557776331901550293e-01 7.028328776359558105e-01
1.088102722167968750e+01 -2.716295051574707031e+01 -3.178420305252075195e+00 -5.626109987497329712e-02 2.734884619712829590e-01 6.499248743057250977e-01 7.068496346473693848e-01
1.105860710144042969e+01 -2.712520408630371094e+01 -3.137872219085693359e+00 -5.970891565084457397e-02 2.765221595764160156e-01 6.442225575447082520e-01 7.105966806411743164e-01
1.123529529571533203e+01 -2.709326171875000000e+01 -3.102123975753784180e+00 -6.322365254163742065e-02 2.796094417572021484e-01 6.387448906898498535e-01 7.140211462974548340e-01
1.141161823272705078e+01 -2.706959152221679688e+01 -3.073767662048339844e+00 -6.678515672683715820e-02 2.827351093292236328e-01 6.335681080818176270e-01 7.170718312263488770e-01
1.158697700500488281e+01 -2.705437278747558594e+01 -3.053007841110229492e+00 -7.037375867366790771e-02 2.858848869800567627e-01 6.287688016891479492e-01 7.196993827819824219e-01
1.176078224182128906e+01 -2.704805374145507812e+01 -3.040806770324707031e+00 -7.014493644237518311e-02 2.852963805198669434e-01 6.259918212890625000e-01 7.223710417747497559e-01
1.193211269378662109e+01 -2.704825782775878906e+01 -3.034561157226562500e+00 -7.000604271888732910e-02 2.847526669502258301e-01 6.236332058906555176e-01 7.246355414390563965e-01
1.209840869903564453e+01 -2.705143737792968750e+01 -3.010858058929443359e+00 -6.993974000215530396e-02 2.842618525028228760e-01 6.216763257980346680e-01 7.265136241912841797e-01
1.226080513000488281e+01 -2.705489158630371094e+01 -2.978640794754028320e+00 -6.992886215448379517e-02 2.838318943977355957e-01 6.201033592224121094e-01 7.280255556106567383e-01
1.242030334472656250e+01 -2.705817413330078125e+01 -2.947031736373901367e+00 -6.995742022991180420e-02 2.834701836109161377e-01 6.188963055610656738e-01 7.291900515556335449e-01
1.257690811157226562e+01 -2.706130218505859375e+01 -2.916057586669921875e+00 -7.001017034053802490e-02 2.831835746765136719e-01 6.180360317230224609e-01 7.300254702568054199e-01
1.273064899444580078e+01 -2.706430816650390625e+01 -2.885881185531616211e+00 -7.007313519716262817e-02 2.829779386520385742e-01 6.175025105476379395e-01 7.305504083633422852e-01
1.288148880004882812e+01 -2.706716918945312500e+01 -2.856315851211547852e+00 -7.013398408889770508e-02 2.828581929206848145e-01 6.172748208045959473e-01 7.307832241058349609e-01
1.302942562103271484e+01 -2.706988716125488281e+01 -2.827361345291137695e+00 -7.018212974071502686e-02 2.828277349472045898e-01 6.173310875892639160e-01 7.307428717613220215e-01
1.318576908111572266e+01 -2.707271003723144531e+01 -2.796958446502685547e+00 -7.020867615938186646e-02 2.828886210918426514e-01 6.176477670669555664e-01 7.304491400718688965e-01
1.335054683685302734e+01 -2.707567405700683594e+01 -2.765263557434082031e+00 -7.020693272352218628e-02 2.830410301685333252e-01 6.182004213333129883e-01 7.299225926399230957e-01
1.352370357513427734e+01 -2.707873535156250000e+01 -2.731992244720458984e+00 -7.017187774181365967e-02 2.832834720611572266e-01 6.189626455307006836e-01 7.291855216026306152e-01
1.370524787902832031e+01 -2.708190917968750000e+01 -2.697185516357421875e+00 -7.010063529014587402e-02 2.836126983165740967e-01 6.199076175689697266e-01 7.282611131668090820e-01
1.389530754089355469e+01 -2.708534431457519531e+01 -2.661568641662597656e+00 -6.999195367097854614e-02 2.840233445167541504e-01 6.210064888000488281e-01 7.271745204925537109e-01
1.409375000000000000e+01 -2.708890533447265625e+01 -2.624403715133666992e+00 -6.984619796276092529e-02 2.845085859298706055e-01 6.222296953201293945e-01 7.259521484375000000e-01
1.430062866210937500e+01 -2.709267234802246094e+01 -2.586008310317993164e+00 -6.966485083103179932e-02 2.850599884986877441e-01 6.235468983650207520e-01 7.246218323707580566e-01
1.451606178283691406e+01 -2.709677124023437500e+01 -2.547027587890625000e+00 -6.945028156042098999e-02 2.856678068637847900e-01 6.249273419380187988e-01 7.232125997543334961e-01
1.473987960815429688e+01 -2.710104179382324219e+01 -2.506535053253173828e+00 -6.920517235994338989e-02 2.863219380378723145e-01 6.263396143913269043e-01 7.217541933059692383e-01
1.497234821319580078e+01 -2.710578346252441406e+01 -2.466055870056152344e+00 -6.893194466829299927e-02 2.870114445686340332e-01 6.277528405189514160e-01 7.202772498130798340e-01
1.521327400207519531e+01 -2.711078262329101562e+01 -2.424471378326416016e+00 -6.853286921977996826e-02 2.876296341419219971e-01 6.291775703430175781e-01 7.188241481781005859e-01
1.546291065216064453e+01 -2.711557579040527344e+01 -2.383584499359130859e+00 -6.040639430284500122e-02 2.808445692062377930e-01 6.336952447891235352e-01 7.182671427726745605e-01
1.572110557556152344e+01 -2.712064361572265625e+01 -2.342265605926513672e+00 -5.125135928392410278e-02 2.731401920318603516e-01 6.384834051132202148e-01 7.177094817161560059e-01
1.598811626434326172e+01 -2.712634277343750000e+01 -2.302307128906250000e+00 -4.117627441883087158e-02 2.646013498306274414e-01 6.434779763221740723e-01 7.170959711074829102e-01
1.626371955871582031e+01 -2.713239288330078125e+01 -2.262207031250000000e+00 -3.029068559408187866e-02 2.553146779537200928e-01 6.486167907714843750e-01 7.163749337196350098e-01
1.654841232299804688e+01 -2.713952255249023438e+01 -2.225800037384033203e+00 -1.870553195476531982e-02 2.453689575195312500e-01 6.538405418395996094e-01 7.154976129531860352e-01
1.684186935424804688e+01 -2.714735794067382812e+01 -2.191035032272338867e+00 -6.532788276672363281e-03 2.348554581403732300e-01 6.590936183929443359e-01 7.144199609756469727e-01
1.712671089172363281e+01 -2.715539550781250000e+01 -2.160355806350708008e+00 6.114564836025238037e-03 2.238682508468627930e-01 6.643250584602355957e-01 7.131042480468750000e-01
1.740300750732421875e+01 -2.716387557983398438e+01 -2.134936571121215820e+00 1.912240684032440186e-02 2.125042974948883057e-01 6.694899201393127441e-01 7.115190625190734863e-01
1.767057609558105469e+01 -2.717256355285644531e+01 -2.113525629043579102e+00 3.237621486186981201e-02 2.008631825447082520e-01 6.745492219924926758e-01 7.096401453018188477e-01
1.792933464050292969e+01 -2.718130874633789062e+01 -2.095292568206787109e+00 4.576119780540466309e-02 1.890470981597900391e-01 6.794707775115966797e-01 7.074508070945739746e-01
1.817924690246582031e+01 -2.719008445739746094e+01 -2.080009222030639648e+00 5.916249006986618042e-02 1.771608591079711914e-01 6.842294335365295410e-01 7.049424052238464355e-01
1.842029762268066406e+01 -2.719896507263183594e+01 -2.068025112152099609e+00 7.246570289134979248e-02 1.653114110231399536e-01 6.888077855110168457e-01 7.021144628524780273e-01
1.865238761901855469e+01 -2.720763397216796875e+01 -2.057613372802734375e+00 8.555749058723449707e-02 1.536070853471755981e-01 6.931955218315124512e-01 6.989741325378417969e-01
1.887550735473632812e+01 -2.721605110168457031e+01 -2.048475503921508789e+00 9.832537174224853516e-02 1.421580165624618530e-01 6.973896622657775879e-01 6.955363154411315918e-01
1.908964347839355469e+01 -2.722419548034667969e+01 -2.040453672409057617e+00 1.106584593653678894e-01 1.310752034187316895e-01 7.013948559761047363e-01 6.918231248855590820e-01
1.929047966003417969e+01 -2.722323417663574219e+01 -2.004071235656738281e+00 1.224476099014282227e-01 1.204701364040374756e-01 7.052218914031982422e-01 6.878629922866821289e-01
1.947997474670410156e+01 -2.721714591979980469e+01 -1.952395915985107422e+00 1.335854232311248779e-01 1.104548200964927673e-01 7.088878154754638672e-01 6.836904883384704590e-01
1.966076087951660156e+01 -2.721127891540527344e+01 -1.903040409088134766e+00 1.439662724733352661e-01 1.011411920189857483e-01 7.124150395393371582e-01 6.793444752693176270e-01
1.983284950256347656e+01 -2.720553398132324219e+01 -1.856063842773437500e+00 1.534868627786636353e-01 9.264029562473297119e-02 7.158300280570983887e-01 6.748681664466857910e-01
1.999623298645019531e+01 -2.719999694824218750e+01 -1.811438202857971191e+00 1.620445251464843750e-01 8.506375551223754883e-02 7.191627621650695801e-01 6.703063249588012695e-01
2.015093040466308594e+01 -2.719473075866699219e+01 -1.769090890884399414e+00 1.693727523088455200e-01 7.827764749526977539e-02 7.224649190902709961e-01 6.657550930976867676e-01
2.029692268371582031e+01 -2.718961143493652344e+01 -1.729164958000183105e+00 1.757649779319763184e-01 7.249675691127777100e-02 7.257179021835327148e-01 6.611991524696350098e-01
2.043421554565429688e+01 -2.718462371826171875e+01 -1.691672325134277344e+00 1.812956780195236206e-01 6.763992458581924438e-02 7.289276123046875000e-01 6.566743850708007812e-01
2.056279182434082031e+01 -2.717991447448730469e+01 -1.656551122665405273e+00 1.860373914241790771e-01 6.362424045801162720e-02 7.320939898490905762e-01 6.522119045257568359e-01
2.068266105651855469e+01 -2.717548370361328125e+01 -1.623804569244384766e+00 1.900621056556701660e-01 6.036511808633804321e-02 7.352118492126464844e-01 6.478394865989685059e-01
2.079383087158203125e+01 -2.717119979858398438e+01 -1.593493580818176270e+00 1.934408247470855713e-01 5.777774751186370850e-02 7.382723689079284668e-01 6.435807943344116211e-01
2.089630889892578125e+01 -2.716703796386718750e+01 -1.565629243850708008e+00 1.962444484233856201e-01 5.577713251113891602e-02 7.412629127502441406e-01 6.394578218460083008e-01
2.099007797241210938e+01 -2.716318321228027344e+01 -1.540130019187927246e+00 1.985440105199813843e-01 5.427869409322738647e-02 7.441687583923339844e-01 6.354895234107971191e-01
2.107514572143554688e+01 -2.715963745117187500e+01 -1.516994953155517578e+00 2.004110813140869141e-01 5.319856852293014526e-02 7.469727396965026855e-01 6.316936612129211426e-01
2.115151405334472656e+01 -2.715640640258789062e+01 -1.496222853660583496e+00 2.019182741641998291e-01 5.245354026556015015e-02 7.496568560600280762e-01 6.280860900878906250e-01
2.121918487548828125e+01 -2.715348625183105469e+01 -1.477812170982360840e+00 2.031386494636535645e-01 5.196212977170944214e-02 7.522017359733581543e-01 6.246817111968994141e-01
2.127817535400390625e+01 -2.715072441101074219e+01 -1.461829543113708496e+00 2.041463851928710938e-01 5.164375156164169312e-02 7.545868754386901855e-01 6.214947700500488281e-01
2.132848167419433594e+01 -2.714821624755859375e+01 -1.448230266571044922e+00 2.050168812274932861e-01 5.141914635896682739e-02 7.567922472953796387e-01 6.185382604598999023e-01
2.137009429931640625e+01 -2.714606475830078125e+01 -1.436971068382263184e+00 2.058261334896087646e-01 5.121041089296340942e-02 7.587968111038208008e-01 6.158249974250793457e-01
2.140301895141601562e+01 -2.714426422119140625e+01 -1.428048729896545410e+00 2.066509276628494263e-01 5.094078183174133301e-02 7.605794668197631836e-01 6.133671402931213379e-01
2.142725753784179688e+01 -2.714281654357910156e+01 -1.421461701393127441e+00 2.075686007738113403e-01 5.053412914276123047e-02 7.621186971664428711e-01 6.111765503883361816e-01
2.144281196594238281e+01 -2.714172363281250000e+01 -1.417207598686218262e+00 2.086568325757980347e-01 4.991497099399566650e-02 7.633925080299377441e-01 6.092640161514282227e-01
2.146036529541015625e+01 -2.714065361022949219e+01 -1.412415742874145508e+00 2.099931836128234863e-01 4.900784790515899658e-02 7.643784284591674805e-01 6.076402664184570312e-01
2.147992134094238281e+01 -2.713960456848144531e+01 -1.407083749771118164e+00 2.116550654172897339e-01 4.773661494255065918e-02 7.650529146194458008e-01 6.063145995140075684e-01
2.150147819519042969e+01 -2.713857650756835938e+01 -1.401208519935607910e+00 2.137181907892227173e-01 4.602482169866561890e-02 7.653914093971252441e-01 6.052952408790588379e-01
2.152506065368652344e+01 -2.713758087158203125e+01 -1.394732594490051270e+00 2.160937786102294922e-01 4.362881183624267578e-02 7.653886675834655762e-01 6.046323180198669434e-01
2.155065155029296875e+01 -2.713660049438476562e+01 -1.387704133987426758e+00 2.188943922519683838e-01 4.072362929582595825e-02 7.650588154792785645e-01 6.042447686195373535e-01
2.157823944091796875e+01 -2.713562202453613281e+01 -1.380125761032104492e+00 2.220923453569412231e-01 3.735111653804779053e-02 7.644357681274414062e-01 6.040842533111572266e-01
2.160782623291015625e+01 -2.713463592529296875e+01 -1.372000098228454590e+00 2.256606519222259521e-01 3.355244547128677368e-02 7.635524868965148926e-01 6.041019558906555176e-01
2.163940429687500000e+01 -2.713362503051757812e+01 -1.363330006599426270e+00 2.295714914798736572e-01 2.936955541372299194e-02 7.624418735504150391e-01 6.042490005493164062e-01
2.167296791076660156e+01 -2.713258171081542969e+01 -1.354117393493652344e+00 2.337975800037384033e-01 2.484384924173355103e-02 7.611367106437683105e-01 6.044768095016479492e-01
2.170851707458496094e+01 -2.713149261474609375e+01 -1.344365477561950684e+00 2.383112758398056030e-01 2.001725137233734131e-02 7.596710920333862305e-01 6.047369241714477539e-01
2.174606323242187500e+01 -2.713013648986816406e+01 -1.334170460700988770e+00 2.430857568979263306e-01 1.493120193481445312e-02 7.580788731575012207e-01 6.049814820289611816e-01
2.178558349609375000e+01 -2.712868309020996094e+01 -1.323449730873107910e+00 2.480935752391815186e-01 9.627908468246459961e-03 7.563955783843994141e-01 6.051632165908813477e-01
2.182707786560058594e+01 -2.712713813781738281e+01 -1.312200546264648438e+00 2.533077001571655273e-01 4.149563610553741455e-03 7.546569108963012695e-01 6.052360534667968750e-01
2.187053489685058594e+01 -2.712548446655273438e+01 -1.300422906875610352e+00 2.587019503116607666e-01 -1.462116837501525879e-03 7.529006004333496094e-01 6.051545143127441406e-01
2.191595840454101562e+01 -2.712372016906738281e+01 -1.288117647171020508e+00 2.642499208450317383e-01 -7.164835929870605469e-03 7.511647939682006836e-01 6.048736572265625000e-01
2.196334457397460938e+01 -2.712182044982910156e+01 -1.275285005569458008e+00 2.699255943298339844e-01 -1.291628181934356689e-02 7.494888901710510254e-01 6.043508052825927734e-01
2.201268196105957031e+01 -2.711977386474609375e+01 -1.261924386024475098e+00 2.757035791873931885e-01 -1.867440342903137207e-02 7.479136586189270020e-01 6.035428643226623535e-01
2.206397438049316406e+01 -2.711758041381835938e+01 -1.248035192489624023e+00 2.815582752227783203e-01 -2.439674735069274902e-02 7.464807629585266113e-01 6.024086475372314453e-01
2.211721420288085938e+01 -2.711521148681640625e+01 -1.233616352081298828e+00 2.874653339385986328e-01 -3.004160523414611816e-02 7.452326416969299316e-01 6.009072065353393555e-01
2.217241477966308594e+01 -2.711245346069335938e+01 -1.218759417533874512e+00 2.933998703956604004e-01 -3.556659817695617676e-02 7.442124485969543457e-01 5.989986658096313477e-01
2.223719215393066406e+01 -2.710886955261230469e+01 -1.201497793197631836e+00 2.993375957012176514e-01 -4.092989861965179443e-02 7.434639334678649902e-01 5.966432094573974609e-01
2.231152343750000000e+01 -2.710471153259277344e+01 -1.181712627410888672e+00 3.052544593811035156e-01 -4.608982801437377930e-02 7.430306673049926758e-01 5.938019752502441406e-01
2.238962364196777344e+01 -2.710023880004882812e+01 -1.160915255546569824e+00 3.111261129379272461e-01 -5.100411176681518555e-02 7.429566979408264160e-01 5.904357433319091797e-01
2.247150802612304688e+01 -2.709547042846679688e+01 -1.139052152633666992e+00 3.167705833911895752e-01 -5.582796037197113037e-02 7.432503104209899902e-01 5.866161584854125977e-01
2.255716514587402344e+01 -2.709023666381835938e+01 -1.116262435913085938e+00 3.223226666450500488e-01 -6.030207872390747070e-02 7.438680529594421387e-01 5.823504924774169922e-01
2.264665794372558594e+01 -2.708379554748535156e+01 -1.092903971672058105e+00 3.277234137058258057e-01 -6.440664827823638916e-02 7.447333335876464844e-01 5.777727365493774414e-01
2.273993110656738281e+01 -2.707708740234375000e+01 -1.068576931953430176e+00 3.329101502895355225e-01 -6.812742352485656738e-02 7.457717657089233398e-01 5.730216503143310547e-01
2.283699989318847656e+01 -2.707015037536621094e+01 -1.043287634849548340e+00 3.378171920776367188e-01 -7.145567238330841064e-02 7.469114065170288086e-01 5.682401657104492188e-01
2.293791389465332031e+01 -2.706218528747558594e+01 -1.017420649528503418e+00 3.423759937286376953e-01 -7.438890635967254639e-02 7.480821013450622559e-01 5.635761022567749023e-01
2.304270744323730469e+01 -2.705291366577148438e+01 -9.911227226257324219e-01 3.465152978897094727e-01 -7.693004608154296875e-02 7.492154836654663086e-01 5.591824650764465332e-01
2.315136718750000000e+01 -2.704349136352539062e+01 -9.638800024986267090e-01 3.500632345676422119e-01 -7.922130823135375977e-02 7.502306699752807617e-01 5.552782416343688965e-01
2.326393508911132812e+01 -2.703253173828125000e+01 -9.363555908203125000e-01 3.529881238937377930e-01 -8.121949434280395508e-02 7.510659694671630859e-01 5.519987344741821289e-01
2.338040924072265625e+01 -2.702063369750976562e+01 -9.083187580108642578e-01 3.552809059619903564e-01 -8.284969627857208252e-02 7.516653537750244141e-01 5.494638085365295410e-01
2.350078773498535156e+01 -2.700774574279785156e+01 -8.798235654830932617e-01 3.568826317787170410e-01 -8.410413563251495361e-02 7.519643306732177734e-01 5.478238463401794434e-01
2.362508964538574219e+01 -2.699356079101562500e+01 -8.510409593582153320e-01 3.577327132225036621e-01 -8.497405052185058594e-02 7.518969178199768066e-01 5.472272634506225586e-01
2.375331687927246094e+01 -2.697855567932128906e+01 -8.217806816101074219e-01 3.577700853347778320e-01 -8.545114099979400635e-02 7.513934373855590820e-01 5.478197336196899414e-01
2.388548851013183594e+01 -2.696288299560546875e+01 -7.919961214065551758e-01 3.569299280643463135e-01 -8.552589267492294312e-02 7.503787875175476074e-01 5.497435927391052246e-01
2.401324081420898438e+01 -2.690980720520019531e+01 -7.747149467468261719e-01 3.551447391510009766e-01 -8.518844842910766602e-02 7.487700581550598145e-01 5.531350970268249512e-01
2.414311981201171875e+01 -2.684974479675292969e+01 -7.590139508247375488e-01 3.523425757884979248e-01 -8.442825824022293091e-02 7.464746236801147461e-01 5.581238865852355957e-01
2.427205467224121094e+01 -2.677898216247558594e+01 -7.453005909919738770e-01 3.484457433223724365e-01 -8.323328942060470581e-02 7.433876395225524902e-01 5.648295879364013672e-01
2.440085411071777344e+01 -2.670046615600585938e+01 -7.329681515693664551e-01 3.433700501918792725e-01 -8.159036189317703247e-02 7.393894791603088379e-01 5.733612179756164551e-01
2.452780723571777344e+01 -2.661223411560058594e+01 -7.225835919380187988e-01 3.369930684566497803e-01 -7.952404022216796875e-02 7.343387603759765625e-01 5.838305950164794922e-01
2.465432739257812500e+01 -2.651720428466796875e+01 -7.133416533470153809e-01 3.293084204196929932e-01 -7.690151035785675049e-02 7.280905842781066895e-01 5.962600111961364746e-01
2.478205299377441406e+01 -2.641789436340332031e+01 -7.044363021850585938e-01 3.201528191566467285e-01 -7.383100688457489014e-02 7.204894423484802246e-01 6.106931567192077637e-01
2.491212272644042969e+01 -2.631585884094238281e+01 -6.953423619270324707e-01 3.096358478069305420e-01 -7.029954344034194946e-02 7.115284800529479980e-01 6.268260478973388672e-01
2.504512596130371094e+01 -2.621185493469238281e+01 -6.857760548591613770e-01 2.978789806365966797e-01 -6.634335219860076904e-02 7.012397646903991699e-01 6.443054080009460449e-01
2.518183517456054688e+01 -2.610686302185058594e+01 -6.753054857254028320e-01 2.850117385387420654e-01 -6.200075149536132812e-02 6.896687150001525879e-01 6.627830266952514648e-01
2.532210350036621094e+01 -2.600071144104003906e+01 -6.640170216560363770e-01 2.711732983589172363e-01 -5.731263011693954468e-02 6.768794655799865723e-01 6.819196343421936035e-01
2.546579933166503906e+01 -2.589319992065429688e+01 -6.519265770912170410e-01 2.565146088600158691e-01 -5.232320725917816162e-02 6.629587411880493164e-01 7.013902664184570312e-01
2.561375427246093750e+01 -2.578540229797363281e+01 -6.385918855667114258e-01 2.411978840827941895e-01 -4.707910865545272827e-02 6.480181813240051270e-01 7.208880186080932617e-01
2.576478958129882812e+01 -2.567569732666015625e+01 -6.245855689048767090e-01 2.253975719213485718e-01 -4.163042455911636353e-02 6.321961283683776855e-01 7.401289939880371094e-01
2.592022323608398438e+01 -2.556580924987792969e+01 -6.092575192451477051e-01 2.092987596988677979e-01 -3.602962195873260498e-02 6.156578063964843750e-01 7.588554024696350098e-01
2.607854461669921875e+01 -2.545355606079101562e+01 -5.933620929718017578e-01 1.930963099002838135e-01 -3.033115714788436890e-02 5.985946655273437500e-01 7.768386006355285645e-01
2.624076080322265625e+01 -2.534024620056152344e+01 -5.763058066368103027e-01 1.769931316375732422e-01 -2.459091693162918091e-02 5.812233686447143555e-01 7.938815951347351074e-01
2.640587806701660156e+01 -2.522432136535644531e+01 -5.587750077247619629e-01 1.611988246440887451e-01 -1.886616647243499756e-02 5.637831091880798340e-01 8.098195195198059082e-01
2.657462882995605469e+01 -2.510671806335449219e+01 -5.402087569236755371e-01 1.459274590015411377e-01 -1.321455836296081543e-02 5.465325117111206055e-01 8.245196342468261719e-01
2.674645423889160156e+01 -2.498643493652343750e+01 -5.212170481681823730e-01 1.313958168029785156e-01 -7.693406194448471069e-03 5.297473669052124023e-01 8.378804922103881836e-01
2.692174339294433594e+01 -2.486392784118652344e+01 -5.013757348060607910e-01 1.178214848041534424e-01 -2.359256148338317871e-03 5.137156248092651367e-01 8.498286604881286621e-01
2.710030746459960938e+01 -2.473873329162597656e+01 -4.811291396617889404e-01 1.054218113422393799e-01 2.732403576374053955e-03 4.987346231937408447e-01 8.603153824806213379e-01
2.727597045898437500e+01 -2.461548233032226562e+01 -4.608340263366699219e-01 9.441243857145309448e-02 7.527481764554977417e-03 4.851064682006835938e-01 8.693108558654785156e-01
2.744873046875000000e+01 -2.449399185180664062e+01 -4.408459365367889404e-01 8.500671386718750000e-02 1.197360828518867493e-02 4.731346666812896729e-01 8.767976164817810059e-01
2.761859321594238281e+01 -2.437416648864746094e+01 -4.209848046302795410e-01 7.741510123014450073e-02 1.602013595402240753e-02 4.631194472312927246e-01 8.827630877494812012e-01
2.778563117980957031e+01 -2.425597190856933594e+01 -4.014486670494079590e-01 7.184509932994842529e-02 1.961811631917953491e-02 4.553543627262115479e-01 8.871898651123046875e-01
2.794978713989257812e+01 -2.413925552368164062e+01 -3.821365237236022949e-01 6.842994689941406250e-02 2.273588255047798157e-02 4.500433206558227539e-01 8.900906443595886230e-01
2.812203598022460938e+01 -2.401620483398437500e+01 -3.617224097251892090e-01 6.701336055994033813e-02 2.540617994964122772e-02 4.470599889755249023e-01 8.916283249855041504e-01
2.830204963684082031e+01 -2.388657569885253906e+01 -3.396499454975128174e-01 6.736455857753753662e-02 2.767690271139144897e-02 4.461802244186401367e-01 8.919749259948730469e-01
2.848971176147460938e+01 -2.375034141540527344e+01 -3.158123791217803955e-01 6.925067305564880371e-02 2.959520928561687469e-02 4.471661746501922607e-01 8.912748098373413086e-01
2.868399620056152344e+01 -2.360655975341796875e+01 -2.884350419044494629e-01 7.243716716766357422e-02 3.120836988091468811e-02 4.497707486152648926e-01 8.896544575691223145e-01
2.888262939453125000e+01 -2.345334815979003906e+01 -2.535888552665710449e-01 7.668884843587875366e-02 3.256280720233917236e-02 4.537416100502014160e-01 8.872300386428833008e-01
2.907789993286132812e+01 -2.328582763671875000e+01 -1.998898237943649292e-01 8.177004754543304443e-02 3.370488807559013367e-02 4.588243961334228516e-01 8.841140866279602051e-01
2.921605491638183594e+01 -2.309165382385253906e+01 -7.394195348024368286e-02 8.744496107101440430e-02 3.468120843172073364e-02 4.647660255432128906e-01 8.804221749305725098e-01
2.929224586486816406e+01 -2.288392448425292969e+01 9.725768864154815674e-02 9.347821772098541260e-02 3.553820028901100159e-02 4.713159799575805664e-01 8.762763142585754395e-01
2.905519485473632812e+01 -2.293188858032226562e+01 1.177169755101203918e-01 9.963504970073699951e-02 3.632283210754394531e-02 4.782292842864990234e-01 8.718086481094360352e-01
2.882308006286621094e+01 -2.307793617248535156e+01 6.024657934904098511e-02 1.056816428899765015e-01 3.708277270197868347e-02 4.852666258811950684e-01 8.671635389328002930e-01
2.860633087158203125e+01 -2.323078727722167969e+01 5.763244349509477615e-03 1.113861426711082458e-01 3.786491602659225464e-02 4.921960532665252686e-01 8.624978065490722656e-01
2.840043830871582031e+01 -2.338447380065917969e+01 -4.206756502389907837e-02 1.165177896618843079e-01 3.871753811836242676e-02 4.987925291061401367e-01 8.579804897308349609e-01
2.820421028137207031e+01 -2.353742408752441406e+01 -8.200561255216598511e-02 1.208473592996597290e-01 3.968924656510353088e-02 5.048372149467468262e-01 8.537915945053100586e-01
2.801683044433593750e+01 -2.368824195861816406e+01 -1.142703220248222351e-01 1.241474449634552002e-01 4.082795232534408569e-02 5.101163983345031738e-01 8.501185774803161621e-01
2.783784675598144531e+01 -2.383579254150390625e+01 -1.407925337553024292e-01 1.261912286281585693e-01 4.218254238367080688e-02 5.144196748733520508e-01 8.471533060073852539e-01
2.766677665710449219e+01 -2.397916221618652344e+01 -1.633117645978927612e-01 1.267516016960144043e-01 4.380211979150772095e-02 5.175362825393676758e-01 8.450866341590881348e-01
2.750330924987792969e+01 -2.411785507202148438e+01 -1.828292757272720337e-01 1.256012618541717529e-01 4.573488980531692505e-02 5.192517638206481934e-01 8.441032171249389648e-01
2.734723281860351562e+01 -2.425162124633789062e+01 -1.999511718750000000e-01 1.225099116563796997e-01 4.803015664219856262e-02 5.193440914154052734e-01 8.443731665611267090e-01
2.719862174987792969e+01 -2.438064193725585938e+01 -2.143649309873580933e-01 1.172449067234992981e-01 5.073530226945877075e-02 5.175779461860656738e-01 8.460452556610107422e-01
2.705705451965332031e+01 -2.450434494018554688e+01 -2.272198498249053955e-01 1.096448525786399841e-01 5.387597903609275818e-02 5.137625336647033691e-01 8.491898775100708008e-01
2.692258644104003906e+01 -2.462277221679687500e+01 -2.383309900760650635e-01 9.984984248876571655e-02 5.738999322056770325e-02 5.079420208930969238e-01 8.536576628684997559e-01
2.679509925842285156e+01 -2.473567390441894531e+01 -2.480398565530776978e-01 8.807581663131713867e-02 6.119159981608390808e-02 5.002143383026123047e-01 8.592345118522644043e-01
2.667455101013183594e+01 -2.484291648864746094e+01 -2.564184367656707764e-01 7.453997433185577393e-02 6.519439816474914551e-02 4.906746745109558105e-01 8.656973242759704590e-01
2.656086158752441406e+01 -2.494433021545410156e+01 -2.636620998382568359e-01 5.946279689669609070e-02 6.931101530790328979e-02 4.794206321239471436e-01 8.728207349777221680e-01
2.645403289794921875e+01 -2.503983497619628906e+01 -2.697500586509704590e-01 4.306885600090026855e-02 7.345366477966308594e-02 4.665560126304626465e-01 8.803834915161132812e-01
2.635399818420410156e+01 -2.512926673889160156e+01 -2.748443484306335449e-01 2.558724209666252136e-02 7.753515243530273438e-02 4.521949291229248047e-01 8.881741166114807129e-01
2.626075553894042969e+01 -2.521253204345703125e+01 -2.790005505084991455e-01 7.251679897308349609e-03 8.146908879280090332e-02 4.364635348320007324e-01 8.959965109825134277e-01
2.617430114746093750e+01 -2.528955078125000000e+01 -2.822381556034088135e-01 -1.170005463063716888e-02 8.517067134380340576e-02 4.195026755332946777e-01 9.036739468574523926e-01
2.609464263916015625e+01 -2.536024284362792969e+01 -2.846014201641082764e-01 -3.102693706750869751e-02 8.855710178613662720e-02 4.014683663845062256e-01 9.110532999038696289e-01
2.602179908752441406e+01 -2.542455101013183594e+01 -2.861587405204772949e-01 -5.048643052577972412e-02 9.154880791902542114e-02 3.825330436229705811e-01 9.180079102516174316e-01
2.595578575134277344e+01 -2.548240470886230469e+01 -2.869696021080017090e-01 -6.983558833599090576e-02 9.406920522451400757e-02 3.628829717636108398e-01 9.244403839111328125e-01
2.589664077758789062e+01 -2.553377342224121094e+01 -2.870962321758270264e-01 -8.883249759674072266e-02 9.604553878307342529e-02 3.427186012268066406e-01 9.302838444709777832e-01
2.584439849853515625e+01 -2.557862663269042969e+01 -2.866122424602508545e-01 -1.072392314672470093e-01 9.740892797708511353e-02 3.222535252571105957e-01 9.355019330978393555e-01
2.579910087585449219e+01 -2.561695671081542969e+01 -2.855938673019409180e-01 -1.248211860656738281e-01 9.809470176696777344e-02 3.017106652259826660e-01 9.400891661643981934e-01
2.576079940795898438e+01 -2.564876365661621094e+01 -2.841186523437500000e-01 -1.413506418466567993e-01 9.804159402847290039e-02 2.813204526901245117e-01 9.440692663192749023e-01
2.572954559326171875e+01 -2.567406463623046875e+01 -2.822634875774383545e-01 -1.566050797700881958e-01 9.719215333461761475e-02 2.613189220428466797e-01 9.474919438362121582e-01
2.570539283752441406e+01 -2.569288825988769531e+01 -2.800939977169036865e-01 -1.703701615333557129e-01 9.549127519130706787e-02 2.419449090957641602e-01 9.504303932189941406e-01
2.568839263916015625e+01 -2.570527839660644531e+01 -2.776782214641571045e-01 -1.824372410774230957e-01 9.288574755191802979e-02 2.234374731779098511e-01 9.529766440391540527e-01
2.567861557006835938e+01 -2.571128273010253906e+01 -2.750799357891082764e-01 -1.926043927669525146e-01 8.932273089885711670e-02 2.060332596302032471e-01 9.552357196807861328e-01
2.567162513732910156e+01 -2.571577835083007812e+01 -2.752200365066528320e-01 -1.901948004961013794e-01 8.684842288494110107e-02 1.889703273773193359e-01 9.594652056694030762e-01
2.566774368286132812e+01 -2.571746444702148438e+01 -2.750836014747619629e-01 -1.879010647535324097e-01 8.268713206052780151e-02 1.734493225812911987e-01 9.632089138031005859e-01
2.565920829772949219e+01 -2.572318840026855469e+01 -2.753732204437255859e-01 -1.857624351978302002e-01 7.703628391027450562e-02 1.593730896711349487e-01 9.665184617042541504e-01
2.564600563049316406e+01 -2.573298454284667969e+01 -2.760970890522003174e-01 -1.837933659553527832e-01 7.006499171257019043e-02 1.466225087642669678e-01 9.694394469261169434e-01
2.562575149536132812e+01 -2.574896621704101562e+01 -2.774722278118133545e-01 -1.819913387298583984e-01 6.191621720790863037e-02 1.350634843111038208e-01 9.720098972320556641e-01
2.559842300415039062e+01 -2.577116394042968750e+01 -2.795059084892272949e-01 -1.803432404994964600e-01 5.271037667989730835e-02 1.245524436235427856e-01 9.742610454559326172e-01
2.556398582458496094e+01 -2.579960441589355469e+01 -2.822024524211883545e-01 -1.788301616907119751e-01 4.254848137497901917e-02 1.149407923221588135e-01 9.762161374092102051e-01
2.552241897583007812e+01 -2.583431053161621094e+01 -2.855673134326934814e-01 -1.774310320615768433e-01 3.151618689298629761e-02 1.060785651206970215e-01 9.778917431831359863e-01
2.547369003295898438e+01 -2.587530136108398438e+01 -2.896051108837127686e-01 -1.761255115270614624e-01 1.968660578131675720e-02 9.781721234321594238e-02 9.792976975440979004e-01
2.541777229309082031e+01 -2.592259407043457031e+01 -2.943258583545684814e-01 -1.748958528041839600e-01 7.123664952814579010e-03 9.001170843839645386e-02 9.804379940032958984e-01
2.535462760925292969e+01 -2.597620391845703125e+01 -2.997341752052307129e-01 -1.737284362316131592e-01 -6.115744821727275848e-03 8.252231776714324951e-02 9.813109040260314941e-01
2.528423309326171875e+01 -2.603613281250000000e+01 -3.058303892612457275e-01 -1.726147830486297607e-01 -1.997986435890197754e-02 7.521580904722213745e-02 9.819101095199584961e-01
2.520655632019042969e+01 -2.610238647460937500e+01 -3.126184046268463135e-01 -1.715521067380905151e-01 -3.442055359482765198e-02 6.796655058860778809e-02 9.822248220443725586e-01
2.512157630920410156e+01 -2.617498016357421875e+01 -3.201077282428741455e-01 -1.705438643693923950e-01 -4.939178377389907837e-02 6.065730750560760498e-02 9.822403192520141602e-01
2.503949928283691406e+01 -2.624495315551757812e+01 -3.273864686489105225e-01 -1.695997864007949829e-01 -6.484982371330261230e-02 5.317963287234306335e-02 9.819380640983581543e-01
2.496030044555664062e+01 -2.631230354309082031e+01 -3.344518840312957764e-01 -1.687357574701309204e-01 -8.075305074453353882e-02 4.543419927358627319e-02 9.812965989112854004e-01
2.488396263122558594e+01 -2.637703132629394531e+01 -3.413082957267761230e-01 -1.679738610982894897e-01 -9.706158936023712158e-02 3.733112663030624390e-02 9.802908897399902344e-01
2.481046295166015625e+01 -2.643913078308105469e+01 -3.479641675949096680e-01 -1.673419475555419922e-01 -1.137368977069854736e-01 2.879011072218418121e-02 9.788931012153625488e-01
2.473978996276855469e+01 -2.649859046936035156e+01 -3.544195592403411865e-01 -1.668731868267059326e-01 -1.307444870471954346e-01 1.974002830684185028e-02 9.770719408988952637e-01
2.467192840576171875e+01 -2.655540466308593750e+01 -3.606753349304199219e-01 -1.666056811809539795e-01 -1.480526179075241089e-01 1.011913456022739410e-02 9.747925996780395508e-01
2.460698509216308594e+01 -2.660966491699218750e+01 -3.670233190059661865e-01 -1.653153300285339355e-01 -1.656107306480407715e-01 1.225098967552185059e-04 9.722364544868469238e-01
2.454485130310058594e+01 -2.666121292114257812e+01 -3.730438053607940674e-01 -1.648462116718292236e-01 -1.833025068044662476e-01 -1.040875911712646484e-02 9.690806865692138672e-01
2.448557472229003906e+01 -2.671005249023437500e+01 -3.787625133991241455e-01 -1.650957912206649780e-01 -2.009512782096862793e-01 -2.133864909410476685e-02 9.653530120849609375e-01
2.442918968200683594e+01 -2.675618362426757812e+01 -3.841976821422576904e-01 -1.659632176160812378e-01 -2.183837592601776123e-01 -3.253092616796493530e-02 9.610965251922607422e-01
2.437574386596679688e+01 -2.679961585998535156e+01 -3.893643021583557129e-01 -1.673500388860702515e-01 -2.354288548231124878e-01 -4.384930059313774109e-02 9.563704133033752441e-01
2.432527542114257812e+01 -2.684035491943359375e+01 -3.942721486091613770e-01 -1.691608279943466187e-01 -2.519212663173675537e-01 -5.515824630856513977e-02 9.512507319450378418e-01
2.427783203125000000e+01 -2.687841415405273438e+01 -3.989245593547821045e-01 -1.713023632764816284e-01 -2.676988244056701660e-01 -6.632320582866668701e-02 9.458298683166503906e-01
2.423344993591308594e+01 -2.691380500793457031e+01 -4.033212065696716309e-01 -1.736852079629898071e-01 -2.826059460639953613e-01 -7.721184194087982178e-02 9.402158260345458984e-01
2.419216918945312500e+01 -2.694655036926269531e+01 -4.074535965919494629e-01 -1.762225180864334106e-01 -2.964922785758972168e-01 -8.769296109676361084e-02 9.345308542251586914e-01
2.415409278869628906e+01 -2.697670364379882812e+01 -4.113943278789520264e-01 -1.784105747938156128e-01 -3.092567324638366699e-01 -9.749828279018402100e-02 9.289908409118652344e-01
2.411918830871582031e+01 -2.700424957275390625e+01 -4.150256216526031494e-01 -1.806684434413909912e-01 -3.207150101661682129e-01 -1.066571846604347229e-01 9.236476421356201172e-01
2.408748817443847656e+01 -2.702919769287109375e+01 -4.183279275894165039e-01 -1.829270720481872559e-01 -3.307271599769592285e-01 -1.150542050600051880e-01 9.186509847640991211e-01
2.405901718139648438e+01 -2.705158424377441406e+01 -4.212829470634460449e-01 -1.851082146167755127e-01 -3.391576111316680908e-01 -1.225715875625610352e-01 9.141570925712585449e-01
2.403382301330566406e+01 -2.707142448425292969e+01 -4.238711595535278320e-01 -1.871285289525985718e-01 -3.458732962608337402e-01 -1.290902644395828247e-01 9.103242158889770508e-01
2.401192283630371094e+01 -2.708874893188476562e+01 -4.260751307010650635e-01 -1.889021843671798706e-01 -3.507426083087921143e-01 -1.344891488552093506e-01 9.073082208633422852e-01
2.399336433410644531e+01 -2.710358047485351562e+01 -4.278787076473236084e-01 -1.903456151485443115e-01 -3.536324799060821533e-01 -1.386476755142211914e-01 9.052565097808837891e-01
2.397816848754882812e+01 -2.711595344543457031e+01 -4.292663335800170898e-01 -1.913825273513793945e-01 -3.544033467769622803e-01 -1.414467394351959229e-01 9.043030142784118652e-01
2.396637344360351562e+01 -2.712587738037109375e+01 -4.302255213260650635e-01 -1.919488459825515747e-01 -3.529078960418701172e-01 -1.427699625492095947e-01 9.045597314834594727e-01
2.395662117004394531e+01 -2.712905693054199219e+01 -4.323467910289764404e-01 -1.919982284307479858e-01 -3.489862382411956787e-01 -1.425049006938934326e-01 9.061112403869628906e-01
2.395022392272949219e+01 -2.712946510314941406e+01 -4.341522157192230225e-01 -1.915063410997390747e-01 -3.424640893936157227e-01 -1.405425667762756348e-01 9.090057015419006348e-01
2.394824600219726562e+01 -2.713002395629882812e+01 -4.347594976425170898e-01 -1.896550655364990234e-01 -3.333537280559539795e-01 -1.365185976028442383e-01 9.133831858634948730e-01
2.394259262084960938e+01 -2.713089752197265625e+01 -4.366229176521301270e-01 -1.870117336511611938e-01 -3.217612802982330322e-01 -1.307625174522399902e-01 9.189109802246093750e-01
2.393320655822753906e+01 -2.713204765319824219e+01 -4.397955238819122314e-01 -1.836304515600204468e-01 -3.079507052898406982e-01 -1.234489232301712036e-01 9.253143072128295898e-01
2.392005348205566406e+01 -2.713344001770019531e+01 -4.443322718143463135e-01 -1.795653402805328369e-01 -2.921895384788513184e-01 -1.147532314062118530e-01 9.323161244392395020e-01
2.390306854248046875e+01 -2.713503837585449219e+01 -4.502847194671630859e-01 -1.748737543821334839e-01 -2.747519314289093018e-01 -1.048549711704254150e-01 9.396467208862304688e-01
2.388219642639160156e+01 -2.713680076599121094e+01 -4.577001929283142090e-01 -1.696179658174514771e-01 -2.559219002723693848e-01 -9.393853694200515747e-02 9.470529556274414062e-01
2.385737228393554688e+01 -2.713870620727539062e+01 -4.666189551353454590e-01 -1.638658344745635986e-01 -2.359956055879592896e-01 -8.219320327043533325e-02 9.543051719665527344e-01
2.382852935791015625e+01 -2.714070892333984375e+01 -4.770700037479400635e-01 -1.576924473047256470e-01 -2.152799516916275024e-01 -6.981414556503295898e-02 9.612042903900146484e-01
2.379559516906738281e+01 -2.714278793334960938e+01 -4.890719354152679443e-01 -1.511795967817306519e-01 -1.940951347351074219e-01 -5.700113624334335327e-02 9.675859808921813965e-01
2.375849151611328125e+01 -2.714492034912109375e+01 -5.026308894157409668e-01 -1.444166153669357300e-01 -1.727706640958786011e-01 -4.395841062068939209e-02 9.733251333236694336e-01
2.371714591979980469e+01 -2.714708900451660156e+01 -5.177392363548278809e-01 -1.374997049570083618e-01 -1.516450792551040649e-01 -3.089211508631706238e-02 9.783369898796081543e-01
2.367148590087890625e+01 -2.714928627014160156e+01 -5.343768000602722168e-01 -1.305300742387771606e-01 -1.310628801584243774e-01 -1.801018789410591125e-02 9.825783371925354004e-01
2.362143898010253906e+01 -2.715150070190429688e+01 -5.525121688842773438e-01 -1.236148402094841003e-01 -1.113735213875770569e-01 -5.520316772162914276e-03 9.860450625419616699e-01
2.356693458557128906e+01 -2.715374183654785156e+01 -5.721023678779602051e-01 -1.168643236160278320e-01 -9.292680025100708008e-02 6.371059454977512360e-03 9.887703061103820801e-01
2.350791931152343750e+01 -2.715601539611816406e+01 -5.930966138839721680e-01 -1.103915870189666748e-01 -7.607331871986389160e-02 1.746010966598987579e-02 9.908186793327331543e-01
2.344433593750000000e+01 -2.715832901000976562e+01 -6.154382228851318359e-01 -1.043110862374305725e-01 -6.116122752428054810e-02 2.754604630172252655e-02 9.922800660133361816e-01
2.337612915039062500e+01 -2.716070747375488281e+01 -6.390661597251892090e-01 -9.873710572719573975e-02 -4.853612557053565979e-02 3.643135353922843933e-02 9.932612776756286621e-01
2.330325698852539062e+01 -2.716316413879394531e+01 -6.639184355735778809e-01 -9.378317743539810181e-02 -3.854045644402503967e-02 4.392160102725028992e-02 9.938762784004211426e-01
2.322567367553710938e+01 -2.716572189331054688e+01 -6.899355649948120117e-01 -8.956015855073928833e-02 -3.151324391365051270e-02 4.982470348477363586e-02 9.942350387573242188e-01
2.314333915710449219e+01 -2.716840362548828125e+01 -7.170632481575012207e-01 -8.617555350065231323e-02 -2.779197692871093750e-02 5.394976586103439331e-02 9.944298267364501953e-01
2.305622482299804688e+01 -2.717121505737304688e+01 -7.452636361122131348e-01 -8.370333164930343628e-02 -2.760700136423110962e-02 5.616389960050582886e-02 9.945236444473266602e-01
2.296436500549316406e+01 -2.717417144775390625e+01 -7.745428085327148438e-01 -8.209593594074249268e-02 -3.077087178826332092e-02 5.656456574797630310e-02 9.945421218872070312e-01
2.286780929565429688e+01 -2.717727470397949219e+01 -8.049285411834716797e-01 -8.127198368310928345e-02 -3.698899596929550171e-02 5.530509352684020996e-02 9.944686889648437500e-01
2.276659774780273438e+01 -2.718052482604980469e+01 -8.364541530609130859e-01 -8.114781230688095093e-02 -4.596623778343200684e-02 5.253707990050315857e-02 9.942544698715209961e-01
2.266075325012207031e+01 -2.718391227722167969e+01 -8.691659569740295410e-01 -8.163768053054809570e-02 -5.740569531917572021e-02 4.841139167547225952e-02 9.938290715217590332e-01
2.255031776428222656e+01 -2.718742561340332031e+01 -9.031066894531250000e-01 -8.265487849712371826e-02 -7.100741565227508545e-02 4.307913780212402344e-02 9.931114315986633301e-01
2.243532752990722656e+01 -2.719106674194335938e+01 -9.383205771446228027e-01 -8.411221951246261597e-02 -8.647013455629348755e-02 3.669233620166778564e-02 9.920189976692199707e-01
2.231582641601562500e+01 -2.719481086730957031e+01 -9.748513698577880859e-01 -8.592223376035690308e-02 -1.034891679883003235e-01 2.940467558801174164e-02 9.904759526252746582e-01
2.219186019897460938e+01 -2.719866180419921875e+01 -1.012739181518554688e+00 -8.799890428781509399e-02 -1.217584535479545593e-01 2.137161232531070709e-02 9.884201884269714355e-01
2.206347274780273438e+01 -2.720260429382324219e+01 -1.052020907402038574e+00 -9.025733172893524170e-02 -1.409711241722106934e-01 1.275048404932022095e-02 9.858083724975585938e-01
2.193071937561035156e+01 -2.720664024353027344e+01 -1.092726707458496094e+00 -9.261446446180343628e-02 -1.608196049928665161e-01 3.700383938848972321e-03 9.826219081878662109e-01
2.179364776611328125e+01 -2.721076202392578125e+01 -1.134880661964416504e+00 -9.498985856771469116e-02 -1.809992045164108276e-01 -5.618548020720481873e-03 9.788690805435180664e-01
2.165231132507324219e+01 -2.721497344970703125e+01 -1.178498506546020508e+00 -9.730584174394607544e-02 -2.012075483798980713e-01 -1.504548452794551849e-02 9.745875000953674316e-01
2.150676918029785156e+01 -2.721927642822265625e+01 -1.223588585853576660e+00 -9.948819130659103394e-02 -2.211477905511856079e-01 -2.441978640854358673e-02 9.698450565338134766e-01
2.135706901550292969e+01 -2.722368621826171875e+01 -1.270151019096374512e+00 -1.014659702777862549e-01 -2.405297160148620605e-01 -3.358187526464462280e-02 9.647395610809326172e-01
2.120327568054199219e+01 -2.722820472717285156e+01 -1.318178653717041016e+00 -1.031722575426101685e-01 -2.590698301792144775e-01 -4.237362742424011230e-02 9.593971371650695801e-01
2.104543113708496094e+01 -2.723284912109375000e+01 -1.367656826972961426e+00 -1.045429483056068420e-01 -2.764944732189178467e-01 -5.063902586698532104e-02 9.539691805839538574e-01
2.088359260559082031e+01 -2.723763275146484375e+01 -1.418564438819885254e+00 -1.055175736546516418e-01 -2.925376296043395996e-01 -5.822481215000152588e-02 9.486293196678161621e-01
2.071780204772949219e+01 -2.724257087707519531e+01 -1.470878005027770996e+00 -1.060381308197975159e-01 -3.069411814212799072e-01 -6.497983634471893311e-02 9.435681104660034180e-01
2.054797744750976562e+01 -2.724783325195312500e+01 -1.524165868759155273e+00 -1.060478836297988892e-01 -3.194543421268463135e-01 -7.075572013854980469e-02 9.389869570732116699e-01
2.037417221069335938e+01 -2.725340270996093750e+01 -1.578460931777954102e+00 -1.055129840970039368e-01 -3.298987746238708496e-01 -7.544213533401489258e-02 9.350626468658447266e-01
2.019646644592285156e+01 -2.725917434692382812e+01 -1.634061217308044434e+00 -1.044867634773254395e-01 -3.383693099021911621e-01 -7.907636463642120361e-02 9.318453669548034668e-01
2.001482391357421875e+01 -2.726514053344726562e+01 -1.690946578979492188e+00 -1.030417010188102722e-01 -3.450239300727844238e-01 -8.173065632581710815e-02 9.293336868286132812e-01
1.982870864868164062e+01 -2.727193832397460938e+01 -1.747346758842468262e+00 -1.012487486004829407e-01 -3.500140309333801270e-01 -8.347664028406143188e-02 9.275076985359191895e-01
1.963854980468750000e+01 -2.727898597717285156e+01 -1.804830908775329590e+00 -9.917628020048141479e-02 -3.534855842590332031e-01 -8.438476175069808960e-02 9.263321757316589355e-01
1.944436073303222656e+01 -2.728623199462890625e+01 -1.863523483276367188e+00 -9.689174592494964600e-02 -3.555814027786254883e-01 -8.452394604682922363e-02 9.257588982582092285e-01
1.924506759643554688e+01 -2.729505538940429688e+01 -1.919590353965759277e+00 -9.446094185113906860e-02 -3.564397692680358887e-01 -8.396263420581817627e-02 9.257310628890991211e-01
1.904158973693847656e+01 -2.730420684814453125e+01 -1.976474285125732422e+00 -9.194972366094589233e-02 -3.561967611312866211e-01 -8.276885747909545898e-02 9.261848926544189453e-01
1.883261680603027344e+01 -2.731564903259277344e+01 -2.028624296188354492e+00 -8.942307531833648682e-02 -3.549870550632476807e-01 -8.101000636816024780e-02 9.270518422126770020e-01
1.861852264404296875e+01 -2.732878684997558594e+01 -2.077714681625366211e+00 -8.694522827863693237e-02 -3.529438078403472900e-01 -7.875296473503112793e-02 9.282614588737487793e-01
1.839782142639160156e+01 -2.734827804565429688e+01 -2.112965345382690430e+00 -8.458133786916732788e-02 -3.502003848552703857e-01 -7.606540620326995850e-02 9.297417402267456055e-01
1.817182540893554688e+01 -2.737548065185546875e+01 -2.134029388427734375e+00 -8.239579200744628906e-02 -3.468900322914123535e-01 -7.301398366689682007e-02 9.314221143722534180e-01
1.794183731079101562e+01 -2.741173362731933594e+01 -2.144566059112548828e+00 -8.045373857021331787e-02 -3.431468009948730469e-01 -6.966626644134521484e-02 9.332330822944641113e-01
1.770814895629882812e+01 -2.745083427429199219e+01 -2.160656690597534180e+00 -7.882045954465866089e-02 -3.391057550907135010e-01 -6.608972698450088501e-02 9.351078867912292480e-01
1.747073173522949219e+01 -2.749219512939453125e+01 -2.181715011596679688e+00 -7.756176590919494629e-02 -3.349030017852783203e-01 -6.235283985733985901e-02 9.369825124740600586e-01
1.722955131530761719e+01 -2.753557777404785156e+01 -2.207054376602172852e+00 -7.674328982830047607e-02 -3.306760191917419434e-01 -5.852323397994041443e-02 9.387965202331542969e-01
1.698462295532226562e+01 -2.758089828491210938e+01 -2.236436128616333008e+00 -7.643125951290130615e-02 -3.265628218650817871e-01 -5.466938763856887817e-02 9.404925107955932617e-01
1.673569488525390625e+01 -2.762765502929687500e+01 -2.268339157104492188e+00 -7.669236510992050171e-02 -3.227033019065856934e-01 -5.085994303226470947e-02 9.420160651206970215e-01
1.648266983032226562e+01 -2.767572402954101562e+01 -2.302348613739013672e+00 -7.759347558021545410e-02 -3.192367553710937500e-01 -4.716372862458229065e-02 9.433147907257080078e-01
1.622565078735351562e+01 -2.772528266906738281e+01 -2.338895320892333984e+00 -7.920094579458236694e-02 -3.163043856620788574e-01 -4.364904016256332397e-02 9.443375468254089355e-01
1.596430110931396484e+01 -2.777581977844238281e+01 -2.376432418823242188e+00 -8.155604451894760132e-02 -3.140157461166381836e-01 -4.037501662969589233e-02 9.450463652610778809e-01
1.569879150390625000e+01 -2.782762908935546875e+01 -2.415709257125854492e+00 -8.459506928920745850e-02 -3.123583495616912842e-01 -3.735817968845367432e-02 9.454524517059326172e-01
1.542898082733154297e+01 -2.788047981262207031e+01 -2.456052780151367188e+00 -8.822844922542572021e-02 -3.112891912460327148e-01 -3.460540622472763062e-02 9.455776810646057129e-01
1.515489959716796875e+01 -2.793443298339843750e+01 -2.497588396072387695e+00 -9.236645698547363281e-02 -3.107644915580749512e-01 -3.212362527847290039e-02 9.454427957534790039e-01
1.487656974792480469e+01 -2.798955535888671875e+01 -2.540317296981811523e+00 -9.691909700632095337e-02 -3.107398748397827148e-01 -2.991937100887298584e-02 9.450673460960388184e-01
1.459390544891357422e+01 -2.804566764831542969e+01 -2.583937406539916992e+00 -1.017963513731956482e-01 -3.111711144447326660e-01 -2.799912355840206146e-02 9.444714188575744629e-01
1.430703544616699219e+01 -2.810313224792480469e+01 -2.628778696060180664e+00 -1.069087833166122437e-01 -3.120142221450805664e-01 -2.636975049972534180e-02 9.436749219894409180e-01
1.402945899963378906e+01 -2.815895652770996094e+01 -2.672254562377929688e+00 -1.121661663055419922e-01 -3.132256865501403809e-01 -2.503779530525207520e-02 9.426990151405334473e-01
1.376119804382324219e+01 -2.821321487426757812e+01 -2.714421272277832031e+00 -1.174787506461143494e-01 -3.147616088390350342e-01 -2.400986291468143463e-02 9.415665268898010254e-01
1.350230216979980469e+01 -2.826620864868164062e+01 -2.755155086517333984e+00 -1.227574050426483154e-01 -3.165796101093292236e-01 -2.329291589558124542e-02 9.403007030487060547e-01
1.325272655487060547e+01 -2.831784439086914062e+01 -2.794290065765380859e+00 -1.279126852750778198e-01 -3.186374306678771973e-01 -2.289365231990814209e-02 9.389273524284362793e-01
1.301251316070556641e+01 -2.836840057373046875e+01 -2.831723451614379883e+00 -1.328553706407546997e-01 -3.208925127983093262e-01 -2.281875349581241608e-02 9.374735355377197266e-01
1.278173446655273438e+01 -2.841827583312988281e+01 -2.867319822311401367e+00 -1.374967098236083984e-01 -3.233048915863037109e-01 -2.307531237602233887e-02 9.359679818153381348e-01
1.256049251556396484e+01 -2.846804618835449219e+01 -2.900818347930908203e+00 -1.417482197284698486e-01 -3.258328139781951904e-01 -2.367006428539752960e-02 9.344411492347717285e-01
1.233361339569091797e+01 -2.852316284179687500e+01 -2.933564901351928711e+00 -1.455211937427520752e-01 -3.284368216991424561e-01 -2.461003139615058899e-02 9.329239726066589355e-01
1.210054397583007812e+01 -2.858321762084960938e+01 -2.961509943008422852e+00 -1.487280428409576416e-01 -3.310765922069549561e-01 -2.590234577655792236e-02 9.314489960670471191e-01
1.185951423645019531e+01 -2.864083099365234375e+01 -2.983521699905395508e+00 -1.512801945209503174e-01 -3.337130844593048096e-01 -2.755403332412242889e-02 9.300487041473388672e-01
1.162021923065185547e+01 -2.872935485839843750e+01 -2.990629196166992188e+00 -1.530897766351699829e-01 -3.363062441349029541e-01 -2.957215160131454468e-02 9.287557601928710938e-01
1.137885189056396484e+01 -2.883067512512207031e+01 -2.991497039794921875e+00 -1.534780859947204590e-01 -3.388366103172302246e-01 -3.174822777509689331e-02 9.276994466781616211e-01
1.113233757019042969e+01 -2.893686866760253906e+01 -2.990219593048095703e+00 -1.541281491518020630e-01 -3.412032127380371094e-01 -3.473641723394393921e-02 9.266165494918823242e-01
1.088001441955566406e+01 -2.904577255249023438e+01 -2.987977266311645508e+00 -1.532045155763626099e-01 -3.434294462203979492e-01 -3.787759691476821899e-02 9.258238077163696289e-01
1.062127876281738281e+01 -2.915610122680664062e+01 -2.984605550765991211e+00 -1.513326019048690796e-01 -3.454735279083251953e-01 -4.129893332719802856e-02 9.252247214317321777e-01
1.035623359680175781e+01 -2.926802635192871094e+01 -2.980476617813110352e+00 -1.485716700553894043e-01 -3.473169207572937012e-01 -4.489254206418991089e-02 9.248146414756774902e-01
1.008029174804687500e+01 -2.936868095397949219e+01 -2.970409393310546875e+00 -1.449808478355407715e-01 -3.489415347576141357e-01 -4.855049401521682739e-02 9.245882034301757812e-01
9.790532112121582031e+00 -2.939310073852539062e+01 -2.947577953338623047e+00 -1.406196206808090210e-01 -3.503285348415374756e-01 -5.216484516859054565e-02 9.245403409004211426e-01
9.514940261840820312e+00 -2.931204605102539062e+01 -2.921329259872436523e+00 -1.355477571487426758e-01 -3.514595627784729004e-01 -5.562783777713775635e-02 9.246667027473449707e-01
9.249276161193847656e+00 -2.922720146179199219e+01 -2.899402379989624023e+00 -1.298246979713439941e-01 -3.523169457912445068e-01 -5.883131548762321472e-02 9.249633550643920898e-01
8.992663383483886719e+00 -2.914189720153808594e+01 -2.881439208984375000e+00 -1.235104352235794067e-01 -3.528832495212554932e-01 -6.166754662990570068e-02 9.254273772239685059e-01
8.736747741699218750e+00 -2.905463981628417969e+01 -2.867005586624145508e+00 -1.166656538844108582e-01 -3.531407415866851807e-01 -6.402930617332458496e-02 9.260566234588623047e-01
8.481511116027832031e+00 -2.896561431884765625e+01 -2.856778383255004883e+00 -1.093501299619674683e-01 -3.530732989311218262e-01 -6.580851227045059204e-02 9.268500208854675293e-01
8.227070808410644531e+00 -2.887465476989746094e+01 -2.852109909057617188e+00 -1.016246601939201355e-01 -3.526636660099029541e-01 -6.689800322055816650e-02 9.278067350387573242e-01
7.973658084869384766e+00 -2.878158378601074219e+01 -2.854481220245361328e+00 -9.354939311742782593e-02 -3.518954813480377197e-01 -6.719038635492324829e-02 9.289259910583496094e-01
7.721758842468261719e+00 -2.868599319458007812e+01 -2.866281032562255859e+00 -8.518512547016143799e-02 -3.507517874240875244e-01 -6.657847762107849121e-02 9.302064776420593262e-01
7.471975326538085938e+00 -2.858772468566894531e+01 -2.889551401138305664e+00 -7.659193873405456543e-02 -3.492156565189361572e-01 -6.495494395494461060e-02 9.316453933715820312e-01
7.224605560302734375e+00 -2.848745536804199219e+01 -2.924183845520019531e+00 -6.782984733581542969e-02 -3.472688496112823486e-01 -6.221316754817962646e-02 9.332378506660461426e-01
6.979828357696533203e+00 -2.838643455505371094e+01 -2.970424652099609375e+00 -5.895845592021942139e-02 -3.448928296566009521e-01 -5.824625864624977112e-02 9.349760413169860840e-01
