1 0 0 0 0 1 0 0 0 0 1 0
0.999469 -0.00576426 -0.0320665 0.0508771 0.00490665 0.99963 -0.0267594 -0.0273994 0.0322088 0.0265879 0.999127 -0.132825
0.997828 -0.00997352 -0.0651209 0.0877197 0.00633481 0.998419 -0.0558455 -0.0632111 0.0655749 0.0553117 0.996313 -0.261574
0.994725 -0.0185534 -0.100882 0.134968 0.00983979 0.99623 -0.0861954 -0.0937559 0.102101 0.0847481 0.991158 -0.370574
0.990648 -0.0274958 -0.133641 0.152119 0.0121559 0.993375 -0.114272 -0.148271 0.135898 0.111579 0.98442 -0.485064
0.984555 -0.0398438 -0.170482 0.191271 0.0144948 0.988967 -0.147425 -0.177144 0.174475 0.142677 0.97427 -0.629652
0.977358 -0.0532737 -0.204775 0.229274 0.0155928 0.983288 -0.181387 -0.194356 0.211016 0.174087 0.961855 -0.713961
0.965917 -0.0695201 -0.249341 0.34433 0.0129053 0.974995 -0.22185 -0.157083 0.258529 0.211071 0.942662 -0.778702
0.951425 -0.0888648 -0.294778 0.464329 0.0107407 0.966437 -0.256679 -0.162306 0.307694 0.241045 0.920447 -0.852656
0.946513 -0.104014 -0.305442 0.350886 0.0112032 0.956641 -0.291053 -0.158235 0.322472 0.272064 0.906638 -0.902413
0.932238 -0.122316 -0.340544 0.417365 0.0074084 0.947388 -0.320001 -0.182691 0.361769 0.295794 0.884098 -0.969139
0.916098 -0.140306 -0.375604 0.495052 0.000207282 0.936941 -0.349488 -0.176599 0.400954 0.320087 0.858359 -1.0351
0.898527 -0.157507 -0.409684 0.586073 -0.00922674 0.92641 -0.376403 -0.175134 0.438822 0.341989 0.830951 -1.09811
0.882593 -0.175504 -0.436151 0.634651 -0.0166067 0.915492 -0.401993 -0.178634 0.469844 0.362039 0.805093 -1.14857
0.864174 -0.192268 -0.465013 0.725721 -0.0277943 0.904473 -0.425624 -0.148163 0.502425 0.380738 0.776278 -1.21348
0.847446 -0.207113 -0.488815 0.788325 -0.0381144 0.894648 -0.445144 -0.128457 0.529512 0.395866 0.750271 -1.27808
0.830071 -0.220341 -0.512281 0.879756 -0.0495034 0.885889 -0.461249 -0.0944177 0.555456 0.408229 0.724443 -1.34945
0.81262 -0.229415 -0.53574 0.98299 -0.065213 0.877694 -0.474763 -0.0511925 0.579134 0.420739 0.698271 -1.40682
0.797061 -0.238946 -0.554616 1.0656 -0.0792795 0.869042 -0.488345 0.0390532 0.598672 0.433211 0.673736 -1.47132
0.781807 -0.236751 -0.576825 1.14618 -0.0965149 0.86801 -0.487077 0.0267393 0.616005 0.436472 0.655766 -1.50855
0.768757 -0.235306 -0.59468 1.23539 -0.110989 0.866658 -0.486401 0.0650477 0.629837 0.439927 0.640132 -1.57483
0.760308 -0.230975 -0.607109 1.32845 -0.121997 0.867235 -0.482721 0.146724 0.638003 0.441082 0.631188 -1.67167
0.752414 -0.220322 -0.620751 1.41688 -0.135203 0.870677 -0.472908 0.184837 0.644665 0.43975 0.625321 -1.74095
0.749107 -0.205119 -0.629893 1.49263 -0.145132 0.876938 -0.458167 0.234794 0.646356 0.434633 0.627151 -1.83895
0.743212 -0.187124 -0.642356 1.60831 -0.1571 0.884441 -0.439412 0.278098 0.65035 0.427491 0.62793 -1.90984
0.739334 -0.16663 -0.652396 1.72718 -0.168042 0.892578 -0.41841 0.312004 0.652033 0.418975 0.631912 -1.98666
0.736708 -0.14076 -0.661398 1.85867 -0.18094 0.901396 -0.393379 0.349739 0.651553 0.409479 0.638597 -2.07106
0.731473 -0.111654 -0.672667 2.02552 -0.194315 0.911465 -0.362593 0.347483 0.653597 0.395936 0.645015 -2.1299
0.73 -0.078611 -0.678911 2.16872 -0.206696 0.921451 -0.328945 0.340791 0.651442 0.380458 0.656411 -2.21316
0.735614 -0.0495883 -0.675584 2.2748 -0.214205 0.929114 -0.301436 0.391923 0.642642 0.366453 0.672847 -2.33615
0.772705 -0.0494205 -0.632838 2.0159 -0.189067 0.933795 -0.303777 0.50971 0.605954 0.354379 0.712205 -2.50793
0.78121 -0.0617012 -0.621211 1.96885 -0.183795 0.928265 -0.323333 0.675314 0.596598 0.366766 0.71383 -2.46278
0.782548 -0.0284153 -0.621942 2.12385 -0.194722 0.937672 -0.287846 0.640867 0.591357 0.346359 0.72824 -2.52835
0.79738 -0.0108682 -0.60338 2.08074 -0.198105 0.939716 -0.278726 0.683928 0.570035 0.341783 0.747157 -2.56312
0.80205 0.0218425 -0.596858 2.1835 -0.210675 0.945443 -0.248503 0.67257 0.558867 0.325054 0.762894 -2.64263
0.803949 0.0526933 -0.592359 2.34872 -0.221586 0.950883 -0.21615 0.638572 0.551874 0.305032 0.776138 -2.73166
0.804682 0.0824936 -0.587947 2.4322 -0.233027 0.954716 -0.184974 0.598106 0.546063 0.285853 0.787466 -2.74821
0.799741 0.110042 -0.590174 2.58853 -0.24106 0.959188 -0.147812 0.524225 0.549823 0.260478 0.793628 -2.8134
0.799654 0.137165 -0.584584 2.73347 -0.249552 0.961415 -0.115779 0.473144 0.546147 0.238467 0.80303 -2.88751
0.79873 0.163955 -0.578921 2.87706 -0.256686 0.963061 -0.0813998 0.402464 0.544191 0.213617 0.81131 -2.96161
0.797806 0.185743 -0.57359 3.02472 -0.264711 0.962674 -0.0564484 0.364381 0.541695 0.19687 0.817195 -3.05107
0.800192 0.199942 -0.565435 3.16055 -0.264404 0.963835 -0.0333601 0.323717 0.538316 0.176197 0.824118 -3.14537
0.801075 0.210569 -0.560303 3.30712 -0.262928 0.964723 -0.0133575 0.293303 0.537725 0.15802 0.82818 -3.23985
0.80099 0.218819 -0.557255 3.45135 -0.264947 0.96426 -0.00219228 0.280878 0.536859 0.149399 0.830339 -3.34034
0.803995 0.225555 -0.550197 3.57889 -0.264397 0.964372 0.00898874 0.266507 0.532622 0.138243 0.834987 -3.44694
0.805376 0.230486 -0.546119 3.70567 -0.263762 0.964419 0.0180499 0.251874 0.530848 0.129508 0.837513 -3.55166
0.806212 0.232714 -0.543936 3.83504 -0.263062 0.964511 0.0227437 0.243832 0.529925 0.124753 0.838818 -3.65659
0.806315 0.234751 -0.542908 3.94248 -0.262447 0.96456 0.02729 0.209573 0.530074 0.12048 0.839349 -3.73985
0.80552 0.232617 -0.545001 3.975 -0.258675 0.965506 0.0297713 0.0454896 0.533127 0.116997 0.837907 -3.75216
0.804827 0.231332 -0.546571 4.00856 -0.258322 0.965644 0.0283218 -0.116684 0.534345 0.118397 0.836934 -3.76396
0.802514 0.2284 -0.551185 4.06567 -0.257037 0.96605 0.0260711 -0.275304 0.538427 0.120752 0.833975 -3.76278
0.800093 0.224709 -0.556199 4.1405 -0.255938 0.966436 0.0222809 -0.418022 0.542537 0.124526 0.830751 -3.7487
0.795554 0.219425 -0.564754 4.2624 -0.253592 0.967134 0.0185339 -0.526599 0.55026 0.128472 0.825051 -3.71886
0.791577 0.213757 -0.572462 4.40665 -0.254551 0.967017 0.00910125 -0.57108 0.555526 0.138516 0.81988 -3.67704
0.785799 0.206303 -0.58306 4.55265 -0.256199 0.966619 -0.00326551 -0.570271 0.562923 0.151945 0.812423 -3.62163
0.782027 0.19415 -0.592233 4.66118 -0.255121 0.966703 -0.0199683 -0.533877 0.568637 0.166707 0.805519 -3.55068
0.778943 0.180514 -0.600552 4.71934 -0.251509 0.967204 -0.0354951 -0.489366 0.574449 0.178693 0.798797 -3.45803
0.774958 0.166878 -0.609583 4.77352 -0.251258 0.966364 -0.054873 -0.431037 0.579921 0.195687 0.790821 -3.37463
0.770402 0.161368 -0.616799 4.83276 -0.252221 0.965656 -0.0623959 -0.39632 0.585547 0.20364 0.784644 -3.31049
0.77521 0.146996 -0.614363 4.87673 -0.246289 0.965917 -0.0796591 -0.346846 0.581714 0.213063 0.784992 -3.26418
0.867882 0.135689 -0.477881 4.71708 -0.216799 0.968985 -0.118597 -0.274691 0.446967 0.206533 0.870382 -3.24902
0.898281 0.12378 -0.421628 4.69815 -0.200909 0.969035 -0.143552 -0.22448 0.390803 0.213659 0.895334 -3.2575
0.926771 0.116097 -0.357236 4.63639 -0.186345 0.967859 -0.168889 -0.179972 0.326147 0.223091 0.918618 -3.26275
0.940025 0.0939613 -0.327909 4.63114 -0.168227 0.963976 -0.206035 -0.128108 0.296737 0.248841 0.921968 -3.28346
0.940023 0.0892732 -0.329222 4.63037 -0.171956 0.957559 -0.231326 -0.0946051 0.294598 0.274064 0.915478 -3.30796
0.937672 0.0718583 -0.34001 4.73284 -0.168262 0.949935 -0.263269 -0.0406045 0.304069 0.304071 0.902819 -3.36736
0.935235 0.0524537 -0.350121 4.83948 -0.163642 0.941023 -0.296136 0.00431928 0.313939 0.334251 0.888661 -3.43063
0.932302 0.0327888 -0.360191 4.95933 -0.159183 0.93144 -0.327232 0.0416263 0.324766 0.362415 0.873603 -3.49796
0.929431 0.0126663 -0.368779 5.07735 -0.154801 0.920596 -0.358524 0.0694808 0.334956 0.39031 0.857591 -3.566
0.922233 -0.00637395 -0.386581 5.21344 -0.15492 0.909998 -0.384583 0.0870172 0.35424 0.414564 0.838243 -3.63187
0.543074 -0.835295 0.085747 3.87479 0.633368 0.340451 -0.694937 0.653699 0.551285 0.431712 0.71394 -3.61857
0.538254 -0.836163 0.105423 3.95093 0.627697 0.314266 -0.712203 0.764365 0.562387 0.44952 0.694012 -3.64114
0.539092 -0.834493 0.114021 4.03898 0.61795 0.2999 -0.726772 0.871956 0.572292 0.462256 0.677349 -3.65983
0.539982 -0.831884 0.128014 4.11631 0.604456 0.277441 -0.746766 0.994244 0.585707 0.480619 0.65265 -3.6624
0.538209 -0.831006 0.140571 4.19271 0.597442 0.258533 -0.759094 1.11174 0.59447 0.492534 0.635622 -3.67
0.539554 -0.829348 0.145135 4.27111 0.583546 0.244101 -0.774525 1.22986 0.606923 0.502591 0.615668 -3.66857
0.542734 -0.827096 0.146123 4.34696 0.573326 0.237686 -0.784094 1.34298 0.613789 0.509331 0.603196 -3.67637
0.544086 -0.825515 0.149984 4.41377 0.564657 0.228046 -0.793194 1.44367 0.62059 0.516256 0.59021 -3.67608
0.549987 -0.822548 0.14467 4.48635 0.552043 0.228058 -0.802021 1.54419 0.626708 0.520965 0.579511 -3.67406
0.55345 -0.821115 0.139511 4.55234 0.543284 0.22895 -0.807728 1.63555 0.631297 0.522831 0.572811 -3.67479
0.553985 -0.821181 0.13698 4.6047 0.539662 0.228925 -0.810159 1.72041 0.633929 0.522739 0.569981 -3.67753
0.555917 -0.820647 0.132267 4.65479 0.537547 0.233551 -0.810246 1.80284 0.634035 0.521529 0.570971 -3.67857
0.557099 -0.82146 0.121836 4.72131 0.535931 0.243565 -0.808365 1.88413 0.634365 0.515635 0.575936 -3.68062
0.558894 -0.82211 0.108501 4.7903 0.533613 0.2564 -0.805926 1.99654 0.63474 0.508324 0.581989 -3.68399
0.56234 -0.821704 0.0926074 4.85935 0.532989 0.274556 -0.800338 2.10546 0.632215 0.499421 0.592353 -3.69041
0.566449 -0.820552 0.0763572 4.917 0.532564 0.293779 -0.793769 2.19565 0.628896 0.490295 0.603407 -3.69374
0.570299 -0.819549 0.0556559 4.97971 0.533787 0.318242 -0.783449 2.29586 0.624364 0.476509 0.618958 -3.70114
0.575333 -0.817152 0.0354104 5.028 0.536366 0.344247 -0.770587 2.39356 0.617497 0.462337 0.63635 -3.70911
0.581475 -0.813489 0.0110399 5.08594 0.535988 0.37284 -0.757435 2.49806 0.612049 0.446347 0.652818 -3.71205
0.586471 -0.809918 -0.00919276 5.1233 0.541071 0.400192 -0.739654 2.59655 0.602738 0.428812 0.672924 -3.72154
0.591532 -0.80546 -0.036388 5.18155 0.543182 0.431454 -0.720278 2.6992 0.595855 0.406302 0.69273 -3.72621
0.599233 -0.798091 -0.0630115 5.23314 0.541053 0.461736 -0.702895 2.79459 0.590069 0.387105 0.708497 -3.71753
0.606477 -0.789742 -0.0921563 5.28781 0.541088 0.494869 -0.679947 2.88204 0.582588 0.362508 0.727447 -3.7109
0.613378 -0.780824 -0.118664 5.33454 0.544016 0.526626 -0.653232 2.96895 0.572551 0.336122 0.747802 -3.71328
0.624891 -0.766589 -0.147828 5.38028 0.543963 0.563341 -0.621894 3.02425 0.560014 0.308203 0.769022 -3.71203
0.633171 -0.752923 -0.179449 5.43403 0.546722 0.599166 -0.584889 3.05999 0.547896 0.272226 0.791014 -3.71489
0.644924 -0.734774 -0.210193 5.47701 0.547659 0.63616 -0.54348 3.07774 0.533051 0.235389 0.81268 -3.7175
0.655866 -0.716808 -0.236697 5.51695 0.549779 0.668447 -0.500922 3.11016 0.517284 0.198407 0.832497 -3.72034
0.664892 -0.700613 -0.258957 5.5642 0.554148 0.695148 -0.457917 3.16567 0.500837 0.160965 0.850443 -3.72805
0.671429 -0.686894 -0.278136 5.61004 0.561587 0.716504 -0.413815 3.22167 0.483532 0.12165 0.866832 -3.7346
0.673341 -0.6794 -0.291595 5.64521 0.574832 0.729118 -0.371423 3.28708 0.464952 0.0824765 0.881486 -3.74177
0.677803 -0.668429 -0.306244 5.68843 0.584171 0.742518 -0.327738 3.35582 0.446462 0.0432428 0.893757 -3.75026
0.680078 -0.660632 -0.317896 5.73068 0.597226 0.750706 -0.28242 3.41965 0.425223 0.00221193 0.905086 -3.75895
0.683646 -0.651608 -0.328686 5.77229 0.608419 0.757585 -0.236413 3.48287 0.403057 -0.0383559 0.914371 -3.76667
0.683977 -0.647631 -0.335781 5.81006 0.623252 0.757984 -0.192398 3.54464 0.37912 -0.0776806 0.922081 -3.77514
0.684336 -0.64366 -0.342617 5.8459 0.638273 0.755968 -0.145331 3.59915 0.352551 -0.119228 0.928166 -3.78309
0.682579 -0.642327 -0.348572 5.88135 0.653797 0.749835 -0.101475 3.65023 0.326551 -0.15863 0.931773 -3.79031
0.683055 -0.640548 -0.350904 5.9059 0.666587 0.743096 -0.0589111 3.7042 0.298491 -0.193669 0.934556 -3.79999
0.681128 -0.638747 -0.357864 5.93993 0.677785 0.734938 -0.0217446 3.76969 0.276897 -0.227744 0.933521 -3.80523
0.681756 -0.635269 -0.362824 5.97567 0.686816 0.7266 0.0183398 3.83755 0.251977 -0.261697 0.931677 -3.81041
0.677857 -0.638651 -0.364192 6.01007 0.699987 0.712102 0.0541102 3.91177 0.224784 -0.291609 0.929751 -3.82147
0.672787 -0.643171 -0.365634 6.04757 0.712873 0.695772 0.0878243 3.99371 0.197912 -0.319738 0.926606 -3.8325
0.660858 -0.653112 -0.369745 6.08622 0.731386 0.670949 0.122078 4.06907 0.168349 -0.351103 0.921078 -3.83857
0.655077 -0.655821 -0.375198 6.13376 0.741327 0.653827 0.151474 4.16628 0.145975 -0.377371 0.914485 -3.85509
0.656028 -0.654173 -0.376411 6.1766 0.74518 0.640532 0.185542 4.26274 0.119726 -0.402215 0.907683 -3.86791
0.652696 -0.658231 -0.375127 6.21474 0.752466 0.620872 0.219804 4.35042 0.0882239 -0.425735 0.900537 -3.88244
0.644957 -0.66521 -0.3762 6.26635 0.761894 0.598059 0.248682 4.45434 0.0595635 -0.447014 0.892542 -3.89761
0.643832 -0.667954 -0.373254 6.31972 0.764345 0.584041 0.273263 4.57577 0.0354684 -0.46123 0.886571 -3.9226
0.640733 -0.669537 -0.375741 6.38214 0.767705 0.56477 0.30276 4.68889 0.00949851 -0.482447 0.875874 -3.94202
0.481434 -0.697141 -0.53124 6.33244 0.87646 0.378544 0.297528 5.01609 -0.00632104 -0.60885 0.79326 -3.93846
0.480079 -0.694654 -0.535705 6.38357 0.876804 0.361059 0.317571 5.15351 -0.0271811 -0.622167 0.782412 -3.96741
0.475097 -0.699081 -0.534387 6.41882 0.878492 0.342081 0.333516 5.2925 -0.0503511 -0.627907 0.776658 -4.00481
0.465618 -0.702946 -0.53765 6.47463 0.882215 0.320646 0.344795 5.42727 -0.0699769 -0.634865 0.769448 -4.04001
0.460065 -0.706462 -0.537821 6.52654 0.883155 0.301668 0.359212 5.58091 -0.0915258 -0.640241 0.762702 -4.07964
0.455307 -0.705623 -0.542947 6.59279 0.883885 0.284965 0.370867 5.73897 -0.106971 -0.648761 0.753436 -4.11824
0.453758 -0.70615 -0.543559 6.65149 0.882646 0.272204 0.383199 5.90779 -0.122637 -0.653649 0.746795 -4.16394
0.44252 -0.709547 -0.548378 6.72623 0.886862 0.255671 0.384849 6.08164 -0.132864 -0.656639 0.74241 -4.21357
0.439132 -0.709781 -0.550794 6.79451 0.886972 0.244938 0.391518 6.26577 -0.142982 -0.660467 0.737116 -4.26327
0.440455 -0.711443 -0.547585 6.8521 0.884586 0.239747 0.400037 6.45326 -0.153322 -0.660584 0.73493 -4.31814
0.439398 -0.714593 -0.544321 6.9109 0.88305 0.232457 0.40766 6.65007 -0.16478 -0.659788 0.733162 -4.37011
0.435636 -0.718945 -0.541608 6.97963 0.884359 0.22974 0.406361 6.86695 -0.167722 -0.656002 0.735888 -4.43424
0.43692 -0.723817 -0.534032 7.02882 0.881728 0.227201 0.413444 7.07386 -0.177925 -0.651513 0.737478 -4.48742
0.435389 -0.726585 -0.531517 7.09642 0.881213 0.22322 0.416697 7.29473 -0.18412 -0.649805 0.737464 -4.53911
0.433747 -0.730062 -0.528085 7.16378 0.880325 0.21843 0.421088 7.50889 -0.192071 -0.647532 0.737435 -4.59256
0.429175 -0.734616 -0.525497 7.23729 0.88208 0.21575 0.418791 7.74335 -0.194275 -0.643266 0.740585 -4.65184
0.427532 -0.738179 -0.521832 7.31182 0.881691 0.213046 0.420989 7.97058 -0.199591 -0.640081 0.74193 -4.7092
0.428558 -0.739464 -0.519164 7.3933 0.879914 0.211109 0.425658 8.19479 -0.205158 -0.639239 0.741137 -4.76801
0.427141 -0.743727 -0.514219 7.47798 0.880089 0.21156 0.425071 8.42835 -0.207349 -0.634124 0.744912 -4.84008
0.422764 -0.74668 -0.513556 7.57956 0.882674 0.210878 0.420021 8.67519 -0.205323 -0.630872 0.748226 -4.92092
0.422517 -0.749504 -0.509631 7.6884 0.881374 0.208662 0.423841 8.89986 -0.21133 -0.628255 0.748756 -5.00579
0.422021 -0.751463 -0.507151 7.81343 0.881205 0.208576 0.424233 9.13543 -0.213016 -0.625939 0.750216 -5.10732
0.419131 -0.755557 -0.503451 7.94183 0.881233 0.205068 0.425882 9.35954 -0.218536 -0.622158 0.751772 -5.21467
0.417919 -0.758495 -0.500029 8.0772 0.881473 0.205332 0.425258 9.58186 -0.219884 -0.618485 0.754405 -5.33144
0.416672 -0.759688 -0.499258 8.23528 0.881044 0.202189 0.427646 9.78341 -0.223933 -0.618057 0.753565 -5.43181
0.418149 -0.758517 -0.499802 8.36839 0.879403 0.200167 0.431954 9.7962 -0.2276 -0.620149 0.750742 -5.38632
0.417518 -0.759278 -0.499175 8.29181 0.880873 0.20337 0.427438 9.60683 -0.223027 -0.618173 0.753738 -5.21783
0.417201 -0.758322 -0.50089 8.21366 0.881387 0.203231 0.426443 9.39136 -0.221585 -0.619391 0.753164 -5.06011
0.416287 -0.758037 -0.502081 8.13165 0.882472 0.203861 0.423891 9.17256 -0.21897 -0.619533 0.753811 -4.92402
0.418118 -0.75638 -0.503057 8.04819 0.881778 0.204881 0.424842 8.93725 -0.218276 -0.621219 0.752624 -4.80135
0.417355 -0.757596 -0.50186 7.96017 0.881358 0.202899 0.426661 8.69445 -0.22141 -0.620387 0.752394 -4.69701
0.417234 -0.756659 -0.503372 7.89027 0.881607 0.202513 0.42633 8.4468 -0.220647 -0.621656 0.751571 -4.60644
0.416939 -0.755861 -0.504813 7.81986 0.880696 0.198588 0.430043 8.18882 -0.224803 -0.623889 0.748483 -4.52135
0.417067 -0.755665 -0.505001 7.74955 0.880143 0.197193 0.431813 7.93819 -0.226723 -0.624568 0.747336 -4.4526
0.421737 -0.754737 -0.502504 7.67763 0.87688 0.19849 0.437817 7.68439 -0.230695 -0.625279 0.745524 -4.38399
0.425734 -0.753547 -0.500916 7.60352 0.873708 0.198362 0.44417 7.42426 -0.23534 -0.626753 0.74283 -4.32011
0.429375 -0.751978 -0.500166 7.53194 0.871311 0.199218 0.448475 7.16124 -0.237601 -0.628364 0.740746 -4.26266
0.432613 -0.752388 -0.496747 7.46245 0.868019 0.198656 0.455059 6.89639 -0.243699 -0.628051 0.739028 -4.20241
0.433855 -0.748379 -0.501696 7.41168 0.866318 0.193535 0.460476 6.63316 -0.247514 -0.634408 0.7323 -4.13682
0.447144 -0.744007 -0.496504 7.32385 0.858847 0.202046 0.4707 6.39257 -0.249887 -0.636892 0.729332 -4.0849
0.454671 -0.740321 -0.495175 7.25227 0.854479 0.205723 0.477015 6.14283 -0.251276 -0.640002 0.726126 -4.03039
0.462087 -0.737121 -0.493081 7.17368 0.849189 0.2075 0.485614 5.90092 -0.255642 -0.643115 0.721838 -3.97571
0.467719 -0.735573 -0.490072 7.09659 0.8431 0.204817 0.497225 5.638 -0.26537 -0.645741 0.715959 -3.91739
0.473264 -0.732183 -0.489826 7.0228 0.837324 0.201132 0.508364 5.38558 -0.273696 -0.650734 0.708263 -3.85876
0.477033 -0.730356 -0.488897 6.94105 0.832843 0.197965 0.516896 5.14509 -0.280734 -0.653751 0.702708 -3.80644
0.482319 -0.730104 -0.484063 6.85766 0.826105 0.195275 0.5286 4.87945 -0.291408 -0.65484 0.697328 -3.75411
0.488874 -0.728801 -0.479428 6.77354 0.818264 0.192589 0.541621 4.61665 -0.302402 -0.657083 0.690504 -3.69808
0.498136 -0.730915 -0.466502 6.67273 0.80671 0.193393 0.558406 4.35571 -0.31793 -0.654494 0.685973 -3.64462
0.507539 -0.725496 -0.464822 6.59498 0.795803 0.187898 0.575666 4.09859 -0.330304 -0.66208 0.672718 -3.58309
0.507049 -0.730325 -0.457741 6.51437 0.790148 0.181699 0.585364 3.85759 -0.344334 -0.658491 0.669196 -3.53212
0.509681 -0.730465 -0.454583 6.45019 0.78272 0.17433 0.59746 3.59758 -0.357176 -0.660325 0.660602 -3.46872
0.516619 -0.726429 -0.453218 6.37793 0.773461 0.168914 0.610922 3.34377 -0.367236 -0.66616 0.649128 -3.4046
0.756639 -0.641761 -0.125061 5.99475 0.455667 0.380404 0.804774 3.02917 -0.468899 -0.665909 0.580258 -3.27089
0.80673 -0.588545 -0.0529292 5.75761 0.371476 0.435446 0.819996 2.92177 -0.459556 -0.681177 0.569917 -3.20576
0.830215 -0.557262 -0.0142165 5.52566 0.320775 0.456726 0.829762 2.80125 -0.455901 -0.693441 0.557936 -3.13231
0.837444 -0.546485 0.00646812 5.28586 0.297576 0.465873 0.833313 2.65952 -0.458407 -0.695928 0.552764 -3.05743
0.840395 -0.541869 0.0107188 5.07776 0.290948 0.467746 0.834603 2.50943 -0.457259 -0.698278 0.550747 -2.98431
0.839654 -0.542898 0.0156062 4.87726 0.286448 0.467072 0.836535 2.34011 -0.461443 -0.69793 0.547691 -2.90365
0.838083 -0.545419 0.0116623 4.71239 0.28797 0.460445 0.83968 2.16578 -0.463347 -0.700363 0.542956 -2.82238
0.838485 -0.544421 0.0234219 4.52882 0.280868 0.468611 0.837566 2.01047 -0.466964 -0.695708 0.545834 -2.74899
0.931139 -0.275548 0.238857 3.94463 -0.0600194 0.530272 0.845701 2.18497 -0.359691 -0.801801 0.477219 -2.68194
0.933763 -0.257032 0.249039 3.90757 -0.0784342 0.531964 0.843126 2.19179 -0.34919 -0.806814 0.476569 -2.65142
0.924684 -0.193861 0.327685 3.67095 -0.179116 0.537974 0.823712 2.21242 -0.335972 -0.820367 0.462732 -2.60571
0.92454 -0.186798 0.332163 3.40478 -0.184204 0.54398 0.81863 2.19661 -0.333609 -0.818042 0.468522 -2.55265
0.921225 -0.191809 0.338459 3.14751 -0.183601 0.552663 0.812929 2.18928 -0.342981 -0.811032 0.473911 -2.49439
0.915107 -0.1836 0.358985 2.90854 -0.204453 0.556085 0.805586 2.19467 -0.347531 -0.810593 0.471339 -2.42618
0.916423 -0.181958 0.356455 2.67119 -0.199257 0.564983 0.800681 2.18888 -0.347082 -0.804789 0.481507 -2.36554
0.917711 -0.188207 0.349834 2.43047 -0.185238 0.576296 0.795971 2.1761 -0.351415 -0.795274 0.49401 -2.30011
0.919985 -0.195807 0.339539 2.19615 -0.165376 0.591472 0.789184 2.16777 -0.355356 -0.78219 0.511764 -2.23785
0.698777 0.343797 0.627307 1.82378 -0.708617 0.452622 0.541291 2.64406 -0.0978385 -0.822762 0.559902 -2.31852
0.243327 0.805822 0.539854 1.85294 -0.944128 0.0692164 0.322228 2.85747 0.222291 -0.588099 0.777642 -2.40821
0.0569727 0.854661 0.516052 1.88884 -0.967423 -0.0804493 0.240041 2.95959 0.24667 -0.512916 0.822235 -2.42018
0.0288644 0.869771 0.49261 1.93178 -0.790351 -0.281857 0.543968 2.66486 0.611974 -0.405036 0.679289 -2.27565
-0.0439078 0.872454 0.48672 1.92798 -0.727009 -0.362059 0.583413 2.77604 0.685222 -0.328234 0.650179 -2.41645
-0.0233512 0.884671 0.46563 1.92739 -0.702233 -0.346021 0.622205 2.87803 0.711565 -0.312451 0.629325 -2.57876
0.0452121 0.903048 0.427154 1.92967 -0.690683 -0.28067 0.66647 2.91442 0.721743 -0.32516 0.61103 -2.72704
0.0524612 0.905265 0.421596 1.90875 -0.679678 -0.276937 0.679223 2.97969 0.731632 -0.322183 0.60076 -2.88243
0.0575749 0.906305 0.418685 1.87416 -0.671862 -0.275025 0.687723 3.09673 0.738435 -0.320894 0.593077 -3.05082
0.0657345 0.908596 0.41247 1.84586 -0.664902 -0.268339 0.697065 3.24272 0.744033 -0.320074 0.586488 -3.227
0.0760252 0.91104 0.405248 1.81988 -0.658076 -0.259493 0.706824 3.37834 0.749104 -0.32042 0.579805 -3.3979
0.0880701 0.913244 0.39778 1.79559 -0.649615 -0.250073 0.717958 3.52044 0.755145 -0.321634 0.571233 -3.56287
0.0942718 0.915862 0.390269 1.77531 -0.64656 -0.241765 0.72354 3.68497 0.757016 -0.320542 0.569368 -3.7359
0.0997077 0.917871 0.38415 1.753 -0.644548 -0.234542 0.7277 3.86121 0.758034 -0.32016 0.568226 -3.90332
0.105426 0.917748 0.382915 1.71686 -0.643545 -0.230591 0.729848 4.04746 0.758113 -0.323368 0.566302 -4.05816
0.110781 0.919135 0.378045 1.69802 -0.640824 -0.22469 0.73407 4.23854 0.759653 -0.323581 0.564112 -4.1982
0.111154 0.921705 0.371623 1.68157 -0.641577 -0.219024 0.735124 4.43811 0.758962 -0.320137 0.566999 -4.33489
0.112428 0.921724 0.371195 1.64949 -0.639406 -0.218839 0.737068 4.64201 0.760605 -0.320211 0.564752 -4.44146
0.113276 0.922498 0.369007 1.62071 -0.635888 -0.218058 0.740336 4.82939 0.763423 -0.31851 0.561904 -4.53019
0.115019 0.921716 0.37042 1.58073 -0.634294 -0.218832 0.741474 5.02994 0.764488 -0.320239 0.559469 -4.60466
0.113632 0.923644 0.366017 1.55962 -0.631154 -0.217405 0.744567 5.21785 0.767289 -0.31562 0.558258 -4.66276
0.111035 0.924476 0.364712 1.52798 -0.630868 -0.217993 0.744637 5.41381 0.767904 -0.312766 0.559018 -4.71648
0.108237 0.924717 0.364944 1.49377 -0.630035 -0.220157 0.744706 5.59901 0.768987 -0.310532 0.558775 -4.75021
0.103946 0.924289 0.367266 1.45684 -0.628968 -0.224962 0.744171 5.77881 0.770451 -0.308353 0.557964 -4.77928
0.0962067 0.925875 0.365376 1.43729 -0.629987 -0.227557 0.742519 5.96172 0.770623 -0.301617 0.561397 -4.81813
0.089226 0.927143 0.363931 1.4166 -0.632374 -0.229562 0.739868 6.14167 0.769507 -0.296156 0.565818 -4.84856
0.0836708 0.927043 0.365499 1.38472 -0.635819 -0.232755 0.735907 6.30733 0.76729 -0.293965 0.569957 -4.88525
0.0771938 0.927198 0.366532 1.36493 -0.63996 -0.235822 0.731327 6.4743 0.764521 -0.291019 0.575165 -4.91568
0.0710411 0.927576 0.366819 1.34418 -0.645148 -0.237744 0.726128 6.62407 0.760748 -0.288237 0.581534 -4.95491
0.0684512 0.925919 0.371469 1.30867 -0.65046 -0.2409 0.720325 6.78851 0.75645 -0.290933 0.585783 -4.96409
0.0631418 0.925943 0.372348 1.29423 -0.656403 -0.242507 0.714371 6.9397 0.751763 -0.289517 0.592479 -4.9823
0.0569255 0.925821 0.373651 1.27278 -0.66038 -0.245771 0.709573 7.07746 0.748771 -0.287145 0.597403 -4.9865
0.0523047 0.925023 0.376293 1.24606 -0.666651 -0.248211 0.702829 7.22245 0.743533 -0.287617 0.603685 -5.00019
0.0542977 0.922562 0.38201 1.21651 -0.670133 -0.249952 0.698889 7.34486 0.740252 -0.293946 0.604668 -4.97654
0.0520475 0.921438 0.385023 1.19606 -0.672286 -0.252767 0.695802 7.4544 0.73846 -0.29506 0.606314 -4.95582
0.0553962 0.919308 0.38962 1.17437 -0.673766 -0.253564 0.694079 7.56202 0.736865 -0.300962 0.605352 -4.9124
0.0553764 0.917753 0.393272 1.14524 -0.676819 -0.255072 0.690546 7.65694 0.734063 -0.304414 0.607028 -4.89624
0.0546927 0.91715 0.394772 1.13002 -0.680095 -0.255259 0.687251 7.76399 0.731081 -0.30607 0.609788 -4.87875
0.0552908 0.916546 0.396088 1.11847 -0.683181 -0.25457 0.684439 7.85952 0.728152 -0.308444 0.612092 -4.85869
0.0574842 0.915403 0.398413 1.09647 -0.684563 -0.254338 0.683144 7.9384 0.726684 -0.312009 0.612031 -4.82825
0.0569929 0.916867 0.395102 1.10578 -0.687234 -0.251036 0.681682 8.02399 0.724197 -0.310379 0.615795 -4.82485
0.0616372 0.914358 0.400187 1.0686 -0.689171 -0.251037 0.679723 8.10382 0.721972 -0.317694 0.614676 -4.79772
0.0637068 0.914783 0.39889 1.05958 -0.691458 -0.247751 0.678606 8.18173 0.719602 -0.319047 0.616751 -4.79446
0.0656614 0.915813 0.396201 1.0682 -0.692614 -0.243999 0.678786 8.25174 0.718313 -0.318985 0.618284 -4.78473
0.0708628 0.914389 0.398586 1.03966 -0.692935 -0.242307 0.679065 8.31767 0.71751 -0.324315 0.616441 -4.77566
0.0780457 0.912686 0.40114 1.01337 -0.6922 -0.239963 0.680645 8.379 0.717474 -0.33079 0.613033 -4.75824
0.0813401 0.913897 0.397714 1.01283 -0.692683 -0.235082 0.681855 8.44132 0.716641 -0.330952 0.613919 -4.78119
0.0921384 0.913536 0.396185 1.01269 -0.687316 -0.229544 0.689134 8.47956 0.720491 -0.3358 0.606738 -4.74738
0.102288 0.911228 0.399 0.982191 -0.683122 -0.227225 0.694056 8.52699 0.723106 -0.343559 0.599237 -4.73975
0.108386 0.911786 0.396105 0.980258 -0.678961 -0.223147 0.699441 8.57772 0.72613 -0.344749 0.594881 -4.75447
0.118846 0.91254 0.391339 0.98002 -0.670016 -0.217164 0.709872 8.60617 0.732772 -0.346569 0.585607 -4.76304
0.127559 0.914686 0.383509 0.998188 -0.660958 -0.209903 0.720469 8.62331 0.739502 -0.345386 0.577793 -4.78948
0.141723 0.913734 0.380794 0.985837 -0.646624 -0.205814 0.734519 8.64114 0.749528 -0.350329 0.561674 -4.76754
0.153952 0.913562 0.376434 0.986615 -0.632156 -0.201733 0.748119 8.66532 0.759393 -0.353139 0.546457 -4.75876
0.166748 0.913766 0.370442 0.983285 -0.616154 -0.196744 0.762658 8.67674 0.769773 -0.355421 0.530213 -4.76467
0.179942 0.913247 0.365515 0.972184 -0.600871 -0.192153 0.775907 8.70567 0.778829 -0.359245 0.514167 -4.77939
0.193895 0.911937 0.361628 0.955514 -0.583557 -0.189099 0.789748 8.72898 0.788585 -0.364159 0.495502 -4.79133
0.207479 0.91088 0.356721 0.938947 -0.56529 -0.185969 0.803656 8.74341 0.798373 -0.368392 0.476327 -4.81937
0.222474 0.9091 0.352197 0.922995 -0.542561 -0.184695 0.81946 8.77712 0.81002 -0.373397 0.452152 -4.80648
0.238039 0.907974 0.34485 0.918815 -0.520429 -0.180544 0.8346 8.8083 0.820055 -0.378137 0.42956 -4.8007
0.25274 0.907561 0.335343 0.930678 -0.496773 -0.175698 0.84991 8.84381 0.830265 -0.381395 0.406446 -4.79947
0.266586 0.906232 0.328139 0.928333 -0.474154 -0.173097 0.863258 8.89099 0.839112 -0.385721 0.383549 -4.79798
0.278652 0.906135 0.318234 0.937858 -0.451305 -0.168948 0.876231 8.92791 0.847748 -0.387784 0.361866 -4.80683
0.291802 0.903901 0.312754 0.931401 -0.429578 -0.1683 0.887208 8.98173 0.854584 -0.393241 0.339186 -4.79758
0.301464 0.901682 0.309982 0.910444 -0.412701 -0.169678 0.894923 9.05004 0.859533 -0.397717 0.320973 -4.81429
0.308874 0.90115 0.304182 0.905189 -0.397745 -0.168126 0.90196 9.11052 0.863942 -0.399578 0.306498 -4.84456
0.318819 0.899617 0.298402 0.916443 -0.381505 -0.166399 0.909266 9.16761 0.867645 -0.403733 0.290157 -4.84057
0.325622 0.897596 0.297138 0.909315 -0.368956 -0.168723 0.914005 9.25287 0.870541 -0.407251 0.276233 -4.84011
0.334657 0.894346 0.296901 0.915573 -0.356673 -0.171412 0.918369 9.33794 0.872232 -0.413235 0.261625 -4.8124
0.340352 0.889994 0.303433 0.884592 -0.351967 -0.178656 0.918804 9.43492 0.87194 -0.419516 0.252442 -4.79387
0.345077 0.887084 0.306601 0.896057 -0.349935 -0.181514 0.91902 9.52469 0.8709 -0.424423 0.247785 -4.78028
0.349381 0.881825 0.316728 0.871186 -0.349531 -0.190969 0.917256 9.6172 0.869345 -0.431179 0.241504 -4.73201
0.349682 0.8768 0.330067 0.845138 -0.356121 -0.201466 0.912463 9.72116 0.866545 -0.436616 0.241797 -4.71169
0.349203 0.871225 0.345 0.833744 -0.366021 -0.212107 0.906112 9.83901 0.862604 -0.442694 0.244818 -4.67543
0.346076 0.863721 0.366358 0.794517 -0.382014 -0.226925 0.895863 9.97086 0.856911 -0.44999 0.25142 -4.63081
0.340139 0.856798 0.387561 0.767342 -0.402199 -0.239988 0.883539 10.1003 0.850025 -0.456403 0.262973 -4.60062
0.33616 0.846505 0.412827 0.731618 -0.422687 -0.256107 0.869336 10.228 0.841625 -0.466732 0.271713 -4.52852
0.330171 0.835196 0.439813 0.697398 -0.444859 -0.273269 0.852892 10.3761 0.832519 -0.477255 0.281319 -4.44338
0.318492 0.824294 0.468084 0.657 -0.47298 -0.289748 0.832067 10.5463 0.821494 -0.486401 0.297592 -4.38398
0.310547 0.812102 0.494014 0.635271 -0.496668 -0.304498 0.812774 10.6928 0.810482 -0.497766 0.308784 -4.27291
0.295261 0.801064 0.52069 0.598699 -0.524002 -0.319933 0.789345 10.8636 0.798901 -0.505905 0.325295 -4.19019
0.280108 0.790374 0.544838 0.563856 -0.549186 -0.333571 0.766241 11.0182 0.787359 -0.513847 0.340626 -4.0977
0.26405 0.778346 0.56961 0.523476 -0.570981 -0.349822 0.742701 11.1741 0.77734 -0.521347 0.35205 -3.98292
0.248127 0.768494 0.589788 0.496538 -0.593831 -0.36036 0.719378 11.3282 0.765374 -0.528732 0.366941 -3.86984
0.229867 0.756852 0.611831 0.451271 -0.617803 -0.372275 0.692626 11.5049 0.751984 -0.537203 0.382012 -3.75465
0.211124 0.745206 0.63253 0.409138 -0.63956 -0.38405 0.665934 11.6848 0.739182 -0.545135 0.395522 -3.61531
0.191533 0.734327 0.651213 0.366989 -0.660014 -0.394709 0.639207 11.8579 0.726427 -0.55224 0.409067 -3.4868
0.174649 0.724603 0.666669 0.333374 -0.676336 -0.403786 0.616057 12.0072 0.715588 -0.558486 0.419555 -3.34997
0.160431 0.71294 0.682626 0.29237 -0.689797 -0.413687 0.594175 12.1568 0.706005 -0.566197 0.425416 -3.1961
0.145781 0.709242 0.689727 0.284417 -0.699704 -0.418955 0.578698 12.2793 0.699402 -0.566968 0.435184 -3.06756
0.133855 0.700487 0.700999 0.248425 -0.707969 -0.427379 0.562252 12.4177 0.693443 -0.571546 0.438717 -2.90921
0.12196 0.700188 0.703465 0.239609 -0.712347 -0.431791 0.553279 12.5377 0.691149 -0.568589 0.446116 -2.78696
0.117208 0.699998 0.70446 0.238154 -0.712833 -0.434599 0.550448 12.6468 0.69147 -0.56668 0.448043 -2.64652
0.109702 0.701405 0.70427 0.216893 -0.712131 -0.438843 0.547984 12.7826 0.693423 -0.561647 0.451351 -2.53023
0.101204 0.703284 0.703669 0.192446 -0.709791 -0.444564 0.546406 12.9377 0.697104 -0.554756 0.454193 -2.44018
0.103164 0.704766 0.701899 0.169367 -0.702194 -0.448184 0.553222 13.0812 0.704472 -0.549942 0.448646 -2.31599
0.104361 0.711258 0.695141 0.147185 -0.692425 -0.449764 0.564145 13.2367 0.713902 -0.540208 0.445555 -2.23228
0.105813 0.7195 0.686385 0.116725 -0.68085 -0.450661 0.577363 13.405 0.724739 -0.528417 0.442186 -2.16913
0.111114 0.741323 0.661886 0.123945 -0.695582 -0.417669 0.584566 13.4244 0.709802 -0.52535 0.469243 -2.28428
0.115472 0.748723 0.652748 0.0825741 -0.678345 -0.420604 0.602446 13.6156 0.725613 -0.512354 0.459324 -2.2216
0.12668 0.763664 0.633063 0.0782758 -0.686677 -0.39305 0.611545 13.7082 0.71584 -0.51218 0.474599 -2.29602
0.147089 0.789194 0.59627 0.127475 -0.698709 -0.343792 0.627386 13.6978 0.700122 -0.508901 0.500849 -2.45524
0.155782 0.800614 0.578576 0.122715 -0.676384 -0.340411 0.653165 13.9095 0.719887 -0.493091 0.488493 -2.41851
0.168093 0.812253 0.55856 0.11787 -0.645887 -0.337303 0.684877 14.1108 0.744698 -0.47589 0.467925 -2.36946
0.182823 0.827458 0.530933 0.147071 -0.611583 -0.327109 0.720393 14.298 0.769768 -0.456413 0.446256 -2.33878
0.192225 0.835796 0.514291 0.11606 -0.577389 -0.327434 0.747936 14.5339 0.793518 -0.440718 0.419638 -2.29844
0.208121 0.849161 0.485399 0.146273 -0.5358 -0.316204 0.782901 14.7309 0.818293 -0.423015 0.389171 -2.25912
0.222189 0.86065 0.458162 0.14527 -0.491281 -0.30707 0.815077 14.9284 0.842185 -0.406188 0.354593 -2.21502
0.235885 0.874551 0.423696 0.184001 -0.445726 -0.290064 0.846871 15.1178 0.863531 -0.388616 0.321389 -2.19997
0.249155 0.884012 0.395531 0.184386 -0.395743 -0.279823 0.874692 15.3284 0.883917 -0.374463 0.280122 -2.15172
0.266051 0.893098 0.362758 0.206018 -0.337618 -0.266153 0.902871 15.5272 0.902901 -0.362683 0.230716 -2.06624
0.276757 0.90497 0.323162 0.244386 -0.28506 -0.243843 0.926974 15.7143 0.917685 -0.348668 0.190485 -2.05365
0.286023 0.912938 0.291092 0.231757 -0.231039 -0.229117 0.945583 15.906 0.929953 -0.337712 0.145391 -2.027
0.295011 0.922591 0.248584 0.27695 -0.173037 -0.204275 0.963499 16.0783 0.939695 -0.327257 0.0993789 -2.00068
0.303603 0.929373 0.20998 0.300162 -0.11362 -0.183496 0.976432 16.2733 0.946 -0.320306 0.0498853 -1.96319
0.308118 0.936012 0.170134 0.323294 -0.0572671 -0.160262 0.985412 16.4724 0.949623 -0.313367 0.00422311 -1.95205
0.311774 0.941013 0.131495 0.328951 8.85685e-05 -0.138422 0.990373 16.648 0.950156 -0.308761 -0.0432398 -1.93884
0.315322 0.943949 0.0976349 0.3106 0.0580492 -0.121877 0.990846 16.8353 0.947208 -0.306768 -0.0932258 -1.91413
0.317894 0.946216 0.060158 0.320903 0.113827 -0.101078 0.988345 17.0253 0.941269 -0.307341 -0.139837 -1.90595
0.318263 0.947756 0.0216262 0.334467 0.170975 -0.079823 0.982037 17.2012 0.932457 -0.308848 -0.187447 -1.89355
0.318163 0.947963 -0.0117849 0.317104 0.224214 -0.0631626 0.972491 17.3884 0.921141 -0.312053 -0.232642 -1.88813
0.312932 0.94876 -0.0439125 0.298317 0.273084 -0.0455971 0.960909 17.5704 0.90967 -0.312691 -0.27336 -1.90801
0.307572 0.948303 -0.0782421 0.301408 0.323739 -0.0269689 0.945762 17.7498 0.894758 -0.31622 -0.315297 -1.9032
0.302758 0.945955 -0.116221 0.334868 0.37496 -0.0061134 0.927021 17.9279 0.876209 -0.324242 -0.356546 -1.88833
0.297754 0.943602 -0.144766 0.310986 0.417685 0.00758948 0.90856 18.0882 0.858418 -0.330994 -0.391868 -1.88651
0.293748 0.939459 -0.176434 0.322832 0.454765 0.0249993 0.890261 18.2658 0.840774 -0.341749 -0.419889 -1.92406
0.288383 0.934843 -0.207134 0.343424 0.492294 0.040786 0.869473 18.4656 0.821269 -0.352712 -0.448455 -1.9413
0.284472 0.928985 -0.236774 0.35521 0.518402 0.0586939 0.85312 18.6252 0.806433 -0.365433 -0.464891 -2.00114
0.280416 0.923577 -0.26148 0.344393 0.548868 0.0692003 0.83304 18.7861 0.787471 -0.377116 -0.487517 -2.0054
0.276904 0.918208 -0.283229 0.343163 0.578942 0.0758263 0.811836 18.9926 0.76691 -0.388773 -0.510592 -1.99424
0.274276 0.911933 -0.305208 0.35199 0.602874 0.0842079 0.79338 19.1478 0.74921 -0.401607 -0.526685 -1.98873
0.271154 0.906909 -0.322478 0.341294 0.625899 0.0883954 0.774879 19.3366 0.73125 -0.41195 -0.543664 -1.98149
0.268079 0.901902 -0.338684 0.333647 0.644501 0.0934049 0.758877 19.5079 0.716067 -0.421721 -0.556237 -1.97472
0.263977 0.897622 -0.352974 0.334347 0.65948 0.0990798 0.745164 19.6799 0.703848 -0.429486 -0.565809 -1.96942
0.261106 0.894964 -0.361749 0.310509 0.670958 0.101161 0.734562 19.8399 0.694002 -0.434517 -0.57407 -1.95526
0.258131 0.89187 -0.371397 0.30175 0.681388 0.104458 0.72443 19.9983 0.684893 -0.440063 -0.580746 -1.93651
0.253773 0.889837 -0.379195 0.298795 0.690619 0.107792 0.715141 20.1523 0.677233 -0.443363 -0.587184 -1.91161
0.251766 0.889694 -0.380865 0.267029 0.696352 0.106765 0.709715 20.3084 0.672092 -0.443898 -0.592661 -1.894
0.251379 0.888877 -0.383022 0.240194 0.700039 0.106308 0.706147 20.4728 0.668397 -0.445641 -0.595525 -1.8817
0.249721 0.88696 -0.388511 0.240495 0.70246 0.110216 0.703137 20.6354 0.666475 -0.448502 -0.595531 -1.86813
0.248736 0.885763 -0.391861 0.22743 0.704003 0.112526 0.701226 20.7973 0.665214 -0.450291 -0.59559 -1.84903
0.247577 0.884731 -0.394914 0.208588 0.704304 0.115561 0.70043 20.9753 0.665329 -0.45155 -0.594509 -1.84696
0.245784 0.884743 -0.396004 0.186669 0.704581 0.117503 0.699828 21.1504 0.6657 -0.451024 -0.594493 -1.82396
0.244272 0.884202 -0.398143 0.172848 0.703807 0.120786 0.700048 21.3343 0.667074 -0.451218 -0.592803 -1.81816
0.241557 0.884359 -0.39945 0.144131 0.702509 0.1246 0.700682 21.5187 0.669426 -0.449872 -0.591172 -1.81292
0.23648 0.885551 -0.399844 0.11121 0.701501 0.129127 0.700873 21.7026 0.67229 -0.446234 -0.590679 -1.80789
0.228735 0.884492 -0.406636 0.102957 0.702683 0.139078 0.697778 21.8896 0.673734 -0.445343 -0.589706 -1.79547
0.22281 0.88524 -0.408297 0.0688113 0.701629 0.145156 0.6976 22.0702 0.67681 -0.441905 -0.588768 -1.79016
0.218125 0.883736 -0.414043 0.0480165 0.702105 0.152574 0.695536 22.2523 0.677843 -0.442415 -0.587195 -1.78504
0.210528 0.883631 -0.418179 0.0171645 0.703282 0.160225 0.69262 22.4376 0.679024 -0.439913 -0.58771 -1.7714
0.203036 0.881723 -0.425842 -0.0047129 0.705416 0.169905 0.688128 22.6223 0.679091 -0.440111 -0.587484 -1.7669
0.192607 0.880567 -0.433017 -0.0342865 0.708523 0.180501 0.682213 22.8138 0.678894 -0.438202 -0.589136 -1.76623
0.178885 0.879777 -0.440447 -0.0596923 0.713549 0.192204 0.673725 23.0088 0.677383 -0.4348 -0.593382 -1.75679
0.160567 0.877279 -0.452328 -0.0504669 0.722517 0.207748 0.659401 23.2161 0.672449 -0.432692 -0.600491 -1.72336
0.1427 0.874398 -0.463751 -0.0537345 0.733007 0.221481 0.643154 23.4037 0.665084 -0.431711 -0.609335 -1.66686
0.123708 0.87214 -0.473359 -0.084626 0.741896 0.235506 0.627795 23.5958 0.659004 -0.428846 -0.617903 -1.64322
0.10656 0.867528 -0.48584 -0.0981304 0.751065 0.249967 0.61108 23.7975 0.651573 -0.430014 -0.624933 -1.63048
0.0823494 0.863484 -0.497609 -0.10494 0.763943 0.265955 0.587928 23.9972 0.640007 -0.42856 -0.637751 -1.56309
0.0634675 0.858402 -0.509036 -0.10801 0.774488 0.279316 0.567584 24.1817 0.629397 -0.430265 -0.647094 -1.51255
0.0410151 0.852833 -0.520571 -0.120255 0.78586 0.294221 0.543928 24.3911 0.617042 -0.431405 -0.65814 -1.4759
0.0171423 0.847266 -0.530892 -0.130708 0.797107 0.308957 0.518811 24.5968 0.603594 -0.432072 -0.670066 -1.4183
-0.00600095 0.841135 -0.540792 -0.137131 0.807527 0.323046 0.493498 24.8078 0.589799 -0.433743 -0.681178 -1.37267
-0.0282565 0.834419 -0.550406 -0.135116 0.816325 0.337047 0.469056 25.0128 0.576902 -0.436056 -0.69068 -1.33257
-0.0518171 0.827412 -0.5592 -0.135326 0.825865 0.350329 0.441832 25.2534 0.561481 -0.43893 -0.701484 -1.2958
-0.0722154 0.822543 -0.5641 -0.160044 0.832121 0.361496 0.420589 25.458 0.549872 -0.439026 -0.710561 -1.27275
-0.0923916 0.816942 -0.569271 -0.170897 0.839548 0.371309 0.396596 25.6941 0.535372 -0.441289 -0.720168 -1.23502
-0.109321 0.813888 -0.570645 -0.165507 0.846256 0.377362 0.376097 25.9257 0.52144 -0.441796 -0.730011 -1.18793
-0.126608 0.812843 -0.568556 -0.179727 0.852438 0.382264 0.356684 26.1649 0.507266 -0.4395 -0.741296 -1.13683
-0.139526 0.809444 -0.570379 -0.170439 0.857405 0.386914 0.339343 26.3982 0.495367 -0.441699 -0.748006 -1.09568
-0.149606 0.807064 -0.571196 -0.174864 0.861282 0.390099 0.325601 26.6199 0.485604 -0.443249 -0.753471 -1.05588
-0.157062 0.809823 -0.56526 -0.222757 0.864084 0.389838 0.31841 26.8082 0.478216 -0.438422 -0.760983 -0.985453
-0.162799 0.808386 -0.565694 -0.234126 0.867883 0.390056 0.30763 27.0497 0.469336 -0.440874 -0.765085 -0.921496
-0.16302 0.807711 -0.566593 -0.234178 0.870195 0.388343 0.303234 27.2682 0.464958 -0.443613 -0.766174 -0.833378
-0.156648 0.81421 -0.559038 -0.239982 0.871183 0.380572 0.31017 27.4468 0.465297 -0.438437 -0.768942 -0.739054
-0.145544 0.818833 -0.555274 -0.213699 0.872227 0.371092 0.318608 27.6523 0.466945 -0.437954 -0.768218 -0.643252
-0.131219 0.826886 -0.546847 -0.204562 0.873417 0.357372 0.330799 27.8484 0.468961 -0.434218 -0.76911 -0.526093
-0.113623 0.835577 -0.537494 -0.19362 0.872739 0.342471 0.347907 28.0194 0.47478 -0.429562 -0.768154 -0.416126
-0.092024 0.843965 -0.528445 -0.160395 0.869096 0.327097 0.371053 28.1379 0.486009 -0.425124 -0.763587 -0.304436
-0.0716908 0.847805 -0.525439 -0.0788085 0.866122 0.314174 0.388752 28.2929 0.494665 -0.427224 -0.756826 -0.205642
-0.0478343 0.860612 -0.50701 -0.0899211 0.862628 0.291494 0.413405 28.4097 0.503571 -0.417586 -0.756332 -0.0631579
-0.0226362 0.866067 -0.499416 -0.0121951 0.856105 0.274775 0.437701 28.5132 0.516305 -0.417645 -0.747664 0.044518
0.00417608 0.870593 -0.491986 0.0674395 0.851462 0.254906 0.458296 28.6504 0.524399 -0.420822 -0.740212 0.165674
0.0306384 0.878797 -0.476212 0.0999143 0.845069 0.231656 0.481865 28.762 0.533779 -0.417195 -0.735546 0.307319
0.0595795 0.888936 -0.454139 0.104261 0.833844 0.205789 0.512206 28.8186 0.548775 -0.409199 -0.728974 0.429547
0.088725 0.893464 -0.440284 0.1691 0.821058 0.184646 0.540157 28.8767 0.563908 -0.409424 -0.717203 0.531986
0.116823 0.899402 -0.421223 0.199262 0.809471 0.159506 0.56508 28.952 0.575421 -0.406982 -0.709405 0.662052
0.146248 0.903596 -0.402648 0.246595 0.792445 0.13663 0.594444 28.9735 0.592151 -0.406013 -0.696068 0.752709
0.174312 0.904212 -0.389891 0.325734 0.778904 0.115629 0.616392 29.0347 0.602432 -0.411132 -0.684139 0.842969
0.197806 0.910286 -0.363665 0.310282 0.764447 0.0889762 0.638517 29.0886 0.61359 -0.404306 -0.678265 0.967225
0.219918 0.916828 -0.333262 0.257387 0.746989 0.0614508 0.66199 29.1211 0.62741 -0.394526 -0.671346 1.07419
0.240123 0.918325 -0.314673 0.27779 0.733215 0.0408659 0.678768 29.1818 0.636189 -0.393711 -0.663517 1.1556
0.257732 0.919295 -0.29744 0.292504 0.719292 0.0229921 0.694328 29.2153 0.645131 -0.392896 -0.655316 1.24459
0.272077 0.923092 -0.2718 0.239939 0.705238 0.000887661 0.70897 29.253 0.654686 -0.384578 -0.650758 1.33214
0.274328 0.927044 -0.255603 0.23609 0.695107 -0.00748935 0.718867 29.296 0.664508 -0.374877 -0.646449 1.39603
0.276101 0.931762 -0.235769 0.194425 0.680987 -0.0165419 0.732109 29.288 0.678251 -0.362692 -0.639085 1.44106
0.278362 0.933545 -0.225849 0.20486 0.66747 -0.018935 0.744396 29.2729 0.690651 -0.357959 -0.628384 1.44095
0.281162 0.933737 -0.221546 0.246002 0.663814 -0.0225123 0.747558 29.3171 0.693036 -0.35725 -0.626158 1.48189
0.281852 0.934508 -0.217381 0.266035 0.65851 -0.023636 0.752201 29.3308 0.697799 -0.355157 -0.622045 1.50069
0.282776 0.936578 -0.207023 0.238409 0.650647 -0.0287114 0.758837 29.3158 0.704767 -0.34928 -0.617501 1.50867
0.283114 0.937801 -0.200938 0.227962 0.64654 -0.0318694 0.762214 29.3179 0.708401 -0.345708 -0.615348 1.50611
0.282737 0.938716 -0.19716 0.227122 0.642945 -0.0329351 0.765204 29.3058 0.711816 -0.343114 -0.612855 1.51508
0.282613 0.938884 -0.196539 0.236618 0.641026 -0.0324317 0.766833 29.3026 0.713593 -0.342703 -0.611015 1.51768
0.281986 0.938681 -0.198396 0.252484 0.639821 -0.0298978 0.767942 29.3029 0.714921 -0.343487 -0.609019 1.51087
0.282759 0.938128 -0.199909 0.263962 0.639839 -0.0292058 0.767954 29.3134 0.714601 -0.345055 -0.608509 1.50861
0.282671 0.939036 -0.195726 0.232851 0.637116 -0.0312656 0.770133 29.2999 0.717064 -0.342394 -0.607113 1.50806
0.282777 0.937722 -0.201777 0.26535 0.639806 -0.0276741 0.768038 29.3178 0.714622 -0.346281 -0.607786 1.51296
0.282209 0.937917 -0.201666 0.250922 0.639108 -0.0270315 0.768642 29.3105 0.715471 -0.345804 -0.607059 1.51801
0.282848 0.936562 -0.206999 0.270328 0.641608 -0.0243257 0.766647 29.3289 0.712977 -0.349656 -0.607786 1.51896
0.283484 0.936032 -0.208521 0.266872 0.64231 -0.0238689 0.766074 29.3288 0.712092 -0.351105 -0.607989 1.52937
0.283105 0.935319 -0.212201 0.270639 0.645001 -0.0219277 0.763867 29.3448 0.709807 -0.353125 -0.60949 1.53974
0.282445 0.935989 -0.210116 0.235622 0.641129 -0.0212558 0.767139 29.3078 0.713568 -0.351386 -0.606093 1.53535
0.283521 0.934571 -0.214926 0.246181 0.641491 -0.0182406 0.766913 29.3103 0.712814 -0.355309 -0.604691 1.51848
0.283645 0.933728 -0.218398 0.248705 0.643075 -0.0162711 0.76563 29.3177 0.711337 -0.357613 -0.605073 1.5262
0.283019 0.932136 -0.225883 0.277055 0.645184 -0.0107666 0.763952 29.3303 0.709675 -0.361949 -0.604446 1.52335
0.28263 0.93164 -0.228403 0.27404 0.646413 -0.00905834 0.762934 29.3375 0.70871 -0.363271 -0.604784 1.52969
0.280956 0.932971 -0.22501 0.232301 0.644135 -0.00951158 0.764853 29.3197 0.711445 -0.359826 -0.603631 1.53506
0.280805 0.931645 -0.230621 0.248102 0.645444 -0.00547252 0.763788 29.327 0.710317 -0.363329 -0.602862 1.5369
0.280398 0.93153 -0.231579 0.230861 0.646502 -0.00494556 0.762896 29.3423 0.709516 -0.36363 -0.603623 1.54704
0.280324 0.930558 -0.235543 0.236327 0.646281 -0.00153213 0.763098 29.3407 0.709746 -0.366142 -0.601832 1.55053
0.280709 0.930519 -0.235237 0.209205 0.64296 -0.000340605 0.7659 29.322 0.712604 -0.366243 -0.598382 1.55225
0.280629 0.93001 -0.237335 0.197797 0.644013 0.000899205 0.765014 29.3368 0.711685 -0.367532 -0.598686 1.57521
0.280478 0.928789 -0.242244 0.204316 0.647777 0.00307959 0.761824 29.3744 0.70832 -0.370595 -0.600784 1.60611
0.280628 0.926879 -0.249286 0.226406 0.648888 0.00816839 0.76084 29.3957 0.707243 -0.375272 -0.599148 1.60515
0.27939 0.92644 -0.252288 0.214094 0.651363 0.0101748 0.758698 29.4242 0.705456 -0.376304 -0.600606 1.64135
0.277355 0.925821 -0.256766 0.210543 0.6543 0.0136854 0.756111 29.4554 0.703538 -0.377714 -0.601969 1.67208
0.275082 0.926015 -0.258508 0.188622 0.654407 0.0166366 0.75596 29.4687 0.70433 -0.37712 -0.601414 1.69011
0.272491 0.924788 -0.265549 0.197518 0.657952 0.0222754 0.75273 29.5071 0.702031 -0.379831 -0.602397 1.7225
0.268399 0.924598 -0.270332 0.188543 0.662077 0.0267857 0.748957 29.544 0.699725 -0.38 -0.604966 1.77256
0.264384 0.924548 -0.27443 0.165374 0.661645 0.0331434 0.749085 29.5593 0.70166 -0.379621 -0.60296 1.78419
0.259354 0.923754 -0.281806 0.166128 0.664476 0.0410753 0.74618 29.5923 0.700862 -0.380778 -0.603159 1.81337
0.252425 0.925148 -0.28352 0.127096 0.667449 0.0456646 0.743254 29.6237 0.700567 -0.376851 -0.605961 1.87248
0.245479 0.924801 -0.290661 0.111738 0.669555 0.0550781 0.740717 29.6529 0.701025 -0.376444 -0.605685 1.89988
0.237583 0.923949 -0.299787 0.107108 0.67309 0.0659266 0.736616 29.6895 0.70036 -0.376791 -0.606238 1.93308
0.227583 0.923341 -0.309268 0.0941902 0.677412 0.0780299 0.731454 29.7301 0.699514 -0.375968 -0.607724 1.98124
0.216441 0.924294 -0.314377 0.0522671 0.680821 0.0878985 0.727156 29.7635 0.69974 -0.371421 -0.610254 2.03302
0.204603 0.923179 -0.32539 0.0382732 0.68611 0.101832 0.720335 29.8224 0.698133 -0.370636 -0.612567 2.06654
0.190777 0.923634 -0.332423 -0.00488687 0.689091 0.115169 0.715465 29.8546 0.699112 -0.365564 -0.614496 2.10489
0.175512 0.926989 -0.331492 -0.102864 0.694913 0.121858 0.708693 29.9066 0.697346 -0.354742 -0.622789 2.1805
0.161403 0.927317 -0.337686 -0.160269 0.697292 0.134984 0.703963 29.931 0.698379 -0.349088 -0.624824 2.2073
0.143368 0.930835 -0.336142 -0.280861 0.703248 0.143161 0.696381 29.9852 0.696339 -0.33623 -0.634083 2.26702
0.126756 0.933254 -0.33611 -0.39303 0.708488 0.151974 0.689166 30.033 0.694247 -0.325485 -0.641935 2.30843
0.108423 0.930747 -0.349219 -0.427778 0.718807 0.169262 0.67429 30.1233 0.686703 -0.32413 -0.650676 2.33378
0.0898682 0.932116 -0.350832 -0.535503 0.726049 0.179811 0.663717 30.1852 0.681745 -0.314369 -0.660603 2.36534
0.0694649 0.925505 -0.372311 -0.524198 0.743757 0.200676 0.637617 30.3415 0.664831 -0.321201 -0.674411 2.3916
0.050406 0.926538 -0.37281 -0.64632 0.752431 0.210232 0.62422 30.4134 0.65674 -0.311978 -0.686559 2.40239
0.0309334 0.924364 -0.380256 -0.72782 0.761505 0.224626 0.607991 30.4853 0.647421 -0.308374 -0.696959 2.40151
0.0103291 0.920522 -0.390555 -0.791333 0.77275 0.240535 0.587367 30.5731 0.634626 -0.307868 -0.708849 2.39541
-0.0104159 0.91579 -0.401523 -0.854305 0.786079 0.255682 0.562766 30.6839 0.618038 -0.309767 -0.722547 2.36975
-0.0335569 0.913588 -0.405254 -0.961759 0.801176 0.266997 0.535565 30.8084 0.597487 -0.306708 -0.740904 2.36378
-0.0573659 0.907917 -0.415206 -1.02584 0.817373 0.281513 0.502645 30.9464 0.573245 -0.310543 -0.758256 2.34917
-0.0779938 0.901207 -0.426314 -1.07934 0.832545 0.294115 0.46943 31.078 0.548439 -0.318313 -0.773235 2.32294
-0.101291 0.895541 -0.433297 -1.15511 0.847425 0.305826 0.433983 31.1993 0.521163 -0.323228 -0.789882 2.292
-0.122359 0.887266 -0.444733 -1.20161 0.861325 0.317562 0.396578 31.317 0.493101 -0.334535 -0.803081 2.23563
-0.14575 0.879284 -0.45345 -1.26137 0.880167 0.324531 0.34639 31.5047 0.451733 -0.348625 -0.821217 2.22108
-0.167405 0.870322 -0.463158 -1.31227 0.895081 0.331106 0.298661 31.6609 0.413285 -0.364566 -0.834438 2.18338
-0.190231 0.863001 -0.468019 -1.38607 0.909688 0.334212 0.246516 31.8339 0.369161 -0.378856 -0.848639 2.13762
-0.213555 0.851929 -0.478133 -1.41594 0.920617 0.339261 0.193302 31.9969 0.326892 -0.398897 -0.856751 2.08446
-0.235755 0.843741 -0.482205 -1.46104 0.930063 0.339767 0.139791 32.1678 0.281785 -0.415524 -0.864834 2.04712
-0.255487 0.837792 -0.482525 -1.5062 0.937506 0.336633 0.0880943 32.3334 0.236239 -0.429863 -0.871441 1.99933
-0.274628 0.831814 -0.482354 -1.51316 0.943354 0.330207 0.0323396 32.5403 0.186177 -0.446149 -0.875379 1.96283
-0.298453 0.820212 -0.488035 -1.45583 0.944199 0.328385 -0.0255182 32.7359 0.139333 -0.468418 -0.872451 1.93478
-0.317944 0.812331 -0.488906 -1.42085 0.943649 0.321092 -0.0801682 32.9392 0.0918608 -0.486845 -0.868645 1.92812
-0.33116 0.807944 -0.4874 -1.41653 0.942429 0.308666 -0.128661 33.1279 0.0464936 -0.501947 -0.863648 1.93128
-0.348425 0.799293 -0.489623 -1.39659 0.937335 0.298089 -0.180405 33.3394 0.00175494 -0.521799 -0.853067 1.92317
-0.359993 0.796405 -0.485947 -1.41263 0.931956 0.28288 -0.226795 33.5432 -0.043156 -0.534526 -0.84405 1.92643
-0.370945 0.793109 -0.483093 -1.42439 0.924711 0.26756 -0.27078 33.75 -0.085502 -0.547165 -0.832646 1.91971
-0.380182 0.790487 -0.480201 -1.43642 0.916282 0.251136 -0.312023 33.9614 -0.126054 -0.558625 -0.819786 1.91452
-0.38145 0.79128 -0.477884 -1.44622 0.909001 0.227148 -0.349458 34.1776 -0.167968 -0.567697 -0.80592 1.90477
-0.382187 0.791457 -0.477 -1.45091 0.900281 0.202496 -0.385343 34.4028 -0.208392 -0.576707 -0.789925 1.86999
-0.38055 0.794148 -0.473826 -1.46674 0.891987 0.180021 -0.414671 34.6253 -0.244012 -0.58045 -0.776876 1.84043
-0.379312 0.795626 -0.472337 -1.47637 0.883514 0.159825 -0.440294 34.8593 -0.274818 -0.584325 -0.76357 1.79462
-0.378639 0.795015 -0.473902 -1.46879 0.876549 0.143637 -0.459381 35.0851 -0.297145 -0.589338 -0.751256 1.72926
-0.376737 0.79538 -0.474805 -1.45935 0.872156 0.131864 -0.471121 35.3088 -0.312111 -0.591593 -0.743374 1.67625
-0.360887 0.805821 -0.469482 -1.47346 0.871215 0.111665 -0.478032 35.524 -0.332784 -0.581536 -0.742342 1.60619
-0.345295 0.813394 -0.468148 -1.44379 0.872172 0.0939268 -0.480098 35.7471 -0.346537 -0.574081 -0.741851 1.52592
-0.325374 0.824917 -0.462216 -1.43357 0.873473 0.074977 -0.481064 35.9944 -0.362183 -0.560259 -0.744939 1.44502
-0.29773 0.839449 -0.454623 -1.45271 0.879549 0.0560616 -0.472495 36.2178 -0.371148 -0.540539 -0.755027 1.3495
-0.273164 0.847504 -0.455102 -1.40465 0.884095 0.0347111 -0.466017 36.4839 -0.379154 -0.529653 -0.758756 1.26415
-0.247127 0.853573 -0.45863 -1.34081 0.889122 0.0115891 -0.457523 36.7558 -0.385214 -0.520844 -0.761795 1.16745
-0.213248 0.859588 -0.464363 -1.27195 0.901414 -0.0102015 -0.432839 36.9897 -0.3768 -0.510885 -0.772669 1.0706
-0.180365 0.863338 -0.471292 -1.20731 0.910518 -0.0346931 -0.412011 37.259 -0.372055 -0.503432 -0.779827 0.95164
-0.14737 0.870976 -0.468704 -1.17707 0.924148 -0.0476175 -0.379056 37.4936 -0.352467 -0.489013 -0.797893 0.843541
-0.122799 0.875051 -0.468195 -1.15433 0.929824 -0.0634654 -0.362492 37.6723 -0.346913 -0.479853 -0.805849 0.785196
-0.0829342 0.876725 -0.473789 -1.1324 0.944153 -0.0830125 -0.31888 37.423 -0.3189 -0.473775 -0.820877 0.971822
-0.0433169 0.876599 -0.479268 -1.1198 0.95334 -0.107194 -0.282226 37.2292 -0.298774 -0.46913 -0.831054 1.13737
-0.00744057 0.873388 -0.486968 -1.10061 0.959308 -0.131226 -0.250016 37.0561 -0.282264 -0.469012 -0.836872 1.28732
0.0187136 0.879486 -0.475557 -1.16281 0.96314 -0.143518 -0.227519 36.9308 -0.268351 -0.45377 -0.849754 1.4315
0.0566291 0.872647 -0.485057 -1.12454 0.970295 -0.162557 -0.179171 36.7429 -0.235202 -0.460502 -0.855931 1.62171
0.0907292 0.868321 -0.487633 -1.12352 0.975745 -0.175463 -0.130898 36.5373 -0.199223 -0.463929 -0.86318 1.79674
0.115052 0.867511 -0.483929 -1.15915 0.97958 -0.179944 -0.0896844 36.3519 -0.164882 -0.463728 -0.8705 1.96184
0.14482 0.860725 -0.488036 -1.15364 0.980392 -0.191442 -0.0467143 36.172 -0.133639 -0.471702 -0.871572 2.1327
0.165965 0.85464 -0.491982 -1.16016 0.981057 -0.193643 -0.0054341 35.9881 -0.099913 -0.48176 -0.870589 2.27924
0.186848 0.851128 -0.490581 -1.15595 0.980403 -0.193293 0.0380547 35.8051 -0.0624366 -0.488077 -0.870564 2.44549
0.184744 0.858409 -0.478544 -1.16036 0.982708 -0.167524 0.0788743 35.6355 -0.0124614 -0.48484 -0.874514 2.60274
0.187445 0.862548 -0.469973 -1.12805 0.981487 -0.145302 0.124782 35.4411 0.0393421 -0.484662 -0.873816 2.77031
0.187937 0.869856 -0.456104 -1.13128 0.978221 -0.124113 0.166375 35.2646 0.0881136 -0.477438 -0.874236 2.9296
0.18807 0.877223 -0.441712 -1.13101 0.972452 -0.103252 0.20899 35.0819 0.137723 -0.468848 -0.872476 3.10176
0.192518 0.882042 -0.430045 -1.10481 0.963644 -0.0871895 0.252565 34.8869 0.185277 -0.463034 -0.86676 3.26616
0.195688 0.889846 -0.412166 -1.11866 0.953215 -0.0738473 0.293134 34.7094 0.230407 -0.450246 -0.862665 3.43888
0.199084 0.896491 -0.395816 -1.12498 0.941104 -0.0622588 0.332337 34.5339 0.273294 -0.438666 -0.856086 3.5969
0.200853 0.898197 -0.391025 -1.05958 0.928308 -0.04702 0.368827 34.3581 0.312893 -0.437072 -0.843247 3.74138
0.203427 0.903908 -0.376256 -1.04618 0.915435 -0.0392935 0.400543 34.2207 0.34727 -0.425919 -0.835462 3.92359
0.208598 0.907153 -0.365459 -1.00324 0.899425 -0.0311875 0.435962 34.0431 0.384087 -0.419643 -0.822421 4.08393
0.212717 0.906348 -0.365082 -0.895988 0.885095 -0.0204405 0.464961 33.9021 0.413954 -0.422037 -0.806552 4.21032
0.217191 0.910335 -0.352303 -0.859692 0.866727 -0.0138307 0.498591 33.7244 0.449012 -0.41364 -0.792016 4.37894
0.222124 0.914769 -0.337428 -0.828533 0.85009 -0.0122111 0.526496 33.5705 0.477502 -0.403792 -0.780348 4.56202
0.226209 0.91847 -0.324411 -0.785377 0.834998 -0.0113384 0.550136 33.4471 0.501605 -0.395328 -0.769485 4.74377
0.227846 0.922394 -0.31189 -0.758223 0.82818 -0.0151336 0.560257 33.4296 0.512058 -0.385954 -0.767357 4.85156
0.228078 0.926377 -0.299676 -0.721723 0.823953 -0.0196611 0.566317 33.4539 0.518731 -0.376084 -0.767775 4.98198
0.231709 0.931301 -0.281049 -0.705392 0.809137 -0.0241308 0.587125 33.3512 0.540008 -0.363449 -0.759141 5.16302
0.237491 0.935287 -0.262365 -0.689076 0.805054 -0.0383664 0.59196 33.3434 0.543587 -0.351803 -0.762068 5.27773
0.243205 0.940009 -0.239238 -0.669538 0.789189 -0.0483637 0.612244 33.2222 0.563944 -0.337704 -0.753607 5.46641
0.246389 0.944769 -0.216109 -0.665881 0.783026 -0.0626561 0.618825 33.2066 0.571106 -0.321691 -0.755217 5.59389
0.243595 0.94948 -0.197859 -0.64484 0.790294 -0.0760587 0.607988 33.3173 0.562224 -0.30447 -0.768897 5.68861
0.246721 0.953449 -0.173388 -0.659139 0.795231 -0.0969385 0.598507 33.3739 0.553838 -0.285548 -0.782129 5.80681
0.250683 0.957168 -0.144873 -0.668867 0.79462 -0.117974 0.595534 33.4111 0.552935 -0.264409 -0.790159 5.91102
0.243729 0.958836 -0.145706 -0.534155 0.794411 -0.111195 0.597115 33.4167 0.556334 -0.261285 -0.788811 5.95265
0.243594 0.962692 -0.117841 -0.492366 0.784956 -0.124325 0.606949 33.3378 0.569654 -0.240349 -0.785956 6.15386
0.231253 0.965955 -0.115989 -0.40935 0.78829 -0.116164 0.604239 33.365 0.570194 -0.231164 -0.788316 6.12225
0.231506 0.968969 -0.0866214 -0.359714 0.777611 -0.13081 0.614988 33.2753 0.584573 -0.209731 -0.783765 6.30697
0.229165 0.970577 -0.0739116 -0.293992 0.777287 -0.136761 0.614102 33.3003 0.585925 -0.198181 -0.785758 6.3158
0.236057 0.970754 -0.0437492 -0.300849 0.775537 -0.161077 0.610407 33.3243 0.585508 -0.17802 -0.790879 6.34532
0.251931 0.96641 -0.0508098 -0.183594 0.770837 -0.16865 0.614302 33.2893 0.585099 -0.193928 -0.787433 6.47582
0.255947 0.966511 -0.0186321 -0.12789 0.757873 -0.188657 0.624529 33.2187 0.6001 -0.173967 -0.780779 6.64244
0.265859 0.963913 0.0137879 -0.135084 0.750232 -0.215862 0.624944 33.2466 0.605368 -0.155803 -0.780548 6.6522
0.272222 0.960845 0.0516864 -0.105052 0.735296 -0.242367 0.632928 33.1782 0.620673 -0.134292 -0.772483 6.82069
0.280804 0.955307 0.0924049 -0.0987 0.719301 -0.273214 0.638717 33.1104 0.635417 -0.112887 -0.763873 7.01153
0.285136 0.950591 0.122778 -0.0452535 0.704008 -0.294634 0.646191 33.0261 0.650438 -0.0978161 -0.753235 7.21058
0.27997 0.948223 0.149969 -0.03783 0.692323 -0.307646 0.652719 33.015 0.66506 -0.0789142 -0.742608 7.1605
0.270906 0.946143 0.177269 -0.0199326 0.672289 -0.317767 0.668619 32.9724 0.688939 -0.0619562 -0.722166 7.07994
0.379308 0.905864 0.188511 -0.168542 0.650236 -0.405914 0.642205 33.1224 0.658269 -0.121017 -0.742992 7.29943
0.434568 0.881491 0.184726 -0.200771 0.568701 -0.427614 0.702656 33.0782 0.698376 -0.200298 -0.687132 7.1484
0.436447 0.872688 0.218928 -0.232043 0.539929 -0.448683 0.712152 33.0637 0.719716 -0.192611 -0.667016 7.06531
0.443995 0.864996 0.233775 -0.230416 0.524149 -0.462333 0.715203 33.0696 0.72673 -0.195013 -0.65866 7.05117
0.450831 0.855994 0.253034 -0.248255 0.497389 -0.476298 0.725083 33.0689 0.741186 -0.201034 -0.640491 6.96226
0.454528 0.853867 0.253605 -0.202132 0.468714 -0.471388 0.747061 33.019 0.757437 -0.220692 -0.614479 6.89311
0.462754 0.849403 0.253718 -0.147556 0.452246 -0.472362 0.756537 33.0103 0.762452 -0.235347 -0.602727 6.88962
0.450973 0.845124 0.287034 -0.149091 0.442831 -0.491083 0.750159 33.0256 0.774935 -0.211194 -0.595713 6.91518
0.455194 0.834901 0.309417 -0.0715618 0.410663 -0.505197 0.759033 32.9514 0.790034 -0.218441 -0.572826 7.06467
0.457711 0.827257 0.325802 0.0240323 0.38698 -0.515271 0.764685 32.8578 0.800467 -0.223926 -0.555977 7.26481
0.46272 0.808381 0.363881 0.0540502 0.352107 -0.544291 0.761425 32.8159 0.813579 -0.224201 -0.536492 7.45756
0.464731 0.802907 0.373317 0.169117 0.331954 -0.548846 0.767186 32.7055 0.820872 -0.232612 -0.521594 7.68196
0.470513 0.790326 0.392432 0.259014 0.309952 -0.564425 0.765084 32.6493 0.826164 -0.238347 -0.510533 7.93562
0.468403 0.783355 0.408599 0.35507 0.280513 -0.570399 0.771983 32.5541 0.837801 -0.246982 -0.486918 8.13468
0.470619 0.777072 0.417944 0.467997 0.256993 -0.573862 0.777584 32.4464 0.844081 -0.258537 -0.469773 8.37131
0.470161 0.772386 0.427045 0.580874 0.232956 -0.575305 0.784064 32.3319 0.851281 -0.269154 -0.450418 8.60334
0.468504 0.766019 0.440135 0.665503 0.208392 -0.579957 0.787542 32.2137 0.858532 -0.277246 -0.431344 8.84513
0.46437 0.760835 0.45331 0.74225 0.183118 -0.583268 0.79137 32.0826 0.866503 -0.284479 -0.410175 9.06766
0.459312 0.76083 0.458444 0.843603 0.161581 -0.579058 0.799114 31.9301 0.873455 -0.292967 -0.388904 9.28129
0.455958 0.757383 0.467412 0.918638 0.145604 -0.581584 0.800349 31.8049 0.87801 -0.296868 -0.375456 9.52615
0.455243 0.75601 0.470322 1.01555 0.13336 -0.580172 0.803502 31.6672 0.880323 -0.303066 -0.36494 9.76882
0.453852 0.755042 0.473213 1.11309 0.123723 -0.579309 0.805664 31.5396 0.882446 -0.307104 -0.356337 10.0101
0.451259 0.754399 0.476704 1.19518 0.118628 -0.580157 0.80582 31.4195 0.884473 -0.307083 -0.351294 10.2566
0.452224 0.755694 0.47373 1.3053 0.120376 -0.577998 0.807111 31.2899 0.883744 -0.307969 -0.352352 10.5185
0.452933 0.757324 0.470438 1.41157 0.124974 -0.576389 0.807562 31.1673 0.882742 -0.306979 -0.355711 10.7741
0.45259 0.760197 0.466114 1.5201 0.134016 -0.574765 0.80727 31.0511 0.88159 -0.302896 -0.362012 11.028
0.457166 0.764133 0.455083 1.66334 0.150637 -0.570819 0.807139 30.9427 0.876532 -0.300444 -0.376066 11.3051
0.458402 0.768536 0.446341 1.79393 0.164894 -0.567041 0.807016 30.836 0.873314 -0.296339 -0.386659 11.534
0.457314 0.774988 0.436186 1.92127 0.182985 -0.561986 0.806652 30.7321 0.870276 -0.289077 -0.398815 11.7664
0.459496 0.781266 0.422476 2.06749 0.205713 -0.556345 0.805085 30.6469 0.864029 -0.283024 -0.416355 12.0034
0.460639 0.786675 0.411041 2.19616 0.229406 -0.552884 0.801057 30.5542 0.857429 -0.274703 -0.435148 12.2495
0.455084 0.794214 0.402646 2.29154 0.245494 -0.546564 0.800625 30.4346 0.855939 -0.265505 -0.443707 12.4224
0.454708 0.800821 0.389776 2.41282 0.271532 -0.541449 0.795678 30.3457 0.84824 -0.255965 -0.46365 12.6501
0.449593 0.808677 0.379352 2.50609 0.29453 -0.535156 0.791745 30.2601 0.843278 -0.244233 -0.478782 12.8394
0.448457 0.815734 0.365327 2.62577 0.321231 -0.52852 0.785797 30.1863 0.834084 -0.235042 -0.499058 13.0445
0.446708 0.823492 0.349732 2.74607 0.348086 -0.520072 0.779975 30.1048 0.824189 -0.226684 -0.518967 13.242
0.444369 0.830881 0.334922 2.85577 0.377227 -0.51265 0.771291 30.0121 0.812549 -0.216396 -0.541237 13.4669
0.440677 0.838639 0.320138 2.95885 0.405695 -0.5042 0.762361 29.9208 0.800759 -0.206076 -0.562421 13.667
0.438586 0.845829 0.303672 3.068 0.434437 -0.495346 0.752261 29.8377 0.786707 -0.198005 -0.584711 13.8789
0.437476 0.852317 0.286653 3.17364 0.464165 -0.487061 0.739812 29.7617 0.770172 -0.190596 -0.608694 14.0935
0.433663 0.860955 0.265882 3.30355 0.493772 -0.473883 0.729126 29.6655 0.753741 -0.18491 -0.630621 14.2896
0.431976 0.868042 0.244746 3.42422 0.521937 -0.461922 0.717084 29.5705 0.735512 -0.182021 -0.652602 14.4852
0.429236 0.87532 0.222647 3.54048 0.549052 -0.448614 0.705186 29.4672 0.717146 -0.180446 -0.673158 14.6794
0.422677 0.88458 0.197136 3.67687 0.578364 -0.430751 0.692784 29.3772 0.697739 -0.178808 -0.693677 14.8686
0.417744 0.892199 0.171668 3.80482 0.606916 -0.414631 0.678037 29.2734 0.676123 -0.179058 -0.714699 15.0776
0.412867 0.898782 0.147419 3.92429 0.632915 -0.399513 0.66318 29.1596 0.65495 -0.180501 -0.733798 15.2824
0.406754 0.90503 0.124389 4.0312 0.658665 -0.384891 0.646544 29.0556 0.633017 -0.181054 -0.752668 15.4895
0.400895 0.911284 0.0940446 4.15716 0.688518 -0.367422 0.625255 29.2128 0.604339 -0.18591 -0.774733 15.5887
0.478327 0.848537 0.226249 3.87443 0.618828 -0.508484 0.598745 29.5558 0.623101 -0.146386 -0.76832 15.5861
0.543264 0.761724 0.353045 3.68887 0.357732 -0.590448 0.723463 29.6926 0.759534 -0.266736 -0.593262 15.3009
0.541227 0.751218 0.377817 3.66306 0.240644 -0.568895 0.786415 29.6876 0.805707 -0.33471 -0.488677 15.1533
0.545211 0.755597 0.363068 3.65356 0.255842 -0.562416 0.786278 29.6488 0.798304 -0.335799 -0.499949 15.181
0.538222 0.747547 0.389217 3.61728 0.264305 -0.588227 0.764285 29.5747 0.800287 -0.308484 -0.514177 15.2492
0.539962 0.76014 0.361425 3.66043 0.289423 -0.570901 0.768314 29.3792 0.790364 -0.310255 -0.528267 15.3902
0.540208 0.770259 0.338934 3.69158 0.311811 -0.557301 0.769539 29.1983 0.781632 -0.310027 -0.541234 15.5285
0.542695 0.776026 0.321348 3.7125 0.331978 -0.549616 0.766624 29.0335 0.771539 -0.309363 -0.555898 15.6676
0.543522 0.782687 0.303291 3.73955 0.351717 -0.540428 0.764351 28.8726 0.762155 -0.308769 -0.569019 15.7999
0.541402 0.789491 0.289116 3.767 0.375461 -0.53471 0.757043 28.7366 0.752272 -0.301312 -0.585916 15.927
0.54245 0.792632 0.278357 3.78032 0.387501 -0.530066 0.754237 28.6037 0.745379 -0.301272 -0.59468 16.0369
0.542479 0.786502 0.29518 3.72742 0.399078 -0.550469 0.733294 28.5992 0.739225 -0.279996 -0.612494 16.0917
0.542352 0.786752 0.294745 3.72206 0.40134 -0.550821 0.731794 28.5174 0.738092 -0.278597 -0.614495 16.1579
0.533729 0.777102 0.333535 3.65646 0.403156 -0.580526 0.707428 28.5223 0.74337 -0.243108 -0.623137 16.1918
0.529897 0.769312 0.356887 3.60908 0.405102 -0.599327 0.690434 28.5105 0.745052 -0.221283 -0.629231 16.2328
0.522639 0.759984 0.386359 3.55986 0.404201 -0.619891 0.672575 28.5163 0.750647 -0.195347 -0.631165 16.2567
0.521127 0.757661 0.392907 3.55688 0.405809 -0.624957 0.666895 28.4826 0.75083 -0.188092 -0.633148 16.301
0.521233 0.75283 0.401949 3.55493 0.401601 -0.631954 0.662835 28.4025 0.753015 -0.184068 -0.631733 16.3803
0.520077 0.747007 0.414127 3.55188 0.396622 -0.64063 0.657483 28.3254 0.756446 -0.17769 -0.629456 16.4615
0.518062 0.740911 0.427391 3.548 0.391166 -0.649583 0.651944 28.2619 0.760658 -0.170567 -0.626343 16.5361
0.51687 0.730501 0.446334 3.52817 0.380884 -0.663168 0.64431 28.2055 0.766664 -0.163023 -0.621007 16.6045
0.516168 0.719134 0.465206 3.51103 0.370187 -0.67712 0.63598 28.1587 0.772355 -0.15606 -0.615722 16.6688
0.513426 0.706451 0.487156 3.48525 0.357587 -0.692186 0.626905 28.1113 0.78008 -0.147669 -0.608004 16.7312
0.510053 0.697747 0.502985 3.47738 0.352224 -0.702923 0.61793 28.0803 0.784719 -0.138013 -0.604292 16.7915
0.507701 0.685446 0.521922 3.45794 0.341674 -0.716323 0.608391 28.0487 0.790885 -0.130553 -0.597877 16.8464
0.503188 0.672314 0.542952 3.43218 0.330725 -0.730274 0.597763 28.0257 0.798388 -0.121219 -0.589816 16.8905
0.500216 0.663004 0.556965 3.42071 0.323568 -0.739745 0.589983 28.0023 0.803173 -0.114903 -0.58456 16.9343
0.498972 0.654847 0.567629 3.4095 0.316014 -0.747381 0.584428 27.9695 0.806946 -0.112234 -0.579863 16.9788
0.497444 0.651292 0.573033 3.40873 0.31651 -0.751286 0.57913 27.9497 0.807694 -0.106714 -0.579864 17.0208
0.495392 0.650273 0.575962 3.41339 0.320011 -0.753023 0.574934 27.9373 0.807577 -0.100503 -0.581136 17.0529
0.494826 0.649768 0.577016 3.41503 0.320768 -0.753689 0.573639 27.9244 0.807623 -0.0987632 -0.58137 17.0757
0.495194 0.649713 0.576763 3.41173 0.322284 -0.753884 0.572531 27.9181 0.806794 -0.0976329 -0.582711 17.0913
0.49704 0.65134 0.57333 3.40957 0.326596 -0.752564 0.571823 27.9118 0.803919 -0.0969719 -0.58678 17.106
0.500218 0.655156 0.566174 3.40749 0.332946 -0.749116 0.572689 27.9069 0.79933 -0.0979632 -0.592853 17.1159
0.504775 0.662464 0.553483 3.40584 0.343261 -0.742325 0.575435 27.8972 0.792069 -0.100477 -0.602105 17.1251
0.509889 0.673138 0.535629 3.40715 0.35528 -0.731849 0.581526 27.8843 0.783447 -0.106215 -0.612315 17.1305
0.516491 0.682356 0.517326 3.39897 0.366784 -0.722213 0.586411 27.873 0.773761 -0.113129 -0.623294 17.1358
0.522587 0.6987 0.488591 3.40605 0.386308 -0.704915 0.594862 27.8512 0.760045 -0.122121 -0.638293 17.149
0.528413 0.713256 0.460483 3.39708 0.40351 -0.688208 0.602951 27.8255 0.746967 -0.132797 -0.651464 17.1593
0.53427 0.72981 0.426537 3.39379 0.427996 -0.668678 0.60802 27.8036 0.728955 -0.14229 -0.669611 17.1838
0.542207 0.743306 0.391801 3.3867 0.44771 -0.650162 0.613877 27.7771 0.711032 -0.157436 -0.685308 17.1998
0.544694 0.763389 0.347198 3.39326 0.476859 -0.622492 0.620571 27.7459 0.689865 -0.172457 -0.703096 17.2236
0.546926 0.780866 0.301859 3.39396 0.506949 -0.595853 0.622866 27.7175 0.666239 -0.187635 -0.721747 17.2524
0.545935 0.798259 0.254436 3.39743 0.536027 -0.566184 0.626188 27.6795 0.643917 -0.205473 -0.736988 17.2754
0.545292 0.812726 0.205263 3.40155 0.567015 -0.537972 0.623762 27.6505 0.617374 -0.223746 -0.75418 17.3095
0.544702 0.823335 0.159437 3.38879 0.593123 -0.51262 0.620827 27.6157 0.592878 -0.2436 -0.767564 17.3398
0.541695 0.832874 0.113523 3.37817 0.619614 -0.486905 0.615632 27.5833 0.568018 -0.263144 -0.779814 17.3748
0.536567 0.84143 0.063957 3.37735 0.647041 -0.45889 0.608899 27.5446 0.541695 -0.285333 -0.790665 17.4164
0.528618 0.848726 0.0150762 3.37697 0.672536 -0.429585 0.602621 27.4975 0.517936 -0.308417 -0.797885 17.4558
0.520885 0.853123 -0.0293223 3.36265 0.695338 -0.404122 0.594298 27.4559 0.49516 -0.32995 -0.80371 17.4976
0.512626 0.85552 -0.0728023 3.35859 0.716239 -0.379322 0.585762 27.4189 0.473516 -0.352421 -0.807207 17.532
0.505648 0.855914 -0.108312 3.33341 0.732231 -0.359371 0.578524 27.3736 0.456243 -0.371839 -0.808442 17.5705
0.496055 0.855644 -0.147654 3.33123 0.750274 -0.336793 0.56891 27.3375 0.437056 -0.392992 -0.809036 17.6137
0.486359 0.854242 -0.183646 3.33485 0.765949 -0.315688 0.560056 27.3043 0.420449 -0.413052 -0.807843 17.6521
0.478844 0.850968 -0.21578 3.33598 0.778101 -0.297571 0.553182 27.262 0.40653 -0.432786 -0.80463 17.6911
0.472137 0.847306 -0.243228 3.33003 0.788164 -0.282168 0.546972 27.2255 0.394821 -0.449949 -0.801038 17.736
0.470265 0.842206 -0.263706 3.31395 0.793523 -0.272751 0.543993 27.1889 0.386228 -0.465077 -0.796575 17.7738
0.467406 0.83762 -0.282707 3.30592 0.798988 -0.263391 0.540596 27.1642 0.378352 -0.478558 -0.792359 17.8156
0.4651 0.833068 -0.299466 3.30559 0.803036 -0.254656 0.53878 27.1409 0.37258 -0.491068 -0.787424 17.8563
0.462884 0.828951 -0.313972 3.30424 0.805722 -0.245808 0.538879 27.1275 0.369527 -0.502413 -0.781684 17.8888
0.463527 0.825786 -0.321279 3.28023 0.804842 -0.240714 0.542481 27.0988 0.370637 -0.510034 -0.776205 17.9284
0.465907 0.822072 -0.327304 3.2641 0.802752 -0.237116 0.547143 27.0724 0.372182 -0.517662 -0.770394 17.9681
0.470883 0.818451 -0.329253 3.24685 0.798763 -0.23711 0.552952 27.0401 0.374495 -0.523371 -0.7654 18.0119
0.47644 0.816245 -0.326723 3.21745 0.793698 -0.239443 0.559206 27.0132 0.378218 -0.525748 -0.761932 18.0603
0.483018 0.813408 -0.324132 3.20214 0.786935 -0.240937 0.568052 26.9799 0.383962 -0.52945 -0.756476 18.0966
0.489887 0.811136 -0.319483 3.1828 0.779432 -0.243363 0.577287 26.9501 0.390508 -0.531821 -0.751445 18.1362
0.498688 0.809308 -0.310372 3.15236 0.770163 -0.249429 0.587056 26.9232 0.397694 -0.531794 -0.747686 18.175
0.507175 0.80724 -0.301888 3.13345 0.760421 -0.254279 0.59758 26.8941 0.405627 -0.53264 -0.742806 18.2099
0.5147 0.805713 -0.293106 3.12601 0.75088 -0.258598 0.607705 26.8637 0.41384 -0.532873 -0.738094 18.2436
0.523779 0.804109 -0.281183 3.10742 0.739388 -0.265224 0.618839 26.8322 0.423037 -0.532038 -0.733468 18.2765
0.534061 0.802677 -0.265496 3.07741 0.726386 -0.274956 0.629891 26.8003 0.4326 -0.529253 -0.729897 18.3139
0.543572 0.800954 -0.251003 3.05835 0.713422 -0.283322 0.640904 26.7649 0.44222 -0.527449 -0.725423 18.3469
0.553131 0.798876 -0.236313 3.04534 0.70071 -0.292699 0.65064 26.7303 0.450612 -0.525476 -0.721681 18.3845
0.561158 0.797496 -0.221588 3.02768 0.688052 -0.300638 0.660455 26.6918 0.460093 -0.523084 -0.717424 18.4163
0.571541 0.794687 -0.204483 3.0091 0.674124 -0.312641 0.669188 26.6521 0.467865 -0.520315 -0.714405 18.4549
0.572433 0.798273 -0.187297 2.98789 0.663385 -0.316632 0.677985 26.6106 0.481913 -0.512351 -0.710814 18.4884
0.572053 0.802475 -0.169673 2.96341 0.65455 -0.321974 0.684029 26.5724 0.494286 -0.502361 -0.709447 18.5291
0.572184 0.805585 -0.153749 2.9459 0.646056 -0.327268 0.68957 26.5319 0.50519 -0.493891 -0.70771 18.5694
0.570885 0.809254 -0.138561 2.93389 0.639104 -0.332071 0.69374 26.4913 0.5154 -0.4846 -0.706771 18.6103
0.572168 0.810881 -0.122869 2.91435 0.631657 -0.340146 0.696643 26.4507 0.5231 -0.476207 -0.706818 18.658
0.572904 0.812604 -0.107032 2.89534 0.624607 -0.348297 0.698967 26.4059 0.530704 -0.467294 -0.707099 18.7031
0.571827 0.814725 -0.0961114 2.89016 0.619781 -0.352275 0.701266 26.3613 0.537481 -0.460571 -0.706391 18.7426
0.571316 0.816383 -0.0843595 2.87731 0.615597 -0.358271 0.701913 26.3171 0.542807 -0.452945 -0.707249 18.7926
0.5709 0.817653 -0.0742734 2.87058 0.61073 -0.362473 0.704005 26.2677 0.548709 -0.447277 -0.706301 18.8324
0.571373 0.818272 -0.062952 2.85131 0.605472 -0.368512 0.705409 26.2131 0.554018 -0.441168 -0.705999 18.8764
0.569336 0.820074 -0.0577507 2.85294 0.60384 -0.369477 0.706303 26.1633 0.557883 -0.436996 -0.705551 18.9166
0.568123 0.821443 -0.0496735 2.83245 0.600895 -0.372832 0.707051 26.1087 0.562282 -0.43154 -0.705416 18.961
0.567573 0.822155 -0.0438443 2.81321 0.59891 -0.375742 0.707195 26.0555 0.56495 -0.427643 -0.705658 19.0048
0.567297 0.822565 -0.0394979 2.79562 0.597141 -0.377853 0.707566 26.007 0.567095 -0.424986 -0.705542 19.0458
0.56693 0.822905 -0.0376507 2.7767 0.59666 -0.37869 0.707524 25.9541 0.567967 -0.423581 -0.705686 19.0879
0.56831 0.822168 -0.0326089 2.73635 0.59369 -0.382294 0.708085 25.9032 0.569698 -0.421771 -0.705374 19.1279
0.567523 0.822655 -0.033989 2.71803 0.595461 -0.381579 0.706982 25.8539 0.568633 -0.421468 -0.706414 19.1747
0.567386 0.822545 -0.038634 2.69811 0.597735 -0.379135 0.706378 25.8062 0.56638 -0.423881 -0.70678 19.2198
0.568008 0.82184 -0.0441031 2.67371 0.60021 -0.376973 0.705436 25.7538 0.56313 -0.427164 -0.7074 19.2669
0.567775 0.821252 -0.0563675 2.66411 0.606508 -0.371047 0.703187 25.7051 0.556579 -0.433439 -0.708767 19.3225
0.55223 0.830901 -0.0681586 2.64264 0.618373 -0.3534 0.701942 25.6561 0.559157 -0.429781 -0.708965 19.3731
0.533657 0.841595 -0.0832285 2.6243 0.632306 -0.33171 0.700113 25.6053 0.561604 -0.426246 -0.709165 19.4223
0.510268 0.853357 -0.106808 2.63337 0.65086 -0.302003 0.696545 25.556 0.562146 -0.424942 -0.709519 19.4778
0.488165 0.863718 -0.125244 2.60848 0.666205 -0.276074 0.692787 25.506 0.563796 -0.421633 -0.710183 19.5297
0.465239 0.873653 -0.142419 2.56655 0.682024 -0.251229 0.686824 25.4597 0.564266 -0.41667 -0.712734 19.5937
0.440168 0.883306 -0.161315 2.52582 0.697537 -0.223248 0.680884 25.4071 0.565415 -0.412227 -0.714405 19.6526
0.412429 0.892165 -0.184241 2.50118 0.71505 -0.191721 0.67227 25.3647 0.564452 -0.409005 -0.717014 19.716
0.382571 0.899948 -0.209122 2.47997 0.731791 -0.156977 0.663204 25.3153 0.564022 -0.406757 -0.718629 19.7727
0.351483 0.906482 -0.233986 2.4555 0.748083 -0.121675 0.652355 25.263 0.562878 -0.404333 -0.72089 19.831
0.319135 0.911339 -0.260028 2.43402 0.765249 -0.0859475 0.637971 25.216 0.559059 -0.402585 -0.72483 19.9045
0.285581 0.914488 -0.286626 2.41601 0.781764 -0.0492996 0.621623 25.1787 0.554336 -0.401597 -0.728993 19.9623
0.251789 0.915889 -0.312649 2.3928 0.795482 -0.0118698 0.605861 25.1205 0.55119 -0.401256 -0.731562 20.0181
0.219565 0.917403 -0.331909 2.34083 0.807964 0.0196873 0.588903 25.0691 0.546796 -0.397473 -0.736905 20.0764
0.185159 0.914114 -0.36071 2.34583 0.818832 0.0594374 0.570948 25.01 0.543351 -0.401076 -0.737501 20.1136
0.151429 0.909728 -0.386605 2.34228 0.830262 0.0951847 0.549186 24.9439 0.536409 -0.404146 -0.740899 20.1774
0.119373 0.904725 -0.408928 2.32454 0.840392 0.127238 0.526832 24.8811 0.528669 -0.406549 -0.745135 20.2323
0.089756 0.900881 -0.424685 2.27515 0.848227 0.15433 0.506649 24.8133 0.521972 -0.405704 -0.750299 20.2733
0.060565 0.894507 -0.442933 2.25195 0.855979 0.181718 0.484024 24.7449 0.513451 -0.408456 -0.754673 20.3143
0.0331314 0.887165 -0.460262 2.22816 0.866163 0.20428 0.456104 24.6991 0.498662 -0.413773 -0.761662 20.3801
0.00762739 0.878847 -0.477043 2.21948 0.875343 0.224768 0.428082 24.6415 0.483442 -0.420842 -0.767578 20.4471
0.0116468 0.872559 -0.488369 2.19224 0.889021 0.21453 0.404497 24.5389 0.457718 -0.438882 -0.773225 20.4675
0.0130694 0.866744 -0.498582 2.15759 0.904877 0.201917 0.374735 24.4773 0.425472 -0.456053 -0.781658 20.5255
0.0164874 0.860793 -0.508688 2.11549 0.91591 0.19106 0.352995 24.3458 0.401045 -0.471732 -0.785259 20.5198
0.0168196 0.854146 -0.519761 2.08343 0.927657 0.180623 0.326844 24.2501 0.373054 -0.487658 -0.789317 20.5605
0.01752 0.851258 -0.524454 2.00553 0.93878 0.1665 0.301612 24.1666 0.344071 -0.497632 -0.796227 20.6075
0.0181934 0.843568 -0.536714 1.98537 0.947588 0.156708 0.278423 24.0432 0.318976 -0.513649 -0.796504 20.6506
0.0186809 0.838742 -0.544209 1.93929 0.955149 0.145918 0.257678 23.905 0.295535 -0.524614 -0.798398 20.7102
0.0212501 0.830375 -0.556799 1.95204 0.960081 0.13842 0.243072 23.7039 0.278913 -0.539738 -0.794286 20.7543
0.0193987 0.823377 -0.567164 1.93936 0.968374 0.12566 0.215548 23.6393 0.248747 -0.553408 -0.794899 20.7697
0.0184826 0.818116 -0.574756 1.90183 0.97249 0.118799 0.200373 23.4652 0.232209 -0.562648 -0.793414 20.8
0.0175432 0.814476 -0.579932 1.85541 0.976031 0.111889 0.186665 23.2954 0.216922 -0.569306 -0.792991 20.8541
0.015954 0.812998 -0.582048 1.79023 0.979311 0.104743 0.173147 23.1418 0.201733 -0.572768 -0.794506 20.9456
0.0140926 0.811978 -0.583519 1.71817 0.981616 0.0998575 0.162661 22.9798 0.190346 -0.575083 -0.795643 21.0463
0.0160337 0.808782 -0.58789 1.67844 0.981639 0.0990364 0.163021 22.7225 0.190071 -0.57971 -0.792345 21.1461
0.0211894 0.808407 -0.588242 1.58798 0.980004 0.0996385 0.172232 22.414 0.197845 -0.580129 -0.790131 21.2471
0.0236168 0.8104 -0.585401 1.47086 0.978853 0.100274 0.178304 22.1654 0.203199 -0.577232 -0.790894 21.3568
0.0236633 0.807212 -0.589787 1.41015 0.981426 0.0935877 0.167465 22.1319 0.190377 -0.582795 -0.790004 21.4162
0.0281577 0.805288 -0.592214 1.34918 0.979502 0.0959859 0.177093 21.9388 0.199455 -0.585062 -0.786079 21.5155
0.030541 0.807955 -0.588452 1.22146 0.977125 0.099829 0.187781 21.7764 0.210463 -0.580726 -0.786424 21.6228
0.0341306 0.804149 -0.593447 1.19843 0.974589 0.104753 0.197996 21.6517 0.221383 -0.585125 -0.78014 21.7263
0.059492 0.808186 -0.585915 1.1075 0.973271 0.0834691 0.213956 21.5099 0.221822 -0.582983 -0.781618 21.833
0.0885444 0.805731 -0.585626 1.09937 0.970871 0.0616039 0.231549 21.3799 0.222643 -0.589069 -0.776806 21.888
0.1217 0.804443 -0.58143 1.06296 0.963821 0.0441795 0.262864 21.1198 0.237147 -0.592385 -0.769962 21.9202
0.15295 0.799986 -0.580197 1.06857 0.956203 0.0284629 0.291317 20.9132 0.249563 -0.599343 -0.760596 21.8477
0.186784 0.796998 -0.574374 1.05471 0.944816 0.0144381 0.327284 20.6571 0.269138 -0.603809 -0.75032 21.7337
0.220026 0.796132 -0.563705 1.00992 0.932516 -0.00202389 0.361122 20.463 0.28636 -0.60512 -0.742851 21.6315
0.256675 0.794421 -0.550466 0.971259 0.91652 -0.0192888 0.399524 20.2493 0.306773 -0.607061 -0.733054 21.5511
0.29165 0.789785 -0.539611 0.957459 0.899478 -0.0345387 0.4356 20.0587 0.325393 -0.612411 -0.720467 21.4495
0.325761 0.787037 -0.523882 0.904016 0.879254 -0.0484987 0.473878 19.8692 0.347552 -0.614996 -0.707805 21.3649
0.363266 0.775613 -0.5162 0.945255 0.855757 -0.0586914 0.514038 19.6413 0.368398 -0.628474 -0.685057 21.2624
0.394954 0.769843 -0.501352 0.90581 0.833579 -0.0708815 0.547834 19.4945 0.386209 -0.634285 -0.66972 21.1892
0.431166 0.755489 -0.493288 0.93905 0.80604 -0.0768367 0.586853 19.2778 0.405458 -0.65064 -0.642083 21.0491
0.462736 0.749234 -0.473839 0.88714 0.780089 -0.0902383 0.619126 19.1179 0.421112 -0.656129 -0.626226 21.0026
0.490926 0.740233 -0.459399 0.859902 0.753904 -0.0967001 0.649829 18.9545 0.436601 -0.665361 -0.605537 20.9152
0.518087 0.730273 -0.445295 0.832853 0.725361 -0.0992436 0.681177 18.7674 0.453253 -0.675908 -0.581128 20.7953
0.540573 0.723908 -0.428646 0.774259 0.699071 -0.103045 0.707588 18.5903 0.468059 -0.682157 -0.561767 20.7311
0.560678 0.71394 -0.41944 0.7742 0.676936 -0.103489 0.72873 18.45 0.476862 -0.692516 -0.541316 20.6562
0.578725 0.706254 -0.407777 0.73424 0.653375 -0.102307 0.75009 18.2888 0.488035 -0.700527 -0.520656 20.5486
0.593298 0.699322 -0.39868 0.708681 0.634094 -0.100897 0.766645 18.1506 0.495906 -0.70765 -0.503298 20.4701
0.605212 0.693911 -0.390136 0.66744 0.617093 -0.0993417 0.780594 18.0224 0.502906 -0.713175 -0.48833 20.3592
0.603517 0.703725 -0.374884 0.594255 0.601712 -0.0934688 0.793225 17.8982 0.523172 -0.704297 -0.47985 20.2533
0.602471 0.706781 -0.370795 0.593793 0.593677 -0.0863287 0.800059 17.8143 0.533457 -0.702145 -0.47161 20.141
0.601188 0.712563 -0.361701 0.524248 0.582814 -0.0813052 0.808528 17.7008 0.546719 -0.696881 -0.464171 20.0115
0.601649 0.713442 -0.359193 0.499707 0.573867 -0.0732864 0.815663 17.5927 0.555604 -0.696872 -0.453513 19.863
0.60144 0.714811 -0.356812 0.464295 0.567891 -0.0683742 0.820259 17.508 0.561933 -0.695967 -0.447058 19.7368
0.601 0.716924 -0.353297 0.399577 0.562174 -0.0649816 0.824462 17.4415 0.568119 -0.694116 -0.44209 19.5903
0.599248 0.719095 -0.35186 0.347444 0.560393 -0.0629079 0.825834 17.4015 0.571718 -0.692059 -0.440673 19.4715
0.600008 0.718147 -0.352498 0.276401 0.55794 -0.0598761 0.827718 17.3176 0.573317 -0.693311 -0.436609 19.3057
0.599586 0.720975 -0.347408 0.141533 0.553106 -0.0595657 0.830979 17.2262 0.578421 -0.690397 -0.43449 19.1116
0.598357 0.720229 -0.351055 0.109753 0.556891 -0.0588296 0.8285 17.276 0.576057 -0.691238 -0.43629 18.9923
0.599845 0.718122 -0.352828 0.00177153 0.555725 -0.0566786 0.829432 17.1572 0.575635 -0.693606 -0.433076 18.7823
0.605956 0.708944 -0.360853 -0.066148 0.553151 -0.049505 0.831609 17.0158 0.5717 -0.703525 -0.422151 18.5402
0.602874 0.709895 -0.364132 -0.201551 0.565962 -0.0588357 0.822329 16.9893 0.562344 -0.701845 -0.437244 18.3943
0.601885 0.705807 -0.373591 -0.313911 0.582771 -0.0683523 0.809757 16.9664 0.545996 -0.705099 -0.452464 18.217
0.602357 0.702548 -0.378936 -0.431278 0.592023 -0.0747758 0.802445 16.8916 0.535421 -0.707697 -0.460966 18.0419
0.599182 0.700693 -0.387311 -0.547509 0.611239 -0.0879205 0.786547 16.8734 0.517076 -0.708025 -0.480972 17.896
0.600563 0.699572 -0.387198 -0.694293 0.610453 -0.0884118 0.787103 16.7232 0.516402 -0.709071 -0.480152 17.7036
0.598378 0.702782 -0.384762 -0.868061 0.619602 -0.101429 0.778335 16.656 0.507974 -0.704138 -0.496138 17.5543
0.59948 0.701163 -0.385997 -1.01487 0.623895 -0.107261 0.774112 16.5464 0.501376 -0.704887 -0.501753 17.3548
0.599956 0.703594 -0.380799 -1.18348 0.621652 -0.110381 0.775477 16.3944 0.503588 -0.701977 -0.503614 17.1498
0.599037 0.704891 -0.379845 -1.31291 0.619086 -0.106866 0.778018 16.2445 0.507826 -0.701219 -0.500405 16.922
0.597651 0.708189 -0.375875 -1.45099 0.615758 -0.105189 0.780883 16.1159 0.513474 -0.698143 -0.498939 16.6989
0.597391 0.712441 -0.368174 -1.59301 0.611109 -0.107133 0.784263 16.0074 0.519297 -0.693506 -0.499379 16.4745
0.599594 0.713234 -0.363021 -1.6986 0.605813 -0.108097 0.788229 15.9137 0.52295 -0.692541 -0.496901 16.2394
0.601125 0.718677 -0.349502 -1.83729 0.597329 -0.113533 0.793919 15.8337 0.530892 -0.686013 -0.497534 16.0094
0.603005 0.72229 -0.338648 -1.94036 0.588516 -0.116198 0.800091 15.7649 0.538548 -0.681759 -0.495148 15.7753
0.605665 0.725366 -0.327131 -2.03431 0.580689 -0.121838 0.804957 15.7263 0.544031 -0.677495 -0.495005 15.5435
0.606698 0.730261 -0.314064 -2.12292 0.571261 -0.125784 0.811073 15.6914 0.55279 -0.671489 -0.493483 15.2992
0.608768 0.733173 -0.303081 -2.18994 0.56222 -0.129155 0.81684 15.6669 0.559741 -0.667665 -0.49083 15.0573
0.610209 0.734445 -0.297045 -2.23089 0.555828 -0.129709 0.821115 15.6544 0.564535 -0.666158 -0.487375 14.8153
0.6128 0.736839 -0.28556 -2.28716 0.545781 -0.133304 0.827256 15.6373 0.571489 -0.662796 -0.483841 14.5749
0.614201 0.739916 -0.274375 -2.33936 0.536643 -0.136697 0.832663 15.6246 0.578594 -0.658664 -0.48103 14.3406
0.617125 0.741533 -0.263222 -2.39458 0.52648 -0.140511 0.838496 15.6111 0.584787 -0.656038 -0.477115 14.0992
0.621271 0.74128 -0.254019 -2.44571 0.516774 -0.143914 0.843939 15.602 0.589039 -0.655585 -0.472484 13.8686
0.623038 0.744005 -0.241413 -2.49734 0.506747 -0.148824 0.849152 15.584 0.595846 -0.651389 -0.469745 13.6443
0.625843 0.744706 -0.231807 -2.55096 0.498505 -0.153355 0.853215 15.5651 0.599845 -0.649535 -0.467216 13.4261
0.628489 0.74449 -0.225249 -2.60198 0.492264 -0.156497 0.856262 15.5324 0.602228 -0.649033 -0.464842 13.1965
0.637154 0.739622 -0.216781 -2.65038 0.482647 -0.163599 0.8604 15.4993 0.600906 -0.652836 -0.461214 12.9877
0.644118 0.735376 -0.210557 -2.70981 0.475387 -0.169192 0.863354 15.4484 0.599266 -0.656198 -0.458568 12.7686
0.647408 0.733767 -0.206031 -2.77358 0.472163 -0.173944 0.864179 15.3938 0.598269 -0.656757 -0.45907 12.5601
0.648013 0.733449 -0.205259 -2.83267 0.472643 -0.175929 0.863514 15.3344 0.597233 -0.656583 -0.460664 12.3564
0.650381 0.731161 -0.205934 -2.89752 0.472201 -0.176802 0.863578 15.2712 0.595005 -0.658897 -0.460244 12.1548
0.652587 0.728445 -0.208562 -2.97004 0.47308 -0.176694 0.863119 15.2017 0.591883 -0.661927 -0.459921 11.9541
0.653979 0.725842 -0.213224 -3.04332 0.476799 -0.17664 0.861081 15.1361 0.587345 -0.664794 -0.4616 11.7653
0.657994 0.720783 -0.21798 -3.11992 0.479448 -0.177789 0.859372 15.0754 0.580667 -0.669972 -0.462562 11.5888
0.673787 0.70502 -0.221265 -3.18938 0.48214 -0.192548 0.854673 15.0259 0.559957 -0.682548 -0.469655 11.4467
0.675066 0.701087 -0.2297 -3.28802 0.489688 -0.192931 0.850284 14.9594 0.551807 -0.68648 -0.473555 11.2815
0.687276 0.688376 -0.231926 -3.40113 0.487995 -0.201045 0.849377 14.8803 0.538063 -0.696936 -0.474098 11.1138
0.693102 0.680228 -0.238535 -3.50338 0.490876 -0.203067 0.847234 14.7999 0.527874 -0.70431 -0.474654 10.9425
0.703443 0.661001 -0.261237 -3.5658 0.491575 -0.187001 0.85052 14.7196 0.513343 -0.72671 -0.456477 10.7446
0.71049 0.649616 -0.27056 -3.6322 0.506987 -0.20589 0.837003 14.653 0.488024 -0.731853 -0.47563 10.6073
0.718373 0.635334 -0.283356 -3.6854 0.522923 -0.22454 0.822273 14.5893 0.458794 -0.738872 -0.493534 10.4754
0.732481 0.612253 -0.297687 -3.74012 0.526135 -0.231605 0.818255 14.513 0.432033 -0.75598 -0.491774 10.3235
0.744699 0.592452 -0.307285 -3.8087 0.527891 -0.241172 0.814351 14.4327 0.408355 -0.768659 -0.492351 10.1772
0.756454 0.572409 -0.316426 -3.88865 0.52477 -0.242417 0.815997 14.3487 0.390377 -0.783314 -0.483761 10.0233
0.760894 0.558071 -0.331055 -3.95465 0.531344 -0.243034 0.811546 14.2692 0.372442 -0.793405 -0.481451 9.88469
0.758275 0.55359 -0.344321 -4.00584 0.537148 -0.231218 0.811178 14.1922 0.369448 -0.800047 -0.472687 9.75007
0.749644 0.553703 -0.362556 -4.04978 0.548602 -0.21342 0.808386 14.1354 0.370229 -0.804901 -0.463752 9.64068
0.74179 0.553684 -0.378394 -4.04193 0.557692 -0.195922 0.806594 14.128 0.372462 -0.809351 -0.454118 9.59558
0.727092 0.558866 -0.398755 -4.02467 0.577987 -0.184847 0.794835 14.1327 0.370498 -0.808394 -0.457418 9.57814
0.71949 0.567236 -0.40072 -4.03581 0.584867 -0.183731 0.790047 14.1159 0.374519 -0.802799 -0.46395 9.54711
0.712193 0.574108 -0.403957 -4.04666 0.591625 -0.181159 0.785596 14.1009 0.377836 -0.798487 -0.468677 9.52709
0.696786 0.58631 -0.413195 -4.03792 0.606156 -0.173334 0.776228 14.0846 0.38349 -0.791325 -0.476172 9.51127
0.679886 0.604981 -0.414432 -4.03087 0.615566 -0.163692 0.770898 14.0634 0.398539 -0.779233 -0.483697 9.48954
0.654898 0.628253 -0.420007 -4.01864 0.63256 -0.151621 0.759525 14.0429 0.413492 -0.763092 -0.496704 9.47093
0.658137 0.626903 -0.416952 -4.04745 0.624676 -0.145535 0.767202 13.9658 0.42028 -0.765384 -0.487393 9.38357
0.661499 0.622226 -0.418632 -4.07655 0.623463 -0.146044 0.768092 13.8872 0.416788 -0.769094 -0.484543 9.2971
0.671704 0.618517 -0.407738 -4.11341 0.60787 -0.145568 0.78058 13.809 0.423448 -0.77217 -0.473756 9.206
0.706034 0.58482 -0.399376 -4.15773 0.578128 -0.150274 0.801989 13.7346 0.409003 -0.797122 -0.444199 9.11027
0.74293 0.542263 -0.392436 -4.22294 0.554784 -0.170793 0.814275 13.6555 0.374526 -0.822667 -0.427726 9.01787
0.804654 0.466922 -0.366764 -4.30994 0.491468 -0.177178 0.852682 13.5735 0.333154 -0.866367 -0.372045 8.90065
0.833077 0.424389 -0.354791 -4.41702 0.461841 -0.180631 0.868375 13.4965 0.304442 -0.887281 -0.346479 8.79461
0.865223 0.365596 -0.343117 -4.47373 0.432291 -0.197273 0.879891 13.4442 0.253997 -0.909628 -0.328729 8.72998
0.846139 0.391917 -0.361178 -4.50272 0.460648 -0.196954 0.865455 13.3948 0.268051 -0.898671 -0.347186 8.67753
0.869958 0.352915 -0.344418 -4.58438 0.428513 -0.195399 0.882154 13.3013 0.244026 -0.915025 -0.321218 8.56086
0.904583 0.285586 -0.316496 -4.69611 0.37966 -0.202058 0.902791 13.1977 0.193874 -0.93681 -0.291204 8.43186
0.913518 0.270627 -0.30372 -4.83596 0.361867 -0.199521 0.910628 13.1117 0.185842 -0.941781 -0.280197 8.32209
0.915281 0.269901 -0.299021 -4.94467 0.355717 -0.193246 0.914397 13.0359 0.189012 -0.943297 -0.272883 8.22671
0.910233 0.287591 -0.297939 -4.9448 0.358191 -0.185783 0.914977 13.0165 0.207788 -0.939561 -0.272119 8.21385
0.912549 0.288169 -0.290194 -4.95527 0.350165 -0.183976 0.918443 12.9897 0.211278 -0.93974 -0.268794 8.19109
0.912467 0.302319 -0.275693 -4.9449 0.342679 -0.196524 0.918667 12.972 0.223551 -0.932728 -0.28292 8.17907
0.918886 0.300501 -0.255632 -4.94173 0.325868 -0.21285 0.921143 12.9469 0.222394 -0.929728 -0.293508 8.15645
0.913702 0.324667 -0.244418 -4.93899 0.326373 -0.227894 0.917357 12.9311 0.242134 -0.917963 -0.31419 8.14762
0.93054 0.313675 -0.188952 -5.00156 0.273775 -0.253253 0.927852 12.9024 0.243192 -0.915134 -0.321538 8.10996
0.986438 0.132723 -0.0965618 -5.1918 0.132425 -0.295993 0.945966 12.8578 0.0969697 -0.945924 -0.309555 8.03444
0.994182 -0.105966 0.0193193 -5.43292 -0.0509264 -0.30438 0.951189 12.8492 -0.094913 -0.946638 -0.308005 7.98788
0.992827 -0.115438 0.0311287 -5.68449 -0.0674706 -0.326006 0.942957 12.8202 -0.0987051 -0.938293 -0.331456 7.9105
0.990378 -0.133144 0.0377448 -5.92777 -0.0833267 -0.355952 0.930782 12.7872 -0.110492 -0.924971 -0.363622 7.84048
0.987349 -0.150394 0.050227 -6.17532 -0.105403 -0.385898 0.9165 12.7572 -0.118453 -0.9102 -0.396868 7.78362
0.984901 -0.162324 0.0601771 -6.42206 -0.122524 -0.408013 0.904717 12.7316 -0.122305 -0.89843 -0.42174 7.7213
0.983589 -0.170488 0.0590433 -6.65454 -0.129264 -0.437589 0.889835 12.7139 -0.12587 -0.882864 -0.452446 7.66915
0.981504 -0.170005 0.0880255 -6.90293 -0.157552 -0.456098 0.875872 12.7018 -0.108754 -0.873541 -0.474446 7.60034
0.975078 -0.177249 0.133438 -7.1308 -0.208701 -0.52872 0.822739 12.7509 -0.0752778 -0.830083 -0.552535 7.60967
0.971317 -0.201139 0.126833 -7.29936 -0.219043 -0.549257 0.806435 12.7375 -0.0925419 -0.811086 -0.57756 7.58024
0.966175 -0.215659 0.141412 -7.49061 -0.242645 -0.574484 0.781723 12.7418 -0.0873466 -0.789594 -0.607381 7.55747
0.959904 -0.237392 0.149096 -7.66547 -0.264798 -0.593261 0.760213 12.7387 -0.0920155 -0.769212 -0.632334 7.51763
0.953349 -0.251995 0.166203 -7.83603 -0.289193 -0.604543 0.742223 12.7275 -0.0865591 -0.755663 -0.649216 7.45657
0.950986 -0.254009 0.176364 -7.9854 -0.300888 -0.62848 0.717272 12.7211 -0.0713522 -0.735182 -0.674104 7.408
0.947582 -0.253915 0.193946 -8.1321 -0.315585 -0.648913 0.692328 12.7158 -0.049938 -0.717244 -0.69503 7.35647
0.948905 -0.238724 0.206373 -8.26755 -0.314817 -0.671272 0.671032 12.7009 -0.0216587 -0.701715 -0.712128 7.299
0.949129 -0.226626 0.21862 -8.39374 -0.314872 -0.690007 0.651725 12.6865 0.00315165 -0.687409 -0.726264 7.2443
0.946457 -0.228462 0.22809 -8.50663 -0.322323 -0.708354 0.627967 12.6745 0.0181018 -0.667862 -0.744065 7.19662
0.940349 -0.240587 0.240545 -8.61676 -0.339003 -0.72215 0.602973 12.6691 0.0286419 -0.648551 -0.760632 7.15351
0.930079 -0.263217 0.256261 -8.72359 -0.366258 -0.718372 0.591436 12.6565 0.0284145 -0.64394 -0.764548 7.10285
0.915911 -0.279077 0.288483 -8.84539 -0.398593 -0.716964 0.571914 12.6596 0.0472236 -0.63881 -0.767914 7.05315
0.909963 -0.285519 0.300743 -8.93939 -0.411236 -0.714711 0.56575 12.6501 0.0534123 -0.638488 -0.767776 7.00675
0.895877 -0.300663 0.327117 -9.0352 -0.437944 -0.721673 0.53609 12.6687 0.0748888 -0.62353 -0.778204 6.97123
0.893849 -0.29895 0.334162 -9.10718 -0.441237 -0.718895 0.537122 12.657 0.0796545 -0.62755 -0.774491 6.93218
0.888147 -0.305386 0.343415 -9.17339 -0.45059 -0.725588 0.520088 12.6643 0.09035 -0.616654 -0.782033 6.90385
0.884186 -0.306475 0.352545 -9.23358 -0.457189 -0.722642 0.518427 12.6592 0.0958789 -0.619565 -0.779067 6.87338
0.875662 -0.317717 0.363692 -9.2865 -0.471835 -0.723335 0.504141 12.6658 0.102897 -0.61306 -0.783307 6.85234
0.871284 -0.32184 0.370518 -9.33232 -0.479061 -0.721716 0.499627 12.6657 0.106609 -0.612818 -0.783 6.83153
0.863298 -0.331324 0.380711 -9.37461 -0.491934 -0.720963 0.48807 12.6728 0.11277 -0.608635 -0.785396 6.81454
0.860316 -0.336053 0.383308 -9.40516 -0.496941 -0.720463 0.483718 12.674 0.113605 -0.606631 -0.786824 6.80231
0.857022 -0.333276 0.392989 -9.4345 -0.500535 -0.719593 0.481302 12.673 0.122386 -0.609191 -0.783523 6.78859
0.851694 -0.336268 0.401922 -9.45638 -0.507958 -0.718294 0.475428 12.6751 0.128827 -0.609079 -0.782577 6.77848
0.848084 -0.335631 0.410007 -9.47228 -0.512593 -0.715639 0.474457 12.6733 0.134174 -0.612546 -0.778964 6.77013
0.841742 -0.335984 0.422594 -9.49358 -0.519332 -0.717801 0.463741 12.6797 0.147528 -0.609817 -0.77869 6.76107
0.836802 -0.332888 0.434682 -9.51577 -0.524874 -0.713657 0.463898 12.6753 0.155787 -0.616344 -0.771914 6.74608
0.832566 -0.329396 0.445344 -9.53935 -0.528524 -0.713061 0.460659 12.6737 0.165818 -0.618904 -0.767764 6.7315
0.823695 -0.322415 0.466449 -9.57205 -0.536366 -0.709887 0.456479 12.6736 0.18395 -0.626187 -0.757663 6.70914
0.820229 -0.32259 0.472398 -9.59452 -0.538562 -0.713838 0.447645 12.6761 0.19281 -0.621587 -0.759246 6.6963
0.818329 -0.32496 0.474066 -9.61513 -0.540636 -0.715154 0.443022 12.6747 0.195066 -0.618834 -0.760916 6.68311
0.814269 -0.325819 0.480425 -9.64352 -0.543442 -0.718792 0.433599 12.678 0.204051 -0.61415 -0.762354 6.66739
0.808358 -0.322349 0.492594 -9.67215 -0.546716 -0.721374 0.425113 12.6791 0.21831 -0.612952 -0.759362 6.64592
0.804368 -0.32225 0.499147 -9.7008 -0.547105 -0.729331 0.410795 12.6835 0.231665 -0.603516 -0.762955 6.62723
0.802284 -0.324706 0.500906 -9.72388 -0.544675 -0.741564 0.391679 12.6898 0.244273 -0.587069 -0.771804 6.61175
0.801274 -0.326078 0.501631 -9.74925 -0.541077 -0.752752 0.374968 12.6939 0.255335 -0.571873 -0.779593 6.59441
0.796168 -0.3268 0.509233 -9.77839 -0.539325 -0.764818 0.352394 12.7024 0.274309 -0.555207 -0.785175 6.57311
0.802487 -0.328119 0.49835 -9.79856 -0.528339 -0.778871 0.337961 12.7033 0.277259 -0.534507 -0.798392 6.56232
0.797676 -0.334669 0.501706 -9.82823 -0.527449 -0.790504 0.31129 12.7133 0.292422 -0.512933 -0.807087 6.54222
0.807113 -0.323871 0.493635 -9.85117 -0.512674 -0.79913 0.313937 12.6995 0.292803 -0.506456 -0.811029 6.52537
0.796955 -0.333046 0.503927 -9.88179 -0.516703 -0.807983 0.283163 12.7108 0.312858 -0.486048 -0.816013 6.50116
0.80281 -0.33015 0.496485 -9.90379 -0.506724 -0.816622 0.276332 12.7001 0.314209 -0.473423 -0.822887 6.48172
0.802106 -0.326434 0.500066 -9.9356 -0.500677 -0.824014 0.265186 12.6982 0.325496 -0.463079 -0.824385 6.45992
0.807576 -0.320122 0.495322 -9.96464 -0.486493 -0.836355 0.252654 12.6938 0.333385 -0.445008 -0.831157 6.44137
0.80671 -0.308768 0.503867 -10.001 -0.473803 -0.847516 0.239223 12.6941 0.353171 -0.431717 -0.829995 6.41808
0.806666 -0.290874 0.514473 -10.0406 -0.451379 -0.865142 0.218602 12.696 0.381506 -0.408561 -0.829175 6.39182
0.812858 -0.272273 0.514907 -10.0849 -0.426225 -0.88056 0.207236 12.6871 0.396982 -0.38792 -0.83182 6.36227
0.806551 -0.267485 0.527188 -10.1387 -0.413353 -0.892714 0.179447 12.6866 0.422629 -0.362648 -0.830585 6.32152
0.793596 -0.257958 0.551057 -10.202 -0.399232 -0.904218 0.151669 12.6891 0.459151 -0.340364 -0.820569 6.27528
0.785683 -0.262647 0.560106 -10.2644 -0.397264 -0.908255 0.131356 12.6935 0.474219 -0.325714 -0.81794 6.23823
0.770191 -0.281288 0.572436 -10.3262 -0.404406 -0.909395 0.0972472 12.7018 0.493216 -0.306395 -0.814162 6.192
0.760076 -0.297691 0.577637 -10.3904 -0.405646 -0.911796 0.0638617 12.7145 0.507676 -0.282856 -0.813792 6.15247
0.765932 -0.276928 0.580223 -10.4627 -0.381113 -0.922389 0.0628573 12.6981 0.517785 -0.269275 -0.812028 6.11155
0.76113 -0.272065 0.58878 -10.5427 -0.368483 -0.928428 0.0473369 12.6971 0.533762 -0.252985 -0.806906 6.06418
0.758109 -0.268706 0.594195 -10.6246 -0.359932 -0.932218 0.0376562 12.6911 0.543801 -0.242418 -0.803439 6.0156
0.748118 -0.274429 0.604159 -10.7155 -0.359045 -0.933089 0.0207579 12.6939 0.558037 -0.232449 -0.796594 5.95892
0.73949 -0.276956 0.613555 -10.8078 -0.355208 -0.934767 0.0061675 12.6973 0.571823 -0.222501 -0.789628 5.90524
0.736493 -0.279405 0.616044 -10.8945 -0.353782 -0.935327 -0.0012622 12.6847 0.576556 -0.217016 -0.787711 5.84728
0.735378 -0.279351 0.617399 -10.9789 -0.354673 -0.93499 -0.000601235 12.6622 0.57743 -0.218533 -0.78665 5.79338
0.733365 -0.277974 0.620408 -11.069 -0.352742 -0.935718 -0.00228311 12.6453 0.581161 -0.217169 -0.784276 5.73706
0.736105 -0.275774 0.618141 -11.1539 -0.352866 -0.93567 0.00277175 12.615 0.577611 -0.220161 -0.786063 5.68379
0.738612 -0.270572 0.61745 -11.2459 -0.350476 -0.93653 0.0088549 12.5888 0.575864 -0.222942 -0.786561 5.62346
0.742555 -0.266281 0.614578 -11.3266 -0.346043 -0.938147 0.0116269 12.5998 0.573469 -0.221304 -0.78877 5.54331
0.74783 -0.258797 0.611372 -11.4082 -0.34058 -0.94003 0.0186783 12.614 0.569874 -0.222189 -0.791123 5.45281
0.756318 -0.245272 0.606486 -11.4875 -0.331258 -0.943007 0.0317291 12.6319 0.564138 -0.224901 -0.794461 5.3646
0.767167 -0.230299 0.598679 -11.567 -0.320513 -0.946088 0.0467761 12.6548 0.555631 -0.22777 -0.799622 5.2563
0.779195 -0.215912 0.588419 -11.6333 -0.311492 -0.94805 0.0646112 12.6824 0.5439 -0.233633 -0.805971 5.15858
0.793342 -0.19686 0.576068 -11.7004 -0.295017 -0.952058 0.0809391 12.7177 0.532517 -0.234162 -0.813384 5.06604
0.798869 -0.175477 0.57534 -11.792 -0.285485 -0.952516 0.105886 12.7413 0.52944 -0.24884 -0.811031 4.95634
0.810215 -0.147237 0.567339 -11.8805 -0.268908 -0.953431 0.13659 12.7581 0.520807 -0.263229 -0.812078 4.82979
0.828294 -0.124946 0.546185 -11.9231 -0.243228 -0.95836 0.149622 12.8066 0.504747 -0.256778 -0.824194 4.74538
0.846339 -0.0989329 0.523376 -12.0078 -0.215698 -0.962084 0.16694 12.868 0.487016 -0.254179 -0.835589 4.59821
0.870845 -0.066315 0.487065 -12.0691 -0.183143 -0.96329 0.196295 12.9093 0.456167 -0.260145 -0.851021 4.45971
0.893806 -0.0325174 0.447274 -12.1341 -0.147276 -0.963334 0.224273 12.9519 0.423581 -0.266329 -0.865822 4.30863
0.914647 0.00187313 0.404249 -12.1963 -0.110728 -0.960585 0.254982 12.979 0.388793 -0.277981 -0.878389 4.17431
0.931947 0.0303608 0.361321 -12.2678 -0.0761889 -0.957845 0.276998 13.0213 0.354499 -0.285676 -0.890348 4.03089
0.949424 0.0569499 0.308788 -12.3118 -0.0535115 -0.939682 0.337837 12.982 0.309403 -0.337274 -0.88911 3.93496
0.971396 0.0709053 0.226631 -12.3142 -0.0386072 -0.894525 0.445347 12.8785 0.234304 -0.441358 -0.866201 3.88081
0.984721 0.0987345 0.143447 -12.3357 0.0100962 -0.854718 0.518995 12.7991 0.173849 -0.509617 -0.842655 3.80308
0.979332 0.144666 0.141355 -12.6188 0.029359 -0.793148 0.60832 12.5003 0.200119 -0.591597 -0.781003 3.71476
0.979271 0.174236 0.103298 -12.7437 0.0722515 -0.776898 0.625467 12.5624 0.18923 -0.605039 -0.773382 3.57192
0.976631 0.202579 0.0717845 -12.8942 0.109173 -0.75531 0.64621 12.582 0.185128 -0.623272 -0.759776 3.41577
0.971772 0.22612 0.0672945 -13.1394 0.123621 -0.730996 0.671091 12.5064 0.200939 -0.643828 -0.738315 3.29392
0.969112 0.229081 0.0913462 -13.4149 0.107982 -0.727139 0.677944 12.4919 0.221726 -0.64714 -0.729416 3.21206
0.958905 0.232091 0.163203 -13.8983 0.0541455 -0.714329 0.697712 12.2974 0.278513 -0.660203 -0.69754 3.13548
0.951251 0.25082 0.179471 -14.1738 0.0500439 -0.699726 0.712656 12.2877 0.30433 -0.668934 -0.678167 2.99003
0.950208 0.261607 0.169315 -14.276 0.0641753 -0.695977 0.71519 12.4129 0.304938 -0.668714 -0.678111 2.84756
0.950915 0.26884 0.15325 -14.3132 0.0801528 -0.692307 0.717138 12.5431 0.298891 -0.669654 -0.679873 2.70577
0.951417 0.272458 0.143429 -14.3522 0.0885578 -0.688279 0.72002 12.6519 0.294894 -0.672338 -0.678969 2.56114
0.95345 0.272899 0.128296 -14.3394 0.0992202 -0.685667 0.721121 12.7744 0.284762 -0.674823 -0.680826 2.41545
0.956183 0.268601 0.116479 -14.3194 0.104468 -0.684688 0.72131 12.8937 0.273496 -0.677536 -0.682748 2.26281
0.956273 0.266445 0.120619 -14.3571 0.0996565 -0.684564 0.722108 13.004 0.274974 -0.678512 -0.681183 2.1096
0.954918 0.265169 0.133478 -14.4172 0.090013 -0.687076 0.720988 13.1095 0.282894 -0.67647 -0.67997 1.97032
0.955011 0.256318 0.149183 -14.4585 0.0738122 -0.692625 0.717511 13.2112 0.287239 -0.674219 -0.680384 1.81619
0.95687 0.243964 0.157741 -14.4391 0.0585358 -0.693731 0.717851 13.3092 0.284559 -0.677656 -0.678091 1.61824
0.957287 0.232868 0.171386 -14.3538 0.0421351 -0.698775 0.7141 13.3667 0.286051 -0.676377 -0.67874 1.44291
0.956007 0.223019 0.19056 -14.2177 0.0213622 -0.700818 0.71302 13.3998 0.292565 -0.677581 -0.674752 1.23846
0.956274 0.211717 0.201781 -14.0734 0.00593931 -0.703831 0.710342 13.3008 0.292411 -0.678084 -0.674313 1.41086
0.958097 0.198746 0.206278 -13.9892 -0.00694087 -0.703813 0.710352 13.1946 0.286361 -0.682017 -0.672941 1.63037
0.960932 0.187007 0.204054 -13.8829 -0.0145594 -0.702058 0.711971 13.094 0.276401 -0.687127 -0.671907 1.82407
0.959573 0.176413 0.219312 -13.8653 -0.0340801 -0.700638 0.712702 12.964 0.279388 -0.691364 -0.666302 2.0142
0.958756 0.166676 0.230229 -13.8344 -0.0496955 -0.699232 0.713165 12.8431 0.279851 -0.695193 -0.66211 2.19115
0.956217 0.160761 0.244551 -13.8312 -0.0658497 -0.696005 0.715011 12.7062 0.285154 -0.69981 -0.654945 2.35972
0.955862 0.155215 0.249472 -13.7848 -0.0732316 -0.696422 0.713886 12.6082 0.284544 -0.700646 -0.654316 2.54008
0.957008 0.155005 0.24517 -13.7015 -0.0713903 -0.693367 0.717039 12.5157 0.281138 -0.703716 -0.652492 2.70168
0.956524 0.156964 0.245814 -13.6698 -0.0720938 -0.689422 0.720764 12.413 0.282603 -0.707149 -0.648132 2.8518
0.957325 0.160842 0.240123 -13.6206 -0.0669976 -0.684699 0.72574 12.3248 0.281141 -0.710856 -0.644704 2.99397
0.957605 0.170941 0.231887 -13.5906 -0.057524 -0.675257 0.735335 12.2196 0.282283 -0.7175 -0.636797 3.1045
0.959852 0.184294 0.211471 -13.5339 -0.0368773 -0.664437 0.746434 12.1489 0.278073 -0.724264 -0.630965 3.19761
0.961086 0.199896 0.190672 -13.4972 -0.0145556 -0.652612 0.757553 12.0705 0.275867 -0.730848 -0.624306 3.29148
0.960785 0.218552 0.17067 -13.4862 0.00872342 -0.638997 0.76916 11.983 0.277159 -0.737508 -0.615845 3.38432
0.959203 0.241408 0.147143 -13.4882 0.0372782 -0.623914 0.780603 11.8943 0.280249 -0.743272 -0.60746 3.47976
0.957364 0.263335 0.118782 -13.4902 0.0692942 -0.6085 0.790522 11.8107 0.280451 -0.748587 -0.600804 3.57425
0.95335 0.288726 0.0880908 -13.5016 0.104437 -0.589276 0.801154 11.7265 0.283224 -0.75458 -0.59194 3.65234
0.946964 0.315626 0.0603262 -13.5428 0.138761 -0.570976 0.809155 11.6432 0.289835 -0.75787 -0.58449 3.74026
0.939801 0.341024 0.0218202 -13.5439 0.180035 -0.548395 0.816609 11.5794 0.29045 -0.763522 -0.576779 3.78833
0.928392 0.371601 -0.000552019 -13.6803 0.211153 -0.526312 0.823657 11.4661 0.305781 -0.764793 -0.567088 3.85226
0.91617 0.399549 -0.0315008 -13.775 0.247441 -0.502051 0.828685 11.389 0.315285 -0.767011 -0.558829 3.88317
0.902082 0.425557 -0.0717572 -13.8235 0.290747 -0.476401 0.829764 11.328 0.318927 -0.769379 -0.553482 3.90289
0.886162 0.449524 -0.112449 -13.873 0.334717 -0.453164 0.826201 11.2949 0.320439 -0.769786 -0.55204 3.9234
0.867882 0.471619 -0.156063 -13.9204 0.37849 -0.424288 0.822633 11.2502 0.321754 -0.773017 -0.546735 3.90273
0.848991 0.488866 -0.200561 -13.9466 0.420982 -0.39638 0.815878 11.2029 0.319357 -0.777105 -0.542327 3.86992
0.826998 0.505265 -0.246541 -13.9454 0.466349 -0.371597 0.802767 11.2027 0.313996 -0.77886 -0.542939 3.85109
0.805028 0.520433 -0.284745 -13.9805 0.504048 -0.346941 0.790928 11.1567 0.312836 -0.780244 -0.54162 3.82768
0.780399 0.538227 -0.318259 -14.0414 0.543566 -0.332389 0.770749 11.1941 0.309052 -0.774487 -0.551958 3.83434
0.760169 0.55141 -0.343643 -14.128 0.571701 -0.316363 0.757016 11.1551 0.30871 -0.771921 -0.555731 3.79967
0.739529 0.564297 -0.366967 -14.2175 0.598777 -0.302435 0.74162 11.1282 0.307511 -0.768181 -0.561547 3.76428
0.720051 0.572709 -0.39183 -14.2652 0.624702 -0.289154 0.725353 11.1145 0.302117 -0.767068 -0.565978 3.70082
0.711438 0.564981 -0.417915 -14.2797 0.645925 -0.291452 0.705575 11.1101 0.276834 -0.771915 -0.572285 3.6509
0.703645 0.555034 -0.443644 -14.283 0.664572 -0.293123 0.68733 11.1058 0.25145 -0.77847 -0.575115 3.55203
0.697314 0.549736 -0.459938 -14.3075 0.678172 -0.2983 0.671639 11.0616 0.232025 -0.780261 -0.580825 3.49103
0.690858 0.547082 -0.47267 -14.3285 0.690993 -0.307289 0.654295 11.0564 0.212706 -0.778637 -0.590323 3.43213
0.685144 0.544984 -0.483292 -14.3416 0.701764 -0.316057 0.638463 11.0141 0.195204 -0.776596 -0.598994 3.38008
0.679105 0.5436 -0.49327 -14.3331 0.712327 -0.325801 0.621646 10.9851 0.177219 -0.773533 -0.608474 3.32146
0.674133 0.548249 -0.494943 -14.3531 0.720275 -0.339588 0.604883 10.9382 0.16355 -0.764267 -0.623817 3.32369
0.669395 0.552636 -0.496491 -14.3677 0.727581 -0.352636 0.58845 10.8964 0.150118 -0.755143 -0.63814 3.30858
0.662724 0.556725 -0.500853 -14.3624 0.736433 -0.363156 0.570774 10.8575 0.135877 -0.747111 -0.650664 3.27467
0.654761 0.566809 -0.500016 -14.374 0.745926 -0.377795 0.548513 10.8313 0.121999 -0.732119 -0.670163 3.3086
0.647607 0.576063 -0.498754 -14.3864 0.754141 -0.390953 0.527662 10.7886 0.108977 -0.717849 -0.687617 3.32511
0.640392 0.58816 -0.493928 -14.4118 0.761878 -0.405114 0.505395 10.7466 0.0971555 -0.699964 -0.707539 3.36804
0.63275 0.599886 -0.489657 -14.4357 0.7697 -0.417999 0.482533 10.6876 0.0847886 -0.682212 -0.726221 3.4078
0.623862 0.61119 -0.487076 -14.4451 0.778311 -0.42932 0.458167 10.6261 0.0709156 -0.664929 -0.743532 3.44131
0.614092 0.623954 -0.483293 -14.4648 0.787097 -0.43914 0.433168 10.5621 0.0580438 -0.646404 -0.760785 3.47001
0.609183 0.632309 -0.478624 -14.5435 0.791573 -0.448273 0.415287 10.5356 0.0480353 -0.631852 -0.773599 3.39711
0.600296 0.646874 -0.470318 -14.5745 0.799045 -0.459917 0.387302 10.4881 0.034229 -0.608301 -0.792968 3.43936
0.589163 0.662689 -0.462309 -14.5954 0.807734 -0.467975 0.35856 10.4205 0.0212653 -0.584673 -0.81099 3.48089
0.597464 0.675675 -0.431857 -14.6908 0.801637 -0.489589 0.343045 10.3592 0.0203547 -0.55115 -0.834158 3.51388
0.593647 0.688801 -0.416096 -14.7331 0.804686 -0.502968 0.315442 10.3068 0.0079936 -0.522088 -0.852854 3.54393
0.58477 0.702277 -0.406019 -14.7623 0.811118 -0.513281 0.280411 10.2687 -0.0114758 -0.493305 -0.869781 3.58163
0.573881 0.716568 -0.396473 -14.7817 0.818388 -0.519551 0.245574 10.2148 -0.0300174 -0.465399 -0.884592 3.61109
0.56261 0.732928 -0.382476 -14.8152 0.825533 -0.522873 0.212366 10.1619 -0.0443376 -0.435225 -0.899229 3.63976
0.54936 0.747837 -0.37275 -14.8302 0.832897 -0.525845 0.17254 10.1264 -0.0669769 -0.405249 -0.91175 3.67222
0.535819 0.763107 -0.36134 -14.8458 0.839795 -0.52598 0.134497 10.0883 -0.0874222 -0.375517 -0.922683 3.70755
0.521588 0.779496 -0.34689 -14.8702 0.846764 -0.522772 0.0984838 10.0416 -0.104577 -0.345102 -0.932721 3.74582
0.507276 0.794214 -0.334508 -14.8843 0.853129 -0.51768 0.0646403 10.0004 -0.12183 -0.318169 -0.940174 3.76904
0.491463 0.809354 -0.321576 -14.9048 0.859853 -0.509561 0.0316273 9.95896 -0.138265 -0.292052 -0.946355 3.79575
0.476229 0.82291 -0.309878 -14.9141 0.865401 -0.50108 -0.000692071 9.92365 -0.155843 -0.267839 -0.950776 3.8246
0.462106 0.834856 -0.299121 -14.9255 0.869761 -0.492503 -0.0309136 9.88994 -0.173126 -0.245878 -0.953714 3.84958
0.450605 0.846779 -0.282702 -14.9534 0.874786 -0.481988 -0.0493624 9.84454 -0.178058 -0.225061 -0.957937 3.85346
0.439229 0.855449 -0.274381 -14.9615 0.87785 -0.473599 -0.0712958 9.81508 -0.190936 -0.20955 -0.958974 3.87051
0.430006 0.862908 -0.265489 -14.9705 0.879216 -0.467056 -0.0940094 9.80409 -0.20512 -0.192998 -0.95952 3.88955
0.420338 0.869254 -0.26022 -14.9748 0.88126 -0.459395 -0.111074 9.78388 -0.216095 -0.182633 -0.959139 3.90671
0.412449 0.874408 -0.255531 -14.98 0.882916 -0.452783 -0.124287 9.76458 -0.224378 -0.17435 -0.958779 3.92139
0.407765 0.876508 -0.255855 -14.9823 0.884001 -0.449121 -0.129739 9.74396 -0.228627 -0.173273 -0.95797 3.92676
0.404131 0.878396 -0.255144 -14.9902 0.884959 -0.446024 -0.13383 9.72974 -0.231356 -0.171708 -0.957597 3.93759
0.401682 0.878385 -0.259021 -14.9896 0.886481 -0.443925 -0.130697 9.70988 -0.229788 -0.177118 -0.956988 3.94407
0.401511 0.877148 -0.26344 -14.9906 0.88767 -0.443517 -0.123828 9.69737 -0.225456 -0.18413 -0.956695 3.95104
0.405531 0.871824 -0.274714 -14.9846 0.88653 -0.448356 -0.114199 9.70089 -0.222731 -0.197232 -0.95472 3.96071
0.411872 0.864744 -0.287366 -14.9809 0.884991 -0.454745 -0.0999942 9.70653 -0.217148 -0.213132 -0.952587 3.97166
0.420192 0.856578 -0.29952 -14.9807 0.884253 -0.460641 -0.0768515 9.69884 -0.2038 -0.232559 -0.95099 3.98233
0.432286 0.843839 -0.317908 -14.968 0.880998 -0.470401 -0.0506432 9.68892 -0.192279 -0.258184 -0.946768 4.00245
0.45071 0.825701 -0.339233 -14.9492 0.874036 -0.485436 -0.0203065 9.69305 -0.181443 -0.28735 -0.940483 4.02263
0.468525 0.807951 -0.35735 -14.9345 0.867901 -0.496501 0.0153494 9.68595 -0.165023 -0.317335 -0.933845 4.05011
0.484896 0.788546 -0.378246 -14.9 0.861584 -0.504966 0.0517915 9.66755 -0.150161 -0.351004 -0.924255 4.0923
0.506548 0.765538 -0.396687 -14.8759 0.851942 -0.515193 0.0936484 9.64974 -0.132679 -0.385392 -0.913164 4.13055
0.528867 0.741305 -0.413239 -14.8585 0.841137 -0.522698 0.138835 9.63279 -0.11308 -0.421016 -0.899977 4.15916
0.552348 0.713826 -0.430539 -14.8278 0.82747 -0.532082 0.179396 9.63527 -0.101025 -0.455347 -0.884564 4.20619
0.575706 0.687 -0.443388 -14.8054 0.813421 -0.536331 0.225157 9.61186 -0.0831197 -0.490286 -0.867589 4.24867
0.599577 0.659091 -0.45399 -14.779 0.797473 -0.539803 0.269536 9.58904 -0.0674161 -0.523652 -0.84926 4.29516
0.620603 0.631692 -0.464562 -14.7426 0.782183 -0.540397 0.3101 9.57042 -0.05516 -0.555821 -0.82947 4.35106
0.642038 0.602502 -0.474108 -14.6958 0.765178 -0.542165 0.347216 9.55939 -0.0478466 -0.585703 -0.809112 4.41483
0.663528 0.576568 -0.47676 -14.6741 0.747322 -0.540779 0.386093 9.52824 -0.0352132 -0.612477 -0.789704 4.46698
0.682907 0.551933 -0.478548 -14.6384 0.729982 -0.540386 0.41846 9.51032 -0.0276386 -0.635101 -0.771934 4.54912
0.699724 0.528369 -0.480845 -14.5931 0.714069 -0.53814 0.447785 9.49476 -0.0221659 -0.656683 -0.753841 4.60073
0.715245 0.508424 -0.47951 -14.5628 0.698615 -0.538795 0.470783 9.47991 -0.0190002 -0.671718 -0.740563 4.68521
0.729348 0.491915 -0.475469 -14.5396 0.684041 -0.536306 0.494433 9.42676 -0.0117777 -0.685854 -0.727644 4.76063
0.738556 0.478718 -0.474726 -14.4884 0.674099 -0.536097 0.508125 9.41111 -0.0112508 -0.695291 -0.718641 4.82761
0.745143 0.469716 -0.473422 -14.4498 0.666793 -0.537716 0.515992 9.39313 -0.012197 -0.700163 -0.713879 4.89053
0.748293 0.466678 -0.471454 -14.4197 0.663259 -0.539229 0.51896 9.36534 -0.012035 -0.70103 -0.71303 4.9438
0.749748 0.468825 -0.466992 -14.4016 0.66161 -0.544163 0.515906 9.34326 -0.0122502 -0.695766 -0.718164 5.02135
0.748808 0.472613 -0.464675 -14.3623 0.66261 -0.549969 0.508411 9.32611 -0.015276 -0.688601 -0.72498 5.07406
0.74632 0.48276 -0.458202 -14.34 0.665377 -0.558444 0.495392 9.30083 -0.0167251 -0.674598 -0.737996 5.15286
0.742919 0.494216 -0.451466 -14.3103 0.669091 -0.568128 0.479111 9.27143 -0.0197062 -0.658013 -0.752749 5.22219
0.736111 0.509154 -0.445985 -14.2807 0.676419 -0.577156 0.457546 9.2347 -0.0244415 -0.638477 -0.769253 5.30189
0.7272 0.526346 -0.440613 -14.2435 0.685738 -0.585764 0.432022 9.20714 -0.0307026 -0.616312 -0.786903 5.38214
0.716907 0.544801 -0.435013 -14.2004 0.696034 -0.594892 0.402044 9.17832 -0.0397516 -0.591012 -0.805683 5.46078
0.713978 0.503202 -0.48685 -13.928 0.670603 -0.691383 0.268852 9.5475 -0.201313 -0.518438 -0.831081 4.99301
0.7019 0.526072 -0.480193 -13.896 0.67928 -0.697208 0.229086 9.54688 -0.214278 -0.48698 -0.84672 5.05031
0.699159 0.5283 -0.481743 -13.8024 0.676752 -0.706343 0.207572 9.4022 -0.230615 -0.471147 -0.851374 5.02577
0.684115 0.553387 -0.475131 -13.805 0.687201 -0.707334 0.165629 9.42206 -0.24442 -0.439819 -0.864186 5.05739
0.682189 0.534153 -0.499298 -13.7786 0.688229 -0.699681 0.191799 9.38169 -0.246899 -0.474475 -0.844935 5.06144
0.663613 0.535565 -0.522291 -13.7511 0.70279 -0.685567 0.189959 9.3641 -0.25633 -0.49312 -0.831341 5.08289
0.650368 0.557071 -0.516424 -13.7309 0.707347 -0.691964 0.144383 9.36258 -0.276915 -0.459193 -0.844073 5.12873
0.660633 0.569774 -0.488797 -13.703 0.692392 -0.714069 0.103436 9.32399 -0.290099 -0.406772 -0.866244 5.20707
0.65104 0.58316 -0.485872 -13.637 0.691262 -0.719925 0.0621734 9.27324 -0.313534 -0.376342 -0.871816 5.29086
0.638899 0.600181 -0.481239 -13.5651 0.693702 -0.71989 0.0231498 9.22388 -0.332545 -0.348627 -0.876284 5.38599
0.628345 0.611949 -0.480313 -13.4831 0.695351 -0.718646 -0.00594281 9.1607 -0.348812 -0.330252 -0.877077 5.48095
0.620845 0.621566 -0.477711 -13.3944 0.695035 -0.718294 -0.0313111 9.09274 -0.362598 -0.312586 -0.877959 5.59051
0.617128 0.627417 -0.474869 -13.3057 0.690777 -0.720983 -0.0548765 9.02813 -0.376803 -0.294163 -0.878344 5.70603
0.6153 0.632232 -0.470839 -13.2174 0.687872 -0.722348 -0.0710306 8.96432 -0.385017 -0.280172 -0.879355 5.83007
0.613754 0.636483 -0.467114 -13.1238 0.684102 -0.724086 -0.0877679 8.90614 -0.394093 -0.265686 -0.87983 5.96642
0.614278 0.637173 -0.465481 -13.0296 0.679998 -0.726716 -0.0973969 8.83827 -0.400331 -0.256697 -0.879683 6.09447
0.615623 0.638318 -0.462125 -12.9354 0.677325 -0.728335 -0.103723 8.7728 -0.40279 -0.249155 -0.880728 6.23759
0.618908 0.63613 -0.460751 -12.8395 0.67443 -0.731063 -0.103397 8.69625 -0.402612 -0.246752 -0.881486 6.38117
0.622088 0.6324 -0.461603 -12.7368 0.669127 -0.735556 -0.105957 8.63091 -0.406542 -0.242956 -0.880736 6.52303
0.626914 0.626175 -0.463555 -12.6353 0.663057 -0.741233 -0.104542 8.56057 -0.409064 -0.241825 -0.879879 6.65798
0.630586 0.621359 -0.465052 -12.5346 0.65832 -0.745584 -0.103533 8.49026 -0.411067 -0.240866 -0.879209 6.79247
0.634735 0.615403 -0.467322 -12.4269 0.656479 -0.748467 -0.0939807 8.39039 -0.407611 -0.247134 -0.879078 6.92971
0.638999 0.607008 -0.472463 -12.3253 0.654739 -0.751598 -0.0801085 8.2698 -0.403729 -0.258151 -0.877702 7.02692
0.645913 0.598945 -0.473351 -12.2219 0.649766 -0.756814 -0.0709772 8.1401 -0.40075 -0.261722 -0.87801 7.14916
0.654197 0.589396 -0.473961 -12.1239 0.640814 -0.764804 -0.0665752 8.01381 -0.401727 -0.260168 -0.878025 7.28824
0.662687 0.581457 -0.471969 -12.0274 0.634933 -0.770415 -0.057634 7.88144 -0.397123 -0.261475 -0.879729 7.4229
0.670515 0.571574 -0.472982 -11.9228 0.631992 -0.773974 -0.039374 7.72757 -0.388581 -0.27252 -0.880192 7.54342
0.673035 0.563914 -0.478565 -11.9541 0.618073 -0.784206 -0.0548308 7.75777 -0.406214 -0.258885 -0.876338 7.56199
0.739089 0.451621 -0.499786 -12.1048 0.582048 -0.80164 0.136356 7.64156 -0.339067 -0.391678 -0.855349 7.54501
0.574787 0.570449 -0.586692 -12.0989 0.327451 -0.817397 -0.47396 7.98402 -0.74993 0.080313 -0.656624 7.25599
0.587268 0.54955 -0.594232 -12.0189 0.307098 -0.83056 -0.464609 7.95188 -0.748871 0.0903623 -0.656527 7.33191
0.591003 0.537209 -0.601765 -11.9151 0.28685 -0.837187 -0.465656 7.94989 -0.753944 0.102588 -0.648879 7.4042
0.592135 0.531472 -0.605735 -11.8618 0.274115 -0.839699 -0.468792 7.97039 -0.757785 0.111548 -0.642899 7.45131
0.599317 0.52384 -0.605318 -11.8089 0.26055 -0.842638 -0.471248 7.98896 -0.756923 0.124711 -0.641494 7.52953
0.565091 0.526049 -0.635566 -11.6102 0.240903 -0.841993 -0.482715 8.02129 -0.789074 0.119668 -0.60253 7.53209
0.547431 0.527796 -0.649423 -11.4594 0.237792 -0.84215 -0.483981 8.04081 -0.802355 0.110519 -0.586525 7.57095
0.546731 0.524342 -0.652802 -11.3414 0.224723 -0.842928 -0.488847 8.06035 -0.806589 0.120568 -0.578687 7.66716
0.544614 0.532958 -0.647573 -11.2602 0.228794 -0.837253 -0.496649 8.09721 -0.806876 0.122321 -0.577918 7.76879
0.544381 0.536017 -0.64524 -11.132 0.224769 -0.834289 -0.503429 8.1109 -0.808163 0.129027 -0.574651 7.92838
0.535737 0.546607 -0.643588 -11.1332 0.240422 -0.829395 -0.504283 8.14538 -0.809434 0.115431 -0.575754 7.97392
0.544776 0.554366 -0.629204 -11.1711 0.2504 -0.823626 -0.508862 8.18218 -0.800325 0.119663 -0.587504 8.0387
0.533636 0.565877 -0.628502 -11.1801 0.252527 -0.815876 -0.52017 8.2315 -0.807132 0.118868 -0.57828 8.06805
0.51451 0.574978 -0.636144 -11.1179 0.261174 -0.811704 -0.522422 8.25821 -0.816742 0.102647 -0.567799 8.10746
0.505866 0.587006 -0.632079 -11.1622 0.275264 -0.80429 -0.526637 8.30002 -0.817514 0.0924193 -0.568445 8.11879
0.492374 0.596748 -0.633609 -11.1308 0.287458 -0.798607 -0.528767 8.32463 -0.821545 0.0782149 -0.564753 8.15128
0.485047 0.606276 -0.630205 -11.1152 0.291916 -0.791573 -0.53684 8.36048 -0.824327 0.0764255 -0.560932 8.18987
0.476603 0.6143 -0.628876 -11.0783 0.296067 -0.785719 -0.54313 8.38646 -0.827765 0.0726676 -0.55635 8.2533
0.474439 0.621044 -0.623868 -10.9993 0.299508 -0.780311 -0.549008 8.3992 -0.82777 0.0736178 -0.556218 8.37948
0.472515 0.627646 -0.6187 -11.0088 0.303294 -0.774939 -0.554511 8.41598 -0.827491 0.0743668 -0.556532 8.45361
0.474129 0.632015 -0.612992 -11.0408 0.310061 -0.771477 -0.555595 8.41339 -0.824053 0.0733582 -0.561742 8.54842
0.472225 0.63334 -0.613094 -10.9349 0.307516 -0.770199 -0.558773 8.38637 -0.826098 0.0753303 -0.558469 8.75455
0.470555 0.633534 -0.614176 -10.8212 0.307283 -0.770138 -0.558986 8.34327 -0.827137 0.0743079 -0.557066 8.97499
0.477421 0.626824 -0.615761 -10.7705 0.310766 -0.775945 -0.548938 8.27498 -0.821884 0.0707173 -0.565248 9.16478
0.495598 0.610636 -0.617661 -10.8153 0.284145 -0.785996 -0.549065 8.26017 -0.820758 0.0966101 -0.563048 9.28221
0.509876 0.621425 -0.59486 -10.8809 0.316328 -0.778489 -0.542118 8.18272 -0.799977 0.0882417 -0.593507 9.45038
0.517912 0.629052 -0.579707 -10.89 0.31811 -0.770704 -0.552107 8.16478 -0.794087 0.101532 -0.599264 9.58101
0.63095 0.455294 -0.628179 -10.837 0.319533 -0.890333 -0.324356 7.97668 -0.706966 0.00392848 -0.707237 9.68808
0.625506 0.450292 -0.637165 -10.6086 0.313332 -0.892877 -0.323409 7.84987 -0.714538 0.00265021 -0.699591 9.78661
0.624528 0.437436 -0.647004 -10.3891 0.303942 -0.89925 -0.314595 7.72286 -0.719433 -0.00017831 -0.694561 9.88437
0.620035 0.428395 -0.657293 -10.1692 0.296625 -0.903585 -0.309107 7.59977 -0.726341 -0.00331264 -0.687327 9.98064
0.620464 0.414904 -0.665492 -9.96078 0.282365 -0.909865 -0.304 7.48549 -0.731638 0.000709486 -0.681693 10.0732
0.615632 0.405794 -0.675521 -9.89065 0.274217 -0.913964 -0.299124 7.46046 -0.738785 -0.001089 -0.673941 10.0414
0.556775 0.417819 -0.717934 -9.74859 0.287229 -0.907814 -0.305572 7.45196 -0.779424 -0.0360766 -0.625457 9.95027
0.561766 0.404505 -0.721661 -9.52273 0.27175 -0.914134 -0.30085 7.35948 -0.78139 -0.0271036 -0.623454 10.0234
0.564179 0.392926 -0.726162 -9.304 0.254431 -0.919438 -0.299831 7.28866 -0.785472 -0.0156 -0.6187 10.0811
0.569213 0.378931 -0.729662 -9.07762 0.236724 -0.925415 -0.29592 7.21959 -0.787374 -0.00428701 -0.616461 10.1579
0.577039 0.363691 -0.731269 -8.85323 0.219828 -0.931497 -0.289809 7.16002 -0.786576 0.00647735 -0.617459 10.2339
0.588374 0.349273 -0.729263 -8.64525 0.200244 -0.936741 -0.287085 7.1288 -0.783402 0.0228825 -0.621094 10.2999
