-1.0 0.0 0.0 1.0 0.0 -1.0 0.0 0.0 0.0 0.0 1.0 0.0
-0.9632878843652763 0.2624999068314927 0.05630497978445109 0.999469 -0.2591338322443285 -0.9639374065194002 0.06061627915849366 -0.00576426 0.07018624381912739 0.04380040212269609 0.9965718318076484 -0.0320665
-0.8638718392126664 0.49463064167407833 0.0952154070117549 0.997828 -0.48105149045726936 -0.8661943029432336 0.135266008581331 -0.00997352 0.1493817557272785 0.07104898215861052 0.986223673002256 -0.0651209
-0.7401805859955792 0.6611124850734015 0.12273134153634987 0.994725 -0.6306801734710273 -0.7458823344665735 0.2142476649143446 -0.0185534 0.23318494571004275 0.08117773839400706 0.9690381601791739 -0.100882
-0.5891559560395367 0.797660273100638 0.1289703383734228 0.990648 -0.7485596150151527 -0.598900069731559 0.2845649473211707 -0.0274958 0.3042264982402193 0.0711111467531614 0.9499418100999368 -0.133641
-0.3885931885523678 0.9142313324111335 0.11478852141423945 0.984555 -0.8429266470136494 -0.40303654588068405 0.35642139447414456 -0.0398438 0.37211557554747743 0.04174462267562978 0.9272472080910455 -0.170482
-0.2657433901763556 0.958393357923853 0.10422390352034774 0.977358 -0.861064924358107 -0.28458302410971215 0.4214020626773659 -0.0532737 0.4335292915337381 0.022241265162137397 0.9008649618595691 -0.204775
-0.1618229216102292 0.9818628195649984 0.09878636341824235 0.965917 -0.8459844148241361 -0.1895701832932069 0.49837086138822784 -0.0695201 0.5080587681717479 -0.002923895013736605 0.8613174437579649 -0.249341
-0.04842292721327879 0.9947668863062057 0.08996700522277035 0.951425 -0.822984366632732 -0.0907766200957647 0.56076406582636 -0.0888648 0.5659964243687573 -0.046887601267773193 0.8230732655414923 -0.294778
0.012305313888203884 0.9985896773349322 0.05164528604072638 0.946513 -0.8051692562712606 -0.020730640827588687 0.5926826379154888 -0.104014 0.5929174040333929 -0.04887634244696698 0.8037786107774385 -0.305442
0.10364102611718162 0.9940261501355192 0.034213309575892636 0.932238 -0.7733012895008515 0.058898828370821166 0.6312971120422339 -0.122316 0.625510714026305 -0.0918854768900001 0.7747860387068157 -0.340544
0.18970464072811466 0.9817629286771572 0.012397627251551357 0.916098 -0.7339340562795567 0.13340694609556614 0.6659905312889153 -0.140306 0.6521908848790006 -0.1354405353234629 0.7458571653286172 -0.375604
0.26791271137307077 0.963392481623789 -0.009884605985421069 0.898527 -0.6912569427965397 0.199360093272768 0.6945641743178629 -0.157507 0.671108499514282 -0.1792497686498663 0.7193628446887274 -0.409684
0.3280075267298781 0.9441196884892478 -0.03238944605136501 0.882593 -0.6507411636506124 0.2506699720176152 0.7167290304287492 -0.175504 0.684797050474953 -0.21401537079297356 0.6965991822598925 -0.436151
0.39530126234723095 0.9167035307325916 -0.058237004808680604 0.864174 -0.6072358760170417 0.30837062714795677 0.7322377668422955 -0.192268 0.6892035278961519 -0.2540909149394689 0.678554569714715 -0.465013
0.4534879304157245 0.8874330909577728 -0.08253003114258817 0.847446 -0.569048037037569 0.3595645310979778 0.7395253068827199 -0.207113 0.6859541008777137 -0.2884022486899589 0.6680502334702253 -0.488815
0.5097732439450968 0.8538435621721457 -0.10527303118498027 0.830071 -0.5323235028176106 0.40918502370095233 0.7410798234514554 -0.220341 0.6758423840701928 -0.32174335691049183 0.6631125727795287 -0.512281
0.5538288495196041 0.8230595953404614 -0.12588291368485371 0.81262 -0.4958993223756148 0.4475063830636993 0.7441921117457858 -0.229415 0.6688478657416784 -0.3497298094747462 0.6559966408889302 -0.53574
0.594542795341244 0.7903433986207234 -0.14790597271396427 0.797061 -0.46254674085182634 0.48664509073433604 0.7410985549787041 -0.238946 0.6577000661663135 -0.37220138086903193 0.6549020957700569 -0.554616
0.6211297347252231 0.7681510757520158 -0.15537624484197873 0.781807 -0.43983392938432336 0.5057632008459797 0.7421251237037964 -0.236751 0.6486477990423769 -0.39261623691723424 0.6520034687840474 -0.576825
0.6532819954145123 0.7385911162957339 -0.1664505854488193 0.768757 -0.42011384929467904 0.536527000922133 0.7318764451137288 -0.235306 0.6298626739996908 -0.40819350829052026 0.6607957866780297 -0.59468
0.6874662056581219 0.7044705306007286 -0.17638448796068545 0.760308 -0.4078168269519207 0.575464300204805 0.7088908765421246 -0.230975 0.6008957078669246 -0.41540595891840837 0.6829071954242285 -0.607109
0.7100372100427822 0.6808116752391732 -0.17984054941167274 0.752414 -0.3994938632742745 0.5997826497654164 0.6933003867347621 -0.220322 0.5798722389982616 -0.4204238764608953 0.6978480855750315 -0.620751
0.7342496055889692 0.6546384901595096 -0.17979422653166777 0.749107 -0.398185287671175 0.6297840874570002 0.6669486336054502 -0.205119 0.5498417894037034 -0.4181153553597752 0.7230861333462995 -0.629893
0.7516746393048087 0.6357259733089432 -0.17560672961587404 0.743212 -0.39644080534703796 0.6483041574342189 0.6500280050192451 -0.187124 0.527086259052328 -0.4189918928975887 0.7393415105378014 -0.642356
0.767586821322119 0.6180053024965011 -0.1699409244967602 0.739334 -0.3971073140212195 0.6666706397299035 0.6307583049575913 -0.16663 0.5031066019080429 -0.416676978255734 0.757142022944317 -0.652396
0.7823983263576745 0.6009766789576099 -0.16333979999311782 0.736708 -0.3992125328303828 0.6852781988445217 0.6091166914635968 -0.14076 0.4779981302723478 -0.41136458469038145 0.7760779380440147 -0.661398
0.7930777605759646 0.5897617903718388 -0.15234400643680096 0.731473 -0.4027961209820132 0.6953896706144528 0.5951373714736508 -0.111654 0.45692773017366356 -0.41062663895578666 0.7890518441637517 -0.672667
0.8048097247776319 0.5766587072315547 -0.1405206115749019 0.73 -0.408572534679537 0.7099895441470193 0.5735706853627076 -0.078611 0.4305226948825007 -0.4042024029814021 0.8070133992785803 -0.678911
0.8181952399074836 0.5597654242011223 -0.1312220227769447 0.735614 -0.41389189947680516 0.7318780037209492 0.5413391572913606 -0.0495883 0.3990614550920917 -0.3886093894109815 0.8305014735215144 -0.675584
0.826379889591965 0.54896468517345 -0.12543545156926955 0.772705 -0.43113433673796553 0.7600958656543514 0.4861866500642284 -0.0494205 0.36224226943233184 -0.3476953399854202 0.8648054629735734 -0.632838
0.8176802319210613 0.5595862275839154 -0.13513804876466887 0.78121 -0.43570623694765376 0.7550042400353851 0.49002925689544896 -0.0617012 0.37624342307930725 -0.3418067457306736 0.8611672515618394 -0.621211
0.8240667630676802 0.5535481188331834 -0.12040951018669238 0.782548 -0.4427221202271377 0.7619127315194448 0.47274317954907163 -0.0284153 0.35342763653786774 -0.3362639880879632 0.8729349552208541 -0.621942
0.821639004270156 0.5574630084865847 -0.11892998289343318 0.79738 -0.45450977246516705 0.7666493765430412 0.4535081037642305 -0.0108682 0.3439915891349793 -0.3185651073411085 0.8832814155121455 -0.60338
0.8277276980739019 0.5505631495849197 -0.10838392943796098 0.80205 -0.45954436678062677 0.775952811866676 0.4321067098719849 0.0218425 0.32200284595244233 -0.30785946806186154 0.8952858287291245 -0.596858
0.8356328263620031 0.5408871563649439 -0.09570195183848194 0.803949 -0.46131263181810944 0.7856396235381335 0.4122633110669796 0.0526933 0.2981751754108644 -0.30035223655951776 0.9060243367384762 -0.592359
0.835883846150903 0.5425718599979353 -0.08315030055480536 0.804682 -0.4695682378455691 0.7852626541425042 0.4035693670432346 0.0824936 0.2842602078212506 -0.298292374604935 0.9111628797871261 -0.587947
0.843482435050589 0.5330233141076044 -0.06650961117669793 0.799741 -0.46876609549141013 0.7908855127128773 0.3933935097311949 0.110042 0.26228940024116043 -0.30064306477721325 0.9169612958694042 -0.590174
0.8497011852791198 0.5245384748066596 -0.05354702776777333 0.799654 -0.46874836028927436 0.7979947334857593 0.3787867210649139 0.137165 0.24141845509690435 -0.29675544439234064 0.9239336208636033 -0.584584
0.8559315315970387 0.5156069532681458 -0.03912394355746336 0.79873 -0.4680184332378392 0.8046556760922329 0.36536008140210086 0.163955 0.219863501672164 -0.29441248729306924 0.930043723680969 -0.578921
0.862922958830822 0.5044050466460163 -0.030651525911273778 0.797806 -0.4630263622006486 0.8135146734362331 0.3518529010981335 0.185743 0.20241184508297227 -0.2894294819502139 0.9355533228780376 -0.57359
0.8696056395176281 0.4933294354058975 -0.020300243378720592 0.800192 -0.45850097832429254 0.8221016713679135 0.3375288058962523 0.199942 0.1832017592568465 -0.28420927165766724 0.9410962784481802 -0.565435
0.8763372366594734 0.4815586145061517 -0.011590877402228333 0.801075 -0.45199471112966655 0.8303797888361379 0.32583767032567007 0.210569 0.16653476740562986 -0.2803046683295986 0.9453546763822488 -0.560303
0.8829099489120402 0.4694605792551691 -0.008762798499302185 0.80099 -0.4430723432400889 0.8391691481092195 0.31540773534804645 0.218819 0.15542496828976715 -0.27459407383817946 0.9489157885951086 -0.557255
0.8887831072704893 0.4583014695757982 -0.00493469505416208 0.803995 -0.4354370957812531 0.8477044744368951 0.30297138418876324 0.225555 0.1430353936905188 -0.2671270989703798 0.9529868777414866 -0.550197
0.8944931515767229 0.4470759436636607 -0.0022588447465217154 0.805376 -0.42687685304963 0.8555594573026633 0.2929064139796477 0.230486 0.13288398742055496 -0.2610385328207685 0.9561384472292672 -0.546119
0.8999100313422964 0.43607258821337147 -0.0016227440952019737 0.806212 -0.4176712677251564 0.8629935109626761 0.28424094031855157 0.232714 0.12535010014502557 -0.255113499927395 0.9587515082378891 -0.543936
0.9040438796372847 0.42743899346120623 -0.0007553537170594121 0.806315 -0.41039341069428 0.8684834225828726 0.2780535796522964 0.234751 0.11950695439631533 -0.25106264470767214 0.9605652691427619 -0.542908
0.905061288113268 0.4252799271438027 0.0010238785640820439 0.80552 -0.4087336103239335 0.8691780884477299 0.2783276600589906 0.232617 0.11747723417886116 -0.25232208411257234 0.9604856403501163 -0.545001
0.905787865241306 0.42373140115774227 0.00020701327077304182 0.804827 -0.407046969453941 0.8699865012565383 0.27827370031997234 0.231332 0.11773320619077807 -0.2521412050901316 0.9605017984656437 -0.546571
0.9063106811987018 0.42261147035283325 -0.000703044352431105 0.802514 -0.4054551331663648 0.8699848751809025 0.2805930361671776 0.2284 0.11919347353857307 -0.25401941280674994 0.9598265748473125 -0.551185
0.9062425333209385 0.4227527602599317 -0.0021388063625204998 0.800093 -0.40479990690668277 0.8691942020863839 0.2839691434430075 0.224709 0.12190777730886818 -0.25647912732232836 0.9588310336443999 -0.556199
0.9059719528386044 0.4233255701931513 -0.0032066010741457693 0.795554 -0.40425790082173163 0.8673633813417092 0.2902693823514352 0.219425 0.1256597401438202 -0.26167962535917844 0.9569396027852894 -0.564754
0.9047713124996378 0.42583310179298806 -0.007418995554997587 0.791577 -0.4046358725329755 0.8649076688437876 0.2969924831282476 0.213757 0.13288597645033876 -0.26570828702275645 0.954850995428225 -0.572462
0.9032150022571487 0.4289862517484159 -0.013170250888409063 0.785799 -0.40474933033462585 0.8615897878664716 0.30633481199152107 0.206303 0.1427607764453909 -0.2713555476769423 0.9518327203104839 -0.58306
0.9005459331618534 0.4343153695705384 -0.019676941338878984 0.782027 -0.40644927733115777 0.8571051046246466 0.3164961683549321 0.19415 0.15432435719168458 -0.27702165868606843 0.9483896843577503 -0.592233
0.896587538741782 0.4421855878067405 -0.024549772075543277 0.778943 -0.4104985234060013 0.8505833508881425 0.328631899658861 0.180514 0.166197917118255 -0.28456962088021004 0.9441389639336188 -0.600552
0.8928504297500275 0.44917382809444506 -0.03257272248635701 0.774958 -0.41253132407329174 0.8447374328397222 0.3409348562668425 0.166878 0.180654412493933 -0.29096656459864545 0.9395224539797514 -0.609583
0.8901051072422009 0.45433875439413973 -0.03590535220453056 0.770402 -0.4144567062661765 0.8397016704300487 0.35089420529267507 0.161368 0.1895746203803191 -0.29745151022068667 0.9357264890848663 -0.616799
0.8864666441032585 0.4609741325077155 -0.04098460748947036 0.77521 -0.41843681572182206 0.8361880356851238 0.35454224039687593 0.146996 0.19770564013423783 -0.2971404013859666 0.9341413499697452 -0.614363
0.8615071610814071 0.5053943952745271 -0.04880488326540208 0.867882 -0.47344133621386875 0.8343140431166242 0.28244181457853973 0.135689 0.1834631095601537 -0.2202193967013051 0.9580421205495259 -0.477881
0.8540606694028722 0.5167461759045118 -0.059613443678261664 0.898281 -0.4879815992124957 0.8356171260024828 0.25222604457384223 0.12378 0.1801508584745938 -0.1863260808888922 0.96583034730301 -0.421628
0.8465285811285582 0.5272373549570751 -0.07355360542038647 0.926771 -0.5022456508210719 0.8368077299194974 0.21794983225113115 0.116097 0.17646151864865262 -0.14755878382815893 0.9731843287637582 -0.357236
0.845184894467856 0.5264504918773071 -0.09226252633383059 0.940025 -0.5013797348820953 0.8407488089818063 0.20435215106583596 0.0939613 0.1851508995736157 -0.1264567902400496 0.9745398014392563 -0.327909
0.8470666072947548 0.5206745149082933 -0.1066593283832562 0.940023 -0.49363225705104613 0.8451111022817177 0.2052179806909477 0.0892732 0.19699075512532005 -0.1211828136543861 0.9728871301800444 -0.329222
0.8529000673181776 0.5077472331388615 -0.12146696015163364 0.937672 -0.47777471645947095 0.8529002644603928 0.21045773731432188 0.0718583 0.2104585362505406 -0.12146557587737589 0.970027483319961 -0.34001
0.8588101758797763 0.4939379254229854 -0.13590587785002306 0.935235 -0.46106687823862014 0.8608723274006074 0.2152119181345573 0.0524537 0.22329893774185655 -0.1221644864299738 0.967064332223384 -0.350121
0.864831445986578 0.4795398320051007 -0.14868799397827792 0.932302 -0.44396941052065736 0.8687408169535705 0.21950069585489465 0.0327888 0.23443065617513564 -0.1238181831532135 0.9642153934499971 -0.360191
0.8705480907429781 0.46497863463168115 -0.16106176156932203 0.929431 -0.42685285871113127 0.8764018867396901 0.22297167965740922 0.0126663 0.24483189888960669 -0.12535789666059677 0.9614274486569128 -0.368779
0.8767462949894156 0.4497726201911853 -0.17035411456342506 0.922233 -0.4083772204204002 0.8832826956576779 0.23030355054452348 -0.00637395 0.2540550728957024 -0.1323490448702286 0.9580917233010092 -0.386581
0.9012227719146643 0.40037296613340567 -0.165828234544024 0.543074 -0.3328277659475649 0.8845434066702549 0.3268159113790715 -0.835295 0.2775305273241161 -0.23934170072454775 0.9304259007021887 0.085747
0.9040923472011493 0.3899310495620009 -0.17484508663326198 0.538254 -0.31900778738437446 0.88807162841756 0.331002740755887 -0.836163 0.28434320691805226 -0.24348010059809722 0.9272898043720196 0.105423
0.9065630618706981 0.38119490637764 -0.1812011539791272 0.539092 -0.3076812569928299 0.8907460953574887 0.3345200109122024 -0.834493 0.2889215446223027 -0.24751128652473633 0.9248040355101901 0.114021
0.9088408026036053 0.3707396358773087 -0.19120804876467654 0.539982 -0.2926161273986119 0.8932914067911165 0.3411836229061812 -0.831884 0.29729479899432093 -0.254131038920295 0.9203440756305317 0.128014
0.9106213901915658 0.3629204004013323 -0.1976296199918346 0.538209 -0.28197528526911125 0.8953051128750502 0.34484589798516835 -0.831006 0.30209042060777697 -0.2582973825502893 0.9176185699650407 0.140571
0.9126259434164127 0.35462486828714573 -0.20335950972508604 0.539554 -0.2702354732577879 0.8966134157189267 0.35079505661565213 -0.829348 0.3067355153816432 -0.2651897161376431 0.9141048835108552 0.145135
0.914125585459377 0.3486148104831127 -0.2069834001082564 0.542734 -0.2624675811587547 0.897961171085939 0.35323717819991923 -0.827096 0.30900676829031376 -0.2685767099615907 0.9123493673023421 0.146123
0.9152698685892199 0.3431331478275477 -0.21104670221216587 0.544086 -0.25483414524793274 0.8989249255004466 0.3563615253219296 -0.825515 0.31199459301152616 -0.2723850604860241 0.9102009408672336 0.149984
0.9162356894787019 0.3387404639711067 -0.21393237107583102 0.549987 -0.24866547988484133 0.8994951208798834 0.3592687108932887 -0.822548 0.3141299737992687 -0.2759772193169634 0.9083825922918973 0.14467
0.9170627013320879 0.33577054412103724 -0.2150677649629444 0.55345 -0.2447446829704638 0.8998008509899142 0.3611903496987612 -0.821115 0.31479523818377697 -0.2785975058368053 0.9073518544414456 0.139511
0.9176363202071043 0.3342692993703004 -0.2149595760492032 0.553985 -0.24300677500105933 0.899926611809281 0.3620494450500538 -0.821181 0.3144698572842065 -0.2799930871574438 0.9070350489389563 0.13698
0.9176981281563353 0.33457815016700015 -0.21421392814004125 0.555917 -0.24355959376015193 0.8998053432976816 0.3619793757389104 -0.820647 0.31386122708252484 -0.28001393823124204 0.9072393975850487 0.132267
0.9178410397722854 0.3364141565474134 -0.21069727331938165 0.557099 -0.24647077295960956 0.899068806955264 0.3618389675487294 -0.82146 0.31115909722587637 -0.28017993438954597 0.9081185058014438 0.121836
0.9180464683722662 0.33855780813335873 -0.20632327173914583 0.558894 -0.2499883845707374 0.8982133989688508 0.3615501313684412 -0.82211 0.3077279472016194 -0.28034139984090806 0.9092371583070709 0.108501
0.9178742360838806 0.3422594512852065 -0.20091131063078915 0.56234 -0.2558681129543494 0.8973156227509691 0.3596612043857669 -0.821704 0.30337830427802914 -0.2787169553023091 0.9111961716998145 0.0926074
0.9174404564972611 0.3465204304434552 -0.19551623990702036 0.566449 -0.2622946520636154 0.8962544396374168 0.3576723289954743 -0.820552 0.2991730674391062 -0.27686020067084827 0.9131505379747491 0.0763572
0.9169748714703201 0.3521959760540213 -0.18739017995440804 0.570299 -0.2712308899274811 0.8948269966358803 0.3545679771789284 -0.819549 0.2925592067276927 -0.2743039200284343 0.9160602982423688 0.0556559
0.9161515193462512 0.3585681194473021 -0.1791516042785566 0.575333 -0.2811859664040441 0.8934448163473929 0.3502724831319138 -0.817152 0.285658617753743 -0.27052775062458617 0.9193551491371669 0.0354104
0.91536861672215 0.36489906048929394 -0.17014397190088215 0.581475 -0.2909616111711865 0.8916356737338526 0.34688206374767483 -0.813489 0.27828337417971066 -0.268019590663088 0.9223469318406962 0.0110399
0.9142474794837613 0.3720944118661667 -0.1603037582702325 0.586471 -0.30247455126263173 0.8900838346779817 0.3409690793655769 -0.809918 0.26955647292554336 -0.2632423140433752 0.9263059926401371 -0.00919276
0.9133393680288284 0.3793648314095559 -0.1479646021800457 0.591532 -0.3143052604383093 0.8878148189872008 0.3361503390560984 -0.80546 0.2588887832052723 -0.26051328541232327 0.9301125878377147 -0.036388
0.9120354919975499 0.38627151290393447 -0.13778816950555875 0.599233 -0.3246201733128382 0.8852702078459755 0.33304414448941444 -0.798091 0.25062522701262524 -0.25901926071095305 0.9327893750282651 -0.0630115
0.9105543183730465 0.3941127177138182 -0.12476377290072985 0.606477 -0.3369206592821724 0.8823910467081357 0.32843646271111077 -0.789742 0.23953142307652012 -0.2570237468125249 0.9362496947574339 -0.0921563
0.9090931256498479 0.4015627643835101 -0.11089199771337878 0.613378 -0.34950943834369935 0.8800384693977705 0.32152052016737864 -0.780824 0.22669989282057956 -0.25353429480191336 0.9403868990763508 -0.118664
0.907114662557272 0.40966190684447246 -0.09654072225831647 0.624891 -0.3629480419279797 0.8775288813091493 0.3133875896217948 -0.766589 0.21310022954997523 -0.2492392114994423 0.944705301994693 -0.147828
0.9054336679309753 0.4172427624338602 -0.07809193411371951 0.633171 -0.37693264728480386 0.8748827488563616 0.3041413407684099 -0.752923 0.19522205917347019 -0.24594441028431127 0.9494207153111693 -0.179449
0.9033918871470656 0.42464957512433865 -0.05963083584507242 0.644924 -0.3907829135494145 0.8725230105397639 0.29324445528680965 -0.734774 0.1765554097576569 -0.24161195008804004 0.9541760072753664 -0.210193
0.9012977434982079 0.4312135238817244 -0.04144000949015817 0.655866 -0.403551437154567 0.87054260703521 0.2816057650454334 -0.716808 0.15750750818777637 -0.23708746520608334 0.9586349246228368 -0.236697
0.8994301182612718 0.43643888223113503 -0.0233787177011925 0.664892 -0.4147942875059172 0.8692351160426881 0.2690279020672635 -0.700613 0.13773583926114902 -0.23227443922027255 0.9628485984140679 -0.258957
0.8974798554011696 0.44103033898260857 -0.004706298543515654 0.671429 -0.4252891906722791 0.8681761820137777 0.2557327145308115 -0.686894 0.11687178207939289 -0.22751342175982742 0.9667360702242993 -0.278136
0.8954965478482033 0.44486372875709157 0.013497986082646699 0.673341 -0.43463827315174597 0.8675810515333684 0.24164579560158497 -0.6794 0.09578885271062972 -0.22225971712523976 0.9702706394814745 -0.291595
0.8937005307032039 0.4475606366254797 0.031445794062276336 0.677803 -0.4424343247848332 0.8674853845803848 0.22742246105345587 -0.668429 0.07450657469646871 -0.21716027280056838 0.973288336642427 -0.306244
0.8917116300905393 0.4498585430741168 0.049776098526359495 0.680078 -0.44960987636340805 0.8678103439834398 0.21155653133813823 -0.660632 0.051974299781274984 -0.21102724492012087 0.9760974203754814 -0.317896
0.8897081451161922 0.4515036341977333 0.0675565305514149 0.683646 -0.455575220758463 0.8685090596875912 0.1953029223320896 -0.651608 0.029506520377410726 -0.20453968208349185 0.9784134523341356 -0.328686
0.8877149856155271 0.4526103650335391 0.08429686695145633 0.683977 -0.4603341740578291 0.8696582621626975 0.178288965577384 -0.647631 0.007385966972668211 -0.19707451513669594 0.9803606902439098 -0.335781
0.8856164293626552 0.4531548807252536 0.10165723839364635 0.684336 -0.4641357018162566 0.8712383536043558 0.1597553802170767 -0.64366 -0.01617375474255902 -0.18866474308585834 0.9819083584397654 -0.342617
0.8837253355165613 0.4529227984325393 0.11785783820424615 0.682579 -0.4664069240772977 0.8731214446393583 0.14185740757406262 -0.642327 -0.038653751938133404 -0.1803326968991404 0.9828458708720242 -0.348572
0.882006850601285 0.4525275020201926 0.13146396999850252 0.683055 -0.4675038595311129 0.8753242792011614 0.12348096033187003 -0.640548 -0.05919507425382669 -0.17037096629511725 0.9836003644914697 -0.350904
0.8807051495190836 0.45080761692119037 0.14536482427466962 0.681128 -0.46710284755179515 0.8775003720169787 0.10866474552065167 -0.638747 -0.07857079240769277 -0.1636019243037832 0.9833926179021918 -0.357864
0.8793100293716287 0.44900823697013176 0.15876232355139996 0.681756 -0.4660043508020773 0.8799534779407805 0.0923137134637041 -0.635269 -0.09825384104451018 -0.15515630761557328 0.9829917105078261 -0.362824
0.878301072818319 0.44700697538467216 0.1696230805157035 0.677857 -0.4638105070222299 0.8827241403224351 0.07535187899316043 -0.638651 -0.11604757240878308 -0.14485460313522994 0.9826240913434614 -0.364192
0.8775079539966674 0.44466151851491276 0.1795993447220639 0.672787 -0.4607960823205076 0.8855476023737556 0.05892719616751475 -0.643171 -0.13284111257684805 -0.13446775777897352 0.9819733504160083 -0.365634
0.8764942453480651 0.44189370368847036 0.19101778061796243 0.660858 -0.45691989246026843 0.8885608776104232 0.04103387203629463 -0.653112 -0.151598317094295 -0.12324577648211968 0.980728519435168 -0.369745
0.8765970234843279 0.43757365544725424 0.2002672076924838 0.655077 -0.4514653983783783 0.8918665120888403 0.027443007880677613 -0.655821 -0.16660327873565095 -0.11447017372667156 0.9793568945188045 -0.375198
0.8764886701079561 0.4339000934955838 0.20856250870400905 0.656028 -0.44596861439169866 0.894964343213398 0.012280853152738865 -0.654173 -0.18132734529004318 -0.10377636166841872 0.9779319304578058 -0.376411
0.8765387756919982 0.4303673854290344 0.21555437427097013 0.652696 -0.4397145403466951 0.8981231910062095 -0.005084956687930138 -0.658231 -0.1957827819703949 -0.090325230892594 0.9764785993293105 -0.375127
0.8769155307826356 0.42641927519759554 0.22177861396484028 0.644957 -0.4329970330592487 0.9011597763576 -0.02060647560860915 -0.66521 -0.20864496455485404 -0.07795934334688538 0.9748792846044202 -0.3762
0.8781041009467697 0.4224505605544736 0.22465242439750388 0.643832 -0.4264437990383234 0.9039145379225 -0.03292710728435107 -0.667954 -0.21697666732215048 -0.06688820538453837 0.9738824846038707 -0.373254
0.8790883611831616 0.416956456268741 0.23097828211352708 0.640733 -0.4180647174574539 0.9072227754988231 -0.04656959988480346 -0.669537 -0.22896625351680508 -0.05562507700691235 0.9718437660233524 -0.375741
0.8788769335233352 0.3788968440005267 0.2898491285601178 0.481434 -0.37796450643594526 0.9237740186471406 -0.06151743124631316 -0.697141 -0.29106385484159913 -0.05548643148512143 0.9550932354099235 -0.53124
0.8806164940523857 0.3728789434755093 0.29236258980155533 0.480079 -0.36883812179633746 0.9267748080667632 -0.07104150225441923 -0.694654 -0.29744416335277907 -0.04527414985841738 0.9536651514247352 -0.535705
0.8829163763045066 0.3688098059725009 0.2905821733552233 0.475097 -0.36138760280327564 0.9288983457701488 -0.08091269224035691 -0.699081 -0.29976269446584025 -0.03357365401631233 0.9534228530733738 -0.534387
0.8851030945238301 0.36405282300818365 0.28992767050440726 0.465618 -0.35379379937270405 0.9310751677223229 -0.08904481779573319 -0.702946 -0.30236147173501937 -0.023760768308717636 0.952897143609746 -0.53765
0.8875931653893376 0.35935669412512006 0.2881685949953618 0.460065 -0.3460716441833589 0.933109352332099 -0.09767985300253823 -0.706462 -0.3039947200961928 -0.013027009550765203 0.9525846456750191 -0.537821
0.8899151293871189 0.3532568513146729 0.2885492323454521 0.455307 -0.33780050413801066 0.93551093306452 -0.10348967833004505 -0.705623 -0.30649939949698507 -0.005375045673616345 0.9518556755054799 -0.542947
0.8925795047503812 0.34787896764254816 0.2868484819055517 0.453758 -0.33039400272954517 0.9375362373541939 -0.10892936522393953 -0.70615 -0.30682508153655563 0.0024551007506885894 0.9517627550079855 -0.543559
0.8952395909619312 0.3429039814764667 0.28453986409974497 0.44252 -0.3242961362745945 0.9393387839976552 -0.11169003928361887 -0.709547 -0.30557828910392837 0.007714166539143495 0.9521357050667318 -0.548378
0.8978323270541397 0.3376145827656397 0.2826897698901241 0.439132 -0.3179154807961815 0.9411973940961755 -0.11435564007385667 -0.709781 -0.30467500646866513 0.01280073632849564 0.952370348962402 -0.550794
0.900592820533307 0.3333764647091454 0.2789134352839506 0.440455 -0.31275540432434235 0.9426224007008484 -0.116820660685028 -0.711443 -0.3018553108192395 0.017976164079170513 0.9531842575573828 -0.547585
0.9031890265994194 0.32965881524212554 0.27490843523535574 0.439398 -0.30802071775661705 0.9438070570454342 -0.11979764815694559 -0.714593 -0.29895287197665804 0.023522427689228673 0.9539779220362038 -0.544321
0.9059290515113645 0.3264979988652425 0.2696138170879072 0.435636 -0.3051983403961844 0.9448602796027452 -0.11871404739303901 -0.718945 -0.29350728550946426 0.025260814832741306 0.955623024307625 -0.541608
0.908374338385336 0.32410502295878385 0.2642195970322599 0.43692 -0.30216798600490624 0.9455426239044151 -0.12101096898088602 -0.723817 -0.2890511539446649 0.030084555387114867 0.956840817445837 -0.534032
0.910560898070644 0.3209729156149887 0.26049038052564555 0.435389 -0.298820581252124 0.946513036741305 -0.12173467664924303 -0.726585 -0.2856310752087823 0.03300694957681383 0.957771073980995 -0.531517
0.9128077840930449 0.31786611550548866 0.25640413786169 0.433747 -0.2953467722090089 0.9474278483825358 -0.12308840828834594 -0.730062 -0.2820500548570501 0.036627922718741164 0.9587002460792658 -0.528085
0.9149934952651995 0.3153811014504238 0.2516379630943848 0.429175 -0.2933011323935531 0.9482138802985132 -0.12192162624365091 -0.734616 -0.27705838619149015 0.037751795416305224 0.9601111667842493 -0.525497
0.9171435619830156 0.3125269995741223 0.2473349171675979 0.427532 -0.2904781054834424 0.949060899084601 -0.12208963946002331 -0.738179 -0.2728922075616233 0.040128348656839966 0.9612073442739701 -0.521832
0.9192791950664828 0.3088317198203071 0.24402608538996537 0.428558 -0.28672917690687194 0.9501663555969172 -0.12235307843278942 -0.739464 -0.2696518878632728 0.04250724084793007 0.9620192273791979 -0.519164
0.921641493732106 0.30597406511541914 0.23865629785949014 0.427141 -0.2844424254067487 0.9510457452741103 -0.12084906712398776 -0.743727 -0.2639497369954716 0.043495538538534786 0.9635552264749874 -0.514219
0.9240274101166306 0.3023140491324571 0.23405033871005332 0.422764 -0.28176593006573414 0.9522515271897483 -0.11757971601847025 -0.74668 -0.2584207925213143 0.042699469105957684 0.965088311674494 -0.513556
0.926675698816123 0.29786585984345715 0.22923367720160162 0.422517 -0.2774852525025069 0.9535422937661004 -0.11729888594059126 -0.749504 -0.2535233398866269 0.04508906229898554 0.9662778547569679 -0.509631
0.9295083145478754 0.2927797393539058 0.2242639458544934 0.422021 -0.2730881883371792 0.955089073946596 -0.1150117481762243 -0.751463 -0.2478651540194496 0.04566054151773606 0.9677179239691811 -0.507151
0.9324478381565409 0.287747884201415 0.21849984955327117 0.419131 -0.26845728474180625 0.9565194308589374 -0.1140230882687843 -0.755557 -0.2418092541369123 0.04766270582859602 0.9691524911420528 -0.503451
0.9353152224394795 0.2826280812437518 0.21285394608853903 0.417919 -0.2641406164781591 0.9580294597457055 -0.1113969882262989 -0.758495 -0.23540426801467618 0.04796792628233328 0.9707130928593926 -0.500029
0.9377237601198003 0.27744213897455433 0.20904547167544052 0.416672 -0.2592935925565016 0.9594810620447917 -0.11028564927741769 -0.759688 -0.23117305761253037 0.04921332236928028 0.9716671582056539 -0.499258
0.9368129861780787 0.27887649992698055 0.21120920130663762 0.418149 -0.2600648475341328 0.9589893228124173 -0.11271980220364758 -0.758517 -0.23398227284381873 0.0506692857681848 0.970919625651157 -0.499802
0.932667239105748 0.28844201125724184 0.21664031767134012 0.417518 -0.26890392695693605 0.9562199750128448 -0.11547310272775077 -0.759278 -0.24046309314737008 0.04944254775304424 0.9693982335994261 -0.499175
0.9285163366607374 0.296815097610961 0.22306548452039698 0.417201 -0.27617999468152715 0.9536656612732015 -0.11935835557705428 -0.758322 -0.24815725476365869 0.04921995874178063 0.967468538284125 -0.50089
0.9245778990219995 0.3047963002894763 0.22859335941779477 0.416287 -0.28330231531202926 0.9511859665671644 -0.12241345981767325 -0.758037 -0.25474596518671155 0.04841975150222215 0.9657950201184277 -0.502081
0.9208117549294876 0.3117460888989097 0.23435035318921615 0.418118 -0.2891963176885097 0.9489387383297256 -0.12601889037995512 -0.75638 -0.2616700246858318 0.04826641641371019 0.963949765925328 -0.503057
0.9175283324570058 0.3183919533964652 0.23826103993529787 0.417355 -0.29456739891892336 0.9466549535284057 -0.13066922535269 -0.757596 -0.2671550235964249 0.049708781643843944 0.9623706304717942 -0.50186
0.9143703365630104 0.3239737447604695 0.24283307089341255 0.417234 -0.2992805105221905 0.9447737462078879 -0.1335430436147469 -0.756659 -0.27268675001771525 0.04943259230701311 0.9608321160237019 -0.503372
0.9114413365981023 0.3287292271509443 0.24741015572730266 0.416939 -0.30256596777533584 0.9430327474240825 -0.13835849243888718 -0.755861 -0.2787983591853434 0.05124775607311987 0.9589813045169499 -0.504813
0.9089011436168879 0.3331653811766114 0.2507978068431944 0.417067 -0.3059673911212943 0.9414266040039359 -0.14177413319800314 -0.755665 -0.28334196071592 0.052122721140203575 0.9576014595010798 -0.505001
0.9063492147429779 0.3375593577374861 0.254135359481209 0.421737 -0.3090226129100206 0.9397581361998522 -0.14614947881003143 -0.754737 -0.2881598959693229 0.05392889253485693 0.9560625235333268 -0.502504
0.9039211852501213 0.34140745920108134 0.25761878358900275 0.425734 -0.3114023902638779 0.9382423349245664 -0.15076429382728768 -0.753547 -0.29318090352879217 0.05605593418327129 0.9544122222859897 -0.500916
0.9015615398026755 0.344997559149331 0.26108135538493055 0.429375 -0.3138451734705107 0.936864858233551 -0.15422530433198375 -0.751978 -0.2978053005537235 0.05710447957937994 0.9529171429741803 -0.500166
0.8991856517567575 0.3492722930791728 0.26357926504562423 0.432613 -0.3164634282190118 0.935097160531002 -0.15951237872568913 -0.752388 -0.30218547661104656 0.06001804440394371 0.9513578569977129 -0.496747
0.8963482244660892 0.3518322691094819 0.2697664080454838 0.433855 -0.3171560835985469 0.9340233817043151 -0.1643543156295775 -0.748379 -0.3097932845187592 0.06176064153575783 0.9487959443548284 -0.501696
0.8939799895910925 0.3548939161330153 0.2735874384954146 0.447144 -0.3188999414997827 0.9327880850264815 -0.16795599347467305 -0.744007 -0.314805663103676 0.0629022791669867 0.9470695316361165 -0.496504
0.8913408607161764 0.35808166401143027 0.27800897812220104 0.454671 -0.32077785385001556 0.9315243487193281 -0.17135914397081065 -0.740321 -0.3203326997000515 0.06356028352545398 0.9451703824501908 -0.495175
0.888774009879271 0.36108259466328874 0.2823120953738062 0.462087 -0.32195262557023585 0.9302161709802587 -0.1761941603324532 -0.737121 -0.3262319209573973 0.06570567006015388 0.9430034457362249 -0.493081
0.8862618509791755 0.36413324888451193 0.2862637045728561 0.467719 -0.32219984076570574 0.9286650543881485 -0.18376201829760896 -0.735573 -0.33275695952078777 0.0706271464457328 0.9403640848498062 -0.490072
0.8835633101113527 0.3664084116624456 0.29165176647514646 0.473264 -0.3215744374070166 0.9274329881821576 -0.1909396073052279 -0.732183 -0.34044934752680955 0.07491947873896121 0.9372733397862397 -0.489826
0.8810523935002088 0.36908109813563333 0.2958476346137457 0.477033 -0.32168480408259464 0.9260622853347998 -0.1973006094841847 -0.730356 -0.34679326223255275 0.07866248584606911 0.9346371737688487 -0.488897
0.8787436542253678 0.3721735823308837 0.29882505713819296 0.482319 -0.32160145292888986 0.924312991587767 -0.20547019018850332 -0.730104 -0.35267845926945185 0.08445305321342532 0.931925740695178 -0.484063
0.8761833685861558 0.37507228256954933 0.30269371889929364 0.488874 -0.3209142098868785 0.9225605583094254 -0.2142337185050044 -0.728801 -0.359606416107523 0.09056930550616527 0.928698242915552 -0.479428
0.8741293488710403 0.37921244763824613 0.3034728999408375 0.498136 -0.3209391013942383 0.9199568431244105 -0.22511663640172758 -0.730915 -0.36454900169737114 0.09938473899336486 0.9258653784523271 -0.466502
0.8712436698054054 0.3799675296817218 0.310739672735201 0.507539 -0.31675630499230695 0.9188280730754657 -0.23541541023486018 -0.725496 -0.3749665466033345 0.10667543539164358 0.9208802530255347 -0.464822
0.8691834219713676 0.3844532737677937 0.3109917350338574 0.507049 -0.3171505115913499 0.9159402493326677 -0.2459044787102404 -0.730325 -0.379388629201625 0.11510490841678268 0.918049632694701 -0.457741
0.8661106577948416 0.3878594640913059 0.31530519274029123 0.509681 -0.3154678342059014 0.9134485955730371 -0.2570830776754558 -0.730465 -0.3877271902196505 0.12319374724575742 0.9135047490866831 -0.454583
0.8625818901212603 0.3898976550696728 0.32238533063091473 0.516619 -0.3121811559945289 0.9116486063687206 -0.2672821437131348 -0.726429 -0.39811481845913926 0.12991011152770082 0.9080902786871505 -0.453218
0.8666291658686224 0.3778539553715908 0.3258531529322676 0.756639 -0.27109218452572964 0.9048501831328224 -0.32826083161651454 -0.641761 -0.4188829387250377 0.19614416762815523 0.8866028136378401 -0.125061
0.8601020236151935 0.37954700050410767 0.34083512639014185 0.80673 -0.26850971979479904 0.9049388970807458 -0.3301334925844421 -0.588545 -0.43373614023824164 0.19243094075178818 0.8802518353815653 -0.0529292
0.8534592023115575 0.38177769831908204 0.3547579161285954 0.830215 -0.26481172581603063 0.9039643341435337 -0.3357428070216438 -0.557262 -0.4488676195272443 0.19259873224562335 0.8725958907061867 -0.0142165
0.8473380253831224 0.3883028594652595 0.36226945782239806 0.837444 -0.26498550463716913 0.9003302962521855 -0.3452362089680586 -0.546485 -0.46021837541760124 0.19653561250204798 0.8657787245863859 0.00646812
0.8403178015746159 0.3962997371123081 0.36988175235001824 0.840395 -0.267371624551523 0.896547032549682 -0.35315128884238695 -0.541869 -0.4715701503927959 0.19786342964548825 0.8593437359214536 0.0107188
0.83309165433781 0.4055392720632994 0.3761597988715179 0.839654 -0.26894777316735674 0.891234221135293 -0.3651967392867689 -0.542898 -0.4833481051799124 0.2030750154296126 0.8515486758414057 0.0156062
0.8248216506755102 0.41422589700490786 0.3848196341500858 0.838083 -0.269449055887656 0.8863481182836015 -0.3765424537769536 -0.545419 -0.4970577942837002 0.20689108116494012 0.8426918948680026 0.0116623
0.8172375056585788 0.4266388607187926 0.3874301767667501 0.838485 -0.27477598857536584 0.8793985268886957 -0.38878835760400854 -0.544421 -0.5065777486698118 0.21127591777238297 0.8359075733130203 0.0234219
0.7874664237806149 0.3828417223170005 0.4830412477951769 0.931139 -0.24203491044084363 0.9128221178944728 -0.3288995032081104 -0.275548 -0.566847187120181 0.14208447042517264 0.811477830700221 0.238857
0.7813041782523142 0.3848843016636584 0.49135308626114677 0.933763 -0.24454538249855395 0.9130634051385518 -0.3263629484108588 -0.257032 -0.5742484975549451 0.13483060679857134 0.8075019322120642 0.249039
0.7722325366208124 0.38033840657740275 0.5089200387746076 0.924684 -0.23880819744830467 0.9160437368736568 -0.32223363723552867 -0.193861 -0.5887508422207797 0.12730502196185764 0.798226707876662 0.327685
0.7635170542696139 0.3908660050051547 0.5140675772413215 0.92454 -0.2456263273990718 0.911972635399528 -0.32859339550709765 -0.186798 -0.5972515509631562 0.12461813035730492 0.7923136414693075 0.332163
0.7556447680259725 0.40440073925582054 0.5152291011232967 0.921225 -0.25033302367014465 0.9052261267729866 -0.34336429148608294 -0.191809 -0.6052556169215922 0.13048257162135796 0.7852642464087742 0.338459
0.7446479959460717 0.41393763886653473 0.5235981219056246 0.915107 -0.2503059611337502 0.9004005558922616 -0.3558451415571324 -0.1836 -0.6187457377262559 0.133919640376251 0.7740925280398248 0.358985
0.733303912100946 0.4300785963544344 0.5265907077182876 0.916423 -0.2606807164662957 0.8931695962891617 -0.36646096153243163 -0.181958 -0.6279418257769316 0.13145521375150948 0.7670779557629578 0.356455
0.7213239327743685 0.4501223748059499 0.5263854402488447 0.917711 -0.27241250448132676 0.8831450337425746 -0.38189825448414616 -0.188207 -0.6367756366328169 0.1320783747434774 0.7596526123933176 0.349834
0.709145354595444 0.473772674134224 0.5221612004921552 0.919985 -0.2887146794419279 0.8707783115696972 -0.3979811125852238 -0.195807 -0.64323922449618 0.13147085358943306 0.7542935202731222 0.339539
0.6893036990425401 0.4324787808766613 0.5812250120028455 0.698777 -0.3819745951492746 0.8986555243746521 -0.21567025101173892 0.343797 -0.615593875170001 -0.0733508868545944 0.784642484352476 0.627307
0.7203938994530523 0.5123912704577757 0.46742680238673956 0.243327 -0.5892966736588628 0.8075909529042827 0.022940863143140477 0.805822 -0.36573495874119716 -0.29197951768201 0.8837340670183286 0.539854
0.7260854117217359 0.5434919628222402 0.42120833471395847 0.0569727 -0.6172944992627704 0.78507002753605 0.0511131396459992 0.854661 -0.30289845834008977 -0.29712209310681426 0.9055224932176024 0.516052
0.797530363691072 0.4201457041336514 0.4329236725900134 0.0288644 -0.5806171318685511 0.7294053512122027 0.3617341286134626 0.869771 -0.16379580327811935 -0.5398568522497811 0.8256667087314555 0.49261
0.8448742667254118 0.3936735189040355 0.3622273235675515 -0.0439078 -0.525216488058319 0.7390753314185106 0.4218000653867948 0.872454 -0.10166176319975642 -0.5466157837113128 0.8311895517273926 0.48672
0.8709345466386788 0.3661564198512131 0.3277231936757318 -0.0233512 -0.48240692702612314 0.7640851514888068 0.4283193178360506 0.884671 -0.09357655811415504 -0.5311340296724256 0.8421045483165609 0.46563
0.8864285731199555 0.33937756583534867 0.314749507647261 0.0452121 -0.4506441283017986 0.7880058180015017 0.41948385001439104 0.903048 -0.10566103531402532 -0.5136824881222423 0.8514493801823515 0.427154
0.9001516188148831 0.32141481760840274 0.29397207038544093 0.0524612 -0.4227079842303032 0.8074432307640245 0.41152568469210804 0.905265 -0.10509530537992263 -0.49469985255214277 0.8626859409263543 0.421596
0.9117704215911336 0.3051004560365912 0.274933464747001 0.0575749 -0.3970565307829741 0.8259468571563271 0.40019732697280097 0.906305 -0.10498004417085893 -0.4740522132422228 0.8742160427754885 0.418685
0.921774323365963 0.2899105200686027 0.2574567675101457 0.0657345 -0.37337133398164063 0.8427211726480981 0.3878335624096817 0.908596 -0.10452723924408903 -0.45362199629665956 0.885043016317197 0.41247
0.9300410540719493 0.27580576490657494 0.24280613209932864 0.0760252 -0.35233475698668715 0.8569503619093497 0.3761599343930272 0.91104 -0.10432572434385315 -0.43539322143062076 0.8941749750313954 0.405248
0.9372346653159745 0.261770569779203 0.23036351908999048 0.0880701 -0.3327153803091958 0.8690596830871145 0.3661089222324842 0.913244 -0.10436310572113223 -0.4197754590611454 0.9016079558956012 0.39778
0.9429125432532699 0.2519827369166206 0.2177627977218775 0.0942718 -0.3168771002267852 0.880021903392897 0.3537659578034699 0.915862 -0.102493117464121 -0.40257440286827934 0.9096312500281276 0.390269
0.9475996943522639 0.24332190290054445 0.2070006541833957 0.0997077 -0.3031133721847502 0.8894430228432655 0.3420722039544035 0.917871 -0.10088162799184434 -0.3868921822475765 0.9165900591046265 0.38415
0.9513111191940912 0.23504886115847223 0.1993970595715762 0.105426 -0.29118354953005554 0.8974811878768866 0.33126976603694164 0.917748 -0.10109052864023985 -0.3732017554556752 0.9222261949999246 0.382915
0.9545847333765858 0.22791506703129766 0.19189244129061395 0.110781 -0.2807066530581572 0.9038603322021361 0.3228626252763417 0.919135 -0.09985870885025507 -0.3620652180085283 0.9267885498727295 0.378045
0.9571552951773851 0.22382661199303305 0.18372639624619286 0.111154 -0.27293347889110725 0.9093023161592879 0.31412833989908007 0.921705 -0.09675255559565527 -0.3508146883912854 0.9314333027085917 0.371623
0.9593295011163379 0.21853781687241794 0.1786844449987637 0.112428 -0.2655410837351401 0.9133995710885459 0.3085273997297939 0.921724 -0.09578539103979264 -0.34342749763508784 0.934281923581665 0.371195
0.9612329066753118 0.21394922480147568 0.17394547516787828 0.113276 -0.2591403493501713 0.9165017319318167 0.3047471980259239 0.922498 -0.09422090247499504 -0.3380093261625012 0.9364145006160303 0.369007
0.9625671702618475 0.21000376187364583 0.17135595330485714 0.115019 -0.25410952042236656 0.9191594162320249 0.3009556764420934 0.921716 -0.09430161379750723 -0.33323323296292073 0.9381166335185969 0.37042
0.9638307911496444 0.20762648382415688 0.16709712518971692 0.113632 -0.250222363895628 0.9208151540535957 0.2991458184092451 0.923644 -0.09175497064647085 -0.33013738849162516 0.9394627880238766 0.366017
0.9646960249549037 0.20618662091944412 0.16385559737167768 0.111035 -0.24751548527786393 0.9223772387604735 0.29657429754492887 0.924476 -0.08998702119678928 -0.32666084364433084 0.940848037275788 0.364712
0.9653156486517709 0.2050121127217302 0.16166549447975498 0.108237 -0.24554683485428264 0.923310855509282 0.29530292242333417 0.924717 -0.08872682999552473 -0.3247569825825007 0.9416264927787742 0.364944
0.9659077574578165 0.20377019313660366 0.1596869201653135 0.103946 -0.24362854151640173 0.9240888445774158 0.29445702757137215 0.924289 -0.08756333617104184 -0.32332261862827993 0.9422288185159426 0.367266
0.9664546872663347 0.20421345891986728 0.15576328404638626 0.0962067 -0.2426093272655425 0.9249184531480925 0.2926885193339514 0.925875 -0.08429740081812984 -0.3206598169745059 0.9434358642712202 0.365376
0.9667170305593572 0.2052761262785713 0.1527085289254091 0.089226 -0.24247037378560563 0.9255531929040988 0.29079099872811814 0.927143 -0.08164741675501527 -0.31813990489263017 0.9445214133370089 0.363931
0.9669209446078062 0.20581196842932883 0.15068284749762517 0.0836708 -0.24209595736851144 0.9265183682764805 0.2880160771070111 0.927043 -0.08033327022206613 -0.31496848556249696 0.945696261385174 0.365499
0.9669759706540216 0.2070295949930876 0.14864796996498408 0.0771938 -0.24239614100805712 0.9272523887622419 0.2853894152892121 0.927198 -0.07875013017204983 -0.3119964011518633 0.9468139535654145 0.366532
0.9670259348963095 0.20838002853474152 0.14641927791714787 0.0710411 -0.24270738636595934 0.9282286767434313 0.2819302188034186 0.927576 -0.07716194555170058 -0.308170873670759 0.948196576021912 0.366819
0.966634383736811 0.20963913603766327 0.1472053015999694 0.0684512 -0.24396947506341793 0.9286052922595547 0.27959096270235123 0.925919 -0.07808241424953602 -0.30617583808806564 0.948767354389913 0.371469
0.9663210162414484 0.21176678773344967 0.1462139568685219 0.0631418 -0.24548022704176561 0.9290424899062002 0.27680229421088726 0.925943 -0.0772214458658805 -0.3033725095685887 0.9497378421103578 0.372348
0.9660282629446626 0.21371928635541804 0.14530472061102534 0.0569255 -0.2469695208491075 0.9290514696947838 0.2754440459140912 0.925821 -0.07612785931365447 -0.30197257043925785 0.9502721272028489 0.373651
0.9656056588382865 0.21572938269390285 0.14514318813497828 0.0523047 -0.24862739813820334 0.9294453955658337 0.2726090122437218 0.925023 -0.07609289398166845 -0.299319378096337 0.9511139686607047 0.376293
0.9649127920406161 0.21668599543647482 0.14829188493672557 0.0542977 -0.25046609756985516 0.9290849840983648 0.2721540488235831 0.922562 -0.07880379257694917 -0.2997470128369013 0.9507584817243778 0.38201
0.9644229761885122 0.2180654502703191 0.1494516055387004 0.0520475 -0.2521638400806027 0.9285653830135888 0.27235955504558923 0.921438 -0.07938337833259894 -0.30035610342929625 0.9505180116006605 0.385023
0.963629228335133 0.21900355024640278 0.1531540246866122 0.0553962 -0.2543005819250159 0.9276274943045555 0.27356616355618635 0.919308 -0.08215792311660725 -0.30256350868821436 0.9495816967904565 0.38962
0.9630682881473152 0.22013194286046714 0.155052894514987 0.0553764 -0.2559238097852028 0.9273354849076336 0.2730419418626946 0.917753 -0.08368079797675798 -0.3026397630246227 0.9494244034605246 0.393272
0.9624613762849209 0.22185460206592617 0.15636059190827262 0.0546927 -0.25794203793447495 0.9269160971075219 0.27256642124291247 0.91715 -0.08446303467165808 -0.3026666226479697 0.9493465707047799 0.394772
0.9618160007704196 0.22346372119614857 0.15803147145795457 0.0552908 -0.2599728964308475 0.9264545211230772 0.2722060128137614 0.916546 -0.0855808026566249 -0.30289599799234684 0.9491732932488505 0.396088
0.9611770668461523 0.2244411657374784 0.16051420277168227 0.0574842 -0.26174487667245716 0.9257443560123445 0.2729230786265785 0.915403 -0.0873399433520951 -0.30434117439756836 0.9485505700075044 0.398413
0.9608274533044102 0.2262303139222649 0.16009512809325305 0.0569929 -0.26326213534637927 0.9255605112899026 0.2720859938211426 0.916867 -0.08662362881700525 -0.3035746778033498 0.9488618244650621 0.395102
0.9601337551978204 0.2264688098092743 0.16387510583765572 0.0616372 -0.26466767014347947 0.9251340011266291 0.27217293094695644 0.914358 -0.08996775261478121 -0.3046948607098668 0.9481913548152824 0.400187
0.9597969008619558 0.227408062043488 0.1645462926152106 0.0637068 -0.26569352139437896 0.9251082184669217 0.2712595377383316 0.914783 -0.09053652182870786 -0.3040729475678226 0.9483368498442821 0.39889
0.9594849081949884 0.22844495736305714 0.16492911326217116 0.0656614 -0.26680345947327805 0.9248127432454734 0.27117762434218906 0.915813 -0.09057938484636538 -0.30419449598270765 0.9482937749741274 0.396201
0.9592404605761212 0.22776674787259538 0.16727237475821366 0.0708628 -0.26686448416308817 0.924826917781044 0.2710692148510834 0.914389 -0.09295744126254535 -0.30465961450634627 0.9479142542460076 0.398586
0.9589497401623758 0.22669448075829002 0.1703672745460266 0.0780457 -0.2668509457434336 0.9246576613787256 0.27165931239230673 0.912686 -0.0959477388912682 -0.3059702953676306 0.9471938607034454 0.40114
0.9592262956658459 0.22616217319802379 0.1695157370792644 0.0813401 -0.26592344393370315 0.9253579924313995 0.27018013955464726 0.913897 -0.0957582146325727 -0.3042421030325637 0.9477695432291043 0.397714
0.9591383745420243 0.2241921935100357 0.17260196653005466 0.0921384 -0.2653078051708764 0.9246110351963917 0.27332435330293825 0.913536 -0.0983124966435891 -0.30794852485799606 0.9463098641784775 0.396185
0.9593340643801181 0.22090590916176117 0.1757234538055158 0.102288 -0.26325445175020057 0.9248277332073602 0.2745737742834104 0.911228 -0.10185895421427048 -0.309667956346716 0.9453732121540274 0.399
0.9599461489628722 0.2184293930186048 0.17547646952476317 0.108386 -0.26084968534231956 0.9253421953239194 0.275134990886151 0.911786 -0.10227821248029387 -0.3098877568066112 0.9452559153124631 0.396105
0.9609022317805878 0.21407199065164959 0.17561344987649843 0.118846 -0.2569581102708867 0.9257054873116972 0.2775641913630572 0.91254 -0.10314761521770724 -0.311837351161552 0.9445200029091213 0.391339
0.9621426121374479 0.20985855598023434 0.1738993398239892 0.127559 -0.2525357567877772 0.9264210189780024 0.27923070593934357 0.914686 -0.1025050508655699 -0.3125755621888096 0.9443459283913901 0.383509
0.9630662899673249 0.20356334362578957 0.17625347162669083 0.141723 -0.2478258997133619 0.9260606250887525 0.2845945222443524 0.913734 -0.10528838758303152 -0.31776356586638005 0.9423060392717685 0.380794
0.9641947016243421 0.19726858361311217 0.1772390568662069 0.153952 -0.24263331140404898 0.9259662944727091 0.2893363055297178 0.913562 -0.10704042954254124 -0.321980632056894 0.9406757246913473 0.376434
0.9656190593892704 0.19008428196287447 0.1773352697430466 0.166748 -0.23625634493583575 0.9262785143718911 0.29358312841606116 0.913766 -0.1084563120419464 -0.3253860469713791 0.9393408054665779 0.370442
0.9669981293148256 0.18266607764698226 0.17761678405684117 0.179942 -0.22960572331486798 0.9269422393562189 0.29674786725153524 0.913247 -0.11043473059995297 -0.3277364626866305 0.9382925883235841 0.365515
0.9684320674721435 0.17422522915855218 0.17828320228299555 0.193895 -0.2221731694203525 0.9275874106755105 0.3003675720613277 0.911937 -0.11304164489843938 -0.3304953329185626 0.9370135652367597 0.361628
0.970065616568743 0.16523196858154257 0.17796374942603374 0.207479 -0.21379306157887976 0.9286489554916881 0.30315613845826295 0.91088 -0.1151747644748333 -0.3321287612099625 0.9361758700187172 0.356721
0.9714660031357212 0.15523866640294484 0.17931748716994186 0.222474 -0.20543465204132302 0.9285897489108788 0.3090593502198108 0.9091 -0.11853441901898196 -0.337078677271444 0.9339847733431023 0.352197
0.9727605774662894 0.14572428579248292 0.18028114559687647 0.238039 -0.19730606268961814 0.9287210901223353 0.31392268855229605 0.907974 -0.12168474248389516 -0.3409421788107951 0.932175549000496 0.34485
0.9741492303136405 0.135974403657986 0.18040021793001493 0.25274 -0.18867422795012626 0.9288919140170574 0.3186876963127874 0.907561 -0.12423893426283723 -0.3444862459135091 0.9305342087154301 0.335343
0.9753636143214315 0.1262746627284522 0.18088816824394302 0.266586 -0.1801722279959936 0.929125969001679 0.3228976648810737 0.906232 -0.12729410087192997 -0.34753365776497985 0.9289868506086081 0.328139
0.9766590949457697 0.11704204591351489 0.18010600142163147 0.278652 -0.17159250874970852 0.929508234312614 0.3264513030852043 0.906135 -0.12920148296630057 -0.34973647483987913 0.9278962091558965 0.318234
0.9775418934632303 0.1075260599927386 0.1812456701462422 0.291802 -0.16349652073704007 0.9296024536494989 0.33031525226019137 0.903901 -0.13296892205024857 -0.35253003360177587 0.926305479405971 0.312754
0.9783928286645078 0.09954807648221149 0.18121162569370497 0.301464 -0.15610520183489518 0.9303629774547004 0.3317467349375302 0.901682 -0.13556783828751678 -0.3528667037994901 0.925800437768169 0.309982
0.9792720817872672 0.09314645415342708 0.17986085708312266 0.308874 -0.1495772818722526 0.9313163047056521 0.3320791732962456 0.90115 -0.13657535128909848 -0.3520989614697162 0.9259446499398367 0.304182
0.9797642147915817 0.08630209928339021 0.18059355213604736 0.318819 -0.14365468222888197 0.9314809123025263 0.334225436329691 0.899617 -0.13937508991047984 -0.3534052315336224 0.9250293652836717 0.298402
0.9801726472012905 0.08044237174976662 0.1810817674579268 0.325622 -0.1384983855630454 0.9317019887638962 0.33578207416392913 0.897596 -0.14170313643262933 -0.35420393696382413 0.9243699433476202 0.297138
0.9801971196971935 0.07439051056147505 0.1835201854721399 0.334657 -0.13406746866570926 0.931352318379645 0.3385391748297814 0.894346 -0.14573784814829208 -0.3564392107881276 0.9228822073427583 0.296901
0.9800076108118743 0.07042030561072735 0.1860807977962631 0.340352 -0.13143358935103733 0.9312789447512806 0.3397715977730397 0.889994 -0.14936630925715774 -0.3574360189189572 0.9219160471747208 0.303433
0.979746633704802 0.06832829595334385 0.18822268119496355 0.345077 -0.13031795060001133 0.9312513853046659 0.3402764892253853 0.887084 -0.15203211994681132 -0.3579135389172265 0.9212948133818106 0.306601
0.9791176163616502 0.06565994343480683 0.1923992337781476 0.349381 -0.12975785855822985 0.9303960555629402 0.3428207664878319 0.881825 -0.15649789606465236 -0.3606271642861365 0.9194870618482226 0.316728
0.9785259411935446 0.06559692815791437 0.19540733207209315 0.349682 -0.1308291780641428 0.9302271335108537 0.34287199688402864 0.8768 -0.15928185263346445 -0.3610741241025532 0.9188333735369137 0.330067
0.9776099909876685 0.06673417725214104 0.19956265960236827 0.349203 -0.1335540447046713 0.9296558185629769 0.3433706104998274 0.871225 -0.16261003248297304 -0.3623349397980843 0.9177534356990472 0.345
0.9763234474697886 0.06938718288988152 0.20488519900498647 0.346076 -0.13810835490084442 0.9289347496728323 0.34352046977851936 0.863721 -0.16648906338642544 -0.36368344710871614 0.9165237269551904 0.366358
0.9749650649637099 0.0741582430168345 0.20962747218092712 0.340139 -0.14416800871320457 0.9285655668787255 0.34202569095151436 0.856798 -0.16928882823145366 -0.36368467523370784 0.9160102344603875 0.387561
0.9728776647610076 0.07789326679617202 0.21781113010355763 0.33616 -0.15094935457978192 0.9272662225895293 0.34262464125700703 0.846505 -0.1752807512567076 -0.3662103103851199 0.9138745355936548 0.412827
0.9704089623960047 0.08221160036568881 0.22704118231462267 0.330171 -0.15882768421008858 0.9255454905215432 0.34371399695633026 0.835196 -0.18187966469611117 -0.369603568354728 0.9112151172085997 0.439813
0.9678379317316222 0.0895246393235395 0.23510652235836946 0.318492 -0.16857305327524197 0.9244865898419203 0.34191763761455746 0.824294 -0.1867427739188822 -0.37055348353030976 0.9098446308203584 0.468084
0.9643656833918721 0.09512797775997159 0.2468795182744537 0.310547 -0.17892389045166876 0.9218778662827299 0.34369672835748805 0.812102 -0.19489758880439545 -0.37562197420451865 0.9060480463931995 0.494014
0.9610127476062904 0.1033404217038503 0.25646687150639663 0.295261 -0.19045643070988785 0.919811186126856 0.3430360474894087 0.801064 -0.20045160747536517 -0.3785077794682384 0.9036321231245409 0.52069
0.9572748323595011 0.11142634600975096 0.2668502665278874 0.280108 -0.20238891780119841 0.917266674418958 0.3430168712347034 0.790374 -0.20655173996446763 -0.38236895456522174 0.9006277595668204 0.544838
0.9530656920511593 0.11823336514409932 0.2787232641918266 0.26405 -0.21436056194223962 0.9136371271169016 0.3454225664854307 0.778346 -0.2138114499245818 -0.38895767291605987 0.896100771431914 0.56961
0.9481457206793619 0.12710900121396146 0.2913125369217784 0.248127 -0.22843255711511407 0.9098074248376612 0.34650976401843786 0.768494 -0.22099379902446017 -0.39508701765643034 0.891665850681792 0.589788
0.9424377278554839 0.13649416642782178 0.3052547651483384 0.229867 -0.243524024983744 0.9057568514240708 0.3468437333354471 0.756852 -0.22914444870061756 -0.4012154890199629 0.8868590378409424 0.611831
0.9355231286894827 0.1459767777840118 0.32169435188520007 0.211124 -0.26052990559851386 0.900098878129053 0.34920792929091665 0.745206 -0.23858047693780632 -0.41050309370164023 0.8800946347328288 0.63253
0.9282090142206353 0.15582767592504315 0.33785464527716097 0.191533 -0.2777820454816447 0.8943541771494192 0.35066756482945327 0.734327 -0.24751800162329612 -0.41934274911006275 0.8734337396970792 0.651213
0.9201569128224747 0.16459274146003067 0.35527522464095884 0.174649 -0.2953851254555409 0.8874037316573579 0.3539240662913584 0.724603 -0.25701922777221675 -0.43060869301404847 0.8651689257342209 0.666669
0.9105563428263146 0.171186689975224 0.3762741868825096 0.160431 -0.31375857188954537 0.8788375505431845 0.3594441797012284 0.71294 -0.2691518253785402 -0.4453534292341112 0.853942397334163 0.682626
0.901855621382579 0.18029225905605198 0.39262085974271377 0.145781 -0.3326616719990213 0.8696343634708738 0.36479074255444555 0.709242 -0.27566764438986646 -0.45959849346475634 0.8442609635897353 0.689727
0.8902864169283562 0.18597453150789228 0.4156964871914237 0.133855 -0.3534958199107732 0.8576984087190291 0.37335525305860595 0.700487 -0.28710764730058946 -0.4793400810606865 0.8293384626015213 0.700999
0.8808476689559771 0.19398051236626757 0.4318320795366434 0.12196 -0.3732770462342334 0.8456267451294723 0.3815490200175866 0.700188 -0.2911556814652043 -0.49727956799355333 0.8172768199372094 0.703465
0.8695991146517565 0.19837726968328123 0.45215466233346263 0.117208 -0.39419881344293134 0.8303679272394783 0.39382280392607705 0.699998 -0.29732923717163423 -0.5207067930083292 0.8002872986858625 0.70446
0.8597242470149341 0.2033386508514394 0.4685377382501015 0.109702 -0.4137982887499547 0.8150372257574081 0.4055678696066497 0.701405 -0.2994080749115048 -0.5425566456136942 0.7848484509624789 0.70427
0.8521684857732852 0.20751810744576957 0.4803593518783534 0.101204 -0.42994896771885494 0.8009209962191091 0.416736659022074 0.703284 -0.2982494878660426 -0.5616598551592551 0.7717418286513484 0.703669
0.8416924944762881 0.20479584323292832 0.4996122569921573 0.103164 -0.44830955326784827 0.7807715688069299 0.43521753387420864 0.704766 -0.30095230384741356 -0.5903002794656965 0.748981502356136 0.701899
0.8360896285570891 0.20355688171173766 0.5094298076546585 0.104361 -0.4613879373027767 0.7632737542599325 0.45225473725483184 0.711258 -0.2967748377655317 -0.6131702634389095 0.7320839594633258 0.695141
0.8335696339201022 0.20199191236129369 0.5141604153831123 0.105813 -0.4704974667403977 0.7473236318684651 0.4691902844708057 0.7195 -0.2894715861655086 -0.633013946601143 0.7179829693044746 0.686385
0.8404031027598897 0.2248295777979457 0.4931270483544248 0.111114 -0.4647127183767605 0.7671227502833952 0.44222706314349525 0.741323 -0.27886325367540166 -0.6008114071360802 0.7491735038058482 0.661886
0.8404566812823213 0.2185705756211213 0.4958421829176679 0.115472 -0.4691107833174775 0.7514979279962049 0.4638813826752193 0.748723 -0.2712335522444983 -0.6224771222222245 0.7341352684940075 0.652748
0.8445167992818482 0.23057513022625892 0.4833492371483446 0.12668 -0.4644118914935566 0.7647622632775646 0.44660975773705897 0.763664 -0.2666701535045119 -0.6016425766081729 0.7529364111544607 0.633063
0.8549188576301154 0.24854477341952932 0.4553451904591206 0.147089 -0.45132361974448465 0.7891294810524165 0.4166313147072351 0.789194 -0.2557747781333293 -0.5616940072136947 0.7868158012718527 0.59627
0.859322343062846 0.24132931233069183 0.4509160384406129 0.155782 -0.44863539906369526 0.7789921212934954 0.4380611300602 0.800614 -0.24554305003387847 -0.5787326135381139 0.7776742072406702 0.578576
0.8653153490503112 0.22809082586586066 0.44632266562854284 0.168093 -0.44240958357709764 0.7661055187623805 0.46621464421547615 0.812253 -0.23559097405689697 -0.6008801122334251 0.7638324316663105 0.55856
0.8740451154349529 0.21402598235643305 0.43616283090224817 0.182823 -0.4312364874285927 0.7552703498537421 0.49356032107742887 0.827458 -0.22378612131798636 -0.6194833149554306 0.7524361729723537 0.530933
0.882114059241691 0.1957065602037633 0.42845504872898554 0.192225 -0.41835648560007876 0.7435017581506796 0.5217115932995926 0.835796 -0.21645470067544792 -0.6394560797428226 0.7377284626713567 0.514291
0.8917378115258622 0.17466145321150078 0.4174889845937406 0.208121 -0.40151048983564047 0.7309605831114294 0.551802457850038 0.849161 -0.20878937244747375 -0.6596893228630016 0.7219535963298087 0.485399
0.9015545452002742 0.15012582854713563 0.40578521120386196 0.222189 -0.3818002279855479 0.7172477585300456 0.5829101464152164 0.86065 -0.20353866448149466 -0.6804541780947939 0.7039560523032871 0.458162
0.9129044269089595 0.1272166611157445 0.3878420148263804 0.235885 -0.3570725526040047 0.7092479446614796 0.6078375976939295 0.874551 -0.19774908218974047 -0.6933853720176312 0.6929011663759028 0.423696
0.9223109083908758 0.09653810617403517 0.37419644883340175 0.249155 -0.3317069474002574 0.6945673152094234 0.6383938797397549 0.884012 -0.19827528668394548 -0.7129212009044931 0.6726293719362061 0.395531
0.9298703089017062 0.05664754686281635 0.3635000193362733 0.266051 -0.30523004239596174 0.6703727714395155 0.6763393885701638 0.893098 -0.20536754817157798 -0.7398590424850728 0.6406502691883196 0.362758
0.9394903400777047 0.0273013616120589 0.34148577796858054 0.276757 -0.2726056209659182 0.6632739818218796 0.6969604009238511 0.90497 -0.2074706637538551 -0.7478785066387968 0.6305820033820013 0.323162
0.9470757113701724 -0.007574771950686968 0.32092089330951484 0.286023 -0.23832298897356718 0.6531618588865502 0.718736209622537 0.912938 -0.21505755011016678 -0.7571804335333564 0.6167884898527628 0.291092
0.9532361199763271 -0.04345491206964833 0.299086225342286 0.295011 -0.20242871764884374 0.6430330797035588 0.7386007532341144 0.922591 -0.22441816736512724 -0.7646045572869519 0.6041658357872466 0.248584
0.9567029347316076 -0.08449537547394587 0.2785319123537658 0.303603 -0.16519747088756076 0.6302500210944035 0.7586136740943029 0.929373 -0.23964409086869315 -0.771780695815865 0.5890036224656828 0.20998
0.9591656932421382 -0.12029385861876722 0.2559893757286338 0.308118 -0.1271486323792347 0.6250694428715992 0.770143763768998 0.936012 -0.25265470150269875 -0.7712441760991106 0.5842499658894175 0.170134
0.9591506649091034 -0.1585199597079633 0.2343105298073694 0.311774 -0.08805701189214828 0.6198163082847805 0.7797908095385914 0.941013 -0.2688418952861524 -0.7685695585686511 0.5805384302357062 0.131495
0.9559176735895153 -0.20112780150967505 0.21393692710491558 0.315322 -0.0480829091701801 0.6115289132775918 0.7897597242650831 0.943949 -0.2896712536047397 -0.7652319881483083 0.5749004863014523 0.0976349
0.9507785026288199 -0.23995484770684783 0.19606608579987264 0.317894 -0.009829470025193812 0.6090606563852872 0.7930627329300926 0.946216 -0.3097153862143813 -0.75595422341932 0.576723149905195 0.060158
0.9430716044113617 -0.2804158248907201 0.17883767529197223 0.318263 0.029201758967354274 0.6054492227206988 0.7953480344981775 0.947756 -0.3313053066677206 -0.7448477722714612 0.5791706051899119 0.0216262
0.9336261936582974 -0.3183779093669665 0.16424870575514172 0.318163 0.06651144034146542 0.6045493454812567 0.7937860651220126 0.947963 -0.35202039545859154 -0.7301750445648658 0.5855988776251821 -0.0117849
0.9256540291711786 -0.34738442452556834 0.14996226150669612 0.312932 0.10219926184892815 0.6111519830519359 0.7848876126486012 0.94876 -0.3643074651399518 -0.7112083486635447 0.6012177273123079 -0.0439125
0.9137170150510583 -0.3820775691049992 0.13833997106042184 0.307572 0.1372225238153642 0.6105707091714374 0.7799829408773179 0.948303 -0.38248032023089185 -0.6937003245557135 0.6103184941875609 -0.0782421
0.8982616773288978 -0.4193711049152358 0.13135385568931413 0.302758 0.17047333402448922 0.6080121082888993 0.7754096456458758 0.945955 -0.40504913458597813 -0.6741284391985417 0.6176455666763003 -0.116221
0.8845701985739999 -0.4489634968764512 0.12636194944374163 0.297754 0.1996664968864975 0.609362661590377 0.7673398443196896 0.943602 -0.4215078336351867 -0.6535357106784295 0.6286670192178141 -0.144766
0.8753301923244561 -0.4658543952746632 0.1295250431712269 0.293748 0.22141947500583015 0.6243273563659745 0.7491253354287357 0.939459 -0.4298493579073638 -0.6270526568768775 0.6496418205521222 -0.176434
0.8634758650636921 -0.48661909402800463 0.13270752721632906 0.288383 0.24363907386130434 0.6327701244350352 0.7350115450184956 0.934843 -0.44164401064716663 -0.602331990641236 0.6649411559752121 -0.207134
0.8602614850254612 -0.4895571669500039 0.1424217598180621 0.284472 0.2540142166887183 0.6537326935072001 0.7128185906384861 0.928985 -0.4420712104421692 -0.5770332275768066 0.6867355380133521 -0.236774
0.848698778891891 -0.5076577722654375 0.14830363773659017 0.280416 0.2711067157424565 0.6583644890776175 0.7021804242507095 0.923577 -0.4541051985903173 -0.5557335564639412 0.6963825693059724 -0.26148
0.8344990014199244 -0.5289928896992036 0.15420097041470027 0.276904 0.28936714322447626 0.6588883371109229 0.6943578440842361 0.918208 -0.4689115834048616 -0.5348202332250428 0.7029148206446186 -0.283229
0.8229339938747857 -0.5442216767106167 0.16310244732553428 0.274276 0.30132757274582234 0.6614714009699879 0.6867730917864446 0.911933 -0.4816444078658081 -0.5160216587480472 0.7083362987130539 -0.305208
0.8111064659293761 -0.5596502482201877 0.1699938251662104 0.271154 0.31505427737529956 0.6629126602191545 0.6791815716203521 0.906909 -0.4927951940056696 -0.4973312825353398 0.714012949586118 -0.322478
0.8011036678308976 -0.5716449939361461 0.17735533342875937 0.268079 0.3251061176106338 0.664395010919163 0.6729675190957333 0.901902 -0.502532512062676 -0.48145744399008816 0.7180945647660254 -0.338684
0.793138819603676 -0.5807420208826516 0.18349255575859474 0.263977 0.3328906530498391 0.6656666699631992 0.6678859914777047 0.897622 -0.5100143389648362 -0.4686433501941949 0.721289667449231 -0.352974
0.7850479401725214 -0.5905035970648479 0.18709685589115765 0.261106 0.34040776331430833 0.6636167923916045 0.6661346016618771 0.894964 -0.5175154937837424 -0.4592583746752513 0.7219830046368235 -0.361749
0.7764574941794522 -0.6004190573819468 0.19133926744173724 0.258131 0.34661562298431614 0.660491652288683 0.6660393285386081 0.89187 -0.5262806947207551 -0.4508300486763721 0.7209583188886162 -0.371397
0.767371569729814 -0.6113663445830188 0.193318562692771 0.253773 0.35331415333305727 0.6547546667330367 0.6681806907161078 0.889837 -0.5350794174932784 -0.44444068119661095 0.718444498811527 -0.379195
0.7609486509164483 -0.6194755105694216 0.1928917895432343 0.251766 0.35932732133817946 0.6499178630374842 0.66969444334317 0.889694 -0.54022312687293 -0.44029179314352884 0.7171485969323861 -0.380865
0.7563220176647842 -0.6247647760399322 0.1940257204992238 0.251379 0.36237452634951584 0.647020175710026 0.6708573580703507 0.888877 -0.5446666028392355 -0.4370742120555046 0.715754444560162 -0.383022
0.7524176493700261 -0.6287185036012581 0.19641976516093995 0.249721 0.3624188395077555 0.6441594034972158 0.6735809139635434 0.88696 -0.5500184230426612 -0.4356279445989495 0.712536334651194 -0.388511
0.7476801737801076 -0.6340040079828319 0.1975177855228562 0.248736 0.36286039400371717 0.6391703264565574 0.6780808419656794 0.885763 -0.5561534789962344 -0.4353162202802956 0.7079499248967133 -0.391861
0.7473111689871711 -0.6340423968965934 0.1987869604492483 0.247577 0.3616221313774956 0.6390585823388693 0.6788472305585642 0.884731 -0.5574544383221158 -0.43542435310471306 0.7068593791683867 -0.394914
0.7426085942909368 -0.6399963770104571 0.19732489224303942 0.245784 0.36242910749261403 0.6317959310430297 0.6851854081630591 0.884743 -0.5631852428174459 -0.43730828820291023 0.7011304039490046 -0.396004
0.7421965156864141 -0.6404553912911701 0.19738597688037715 0.244272 0.36083039593065064 0.6300708828539834 0.6876133418950886 0.884202 -0.5647528286564633 -0.43912136630512094 0.698732186305202 -0.398143
0.7425190370830542 -0.6405441027774824 0.1958793811666863 0.241557 0.3595284296183813 0.6278632212413373 0.6903094115746882 0.884359 -0.5651590819100358 -0.4421436732663282 0.6964942098288857 -0.39945
0.7432209173509912 -0.640923991762963 0.19193515778663517 0.23648 0.35979384664573294 0.6247478976892522 0.6929923897480595 0.885551 -0.5640665350185365 -0.4459893508991993 0.6949262140376437 -0.399844
0.7414201772758151 -0.6434348009500964 0.19049351079395987 0.228735 0.3592841688208467 0.6203953443165227 0.6971545759622442 0.884492 -0.5667548030347975 -0.44844316660719996 0.691149563814009 -0.406636
0.7422259159477513 -0.6436052661867127 0.18674300798758878 0.22281 0.3590782491810313 0.6172260478054975 0.7000677230636271 0.88524 -0.5658299220265813 -0.45255305462137446 0.6892258208252622 -0.408297
0.7417670836833948 -0.6440210200044576 0.18713235785467422 0.218125 0.35748346235341105 0.6157675993807507 0.7021651071483723 0.883736 -0.5674391312798662 -0.4539462405894401 0.6869830004789532 -0.414043
0.7395142675720605 -0.6475722291997856 0.18376304314681763 0.210528 0.3588127002667399 0.6101960830687941 0.7063385776911748 0.883631 -0.56953673646627 -0.4564109422184371 0.6836058496228867 -0.418179
0.7385523554931422 -0.648676307994387 0.18373749111790477 0.203036 0.3586422394989751 0.608775019376995 0.7076501394260435 0.881723 -0.570890674510182 -0.4567406520437067 0.6822549483352969 -0.425842
0.7382724309168351 -0.6496033005358279 0.18157469449542166 0.192607 0.36074511872457893 0.6077363697034786 0.7074740025301468 0.880567 -0.5699269927495418 -0.45680636693526455 0.6830162267932351 -0.433017
0.7351385657485641 -0.6543669054364308 0.17713057956968667 0.178885 0.36606182907097395 0.6030895768215268 0.7087183499998038 0.879777 -0.5705874397902191 -0.4561654473968635 0.6828931528100586 -0.440447
0.72402213390756 -0.6679273418280457 0.17223534959602313 0.160567 0.3747630462507422 0.5905373231283408 0.7147155582168878 0.877279 -0.5790894652614632 -0.4529224393104569 0.6778765781410788 -0.452328
0.7048167443819731 -0.6896000704889883 0.1663883998972845 0.1427 0.38563821606153403 0.5693303934384899 0.7260482555726249 0.874398 -0.595412901398411 -0.4475652420471863 0.6672097353603059 -0.463751
0.6942233367197932 -0.7015685002173938 0.1607967607147387 0.123708 0.3960569870202061 0.5588904759333856 0.7285467033371504 0.87214 -0.6009931961229783 -0.44208944277563345 0.6658559174477741 -0.473359
0.6854127702893734 -0.7102027880540683 0.16069018067223229 0.10656 0.4038606927140692 0.5544095827119232 0.7276857532463468 0.867528 -0.6058926267951762 -0.43386866035405136 0.6668223979125342 -0.48584
0.6570739108465922 -0.7383395696726907 0.15201498459135804 0.0823494 0.41970867838432535 0.5258343371375324 0.7398262466120102 0.863484 -0.6261776912136425 -0.42231851693085637 0.6553995493465603 -0.497609
0.6326678117383783 -0.7601234765172343 0.1481341973938684 0.0634675 0.43065459367977266 0.5043070943586679 0.748472428030604 0.858402 -0.6436365907347732 -0.4097397405998974 0.646409532758024 -0.509036
0.6103184742428264 -0.7787506214031515 0.14511660712032193 0.0410151 0.4437329521129628 0.48784308181606917 0.7517381157912078 0.852833 -0.6562106576451069 -0.3944066393817496 0.6432969575589262 -0.520571
0.5778457440134991 -0.804330337610839 0.138372700068761 0.0171423 0.4579387732319397 0.4598745906750438 0.7607939542493007 0.847266 -0.6755637468783474 -0.3762553240158795 0.6340706230802636 -0.530892
0.5477904253712579 -0.8257711722053448 0.13426697667776333 -0.00600095 0.4709841055428162 0.437029286546912 0.7662763046227715 0.841135 -0.6914474833258197 -0.3565212109467092 0.6283255557014075 -0.540792
0.5192754970928567 -0.8444162669064312 0.13158315356751893 -0.0282565 0.48190196918802136 0.41647699429377927 0.7709198436392246 0.834419 -0.7057786127474208 -0.33690960420834853 0.6231921600762481 -0.550406
0.48882842465453613 -0.8625543861663508 0.1305630198599682 -0.0518171 0.4945934314249193 0.39730405860778517 0.7729985915932224 0.827412 -0.7186265433735999 -0.31328807177894846 0.6208272507227275 -0.5592
0.4674279558125682 -0.87467298672062 0.12828979860501116 -0.0722154 0.5060958778872646 0.3837486552771624 0.772401405979099 0.822543 -0.7248296824153955 -0.2961150720145803 0.6220432425606737 -0.5641
0.4350098218308462 -0.8915270069076291 0.12627767366015225 -0.0923916 0.5173044340278559 0.3622358242589732 0.7753588396081792 0.816942 -0.7369956427590432 -0.27196471016980633 0.618767015100545 -0.569271
0.3960628122934751 -0.9104035223603235 0.11958124933324443 -0.109321 0.5282331642819653 0.33242918935233495 0.7813197541462853 0.813888 -0.7510685540420701 -0.24628491740353392 0.6125681730131666 -0.570645
0.3520449457908055 -0.9297501776015036 0.10783767149341106 -0.126608 0.540733897378858 0.2960694882490688 0.7873688527960734 0.812843 -0.763983774938067 -0.21887774070906918 0.6069772040641015 -0.568556
0.3141502894239916 -0.9437597496180516 0.10308797532057007 -0.139526 0.5460288601574164 0.2684423724733823 0.7935938359992813 0.809444 -0.7766351006296424 -0.1930187236040432 0.5996513093525695 -0.570379
0.27732307685867236 -0.9559099999869625 0.09658148355955293 -0.149606 0.5488074136228169 0.24011857276433118 0.8007206090555274 0.807064 -0.7886078453796115 -0.16905366881125616 0.5912009161589491 -0.571196
0.21738899938975498 -0.9736340664726195 0.06912834113670058 -0.157062 0.5481689096633544 0.18037781224272498 0.8166851849574706 0.809823 -0.8076217365962921 -0.1396443677865999 0.5729280767449527 -0.56526
0.1566694222348039 -0.986331880599576 0.05103051488586419 -0.162799 0.5387373488830913 0.12864972501203525 0.8325931282281557 0.808386 -0.8277782076468497 -0.10294984005442354 0.5515293005613913 -0.565694
0.07488241286155939 -0.9970658435061479 0.01588483419507536 -0.16302 0.5101753437290648 0.051992805353977545 0.8584974471961779 0.807711 -0.8568043784289165 -0.056182309535987185 0.5125717561476061 -0.566593
-0.01345018554838967 -0.9989556647342163 -0.043665460081558194 -0.156648 0.4712016872284607 -0.044848815567709865 0.8808845291496642 0.81421 -0.8819229345366668 -0.008727178100268351 0.4713128195802023 -0.559038
-0.10620643752332881 -0.9883595351389081 -0.10892943554707846 -0.145544 0.40976487535816997 -0.14331836431802303 0.9008621389379787 0.818833 -0.9059872733936758 0.0510419018964644 0.42021635463114115 -0.555274
-0.2219478622446414 -0.952799515665063 -0.2071526717024314 -0.131219 0.3148436960388786 -0.27110167441027333 0.9096028414624289 0.826886 -0.922828582950058 0.1366636933511156 0.36015335818234473 -0.546847
-0.3205077487478269 -0.8926248120227199 -0.3170106117372164 -0.113623 0.197247278808521 -0.3902211766546148 0.8993447305082305 0.835577 -0.9264816749376286 0.22571747440482343 0.3011367260117476 -0.537494
-0.3980203532451722 -0.8036695829679668 -0.4423742757153527 -0.092024 0.0473134773080543 -0.4995583224738906 0.864987235346333 0.843965 -0.9161556817853659 0.32335225970938697 0.2368587825545519 -0.528445
-0.4493228650892478 -0.7041584667293634 -0.5497907025781188 -0.0716908 -0.10687553882645623 -0.5686240831224847 0.8156250801033942 0.847805 -0.8869535399943698 0.4252381754105168 0.18023848663642947 -0.525439
-0.4869013207071172 -0.5140546023851373 -0.7061692216886286 -0.0478343 -0.3237403709696372 -0.644683323779713 0.6925139596028254 0.860612 -0.8112455091389454 0.5658014473355475 0.1474769341113826 -0.50701
-0.4639567634083839 -0.36397417371072566 -0.8076304368702378 -0.0226362 -0.49684890513952545 -0.6478793333150741 0.5774024029434495 0.866067 -0.7334066315143812 0.6691600483702007 0.1197478288568058 -0.499416
-0.411274464825674 -0.19085118579906069 -0.8913075448247074 0.00417608 -0.6682825879024149 -0.6018500207326536 0.4372355603682705 0.870593 -0.619880389501722 0.7754691337656172 0.11998302083210202 -0.491986
-0.306744265800608 0.0061352239235840655 -0.9517721967077275 0.0306384 -0.8200272566280908 -0.5093463077396148 0.26100122064662556 0.878797 -0.4831803532693076 0.8605397712014412 0.16127011004869438 -0.476212
-0.17997485142527425 0.1495475739218211 -0.9722368929373888 0.0595795 -0.9078624526572592 -0.4057391002251973 0.1056482352128651 0.888936 -0.37867508488095186 0.9016713956217888 0.20879146153006173 -0.454139
-0.06313812863624102 0.23486106244284555 -0.9699762152035127 0.088725 -0.9546607848782029 -0.2975311267663042 -0.009900223275600195 0.893464 -0.29092329320294513 0.9253731733486719 0.24299820476407225 -0.440284
0.06989608441935555 0.3274352336130399 -0.942284832294151 0.116823 -0.9787153248047462 -0.1602000020822334 -0.12826641152379858 0.899402 -0.19295297451758114 0.9311939256253912 0.3092685281485836 -0.421223
0.17098264441099997 0.36195699929880465 -0.9163798699059394 0.146248 -0.9758354002129047 -0.0662185637899283 -0.20823153819947426 0.903596 -0.13605222159722874 0.9298398961478284 0.3418882281247107 -0.402648
0.25514216532735745 0.38469486995378066 -0.8870807925455896 0.174312 -0.9638590105019191 0.02844374085135115 -0.26489009320969825 0.904212 -0.07666996378197177 0.9226054468935381 0.37804881432963944 -0.389891
0.355722928114454 0.4215466425008242 -0.8341220693699223 0.197806 -0.9342308863675469 0.13559712649985511 -0.32988796619745003 0.910286 -0.025958608795286164 0.8966113134916738 0.4420569003512428 -0.363665
0.43696475175916505 0.43978568234457616 -0.7846339014628203 0.219918 -0.8994754230495449 0.21597552604704373 -0.3798664705900549 0.916828 0.0024018846545037498 0.8717471684802987 0.489950104803222 -0.333262
0.49022834109238544 0.44213686213011427 -0.7511265996724812 0.240123 -0.871139913298542 0.2763661164195209 -0.40587808656467306 0.918325 0.028132277689804364 0.8533093019772654 0.5206455705286042 -0.314673
0.5419338778523356 0.4410587180876148 -0.7153844275876009 0.257732 -0.8388130245079095 0.336499379894625 -0.4279729865849312 0.919295 0.05196519943022121 0.8320068356266327 0.552326211145854 -0.29744
0.5881302958440929 0.4433962413350787 -0.6763893318794021 0.272077 -0.8063719628090205 0.38578485577820504 -0.44825696051229025 0.923092 0.06218530940557537 0.8090548919709427 0.5844340587885161 -0.2718
0.6212627568314301 0.4431167516709682 -0.6462817739676567 0.274328 -0.7810173781606335 0.4170929675851496 -0.46480674629581653 0.927044 0.06359592742701076 0.7935244172548084 0.6052062105060684 -0.255603
0.648985412276587 0.4387647979960225 -0.6215330938024928 0.276101 -0.758587897159223 0.43545539617737894 -0.48468856002958294 0.931762 0.05798566146675349 0.7860432875990431 0.6154458652755346 -0.235769
0.6599845006876273 0.42794090865172474 -0.617484443167955 0.278362 -0.7493943217275763 0.4331795827539847 -0.5007630174519178 0.933545 0.053184672741018235 0.7932351655010133 0.6065882976105053 -0.225849
0.6747799222063185 0.4257262423431858 -0.6028509128860844 0.281162 -0.735597637584513 0.4540843493764839 -0.5026962494702127 0.933737 0.05973417922193064 0.7826650434455891 0.6195702200727501 -0.221546
0.6844616419621802 0.42168122326172564 -0.5947244795961664 0.281852 -0.7265063582382413 0.46258025214638315 -0.5081417339321745 0.934508 0.0608339717743675 0.7798746413832696 0.6229725287727158 -0.217381
0.6927406362264107 0.4184531659983514 -0.5873732704052714 0.282776 -0.7190082070538686 0.4639920376906541 -0.517434621134744 0.936578 0.05601436520937442 0.7807741906759156 0.6222974000143019 -0.207023
0.6951583100005545 0.4172615801768593 -0.5853611686347869 0.283114 -0.7169830386634972 0.46120782950314965 -0.522707050147453 0.937801 0.05186758434736616 0.7830581790092638 0.6197819309891704 -0.200938
0.7006079354151182 0.41529175263982954 -0.5802424329732394 0.282737 -0.7117401393425101 0.4645535640334252 -0.52689274069069 0.938716 0.0507394805065044 0.782127065337328 0.6210497232788604 -0.19716
0.7028565878005789 0.41338297347391917 -0.5788843876174137 0.282613 -0.7095069650608594 0.46566140161244873 -0.5289227973707109 0.938884 0.050916436594241166 0.7824793775494603 0.6205912827250749 -0.196539
0.7021455856477397 0.41098899328010663 -0.5814461488031348 0.281986 -0.7102109761669094 0.4626321331609844 -0.5306334692600562 0.938681 0.0509111568071125 0.7855313849678583 0.6167240041891023 -0.198396
0.701245198246821 0.409917955228577 -0.5832859006670731 0.282759 -0.7109970857681358 0.46217132349746676 -0.5299818975831321 0.938128 0.05232892092327446 0.7863618363818414 0.6155458929415283 -0.199909
0.7032477664270969 0.40928171159279947 -0.5813183805548974 0.282671 -0.7092206190324463 0.4607814528991315 -0.533560274199082 0.939036 0.04948426572693221 0.7875080527968171 0.6143145564168511 -0.195726
0.7024582713052576 0.40868732048479517 -0.5826894980603197 0.282777 -0.70963775020938 0.46483680724247156 -0.529472384653246 0.937722 0.05446687573744741 0.7854307205015497 0.6165484107025317 -0.201777
0.7045709908446958 0.4080125003229823 -0.5806078869945808 0.282209 -0.7075115523188215 0.4671156044832252 -0.5303116210151184 0.937917 0.05483723366048948 0.7844289716911654 0.6177896617587619 -0.201666
0.7026745474047451 0.4075338809549587 -0.5832363297183449 0.282848 -0.7090502807785548 0.4692007012701114 -0.5264013689718977 0.936562 0.05912850207293269 0.7834327270426128 0.6186574031248522 -0.206999
0.7047443323015318 0.407203702286566 -0.5809652063015325 0.283484 -0.706719828672411 0.47485310514390366 -0.524463165814751 0.936032 0.062309789360151524 0.7801920746709151 0.6224289652406827 -0.208521
0.7056038674868812 0.40809624973326514 -0.5792932186217963 0.283105 -0.7055337179277335 0.4806551031288405 -0.5207617926684647 0.935319 0.06591930714612482 0.7761624332508295 0.627077764041691 -0.212201
0.7076097572979505 0.40498444056199967 -0.5790302533369216 0.282445 -0.7037219061017898 0.4778375014125096 -0.5257820851990999 0.935989 0.0637488058648879 0.779524807268206 0.6231189008562225 -0.210116
0.7024027357116217 0.40229038775553977 -0.5871906341081461 0.283521 -0.7087465377899405 0.47137756307020867 -0.5248633519353048 0.934571 0.06564100879482243 0.7848347832209581 0.6162188093615036 -0.214926
0.7032395409238111 0.40193532232584855 -0.5864317051013557 0.283645 -0.7075663433880701 0.4760958602782236 -0.5221901967007553 0.933728 0.06931102210833917 0.7821641314281512 0.619205340514391 -0.218398
0.7010403768450181 0.3998780235770286 -0.5904574127683757 0.283019 -0.7092997856335735 0.47660383520991634 -0.5193674983702438 0.932136 0.07373061869509379 0.7829089030808934 0.6177519286441042 -0.225883
0.7019539951203939 0.39981321479154225 -0.5894149489218695 0.28263 -0.7081456432807538 0.4802117842419712 -0.5176160644508918 0.93164 0.07609426152480414 0.7807342925433687 0.6202125666332472 -0.228403
0.70573000275183 0.3996017940265426 -0.5850329643931791 0.280956 -0.7046855427256824 0.4812762407800561 -0.5213362311733454 0.932971 0.07323557256765645 0.7801868918864159 0.6212446898278499 -0.22501
0.705269864872916 0.3976486824019906 -0.5869156183695403 0.280805 -0.7046968383235465 0.48365453861971386 -0.5191152601584252 0.931645 0.0774389033944598 0.7797139300131253 0.6213287403497049 -0.230621
0.7073158036674209 0.39832670666046 -0.5839864627226751 0.280398 -0.7024539897037393 0.48854201788639073 -0.5175761674466788 0.93153 0.0791375146918929 0.7763134235091682 0.6253596743058071 -0.231579
0.7084367381962315 0.39557120657735 -0.5845004777592775 0.280324 -0.700925845488324 0.4912430011187791 -0.5170911650553444 0.930558 0.08258539277839749 0.7760178698836483 0.6252806717953812 -0.235543
0.7112785359783292 0.39176199028182124 -0.583614073876694 0.280709 -0.6979509303672642 0.4920834779844817 -0.5203060152392693 0.930519 0.08335072318819603 0.7774164866177733 0.6234390613996547 -0.235237
0.7164814456992034 0.39151566964845613 -0.5773818653096928 0.280629 -0.6920562776233008 0.5031030074539182 -0.5176344970082687 0.93001 0.08782053615732557 0.7704562572336884 0.631414847084305 -0.237335
0.7215981381468344 0.3924614886141805 -0.5703245628392342 0.280478 -0.6857911172760681 0.518012415466111 -0.5112276214057762 0.928789 0.09479805107840786 0.7600244189351463 0.6429433973018377 -0.242244
0.7205052538124013 0.38938215314836466 -0.5738063419292877 0.280628 -0.6862176141259805 0.5195473756811362 -0.5090932237676036 0.926879 0.09988776347468253 0.7605603613339231 0.6415375058994119 -0.249286
0.7280302365947576 0.3900015393208183 -0.5638002961432119 0.27939 -0.6774555081049323 0.5352524612961354 -0.5045382415780961 0.92644 0.10500480532846779 0.7492687114806151 0.6538886670176425 -0.252288
0.7339018638505727 0.39032302367704086 -0.5559100569555004 0.277355 -0.6703509774238375 0.5482793098343288 -0.5000193650994909 0.925821 0.10962491187481668 0.7396199940477572 0.6640366278310514 -0.256766
0.7386635020620912 0.3893917077092589 -0.5502275244738616 0.275082 -0.6648943002100397 0.5551479160127738 -0.4997262859755086 0.926015 0.110868391661323 0.734972713312502 0.6689718308094073 -0.258508
0.7443142051016204 0.388693842380897 -0.5430593530905411 0.272491 -0.6575646586294017 0.5685767326629267 -0.49429669106311913 0.924788 0.11664083249677559 0.7250086868234923 0.678791072587828 -0.265549
0.7535548924262412 0.38940091005187344 -0.5296432340276317 0.268399 -0.6461827171899694 0.5868635588566584 -0.48789246693414434 0.924598 0.12084254261419658 0.7099000595413906 0.6938580440966768 -0.270332
0.7572878873253859 0.3869786220260656 -0.5260823146666889 0.264384 -0.6416701171802965 0.5908107725772827 -0.4890829088451762 0.924548 0.12155046864606545 0.7079478632649736 0.6957264595158646 -0.27443
0.7627071969472927 0.3856425581248283 -0.5191893191194735 0.259354 -0.6345730417998211 0.6012377230097183 -0.48562357340950013 0.923754 0.1248790869029984 0.6998521399503098 0.7032867095724515 -0.281806
0.77399690642691 0.386420563948484 -0.5016053594204397 0.252425 -0.6207736726702221 0.6191973302663947 -0.4808687071441572 0.925148 0.12477514240062798 0.6835742929255787 0.7191365307715901 -0.28352
0.7793428796539014 0.3847808253461227 -0.49453856510763783 0.245479 -0.6137810286006117 0.62760295489054 -0.47894402589722096 0.924801 0.12608538718955378 0.6768000055102094 0.7252890649104266 -0.290661
0.7848774937114061 0.3833885820014714 -0.4868064451670727 0.237583 -0.6062305298638426 0.6377178962393231 -0.4751846267263874 0.923949 0.12826482185816088 0.6680786480699653 0.7329522873057299 -0.299787
0.7926302417104537 0.38212896382472333 -0.4750944694818818 0.227583 -0.5957153278328484 0.651332436783042 -0.46998862218065074 0.923341 0.1298481733064792 0.6555482528391848 0.7439058677604732 -0.309268
0.8011507452435748 0.3821266302192471 -0.46058302386534794 0.216441 -0.5846511022476149 0.6641272234140158 -0.46595935419416046 0.924294 0.12783024695397377 0.6425840564452816 0.7554767755305343 -0.314377
0.8054829908521612 0.38217415101990454 -0.45292391164529155 0.204603 -0.5785494243548612 0.6726633767636271 -0.46130743018036574 0.923179 0.12836555233595737 0.6336141569229411 0.7629255436281542 -0.32539
0.8117165832593503 0.3822353305571601 -0.4416020160004078 0.190777 -0.5704811770506085 0.6809306503231781 -0.45922181577251486 0.923634 0.12516954538831773 0.624683601132855 0.7707807622034748 -0.332423
0.8214611491412152 0.38599291487420845 -0.4197749993967085 0.175512 -0.5579449439155527 0.6961871674551635 -0.4516866916678274 0.926989 0.11789410507173492 0.6052544072847948 0.787253505836377 -0.331492
0.8255271507849611 0.3866977683717066 -0.4110593135463619 0.161403 -0.5527662323970265 0.7009154491832632 -0.45074053003676207 0.927317 0.11381746631541595 0.5993182535452818 0.7923782022045867 -0.337686
0.8321941623461024 0.3920098998461349 -0.3921493523897397 0.143368 -0.5445530421447486 0.7110622508336318 -0.44480609228101714 0.930835 0.10447420948716721 0.58371115619117 0.8052120377204994 -0.336142
0.8362985022530094 0.39687944173410294 -0.37827440285882463 0.126756 -0.5396965543582283 0.7174653898506063 -0.4404214386021347 0.933254 0.09660457723746615 0.5724771812879049 0.8142096981499459 -0.33611
0.8360545764491423 0.40206240249951714 -0.3733076073357756 0.108423 -0.5401714669232202 0.7223497537491278 -0.43177033198286213 0.930747 0.09606004122662998 0.5626336798974008 0.8211064551717075 -0.349219
0.8376837955693345 0.4088749638686107 -0.3620871753625026 0.0898682 -0.5388673196741939 0.726703476548828 -0.42605641523042104 0.932116 0.08892620776634763 0.5520175007128751 0.8290770823506143 -0.350832
0.8339223369455476 0.4164966663749977 -0.36208295022244646 0.0694649 -0.543611125777088 0.733076287374829 -0.40876166750333187 0.925505 0.0951865530137731 0.5377078052132508 0.8377409124174998 -0.372311
0.832032688735861 0.4266406538710994 -0.35454105169840955 0.050406 -0.5476708994788072 0.7333903769866729 -0.4027345786090636 0.926538 0.0881940516080755 0.5292601509728334 0.8438634379170397 -0.37281
0.8283360833989925 0.4356588195521325 -0.3522225516426507 0.0309334 -0.5536670418978532 0.73256323667562 -0.395984735801041 0.924364 0.08551104990174133 0.5230224633969194 0.8480184922081121 -0.380256
0.8227216979526901 0.44600933061895226 -0.352426850167062 0.0103291 -0.5619970783339903 0.7313094199429732 -0.3864528641978619 0.920522 0.08537149209133796 0.5160060167318851 0.8523200684218296 -0.390555
0.8131631464245673 0.45975613934671755 -0.3569173428539152 -0.0104159 -0.5755094655919457 0.7266977104581311 -0.3750990437590894 0.91579 0.0869169276434156 0.5104260278903416 0.8555178067937087 -0.401523
0.8047778630731022 0.4760806658907788 -0.3545134562643345 -0.0335569 -0.5873552257659747 0.724953131854403 -0.35980104972038895 0.913588 0.0857113170642742 0.4977852510666477 0.8630546992790331 -0.405254
0.7940081437908405 0.49190174612085324 -0.3571886612941113 -0.0573659 -0.6011382443281303 0.7227741598733881 -0.3409256884211146 0.907917 0.09046479315135128 0.4854175377781209 0.8695895211060846 -0.415206
0.7813602427487855 0.507063880266241 -0.36381642676067016 -0.0779938 -0.6162407835544008 0.718989830982406 -0.32140460424229966 0.901207 0.09860764542274109 0.47533129948829833 0.8742635117577243 -0.426314
0.7670369195038151 0.5251513012488487 -0.3686061243586968 -0.101291 -0.6329058774045178 0.7135817922088901 -0.3003850465232349 0.895541 0.10528302078167909 0.463699403304112 0.8797149247969454 -0.433297
0.7476334272777353 0.5436548131636177 -0.3814232590456159 -0.122359 -0.6536637258095842 0.7038741767299627 -0.2780015771420191 0.887266 0.11733708696605674 0.4571658205254949 0.8816072938477602 -0.444733
0.7317004947509764 0.5617556835806335 -0.38606338591743183 -0.14575 -0.6679280883793411 0.7038830030827219 -0.2417039236859183 0.879284 0.13596490258554142 0.43471745989332466 0.890243941472673 -0.45345
0.7124418640360086 0.5795674471161253 -0.3956364045587756 -0.167405 -0.6840694734016605 0.699299796660559 -0.20743372423614284 0.870322 0.15644662325813483 0.41842725608377684 0.8946748490023229 -0.463158
0.6898347921057033 0.6012148845227878 -0.4033219833194465 -0.190231 -0.7016626020079106 0.6924390223302689 -0.16792198574870904 0.863001 0.17831868254327526 0.39883438039185154 0.8995185292552224 -0.468019
0.6658014554435997 0.6194482039572858 -0.41592348400069595 -0.213555 -0.7170324117767318 0.68535644189469 -0.12708685225110394 0.851929 0.2063321167216287 0.3828452300441306 0.9004757561653889 -0.478133
0.645289520486577 0.6370355405328545 -0.4216481410467949 -0.235755 -0.7272649161574016 0.6812220105858978 -0.08379924832523697 0.843741 0.23385289495058953 0.3607246767152492 0.9028790235307871 -0.482205
0.6221208809225962 0.656650934568795 -0.42635098176270425 -0.255487 -0.7379348118256546 0.6737378714955088 -0.03910874593409602 0.837792 0.2615680083953871 0.338949598971042 0.9037119819618644 -0.482525
0.6021443060176084 0.6739164621389433 -0.4280874172277233 -0.274628 -0.742383640032829 0.66989505405408 0.01035121082232296 0.831814 0.2937494948798714 0.31157217239671997 0.9036780486687772 -0.482354
0.5865448211408053 0.6842112093504975 -0.4333822721247721 -0.298453 -0.7392489036387717 0.6708737223715646 0.05864731110796523 0.820212 0.330871925768528 0.285978092920507 0.8992998938662091 -0.488035
0.5796370010412714 0.6910774425646845 -0.43177878062977604 -0.317944 -0.7289963186806468 0.6765410853907122 0.1041946597884055 0.812331 0.36412266391141557 0.25437006143925844 0.8959411573699703 -0.488906
0.578066878311851 0.6954179547391467 -0.42688704879067707 -0.33116 -0.7151541906041204 0.6836894746930304 0.1453381775561175 0.807944 0.3929289603225462 0.22127487525787992 0.8925493049235167 -0.4874
0.5743408550910691 0.6979453106754974 -0.4277907496420918 -0.348425 -0.6987248868608646 0.6902358351632332 0.188037295071445 0.799293 0.42651625368153473 0.19091054230344962 0.8841023980189575 -0.489623
0.5762639876387563 0.7000740986067595 -0.4216824314701912 -0.359993 -0.6804881502255951 0.69676815438008 0.2268259606930504 0.796405 0.4526098694827892 0.1562382651648126 0.877914523484526 -0.485947
0.5762525899537156 0.7022933342354442 -0.4179916569264242 -0.370945 -0.6623523768781553 0.7009318290873015 0.2645447028692658 0.793109 0.4787716380650519 0.12441319729350495 0.8690794410890837 -0.483093
0.5781225058911168 0.7030128311468116 -0.41418272226774605 -0.380182 -0.6426389248064404 0.7050882873749884 0.29977611534314846 0.790487 0.5027818418616553 0.09286262030306336 0.8594108175050226 -0.480201
0.5800537344587452 0.7045785224308098 -0.4087869504640287 -0.38145 -0.6221655049637568 0.707131163943916 0.335969643587804 0.79128 0.5257829871474133 0.059452693030167314 0.8485385245926101 -0.477884
0.5745600346770805 0.7104211207826013 -0.4064266203115457 -0.382187 -0.6035189145297951 0.7031669250820693 0.37592711431260983 0.791457 0.5528523187585004 0.029293456890929354 0.8327641965326855 -0.477
0.5712699790163052 0.7163697868821498 -0.40058075280414196 -0.38055 -0.5872329201527714 0.6977202997348112 0.41029730784738716 0.794148 0.5734179178954549 0.0008436707817483791 0.8192625828487792 -0.473826
0.5619288494897157 0.7254319263693382 -0.3974726258690471 -0.379312 -0.5732443536674409 0.6879331837086933 0.44512789818300424 0.795626 0.5963445976107793 -0.022281269184948438 0.8024192582085411 -0.472337
0.5430440411083479 0.7389023158552375 -0.39890667710691685 -0.378639 -0.5633595468342221 0.6728696284999687 0.4794501893138163 0.795015 0.6226790428522989 -0.03563468347103921 0.7816655160146594 -0.473902
0.5261778878185235 0.7510724433865952 -0.398781914279129 -0.376737 -0.5572124201892128 0.6587664954681485 0.5055106559069686 0.79538 0.6423792876157489 -0.04378229361172456 0.7651352570679116 -0.474805
0.5031878753823934 0.7742610610372075 -0.3838251834229882 -0.360887 -0.5580218065965282 0.6302541502379966 0.5398067890185596 0.805821 0.6598587920387966 -0.0574414090123011 0.7491908028665206 -0.469482
0.47127536566381995 0.7997433804015514 -0.37190059857753943 -0.345295 -0.5606634424100568 0.5971491253673645 0.5736457325021221 0.813394 0.6808494944283483 -0.06183403251358355 0.7298085491139243 -0.468148
0.43730521767839936 0.8285838146938838 -0.34958977190212404 -0.325374 -0.5657459999773042 0.555639852388067 0.609258416394757 0.824917 0.6990676720467967 -0.06865286931730125 0.711752185408358 -0.462216
0.38872558735003127 0.8645617717616976 -0.31847348484237725 -0.29773 -0.58011036613698 0.498206907112534 0.6444081321691884 0.839449 0.7157963263665109 -0.06574815977377296 0.6952070185538766 -0.454623
0.34086378867391315 0.892969624445394 -0.29396790197012634 -0.273164 -0.583786894265796 0.44615289301676536 0.678336537521212 0.847504 0.7368885530759465 -0.059605753670452344 0.6733813291701926 -0.455102
0.27919430672208306 0.922574622874047 -0.26628294035252353 -0.247127 -0.5829359530170009 0.3832076769859879 0.7164757853404147 0.853573 0.7630440444523086 -0.0448100605647096 0.6447913187210655 -0.45863
0.2004216973389304 0.9502644253681398 -0.23838763624723003 -0.213248 -0.5914852790759002 0.3113397479781382 0.7437827142152567 0.859588 0.7810098001128328 -0.008067416480441236 0.6244666595736273 -0.464363
0.09575357076069024 0.9754517251824404 -0.198305787926572 -0.180365 -0.5822891126170384 0.21646914260402939 0.7836328857494042 0.863338 0.8073231341998319 0.040435654302576785 0.5887226128210832 -0.471292
-0.023354435207421975 0.987889099085806 -0.15339393163869453 -0.14737 -0.5850734028180784 0.11090978794402484 0.8033605244552944 0.870976 0.8106439931751894 0.1085087408720865 0.5753974013526109 -0.468704
-0.08831872484012804 0.9888034508888884 -0.12028108061053927 -0.122799 -0.5768916518817079 0.047663997210432574 0.8154288229877075 0.875051 0.8120319112151984 0.14140678512769167 0.5662228327152152 -0.468195
0.07602890153419167 0.9759464264344988 -0.20432371096188395 -0.0829342 -0.665138008848025 0.20230251186881792 0.7187942145546604 0.876725 0.7428398449983606 0.08125433170790392 0.6645199005759821 -0.473789
0.20585133734760752 0.946437863565651 -0.24875811006173837 -0.0433169 -0.7019955410948617 0.319922209497038 0.6362798442143721 0.876599 0.6817825805893942 0.043648027215669294 0.7302515748186008 -0.479268
0.30729375879519333 0.9105152547435144 -0.2766451096348444 -0.00744057 -0.7112294434502925 0.4128933924842831 0.5689215457444088 0.873388 0.6322366839838616 0.021932107107464682 0.7744648204424252 -0.486968
0.3913216407732669 0.8777353408447643 -0.2764923957266169 0.0187136 -0.7179952259971003 0.4791448307880402 0.5048792792088757 0.879486 0.575630288386471 0.0009500322237703807 0.8177095257674833 -0.475557
0.47950703493492575 0.8244662467694801 -0.3005468538943017 0.0566291 -0.7051134269172583 0.5658676744176312 0.4273275444318818 0.872647 0.522386885965676 0.007013058322057231 0.8526797513627584 -0.485057
0.545767483272894 0.7773078372015235 -0.31293830131043515 0.0907292 -0.6898723290326011 0.6287991422836001 0.358730829869058 0.868321 0.4756196209547137 0.02010385257850325 0.8794212933937839 -0.487633
0.5987416827625505 0.7359495837570569 -0.3160484258630066 0.115052 -0.6728740639150284 0.6762276412193122 0.29992777690877487 0.867511 0.43445240410560987 0.033081526850798126 0.9000870630933855 -0.483929
0.645974010736878 0.6927532986827899 -0.3206406783560452 0.14482 -0.6473076357533222 0.7197405218556336 0.25093107797645176 0.860725 0.40461142117833976 0.04545820457401621 0.9133581715236092 -0.488036
0.6803783005751554 0.6561538413507204 -0.32641615246056244 0.165965 -0.6250742041470028 0.7520852910355563 0.20892571483174022 0.85464 0.3825801973658002 0.061885793916343815 0.9218473523826433 -0.491982
0.7146014813030606 0.618710412413322 -0.3264079479590055 0.186848 -0.6012479295180633 0.781738075362615 0.16548869683031753 0.851128 0.3575551008861625 0.07799363499473379 0.930629541079905 -0.490581
0.742780622445336 0.5871107261245657 -0.3218352718227207 0.184744 -0.5840021144829758 0.8032145877207844 0.11742170307036039 0.858409 0.3274423265235155 0.10073391356447846 0.9394861369167997 -0.478544
0.7697992518848987 0.553724411139616 -0.3174876191374015 0.187445 -0.5625167859376914 0.8235997723401605 0.07251400236895855 0.862548 0.30163550410351175 0.1227708903173769 0.945485764649526 -0.469973
0.792907936282172 0.525766415304084 -0.3080043524352217 0.187937 -0.5433269834284851 0.8388629073924623 0.03323870754960151 0.869856 0.27584922269103745 0.1409918406836318 0.9508041371393963 -0.456104
0.8152639828488517 0.49744110942318287 -0.2964742500205713 0.18807 -0.5217595979228834 0.8530857359017584 -0.0034130889684082094 0.877223 0.25122014299171597 0.1574708539914237 0.9550347480057642 -0.441712
0.8344721011058653 0.47055773980575055 -0.2867607469387425 0.192518 -0.49996843762831245 0.8653387402482716 -0.03493459604801692 0.882042 0.23170643895124315 0.17252326838556437 0.9573650547278691 -0.430045
0.8523436636579742 0.44641898209387315 -0.27243415984118413 0.195688 -0.4787722258602097 0.8756767831272707 -0.06298672270196956 0.889846 0.21044580006966654 0.18412024309712555 0.9601105672342602 -0.412166
0.8672217451029393 0.4246572968376795 -0.25998581704225376 0.199084 -0.45906322294359514 0.8841166891606674 -0.08717016283235574 0.896491 0.19284035407883984 0.19494578782342376 0.9616697653813667 -0.395816
0.8797036909875594 0.4024758010295645 -0.2532481898227013 0.200853 -0.4389493213362001 0.8921227304710144 -0.10696039956652663 0.898197 0.18287949409748996 0.20525657934047353 0.961470138525422 -0.391025
0.8927200463657776 0.38184638169604423 -0.23925772631688097 0.203427 -0.4179336943064642 0.9001384274048211 -0.12280976619360265 0.903908 0.16847060865336588 0.20962860562150218 0.9631580876082336 -0.376256
0.9035577295936656 0.3617426067567729 -0.22962080861358136 0.208598 -0.3982116669842139 0.9067907471418747 -0.13841246033336144 0.907153 0.15814834039342224 0.21650133337856273 0.9633879151598855 -0.365459
0.9115020576349367 0.3440138393271429 -0.22542953949887512 0.212717 -0.381330190732702 0.912223731118859 -0.14978367741295642 0.906348 0.15411451769070067 0.22249121945592862 0.9626766709035679 -0.365082
0.9208542398909616 0.3253970318593798 -0.21481210518019 0.217191 -0.3622204802512578 0.9178293523493131 -0.16243646035477527 0.910335 0.14430451330913863 0.22738964713272702 0.9630525197596788 -0.352303
0.9292141872754065 0.3087426866186512 -0.20307374922821247 0.222124 -0.34410143613348426 0.9232578233989459 -0.17084845092512338 0.914769 0.13474121795864547 0.22863277322408967 0.9641430698765006 -0.337428
0.9363162013727145 0.29374203664191656 -0.1924255361339275 0.226209 -0.3274901581599854 0.9282047332493172 -0.17659606304193773 0.91847 0.12673660621666588 0.22836722418732344 0.9652907559702718 -0.324411
0.9398640290294167 0.28733394081735864 -0.1846478090608123 0.227846 -0.31955071030654325 0.930633888890981 -0.1783477176479496 0.922394 0.12059415607389612 0.22662694301873226 0.9664870812477572 -0.31189
0.9433838799441779 0.2811724093562808 -0.17597991725834292 0.228078 -0.3113947937134998 0.9334968109019159 -0.1778116601465711 0.926377 0.11428095864839458 0.2225438838807682 0.9682014677935927 -0.299676
0.9487727510524822 0.26924288025743137 -0.16534369746375738 0.231709 -0.29762874547748563 0.937237532795221 -0.18166710485232188 0.931301 0.1060537445157035 0.22157183609522427 0.9693598530595273 -0.281049
0.9511677828700891 0.2655227019338107 -0.15740884215242923 0.237491 -0.2920330869797803 0.9392651770420047 -0.1802709164155773 0.935287 0.09998262318553018 0.2174364779746506 0.9709401902830679 -0.262365
0.9558334639984893 0.25446050606103193 -0.14707902622676097 0.243205 -0.27912838678935176 0.9426224523682404 -0.1831672896006783 0.940009 0.09203115118818597 0.21613135623145535 0.972017234448304 -0.239238
0.9582654493545241 0.2502744064512542 -0.13816674726157577 0.246389 -0.2730319818694328 0.9444738176103766 -0.18281888503360486 0.944769 0.084739987313083 0.21291296185050154 0.9733895444405725 -0.216109
0.9589988757454625 0.2519627713471275 -0.1297532973531475 0.243595 -0.27248781730695826 0.9456060734319852 -0.17770634008901556 0.94948 0.0779201240901791 0.20577637314234662 0.975491946926346 -0.197859
0.9600643689321763 0.2525142901367117 -0.12046966748362377 0.246721 -0.27073453154527577 0.9470917259808378 -0.172395115962135 0.953449 0.07056359497518823 0.1981257072047705 0.977633358273329 -0.173388
0.9613655918750784 0.251776559910416 -0.11128684845190229 0.250683 -0.26804816236066004 0.9482423888288223 -0.17025438227335468 0.957168 0.0626608443428048 0.19350694020599116 0.9790958495869347 -0.144873
0.9620962921763133 0.24977486970047413 -0.10946798183350803 0.243729 -0.26573376094223244 0.948853859887696 -0.17047557265402305 0.958836 0.061288603150067955 0.19310325487244337 0.9792623959294985 -0.145706
0.9652433961189406 0.24181879396055325 -0.09914059277731314 0.243594 -0.2559084048387524 0.9515187711859127 -0.17065437707171605 0.962692 0.05306669936654011 0.19009392143967607 0.9803306719928878 -0.117841
0.9649249065890488 0.24398243302604194 -0.09691489575296693 0.231253 -0.2576832296183841 0.9508048094092663 -0.17195804016575653 0.965955 0.05019240796728751 0.19089993917993206 0.9803254232159562 -0.115989
0.9677141226840552 0.23643114085113204 -0.08734811041838134 0.231506 -0.24845757355445852 0.9531111778108281 -0.1727654967737692 0.968969 0.04240531689847885 0.18888991070962094 0.9810822548241566 -0.0866214
0.9678795735730246 0.23705799444309025 -0.08374149706519256 0.229165 -0.2484173593446171 0.9530085838239577 -0.17338816203565294 0.970577 0.03870331557305183 0.18862170190217842 0.9812868627140477 -0.0739116
0.9681467978753668 0.2381861683496561 -0.07719538179569246 0.236057 -0.24829032135170326 0.9530665638907665 -0.17325138128313855 0.970754 0.03230625460714034 0.18689963616967475 0.9818476622739913 -0.0437492
0.9693657976272302 0.2322423570673273 -0.07995897682146656 0.251931 -0.2428131073220964 0.9551711340972473 -0.16938093015439062 0.96641 0.03703708011050372 0.18360716808226882 0.9823017166460097 -0.0508098
0.9716377718709716 0.2252506090607257 -0.07198752247011923 0.255947 -0.23450530297113803 0.9570171689162318 -0.17066165731638533 0.966511 0.03045165269781849 0.18270276822569687 0.9826964919702516 -0.0186321
0.9719997770267976 0.2253190899364437 -0.0666913875254429 0.265859 -0.23365628080464854 0.9568756889150822 -0.17260839609887543 0.963913 0.02492340065872309 0.18335818409195656 0.9827301768166607 0.0137879
0.9741270667612268 0.21823728955830413 -0.0587277042750103 0.272222 -0.22525313479679843 0.9586730837990505 -0.17380144896816546 0.960845 0.018370712217644466 0.1825332951695755 0.9830280327066736 0.0516864
0.9762269946770743 0.21068678324596127 -0.050911042311437005 0.280804 -0.21640672725800167 0.9606369156366135 -0.17419771730322714 0.955307 0.01220586995049772 0.18107400609044771 0.9833937263665598 0.0924049
0.9782259247508481 0.20258117716270632 -0.04510994130699303 0.285136 -0.2073836191002648 0.9626198718352184 -0.17422691203377294 0.950591 0.008128632986206853 0.17978834502636692 0.9836717319911433 0.122778
0.9786621520755937 0.20144189792698777 -0.04051609376951977 0.27997 -0.20545796126163493 0.9619774635395058 -0.17996217879407733 0.948223 0.00272364626557655 0.18444652721499527 0.9828387763765469 0.149969
0.9794481504510125 0.1983434092002951 -0.03662256961076155 0.270906 -0.20168295608146733 0.9610308081158825 -0.18906023135068564 0.946143 -0.002303433161981172 0.19256084201866727 0.9812823326223347 0.177269
0.9791206815750638 0.19688987113484513 -0.05056747528289646 0.379308 -0.20276011992501242 0.9636947414546706 -0.173726161128973 0.905864 0.014526688541331514 0.18035194464468463 0.9834948659667235 0.188511
0.9803349943156995 0.18318793712049122 -0.07338582024871387 0.434568 -0.1939276171898541 0.9631521535330944 -0.1863598895568148 0.881491 0.03654282708142584 0.19692665852571042 0.9797369611027213 0.184726
0.9810674572309359 0.1796612267511814 -0.07230828420510368 0.436447 -0.19055117286335005 0.9621787969768453 -0.19468490739806243 0.872688 0.03459616861485044 0.2047774554252763 0.9781969632271006 0.218928
0.9813930446164231 0.17755089882257116 -0.07309836048643129 0.443995 -0.18872791755566135 0.9620666997453784 -0.19700111262665299 0.864996 0.03534777381407011 0.20713122306483106 0.977674378982111 0.233775
0.9817822730067718 0.17424678810444783 -0.07577351281905971 0.450831 -0.18629403750595325 0.9612077634722405 -0.20340640852840375 0.855994 0.037391175421308015 0.213816959748232 0.9761578805319536 0.253034
0.9824264783322866 0.1677218976101634 -0.08189981522364484 0.454528 -0.18150406021143897 0.9607834309661184 -0.20964607057547335 0.853867 0.04352574868263199 0.22082699980532244 0.9743412879266672 0.253605
0.9827235350052596 0.16395197897423744 -0.08587317588861912 0.462754 -0.17876133719642825 0.9610202602590286 -0.21091335589623947 0.849403 0.047946199750463984 0.22262032243732846 0.9737255023708625 0.253718
0.9836346082997123 0.1620575193735793 -0.07874209655294788 0.450973 -0.1754669889271839 0.9608601475274154 -0.21438076567271858 0.845124 0.04091812742415413 0.22468897905343627 0.9735710398014237 0.287034
0.9852347542664363 0.15220130310237254 -0.0784043514066325 0.455194 -0.16576070610042684 0.9625892146968206 -0.21434876267999847 0.834901 0.042847022051046985 0.22418021117685233 0.9736053438729981 0.309417
0.9866392632010479 0.14354793010854305 -0.07705164548305503 0.457711 -0.1568803081471653 0.9646745028963576 -0.2116404318114 0.827257 0.043949211889907774 0.22090064559257908 0.9743055842758154 0.325802
0.9880565733467629 0.13489366600005245 -0.07448427175799782 0.46272 -0.14778103334384343 0.9664494896482833 -0.21008605413591544 0.808381 0.04364600840946191 0.2185842694057357 0.9748414964076375 0.363881
0.9891299780922124 0.12717080605051057 -0.07382054272194602 0.464731 -0.13989779787826256 0.968476867301236 -0.20610959136148094 0.802907 0.04528236508964647 0.21419650695295495 0.9757404182573562 0.373317
0.9900755646333208 0.12050139930956173 -0.0723172806488772 0.470513 -0.13281349553058547 0.9705133353854605 -0.20115775213482565 0.790326 0.045945094634335756 0.20876608585550085 0.976885750574557 0.392432
0.9911247327019227 0.11177107819298773 -0.07196520205015436 0.468403 -0.12409279731833353 0.972042356416853 -0.19933548350778632 0.783355 0.04767328266706117 0.20649669104164595 0.9772852064308544 0.408599
0.9919096010949597 0.1045146394140243 -0.0720557659302447 0.470619 -0.1167954360256604 0.9737429729467345 -0.19540585651517936 0.777072 0.04974102310179795 0.20224072978757637 0.9780718367460413 0.417944
0.9926598353226407 0.0972033329505915 -0.07195806695933703 0.470161 -0.10942052559353263 0.9752709374276937 -0.19202538162373947 0.772386 0.05151310431398062 0.19848957320777375 0.9787483279228286 0.427045
0.9933635743158302 0.09029366761361929 -0.0712450897350771 0.468504 -0.10230959910282247 0.9766992009664078 -0.1886568757374093 0.766019 0.05255050098617231 0.19469392497061067 0.9794553182384792 0.440135
0.9940119087905104 0.08345885599183983 -0.07053328674589836 0.46437 -0.09530671126354537 0.9779129093027437 -0.18601874262334636 0.760835 0.05345050019198113 0.19162714102020342 0.9800112666973018 0.45331
0.9945588797758111 0.07696917877905826 -0.0702024228724393 0.459312 -0.0887151787218064 0.979018926515426 -0.1834436114694121 0.76083 0.05460999655229225 0.18867349321687996 0.9805203012859542 0.458444
0.9950059078567118 0.07228525903781893 -0.06883374649164688 0.455958 -0.08364918626676873 0.9801222172143067 -0.17989789592938285 0.757383 0.0544615182229464 0.18475735614244712 0.9812739996474505 0.467412
0.995332768425205 0.06840698063031464 -0.06806735708150767 0.455243 -0.07947392679848125 0.9811645490678463 -0.176068232829548 0.75601 0.05474098152433291 0.18065606176802937 0.9820217982754859 0.470322
0.9956267919286244 0.06513632120629434 -0.06696678918408987 0.453852 -0.07584766776360469 0.9821014191665097 -0.17240630431034012 0.755042 0.05453826627917068 0.1767316104460043 0.9827469233634997 0.473213
0.9958999648925386 0.06274092408329629 -0.0651677556174386 0.451259 -0.07297113642397832 0.9829431571792454 -0.16881339699055375 0.754399 0.05346469092806291 0.1728766213218873 0.9834913322568203 0.476704
0.9960766910176823 0.06152068003926518 -0.0636115676490607 0.452224 -0.07127233097841763 0.9837842211758868 -0.16458694055804254 0.755694 0.05245455602869553 0.16847495983931884 0.9843092539740609 0.47373
0.9962288332519625 0.06083780650895681 -0.06186172561941915 0.452933 -0.07009576373629631 0.984527601069827 -0.16059883759827517 0.757324 0.051134095314759334 0.16432943750548948 0.9850792558294336 0.470438
0.9963659350961079 0.060762289498956214 -0.05968976088830753 0.45259 -0.06947333465259327 0.9851854927269298 -0.15678967023578183 0.760197 0.049278587158187434 0.16036673313141186 0.9858266235766061 0.466114
0.9964024421726017 0.06192470917860055 -0.05785761510485023 0.457166 -0.07010290705164936 0.9858742757000009 -0.15211014080562288 0.764133 0.04762095815271947 0.15561890279186638 0.9866686381143736 0.455083
0.9964587570199089 0.06268490655584441 -0.05604059286287788 0.458402 -0.07040827908447209 0.9863887032630675 -0.1485934060157681 0.768536 0.045963243953194566 0.15201292236217573 0.9873091975871642 0.446341
0.9965202997027629 0.06369449091110065 -0.05376154860019416 0.457314 -0.07091084315188505 0.986856281695475 -0.14521133427411897 0.774988 0.04380575993866651 0.14851831909147395 0.9879389476533653 0.436186
0.996506048319215 0.06552359883772593 -0.05179144387420724 0.459496 -0.07226576114919622 0.9873188946853897 -0.14134730263697226 0.781266 0.04187308716526307 0.14459619010393482 0.9886043629170757 0.422476
0.996493676512857 0.06745843980580248 -0.049494561002764254 0.460639 -0.07369578977857862 0.98775853372831 -0.13748457955643792 0.786675 0.03961417976938278 0.14065005490886198 0.9892665357805919 0.411041
0.9965570994776649 0.06805028457256376 -0.04736144265388114 0.455084 -0.07390302483891464 0.9880307586973796 -0.1354014873904254 0.794214 0.037580452369849755 0.13843546741162055 0.9896581889532384 0.402646
0.9965162012038212 0.07015181547197738 -0.04510192373159787 0.454708 -0.07554525650187316 0.9883933272096566 -0.13180115685186816 0.800821 0.03533235002616479 0.13474922453732413 0.990249600620075 0.389776
0.9965163505915451 0.07164679424898611 -0.04268371911574694 0.449593 -0.07661407980126343 0.9886602484222534 -0.1291557043488729 0.808677 0.03294610416899348 0.13197594501836796 0.9907052559447711 0.379352
0.9964441990816817 0.07377839374292824 -0.040690376419735004 0.448457 -0.07835997681920226 0.9889604973524614 -0.12576505360896864 0.815734 0.030962431257257016 0.12850635506886857 0.9912252239312486 0.365327
0.9963627858525721 0.07581864675940335 -0.038893852620615496 0.446708 -0.08005635272765489 0.9892417213318566 -0.12244099462324919 0.823492 0.02919211119543508 0.1251093504897138 0.9917134016761068 0.349732
0.996273639281398 0.07801111827507996 -0.036784522539651685 0.444369 -0.08186799180062644 0.989546095882053 -0.11872723378870992 0.830881 0.02713793639043359 0.12129628827815758 0.9922453037724143 0.334922
0.996178809910017 0.08010772901541151 -0.034792677940269884 0.440677 -0.08362271800848241 0.9898019253199439 -0.11532297978202655 0.838639 0.025199597598687517 0.1177917670506953 0.992718530045621 0.320138
0.9960635747924512 0.08221479862835415 -0.03313731821047028 0.438586 -0.08543283001497817 0.9900756567154296 -0.11158595581497885 0.845829 0.023634435201938614 0.11397772091952771 0.9932021408588866 0.303672
0.9959240408774827 0.08447602847136722 -0.03160862882143786 0.437476 -0.08741735187847373 0.9903452484999883 -0.10758482868904837 0.852317 0.02221511631348755 0.10990945995318846 0.9936933124561004 0.286653
0.9957905459536059 0.08647431383134148 -0.030387195277252713 0.433663 -0.08919125785330158 0.9905863269954742 -0.1038443464621992 0.860955 0.021121271551805217 0.10611749062720083 0.9941292521956191 0.265882
0.9956453960872285 0.08840856524608254 -0.029566380255879796 0.431976 -0.09094870343627595 0.9908276007589978 -0.09994497945083793 0.868042 0.020459193375263796 0.10219878260183561 0.9945535833936432 0.244746
0.9955128259804717 0.09009547169054645 -0.028931285647769037 0.429236 -0.09248651505182699 0.9910622810984266 -0.09613427857716053 0.87532 0.020011442775148488 0.09837866112547411 0.9949478283775567 0.222647
0.9953785030543381 0.09176388457782086 -0.028302387611179543 0.422677 -0.09401107432565325 0.9912819873103266 -0.09231435174568543 0.88458 0.01958452351836979 0.09454845911636005 0.9953276020071383 0.197136
0.9952450674956065 0.09332713878533291 -0.027880114630483892 0.417744 -0.09544798318459283 0.9915217454708302 -0.0881720520600034 0.892199 0.01941489458275268 0.09041390061611916 0.9957150136679265 0.171668
0.9951307963609856 0.09461430541158289 -0.027619401612526198 0.412867 -0.09663039150368577 0.9917509120280004 -0.08421814489451473 0.898782 0.01942332545664393 0.08647694318783927 0.9960644922519285 0.147419
0.9950250854983892 0.09582948545547956 -0.02723580265498542 0.406754 -0.09773232567936549 0.9919707692896892 -0.08026447154329704 0.90503 0.01932541710353791 0.08252698099506812 0.9964014380065969 0.124389
0.9947970978357692 0.0980684967885323 -0.027591739255956732 0.400895 -0.09991028661236129 0.9920868286191499 -0.07603722186819711 0.911284 0.019916545045938407 0.07839830621917315 0.9967231495332081 0.0940446
0.9949841903038595 0.09743835522264252 -0.022632454062235234 0.478327 -0.09893410510292588 0.9919765140052005 -0.07870602587841456 0.848537 0.014781877176335488 0.08055037301959926 0.9966409250645627 0.226249
0.9964008819311602 0.07549285733486044 -0.038550109963843025 0.543264 -0.07893955995867499 0.9920988311172041 -0.09751130790532828 0.761724 0.030884111778335756 0.10020348191203432 0.9944875232260924 0.353045
0.9969574868589695 0.06187940009224457 -0.047399464554696846 0.541227 -0.06655679608274716 0.9922993725446666 -0.10446122793965601 0.751218 0.04057046081877372 0.10729815977771975 0.9933987832775252 0.377817
0.9968659323805326 0.06326422510712001 -0.04749684916588926 0.545211 -0.06789684392855724 0.9923336412469238 -0.10326646616478616 0.755597 0.04059964831907698 0.10616770823191687 0.9935190417325427 0.363068
0.9969209275476532 0.06503360405971151 -0.0438097541710873 0.538222 -0.06926204874781339 0.9922510522387366 -0.10315337093074135 0.747547 0.03676183919204738 0.10587010755696939 0.9937002000126061 0.389217
0.9968441357012787 0.06629932086772698 -0.04365969732429081 0.539962 -0.0704230269350118 0.9924010098034379 -0.10090011406548079 0.76014 0.036638318674321095 0.10365633503840764 0.9939381257458253 0.361425
0.9967864861401455 0.06741898811191953 -0.04325946243709739 0.540208 -0.0714221716714183 0.9925340376636628 -0.09886889031846924 0.770259 0.03627084837883227 0.10164085852171803 0.994159726320096 0.338934
0.9967158518884691 0.06873676356182874 -0.04281083892296856 0.542695 -0.07261037164428023 0.9926621375771028 -0.09669340489680045 0.776026 0.035850307166363456 0.09948436035831132 0.9943930900404402 0.321348
0.9966555521864815 0.06986294129764926 -0.04238961817592375 0.543522 -0.07361865152915097 0.9927810862748138 -0.0946890114111973 0.782687 0.035468358333715255 0.09749299548296601 0.9946039972717128 0.303291
0.9965909795049598 0.07150618097338196 -0.041149552269090624 0.541402 -0.07506638324936624 0.992859676303488 -0.09270761175001849 0.789491 0.03422656388251593 0.09548051766268784 0.9948427077039169 0.289116
0.996557398703468 0.0721371441686525 -0.040860537448352066 0.54245 -0.07561626637570237 0.992956646160337 -0.09121008225746904 0.792632 0.033993107371582815 0.09398580359398165 0.9949930338319046 0.278357
0.9965104119515066 0.074240096798422 -0.03814979553810894 0.542479 -0.07742510574367847 0.9929091902663343 -0.09020361902513868 0.786502 0.03118255718857569 0.0928425975078955 0.9951923935677804 0.29518
0.9965260658438154 0.07420179079671553 -0.03781394367700126 0.542352 -0.07734025227348339 0.9929609898839965 -0.08970483792341968 0.786752 0.030891511327886017 0.0923177491664171 0.9952502940048422 0.294745
0.9965999638124091 0.0753036082263329 -0.033434693316970084 0.533729 -0.07805036782909656 0.992849618179774 -0.09032040612187048 0.777102 0.026394170016266975 0.09262290358422076 0.9953513678700505 0.333535
0.9966359816082622 0.07598615809475279 -0.030705438308796566 0.529897 -0.07847939023919642 0.9928089188288168 -0.09039599549559828 0.769312 0.023615788604660154 0.09250164577971325 0.9954324387202905 0.356887
0.9967089172093653 0.07625159943605177 -0.02751414070579957 0.522639 -0.07846264401022403 0.9927484989115967 -0.09107157297256074 0.759984 0.02037026878221012 0.09293068111348107 0.9954641835131613 0.386359
0.9967287737325492 0.07633189214224177 -0.0265554863558102 0.521127 -0.07844982463796364 0.9927668516073942 -0.09088236002555525 0.757661 0.019426184079257742 0.09266833650998088 0.9955075101578047 0.392907
0.9967846658806974 0.07581753253462847 -0.025923572775888814 0.521233 -0.07787618300272495 0.9928253461896314 -0.09073660829215824 0.75283 0.018858154364421367 0.09246368867722626 0.9955374610180012 0.401949
0.9968542756935057 0.07520656041374979 -0.02501052383116474 0.520077 -0.07718335877739424 0.9928787270206012 -0.09074449050928958 0.747007 0.018007836055903427 0.09238942959388542 0.9955600992104395 0.414127
0.9969290580153108 0.07453308806729737 -0.0240264867980716 0.518062 -0.07642409408347604 0.9929245231030689 -0.0908859134523254 0.740911 0.017082480154398484 0.09244301057243902 0.9955714332322312 0.427391
0.9970205120419668 0.07362616611597851 -0.023006221563657926 0.51687 -0.07543288256549606 0.9929642916928342 -0.09127867029491522 0.730501 0.01612385795750694 0.09274213220543347 0.995559600485353 0.446334
0.9971061868016794 0.07274773808233698 -0.022068503477086138 0.516168 -0.07447675654211872 0.9930023331751798 -0.09164921736499046 0.719134 0.015246802182111607 0.09302759221087573 0.9955467854956223 0.465206
0.9972130371057691 0.07160028181194891 -0.02096564501125065 0.513426 -0.07324043959601656 0.9930361083601903 -0.092277437657485 0.706451 0.01421255199007311 0.0935557969197969 0.9955125896886646 0.487156
0.9972842527920096 0.07095606302689926 -0.019732112223624393 0.510053 -0.07248707149428897 0.9930663564260296 -0.09254640025906777 0.697747 0.013028568580809141 0.09372539066044183 0.9955128364548006 0.502985
0.9973700883135664 0.07000548401585661 -0.018765370902120444 0.507701 -0.0714556522304524 0.9930972480847073 -0.0930158352696025 0.685446 0.012124219632996945 0.09411210365456096 0.9954877775462659 0.521922
0.9974670562144459 0.06891992131491961 -0.017593072864985345 0.503188 -0.07027211854424853 0.9931167013421911 -0.09370724022458625 0.672314 0.011013678867230302 0.0947061875547238 0.9954443414458987 0.542952
0.9975333602803642 0.06815727713685336 -0.016786324822764015 0.500216 -0.06944006299493462 0.9931417764842687 -0.09406109425756556 0.663004 0.010260252386013245 0.09499472287954361 0.9954248991491091 0.556965
0.9975882329026322 0.06744208357275044 -0.016409842703977353 0.498972 -0.06869439119579993 0.9931733673655345 -0.09427482683114702 0.654847 0.009939727986295145 0.0951747220598542 0.995410957388147 0.567629
0.9976083865879044 0.06730856588656552 -0.0157182685996854 0.497444 -0.06849453072432572 0.9931985834148283 -0.09415451748924496 0.651292 0.00927395656299869 0.09500595171394265 0.9954335049959868 0.573033
0.9976160504727732 0.06736698466421216 -0.014963462712784077 0.495392 -0.06847957578310558 0.9932152507488057 -0.09398943228125649 0.650273 0.00853015472725883 0.09479005779742304 0.9954607382529409 0.575962
0.997622901056642 0.06731527838164138 -0.014737726545562038 0.494826 -0.06840576385336654 0.9932309277765249 -0.0938774497939796 0.649768 0.008318579143525002 0.09466243924908038 0.9954746726242949 0.577016
0.9976180869177225 0.06741792072746303 -0.014593718491491114 0.495194 -0.06849286127899484 0.9932417174669834 -0.09369961919374718 0.649713 0.00817805651972079 0.09447600038116759 0.9954935483183895 0.576763
0.9975906269544023 0.06784049261349685 -0.01451235937678647 0.49704 -0.06890252950119881 0.9932524174140378 -0.0932849223053045 0.65134 0.008085940950770804 0.09406010239803242 0.9955336833557228 0.57333
0.9975433474083445 0.06850668211375072 -0.014632311749006331 0.500218 -0.06957222183680947 0.9932615101802083 -0.09268914900473256 0.655156 0.008183885998984348 0.09347944640559898 0.9955875738023542 0.566174
0.9974674464789782 0.06953856438871478 -0.014935905645904152 0.504775 -0.07062035966529678 0.9932721179212861 -0.09177834472742963 0.662464 0.008453284299661686 0.0926006901859773 0.9956674415494512 0.553483
0.9973767634663854 0.07068029096657402 -0.015616919228771583 0.509889 -0.0718107060999196 0.9932843924156279 -0.09071570025606045 0.673138 0.009100230038219454 0.09159919351389982 0.9957543741108317 0.535629
0.9972760011022563 0.07190648402256389 -0.01643274721416451 0.516491 -0.07309486446127708 0.9932988317965844 -0.08952413943137273 0.682356 0.009885262509382398 0.09048142520458603 0.9958490815771569 0.517326
0.9971375914644518 0.07355949284759583 -0.01748212517048115 0.522587 -0.07481765844233854 0.9933234446318906 -0.08781145898936431 0.6987 0.01090603840436312 0.08886807838948547 0.9959836961364793 0.488591
0.9970075952638175 0.07500278983696879 -0.01871994933035731 0.528413 -0.0763457961646326 0.9933498524224558 -0.08618230735060112 0.713256 0.0121315454187841 0.08735360444169776 0.9961034953240527 0.460483
0.9968366368502767 0.07697194332896044 -0.019799984171532968 0.53427 -0.07837226684185529 0.9933863614246635 -0.08391260170878316 0.72981 0.013210118209110978 0.08519892531969607 0.9962763852974085 0.426537
0.9966686119832603 0.07866520094849527 -0.021528215139536917 0.542207 -0.08017368536650638 0.9934292132839261 -0.08167360876581908 0.743306 0.014961886983725322 0.08312751863139245 0.9964265941774506 0.391801
0.996478540680562 0.08056963340594465 -0.023217496332923415 0.544694 -0.0821684385877166 0.9934805987371976 -0.0790230829114886 0.763389 0.016699271337225235 0.08065255176131156 0.9966023781986448 0.347198
0.9962756781074308 0.0825518295384712 -0.024899169693582877 0.546926 -0.0842261870768784 0.9935388695658435 -0.07606881142962763 0.780866 0.01845867335615771 0.07788266881454922 0.996791636841047 0.301859
0.9960902247437492 0.0841536087463148 -0.026878138047852617 0.545935 -0.08592101194011711 0.9936028440347893 -0.0732868885488022 0.798259 0.020538838261535356 0.07530975010548414 0.9969486434425376 0.254436
0.9958828272605563 0.0859317125122762 -0.028864080657950514 0.545292 -0.08776972087768754 0.9936801147644861 -0.06997360658627406 0.812726 0.022668711136144833 0.07221890546349587 0.9971311645059946 0.205263
0.9957006110883995 0.08728106525765691 -0.03102110129695632 0.544702 -0.08919608127519887 0.9937636292409163 -0.06691717479892832 0.823335 0.024987039907430116 0.06939643251213169 0.9972761819031142 0.159437
0.9955272951486546 0.08848044911764023 -0.033115173832303176 0.541695 -0.09045441524866389 0.9938540475936793 -0.06381324975020558 0.832874 0.027265424552448483 0.06652324560332659 0.9974122790593535 0.113523
0.9953565946957587 0.08948135392881781 -0.035473041802599616 0.536567 -0.09151287178638179 0.9939632528400133 -0.06051814852677634 0.84143 0.029843654150800446 0.0634833781612585 0.9975365742689147 0.063957
0.9952127598047065 0.09007365164952846 -0.037924925845933065 0.528618 -0.09216377502918555 0.9940800555250559 -0.057538524309126426 0.848726 0.03251770739566059 0.06075837790643901 0.9976226832925909 0.0150762
0.995085284491296 0.09050231981831353 -0.04018216888596947 0.520885 -0.09262987350373567 0.9941977095613982 -0.05468656907826584 0.853123 0.03499975890715261 0.05813986937011216 0.9976947290960636 -0.0293223
0.9949685045679795 0.09070291955628293 -0.04255179551705252 0.512626 -0.09286754552501048 0.9943198259771089 -0.05199714085420414 0.85552 0.0375938014294736 0.05568719828486889 0.9977402678258821 -0.0728023
0.9948867597003004 0.09063004819364988 -0.04457050299753652 0.505648 -0.09282102827371376 0.9944354302698922 -0.04982400760822725 0.855914 0.03980693511496634 0.05370632540354031 0.9977630172182179 -0.108312
0.9948015958646641 0.0904655447541306 -0.046752220027030514 0.496055 -0.09267294961056066 0.9945665685558605 -0.04742430939401697 0.855644 0.04220792906073413 0.0515104447986945 0.9977801184635043 -0.147654
0.9947330061957708 0.09012546256781909 -0.048822611376909957 0.486359 -0.09234771682697862 0.9946935597895997 -0.045349986879133934 0.854242 0.04447634856379632 0.04961978546940817 0.9977773956691949 -0.183646
0.9946828052669342 0.0895539354995011 -0.05085478878977947 0.478844 -0.09179539398412816 0.9948231800073547 -0.04359410697964372 0.850968 0.04668749885783743 0.04803054399655629 0.997754150226294 -0.21578
0.9946501410526611 0.08891689337209603 -0.05258215454863374 0.472137 -0.091168713726524 0.9949452965857818 -0.042096584651035135 0.847306 0.04857326982376431 0.04666522125615562 0.9977289183860222 -0.243228
0.9946304388936704 0.0882182869316138 -0.054109369586378527 0.470265 -0.09048551626432981 0.9950540606070104 -0.040985214600842736 0.842206 0.05022610250220053 0.045661256228348386 0.9976935342614419 -0.263706
0.9946176986547351 0.0875344222268224 -0.05543787918179435 0.467406 -0.08980911916436304 0.9951570749673692 -0.03995895715996065 0.83762 0.05167161346116536 0.044722713108740535 0.9976622290607746 -0.282707
0.9946150307797322 0.08677584930469237 -0.0566647379282877 0.4651 -0.0890639665369172 0.995254910348955 -0.03918256360939627 0.833068 0.05299575843162452 0.04401835303305669 0.9976240946290912 -0.299466
0.9946204109144706 0.08596473311797674 -0.057795353206680077 0.462884 -0.08827812711757128 0.995342313163445 -0.03873824852851102 0.828951 0.054196037354623965 0.04363191820671875 0.9975765861570021 -0.313972
0.9946491610651566 0.08514828971531735 -0.05850483015048315 0.463527 -0.08749346753909251 0.9954106524703232 -0.03876243138131734 0.825786 0.05493577641543135 0.043673810311924396 0.9975342895171434 -0.321279
0.9946797968345436 0.08429669051864572 -0.059212918664721025 0.465907 -0.08667634679224104 0.9954792623812753 -0.038836182556776885 0.822072 0.055671470933884686 0.04376192564816819 0.9974896396392404 -0.327304
0.9947161711318091 0.08352253513992819 -0.05969694307644687 0.470883 -0.08593166399079227 0.995537676815348 -0.038993373345645864 0.818451 0.05617373062781796 0.043917196687616684 0.997454656524523 -0.329253
0.9947615018955772 0.0829030122086122 -0.059805057588750606 0.47644 -0.08533409893196793 0.9955767373736133 -0.03930714387970791 0.816245 0.05628184348370429 0.044204644181914284 0.9974358643676422 -0.326723
0.9948090888311738 0.08211197221301966 -0.060104083040820946 0.483018 -0.08458742753659501 0.9956181955094895 -0.0398669772263831 0.813408 0.05656716257362482 0.044744081057900266 0.9973956703979885 -0.324132
0.9948623989548815 0.08135672443406668 -0.060248572888470714 0.489887 -0.08387465912620153 0.9956525079909584 -0.04051079964377199 0.811136 0.056690816736059885 0.04535599983104415 0.9973610101548609 -0.319483
0.9949184340341841 0.08075137502208538 -0.06013755108923291 0.498688 -0.08330461057896052 0.9956708205115966 -0.04123055951660585 0.809308 0.05654778046267872 0.04603077898327559 0.997338215406859 -0.310372
0.994976157701188 0.08003819308196457 -0.060135956418388835 0.507175 -0.08263654387163323 0.9956927658947178 -0.042037097448299546 0.80724 0.056512363453777435 0.04679533730085032 0.9973046421148191 -0.301888
0.9950349638066177 0.0793518231263393 -0.060072530901309394 0.5147 -0.08199418435158694 0.995710100529202 -0.042875977384124936 0.805713 0.056412538809032374 0.047588694777774485 0.9972727518560139 -0.293106
0.9950987157445144 0.07868034712877027 -0.059899489975410704 0.523779 -0.08136752685067329 0.9957201764467415 -0.04382528711913779 0.804109 0.05619494192383399 0.048484360288304496 0.9972418940806743 -0.281183
0.9951672952221676 0.07811145921927938 -0.059503398716629345 0.534061 -0.08083387982682548 0.9957200079005938 -0.04480568868552356 0.802677 0.05574888691568334 0.049399046600886655 0.9972220393686584 -0.265496
0.9952344777647707 0.0774625371144117 -0.05922743968873682 0.543572 -0.08022607335925513 0.9957240617691282 -0.0457970519503719 0.800954 0.05542663097861877 0.05033039000234389 0.9971934317977492 -0.251003
0.9952980980637506 0.07688111570767514 -0.05891510874320294 0.553131 -0.07967513208728177 0.9957292251562317 -0.04663886251447705 0.798876 0.055077847793414736 0.051113640227567037 0.9971729170335163 -0.236313
0.9953650410233867 0.07626778167872532 -0.05858037714386641 0.561158 -0.0790978288599692 0.9957291713340105 -0.047612507013634155 0.797496 0.05469889009980329 0.05202540564273025 0.9971466234158137 -0.221588
0.9954265789586569 0.07576971341285728 -0.058179690889507946 0.571541 -0.0786204049230771 0.9957300483370517 -0.04837874293968886 0.794687 0.05426562293382994 0.05273159743480732 0.9971332011319136 -0.204483
0.9955209264552721 0.0752282234925928 -0.057260801424583584 0.572433 -0.07810912815630248 0.9956974816452322 -0.049854680261790595 0.798273 0.05326395674655985 0.05410396875915451 0.9971136903463965 -0.187297
0.9956106815935085 0.07491183617359722 -0.05610336440900525 0.572053 -0.07779641524781648 0.9956574273423935 -0.051127342513724576 0.802475 0.052029688366343446 0.05526756896251663 0.9971150421839371 -0.169673
0.9956926948583071 0.07455985073428575 -0.05510794919322746 0.572184 -0.07744582502774428 0.995627409271261 -0.05223223232419845 0.805585 0.05097255723989456 0.05627513275220285 0.9971132873661588 -0.153749
0.9957715465992807 0.07429801454140113 -0.054026216029652914 0.570885 -0.07717427977749806 0.9955942004230606 -0.05325709929006357 0.809254 0.04983129061243983 0.05720133843865002 0.9971182725016757 -0.138561
0.9958388932765561 0.07412162405420131 -0.05301776575159725 0.572168 -0.07697569365788423 0.9955704447547108 -0.05398362822925549 0.810881 0.04878156643252811 0.05784007588579527 0.9971333333100011 -0.122869
0.9959045581739085 0.07398362854468946 -0.05196665965591262 0.572904 -0.07681134336156831 0.9955437715147536 -0.054704812669192006 0.812604 0.047687823806746514 0.058472401229482156 0.997149361808468 -0.107032
0.9959628495056132 0.07375876796285531 -0.051162941210029206 0.571827 -0.07656953905297735 0.9955270650274206 -0.055344091709092345 0.814725 0.046851980682504915 0.059038182106934116 0.9971556473087011 -0.0961114
0.996016734203932 0.07366794107069491 -0.05023643741487397 0.571316 -0.07644477026610694 0.9955114269542207 -0.055796020490116206 0.816383 0.045900569546532426 0.05941408302730892 0.9971775691687654 -0.0843595
0.9960697339354632 0.07341811916921699 -0.04954659337825631 0.5709 -0.07617834416976378 0.9955016348865384 -0.056332537824798655 0.817653 0.04518788573598719 0.05988551340586475 0.9971819193441223 -0.0742734
0.9961207503254105 0.07322489803227325 -0.04880128153342823 0.571373 -0.0759610007413595 0.995492141689561 -0.056791920206157066 0.818272 0.044422709704754836 0.06027860435091804 0.9971926156565706 -0.062952
0.9961611190309844 0.07302929060155419 -0.04826745948535842 0.569336 -0.0757468712897949 0.9954907997269482 -0.05710060550299282 0.820074 0.043879795131064755 0.06053751211633094 0.9972009693166272 -0.0577507
0.9962063718291393 0.07285456044990622 -0.047592832954909604 0.568123 -0.07554675502409579 0.9954855549606102 -0.05745604989986095 0.821443 0.04319204246562356 0.060833567102521725 0.9972129785463238 -0.0496735
0.9962403932127533 0.07272187383302216 -0.04708086657563601 0.567573 -0.07539010837245418 0.995487789230414 -0.05762285182748573 0.822155 0.042677986021934636 0.06095564419606086 0.9972276565307215 -0.0438443
0.9962698743228063 0.07256014624095189 -0.046705060692723045 0.567297 -0.07521045449651598 0.9954946905595975 -0.05773827675016217 0.822565 0.04230514213717724 0.061035614563486544 0.997238651829947 -0.0394979
0.9962916795471397 0.07242128836304486 -0.04645477647106022 0.56693 -0.07505527106682401 0.9955079572969944 -0.05771146544189489 0.822905 0.04206656095077227 0.06098412867461631 0.9972518942070617 -0.0376507
0.9963178718151899 0.07224250756470842 -0.04617053608540214 0.56831 -0.07486226715698187 0.9955183383929871 -0.05778303279841177 0.822168 0.04178922418240194 0.06102669927194739 0.9972609501620946 -0.0326089
0.9963291961357287 0.07218188454319734 -0.04602073957821428 0.567523 -0.07478216322678773 0.9955387409230664 -0.05753471460291104 0.822655 0.04166246500935062 0.06076504640917242 0.9972822309377803 -0.033989
0.9963325498594947 0.07205219705029439 -0.04615117539892914 0.567386 -0.07464482404458805 0.9955706117859963 -0.05716036381453025 0.822545 0.04182822412952365 0.06039567739733131 0.9972977297767641 -0.038634
0.9963306867567981 0.07194182124072429 -0.04636309937110122 0.568008 -0.07452688497886767 0.9956071969447857 -0.05667497513976842 0.82184 0.04208213447620692 0.05992231427702381 0.9973156021087869 -0.0441031
0.9963125234595721 0.07187703290235929 -0.04685133657402281 0.567775 -0.07445469809558729 0.9956612191531914 -0.05581428675415763 0.821252 0.04263629356679775 0.05909677500112458 0.997341324550102 -0.0563675
0.9963469996132599 0.07171897453850969 -0.04635779387329936 0.55223 -0.07427336408294218 0.9956670152299528 -0.05595232051380541 0.830901 0.04214408320817323 0.059191075967763025 0.9973566527458074 -0.0681586
0.9963799361979724 0.0715669643664801 -0.045882375194529666 0.533657 -0.0740985896385986 0.9956728801347694 -0.05607953974226085 0.841595 0.041670394234938464 0.05927634752158918 0.9973714919070049 -0.0832285
0.99640367803579 0.0714066046882051 -0.04561586570100013 0.510268 -0.07391858216127696 0.9956915966921873 -0.05598470762474966 0.853357 0.041421656268379965 0.05915522870773607 0.997389044108927 -0.106808
0.9964324377564594 0.07129507641134561 -0.045159816941836295 0.488165 -0.07378157527037812 0.9956997589955338 -0.05602025604062892 0.863718 0.04097165041026904 0.05915236272319549 0.9974078011760898 -0.125244
0.9964584022729199 0.07134069583248588 -0.044510197234298325 0.465239 -0.07378397694472534 0.9957061169514548 -0.055903965974480115 0.873653 0.040330847820491546 0.05899011598219079 0.9974435266873447 -0.142419
0.9964862487992278 0.07131175700132981 -0.04392936679974487 0.440168 -0.07371944780555297 0.9957127287839872 -0.05587132317020946 0.883306 0.039756747468669924 0.05891345390425619 0.9974711053357802 -0.161315
0.9965031662790542 0.07136282930642131 -0.04346016784599476 0.412429 -0.07373235924096817 0.9957266050788132 -0.05560635879988811 0.892165 0.03930621829405973 0.05861633331763132 0.9975064644762037 -0.184241
0.9965206680300408 0.07133293029798253 -0.04310651046030253 0.382571 -0.07367419055650574 0.9957416615502094 -0.055413510077160916 0.899948 0.038970140297472464 0.05839654534586014 0.997532541653085 -0.209122
0.9965345064966614 0.07136444981632453 -0.042732805476225495 0.351483 -0.07367343585622435 0.9957566282508619 -0.05514491947236821 0.906482 0.03861608745839518 0.058102087715403795 0.9975635043407098 -0.233986
0.9965384086533556 0.07151409359969794 -0.04239026415642014 0.319135 -0.07378070923381462 0.9957807228280522 -0.054563348403458146 0.911339 0.038309359477714286 0.05750205614285022 0.9976100974407545 -0.260028
0.996532053302123 0.07173964100093548 -0.04215792512104654 0.285581 -0.07396866068529419 0.9958010863177116 -0.05393360478300512 0.914488 0.038111730187419764 0.05686493117486802 0.9976541863915567 -0.286626
0.9965339946328414 0.07180701787327803 -0.04199702043310642 0.251789 -0.0740092075797519 0.9958230392396183 -0.05347066217082861 0.915889 0.03798203173250768 0.056393498771723845 0.99768589173234 -0.312649
0.9965301659237636 0.07215263395572766 -0.04149247904388597 0.219565 -0.07430415262764153 0.995832247599792 -0.0528869316810389 0.917403 0.037503617242136654 0.055786486299080555 0.9977381152587879 -0.331909
0.9965244350463697 0.0720780481824353 -0.04175889516887241 0.185159 -0.07422743874159055 0.9958617988057616 -0.05243629484638192 0.914114 0.037806582672568596 0.05535370493077957 0.997750785345248 -0.36071
0.9965095938467072 0.07219620823796698 -0.0419086731778867 0.151429 -0.07432091257454106 0.9958999773180583 -0.05157166985834905 0.909728 0.03801356765101423 0.05450635461990861 0.9977895699898305 -0.386605
0.9964882887926664 0.07243090643884212 -0.04201016652562912 0.119373 -0.07452601518067484 0.9959316422913798 -0.05065606522505366 0.904725 0.03817018941992841 0.05360902606131513 0.9978322048142182 -0.408928
0.9964682887964081 0.07281081050499895 -0.041827446691893935 0.089756 -0.07486675893892707 0.995944709761084 -0.04989091605583965 0.900881 0.03802522622074296 0.05284620111716063 0.9978784300696883 -0.424685
0.9964398373332657 0.07310611319382465 -0.04198984149703799 0.060565 -0.07513402669158278 0.9959718534717276 -0.04893817656185913 0.894507 0.03824302038755834 0.05191881456449933 0.9979187883219022 -0.442933
0.996390825765134 0.07357497723343755 -0.04233255314971454 0.0331314 -0.07555728660335069 0.996018754296099 -0.04730473054131595 0.887165 0.03868357238174086 0.050332532377643506 0.9979830747123121 -0.460262
0.9963430521778819 0.07392930856635432 -0.04283666317260539 0.00762739 -0.07587118892841796 0.9960729001696776 -0.04563266634939996 0.878847 0.03929484784867839 0.04871585863420783 0.9980394180843165 -0.477043
0.9962350112961837 0.07441966191185158 -0.04446927240936413 0.0116468 -0.07633321574983966 0.9961545749480133 -0.04300352291883882 0.872559 0.041097961518559004 0.04623609770588747 0.9980847563348267 -0.488369
0.9961213306476675 0.07506525213623312 -0.04590754350260738 0.0130694 -0.0769031829997323 0.9962490036847512 -0.039671439369524816 0.866744 0.042757397877206324 0.04304800319252851 0.9981576400288213 -0.498582
0.9960235112597527 0.07545888816165756 -0.04736160064018059 0.0164874 -0.07725185387682233 0.9963158567433411 -0.03724063203513739 0.860793 0.044376977030748624 0.04075131653319761 0.9981833569592431 -0.508688
0.995936925882781 0.07574007894933191 -0.04871427002332187 0.0168196 -0.07745740820144409 0.9964025057065619 -0.034385993317047545 0.854146 0.04593462286631957 0.03801956157603799 0.9982206786876813 -0.519761
0.9958577442723457 0.07628944095508365 -0.049469934016090865 0.01752 -0.07789839737227998 0.996465036498627 -0.03145267433177031 0.851258 0.04689555266361558 0.03517601788933541 0.9982802486806115 -0.524454
0.9957971241866884 0.07619392875902348 -0.05081901889829867 0.0181934 -0.07772713962364389 0.9965555316639239 -0.028906125232559178 0.843568 0.04844150315016401 0.032734653355407366 0.9982894686623983 -0.536714
0.9957542083040195 0.07620129618694103 -0.051642222108130895 0.0186809 -0.07764383940449947 0.9966282418033069 -0.026525117201957885 0.838742 0.04944684871014264 0.03042219747946211 0.9983133270938322 -0.544209
0.9957279599290758 0.0756671763115019 -0.05291793877812162 0.0212501 -0.0770619009806318 0.9967170930563342 -0.02482941454369153 0.830375 0.05086544242147356 0.028801299248042034 0.9982901341438233 -0.556799
0.9956606508887595 0.07573032330720603 -0.054081294396103194 0.0193987 -0.07700381829152533 0.9967910690251046 -0.0218626777937915 0.823377 0.05225208359766799 0.025932274168985688 0.9982971686407446 -0.567164
0.9956365715882081 0.0755112964067748 -0.05482573694030206 0.0184826 -0.07671646133217343 0.9968479531604121 -0.0202173895586443 0.818116 0.05312628235391728 0.024335208954620442 0.998291237930288 -0.574756
0.9956276288666944 0.07531022666635416 -0.05526295682232756 0.0175432 -0.07644348513517794 0.9968988300956317 -0.0186846496983153 0.814476 0.053684431799842204 0.02282744649371203 0.9982969946207917 -0.579932
0.9956367370905541 0.0751656866841013 -0.055295635460513255 0.015954 -0.07621678002380326 0.9969437878591475 -0.017148944336543983 0.812998 0.05383762809111894 0.02128857426795455 0.9983227466141197 -0.582048
0.9956581808318964 0.0749453702031978 -0.05520849959584571 0.0140926 -0.07593165741276342 0.9969848663475119 -0.01598623397128613 0.811978 0.053843944367677914 0.02010889751178825 0.9983468645194369 -0.583519
0.9956985024989556 0.07428111241634942 -0.055378772643738444 0.0160337 -0.07526457066915267 0.9970370349030891 -0.015886957973264598 0.808782 0.0540345863621194 0.019986679810458995 0.9983390186238484 -0.58789
0.9957525495967351 0.07370366944975457 -0.05517815764632778 0.0211894 -0.07471839679756681 0.9970672322090387 -0.01655583386629806 0.808407 0.05379610721607136 0.020608337260643282 0.9983392586108936 -0.588242
0.9958053684850733 0.07338962338386852 -0.054640930408270644 0.0236168 -0.07441600407523481 0.9970825450612756 -0.016989899105181967 0.8104 0.0532346356593353 0.02098479243889643 0.998361513707592 -0.585401
0.9958065974657945 0.07313303796708127 -0.05496161570862882 0.0236633 -0.07409855424597146 0.9971267507084074 -0.01573681290321502 0.807212 0.053652816349697534 0.01974339837513843 0.9983644492460388 -0.589787
0.9958603876312164 0.07241036041496386 -0.05494386272895639 0.0281577 -0.07341651976276652 0.9971645666812463 -0.016517916979013468 0.805288 0.05359200474815887 0.020483326389463763 0.9983528085637341 -0.592214
0.9959205437430017 0.07206330337167234 -0.05430608490589611 0.030541 -0.07310671402339118 0.9971710008502338 -0.017475795491055504 0.807955 0.05289308948573697 0.021374643166738837 0.9983713966826917 -0.588452
0.9959791749376578 0.07111575951932488 -0.05447964609367742 0.0341306 -0.07221113317063928 0.9972195170861634 -0.01840616713635621 0.804149 0.05301919781282047 0.02226619613739252 0.9983452214403875 -0.593447
0.9960191086274952 0.07090835389102929 -0.054017965505509975 0.059492 -0.07199124189001621 0.9972360917359134 -0.018369497282566597 0.808186 0.05256611399012761 0.0221851907304309 0.9983709836389635 -0.585915
0.9960405730167216 0.07028586051411634 -0.054434131905556994 0.0885444 -0.07137860212451275 0.9972796563622771 -0.01839516688398126 0.805731 0.05299313222741133 0.02220776480713891 0.9983479068536175 -0.585626
0.9960798714837411 0.06952193837812425 -0.05469542676569798 0.1217 -0.07068898913892392 0.9973038974265639 -0.01969779155901661 0.804443 0.05317853363388872 0.023486938113208018 0.9983087735258143 -0.58143
0.9960791336543046 0.0688561243443611 -0.055544519430490324 0.15295 -0.07010694566207192 0.9973206836712605 -0.020891866633334748 0.799986 0.053957165125917514 0.024704009022092632 0.9982376151346988 -0.580197
0.9960808782996101 0.06821419703376987 -0.05630015283207572 0.186784 -0.06958744448931163 0.9973152619553725 -0.022800347373088718 0.796998 0.05459369428170284 0.02662877379686425 0.9981535137195837 -0.574374
0.996084644228427 0.06779680326376293 -0.05673601148778942 0.220026 -0.06927493600240812 0.9972966508767593 -0.02450251807185316 0.796132 0.054921441843693505 0.02833696556115096 0.9980884988860437 -0.563705
0.9961074598960223 0.06708300819968337 -0.05718215062741022 0.256675 -0.06868343754177526 0.9972865916438364 -0.0264960286621475 0.794421 0.055249558794072506 0.03032035847910606 0.9980121051945008 -0.550466
0.9961216366212108 0.06616790101432672 -0.05799563716728069 0.29165 -0.06789665783210123 0.9972891824486243 -0.028360719775514125 0.789785 0.05596185227734313 0.03218843653104222 0.9979139119399909 -0.539611
0.9961561228895972 0.06517935599016478 -0.058520341611039806 0.325761 -0.06704831571798539 0.9972815908073679 -0.030560628202097095 0.787037 0.056369337311580836 0.03436684724313288 0.997818328966561 -0.523882
0.9961849375494108 0.06327413253052576 -0.06009953703803 0.363266 -0.0653181303385467 0.9973293577773481 -0.03267558667413235 0.775613 0.05787151327512268 0.036476516663897264 0.997657432029309 -0.5162
0.9962183288739586 0.061984072085054076 -0.060885269345974144 0.394954 -0.06416163890916785 0.9973435292555981 -0.03448432606963801 0.769843 0.05858605045628659 0.03826041635610329 0.9975489036795092 -0.501352
0.9962365702211166 0.059682585750440886 -0.06285447567363306 0.431166 -0.06205888133613936 0.9974027798852592 -0.036556667305213605 0.755489 0.06050943233391826 0.040319767302135684 0.9973529590688185 -0.493288
0.9962784567436651 0.058248370345519 -0.06353238528933114 0.462736 -0.06074823953153046 0.9974237391511066 -0.038151487148534814 0.749234 0.061146447339813274 0.04186898529838381 0.9972502695150315 -0.473839
0.9963079554962243 0.05644682221055399 -0.06468550129096895 0.490926 -0.059097069204930304 0.9974578579326464 -0.03981655509715373 0.740233 0.06227354355038354 0.043492274150096 0.9971110408890936 -0.459399
0.9963337341983014 0.054347782574944416 -0.06607123903526022 0.518087 -0.057174971084549796 0.9974938058634886 -0.041678890885595676 0.730273 0.06364049638358282 0.04530370617465049 0.9969440613328773 -0.445295
0.99637437651758 0.05258738749666054 -0.0668780120479088 0.540573 -0.05555215679915205 0.997517697000364 -0.043271261202476194 0.723908 0.06443647797766874 0.04682959371344757 0.9968224162098619 -0.428646
0.996386999830632 0.05074510188123222 -0.0681019911865686 0.560678 -0.05383372559943111 0.9975663015064503 -0.04431031580599304 0.71394 0.06568771998324544 0.04781640653379385 0.9966938921803412 -0.41944
0.9964000953655757 0.04894031185100627 -0.06922207618525673 0.578725 -0.052171364560934054 0.9975935409578648 -0.04566481970837887 0.706254 0.06682064557695731 0.049111840884606316 0.9965555821978036 -0.407777
0.9964093689196097 0.04738590630094208 -0.07016370438669263 0.593298 -0.05072787771474656 0.9976228479515779 -0.04664049386038342 0.699322 0.06778681252118714 0.05003228086966535 0.9964445388074522 -0.39868
0.9964038983355659 0.04612956338676028 -0.07107274276003227 0.605212 -0.049582391839998165 0.9976347333168466 -0.04760803817895355 0.693911 0.06870849875460631 0.050960791414289094 0.9963343514791192 -0.390136
0.9964674267070002 0.045477455490956775 -0.0706007687918302 0.603517 -0.049061812601470633 0.997548785650435 -0.04989347443905593 0.703725 0.068158682911186 0.053181023771742074 0.9962560778506708 -0.374884
0.9964814646016757 0.04487353324899687 -0.07078881775428995 0.602471 -0.04855783241691192 0.9975065533302807 -0.05121340619520078 0.706781 0.06831418312671243 0.054470561562138343 0.9961757527197874 -0.370795
0.9965072604229577 0.04437680944307646 -0.07073880623804914 0.601188 -0.048172933175396886 0.9974375717960007 -0.052892900080980125 0.712563 0.06821032497804218 0.05611585474133563 0.9960915431891986 -0.361701
0.9965044911953961 0.043590891789077275 -0.07126452960931867 0.601649 -0.047506410576230305 0.9973991432155903 -0.05420415175029331 0.713442 0.06871637346053075 0.0574002026637463 0.9959835725314918 -0.359193
0.9964959866408197 0.043183182289090655 -0.07163072927261295 0.60144 -0.047188769922363524 0.9973594107134404 -0.055203494948719053 0.714811 0.0690577193509418 0.058390227167961745 0.9959024112679518 -0.356812
0.9964798542193363 0.04296656987568293 -0.07198454006332275 0.601 -0.04706595796817201 0.9973064974112407 -0.05625429603026707 0.716924 0.06937359537711973 0.05944429404443046 0.9958180959241555 -0.353297
0.996458464930988 0.043062642942575245 -0.07222282499445436 0.599248 -0.047225985957044074 0.9972586146820215 -0.056964565239109984 0.719095 0.0695717896691208 0.060173617352590796 0.9957604640961298 -0.35186
0.996407334738632 0.04298281695341592 -0.07297191737788618 0.600008 -0.04723731297243433 0.9972207341066289 -0.05761461386645284 0.718147 0.07029267061508045 0.06085462114404553 0.9956684465941534 -0.352498
0.996366287159821 0.04316389740240434 -0.07342410893152196 0.599586 -0.04752525247783561 0.9971421282612004 -0.05872756102241736 0.720975 0.07067936182699497 0.06200366124478848 0.9955701752282309 -0.347408
0.9963055285785933 0.043615125221612816 -0.07397982546365614 0.598357 -0.04801860076710143 0.9971126355452995 -0.058826915746764165 0.720229 0.07120047544855104 0.06216198909148738 0.9955231686947775 -0.351055
0.996219944901949 0.04372781564420477 -0.07505797438343616 0.599845 -0.04824214394181823 0.9970664361328297 -0.059424048038441125 0.718122 0.07223930320438458 0.0628203794668936 0.9954069936443991 -0.352828
0.9960946753252162 0.04307350422746678 -0.07707185622727995 0.605956 -0.04774028372198358 0.9970699437335451 -0.059769495675718674 0.708944 0.07427154972731227 0.06321550867272718 0.9952324031925165 -0.360853
0.9959701301221088 0.045075072077047994 -0.07753539696034352 0.602874 -0.04972723660749196 0.9970095023828587 -0.05915449346978145 0.709895 0.07463713448365787 0.0627717295885085 0.9952331425955101 -0.364132
0.995782670237968 0.04721250352687914 -0.07866290844144386 0.601885 -0.05183886040206795 0.9969786896613279 -0.05784656354008282 0.705807 0.0756941622977457 0.06168040103555061 0.9952215441408693 -0.373591
0.9956306125003656 0.0486219892105059 -0.07972192682920035 0.602357 -0.05326399900440822 0.9969424209857227 -0.057173032534443384 0.702548 0.07669830416772802 0.06116953003203123 0.9951761948185132 -0.378936
0.9954390965607683 0.051305467851566845 -0.08042856461987342 0.599182 -0.055863706866175235 0.9968954051393715 -0.055486912575655 0.700693 0.07733208450217387 0.05972687988284819 0.995214775074209 -0.387311
0.9953353249166935 0.05174174157929624 -0.08142716470147521 0.600563 -0.05640007947580907 0.996837217742468 -0.05598743036233616 0.699572 0.07827274115617941 0.06031876575159962 0.9951055343480414 -0.387198
0.9952000326068666 0.05402929526132372 -0.08159491621943396 0.598378 -0.05865720799795489 0.9967382508534789 -0.05542735096892392 0.702782 0.07833407336004175 0.05994743146384437 0.9951231473600197 -0.384762
0.995045342147267 0.05529259671158762 -0.08262866221788955 0.59948 -0.05997064029101816 0.9966700718509904 -0.05524753550726872 0.701163 0.07929873500954267 0.059929096651220586 0.9950478450810569 -0.385997
0.9949416522260492 0.056136450054724854 -0.08330550786684651 0.599956 -0.06092788969317166 0.9965625140349434 -0.056133304533853796 0.703594 0.07986802190637096 0.060924991551965325 0.9949418296971723 -0.380799
0.9948348515644947 0.05645826252531672 -0.08435687704788944 0.599037 -0.061415174698926454 0.9964622572796068 -0.057368511693539015 0.704891 0.08081951762631762 0.06225298715606983 0.9947827758665688 -0.379845
0.9947376437725399 0.056981677991793066 -0.0851475685800532 0.597651 -0.06210548148937534 0.9963366824926676 -0.058788810912263866 0.708189 0.08148576090844409 0.06376757399136856 0.9946324784946584 -0.375875
0.9946379924551143 0.057757852570610675 -0.08578633009571987 0.597391 -0.06304600953354328 0.9961891973111281 -0.06026843155837856 0.712441 0.08197844013371186 0.06535375755870655 0.9944890254428157 -0.368174
0.9945109638848387 0.05822956128504598 -0.0869325077597562 0.599594 -0.06370201365714874 0.9960683664522428 -0.06156186164489237 0.713234 0.0830060008003845 0.06676172215956917 0.9943102515238466 -0.363021
0.9944177890620421 0.0590827497531706 -0.08742133308617306 0.601125 -0.06474458505560685 0.9958850791404966 -0.06341173275746152 0.718677 0.08331506168116715 0.06871781302494025 0.994151126675483 -0.349502
0.9943170846261432 0.05958493228133452 -0.08822228213776492 0.603005 -0.06546278087393667 0.995715958573059 -0.06530202265768445 0.72229 0.08395331762841518 0.0707061927129623 0.9939579844094112 -0.338648
0.9941959745326415 0.06039175693624939 -0.08903482418269866 0.605665 -0.0664688828668699 0.9955399933540499 -0.06694780984504822 0.725366 0.08459463241554642 0.07247728835139586 0.9937760264967691 -0.327131
0.9940916647638537 0.06107831295643751 -0.08972848897326687 0.606698 -0.06739472046225578 0.9953280918909858 -0.06913711844200601 0.730261 0.08508650716091594 0.0747758596008434 0.9935637156821452 -0.314064
0.9939690518704647 0.06162642463884067 -0.09070671259594106 0.608768 -0.06819090253419208 0.9951324563723409 -0.07114348238540902 0.733173 0.08588087525928968 0.07689979233121491 0.9933332256620203 -0.303081
0.9938202072891932 0.06208390987101057 -0.0920162144341583 0.610209 -0.06890624547081804 0.9949546346829319 -0.07291916248880412 0.734445 0.08702485230541981 0.07880902903907322 0.993083990417295 -0.297045
0.9936896605428553 0.06253315051815281 -0.09311532428391489 0.6128 -0.06963214666338818 0.9947457451563905 -0.07504842865980373 0.736839 0.08793305795474751 0.08105866751638159 0.9928228793391072 -0.28556
0.9935618767164582 0.0630735179293511 -0.09410913064992987 0.614201 -0.0704501230289193 0.9945206563164763 -0.07723628891302005 0.739916 0.08872190992578935 0.08336903199546696 0.9925613468210714 -0.274375
0.9934127533023014 0.06350046109569801 -0.09538759362188672 0.617125 -0.07118147431410932 0.9942977941397804 -0.07940462381521929 0.741533 0.08980144370114689 0.08567139551449154 0.9922681657192218 -0.263222
0.993244653399952 0.06379009168659192 -0.09693236144356214 0.621271 -0.07177951955978212 0.9941014401728309 -0.08130207388542204 0.74128 0.09117433336293736 0.08771060853123736 0.9919647625227945 -0.254019
0.9931080985441797 0.06434057982920649 -0.09796220900533614 0.623038 -0.07263536875872889 0.9938483487178408 -0.08360360611902047 0.744005 0.09198047516319496 0.09014293947981923 0.9916722455784927 -0.241413
0.9929362690540232 0.06491518444008196 -0.09931557997709431 0.625843 -0.0735132198458304 0.9936212700118038 -0.08551361463549868 0.744706 0.09313094064259783 0.09221057753446786 0.991374720923317 -0.231807
0.9927224595287999 0.06558378407586324 -0.10099943372801837 0.628489 -0.0745103309907226 0.9933912128185628 -0.08730468985408218 0.74449 0.09460617803686391 0.09419482767729376 0.991048437522658 -0.225249
0.9924692141753577 0.06598072099285211 -0.10320563633548006 0.637154 -0.07522853462875544 0.993236619724649 -0.0884402895492937 0.739622 0.09667226330110464 0.09553827345737503 0.9907204004223521 -0.216781
0.9921861548927307 0.06659508950471082 -0.10550700494771785 0.644118 -0.07618406761017826 0.993057616974785 -0.0896245346472086 0.735376 0.09880598100087863 0.09696217521394856 0.9903715033744829 -0.210557
0.9919111773334562 0.0676893337540683 -0.10737956219358932 0.647408 -0.07758923232510292 0.9928359160333435 -0.09086668730306405 0.733767 0.10045958046974798 0.09846318058117953 0.9900570058141501 -0.206031
0.9916279287063147 0.06897441704880988 -0.10916309267513921 0.648013 -0.07918085772731356 0.9925963524311235 -0.09210251304929627 0.733449 0.10200217046313825 0.09997505155390372 0.9897477185058843 -0.205259
0.9913140590588008 0.06994965722939879 -0.1113709197495183 0.650381 -0.08049286587748865 0.9923913046818725 -0.09316864780943807 0.731161 0.10400641737504784 0.10132395494304444 0.9894019007963887 -0.205934
0.9909705018665196 0.07096789851389347 -0.1137586120297721 0.652587 -0.0818582934617962 0.992191093363881 -0.09410660997458678 0.728445 0.10619173330321409 0.10256896036281277 0.9890414168012132 -0.208562
0.9906037169339893 0.07230406658778402 -0.11608788890937047 0.653979 -0.08350639152797765 0.9919948419496627 -0.09472547766699313 0.725842 0.10830954976612703 0.10352949096819325 0.9887116293082254 -0.213224
0.990202148040559 0.07348850520071283 -0.11873982322383782 0.657994 -0.08498975604704838 0.9918531174428158 -0.09489011953850394 0.720783 0.11079913078597077 0.10405206880371563 0.9883808575618717 -0.21798
0.989601401204198 0.07564823279006658 -0.12233728626394946 0.673787 -0.08722761286205644 0.9919088080119624 -0.09224023060831364 0.70502 0.11436962135582521 0.1019522509022119 0.9881929610389346 -0.221265
0.9891557344641789 0.07739174387926012 -0.12482568227715753 0.675066 -0.08920425958612946 0.9917558889809168 -0.09199378643887841 0.701087 0.11667704593587079 0.10213116395595688 0.9879046979849222 -0.2297
0.9885880439769251 0.07860858401127885 -0.12850824808400035 0.687276 -0.09065502995460611 0.9917395606974858 -0.09074309500720977 0.688376 0.1203135272935123 0.10135745787705878 0.9875481359826941 -0.231926
0.9880510333715119 0.07987712615157873 -0.1318135052688168 0.693102 -0.09219424235516756 0.9916522370500467 -0.0901446749963343 0.680228 0.12351265979665504 0.10121998553350464 0.987167228689523 -0.238535
0.9873507726640013 0.07783169181906517 -0.13813283269513343 0.703443 -0.09064621932827295 0.9918951179224288 -0.08903559941473894 0.661001 0.1300834910405248 0.10043058692566369 0.9864035596896822 -0.261237
0.9865773869062159 0.08259694270866022 -0.14086449055913627 0.71049 -0.0951825011109638 0.9918179608904968 -0.08507305059346504 0.649616 0.1326851579023218 0.09733898247978137 0.986366955733127 -0.27056
0.9857404662023662 0.08725370376968729 -0.143883718570287 0.718373 -0.0994989049136812 0.9917989465896292 -0.08021731399567185 0.635334 0.13570446275683098 0.093389724928247 0.9863380039650234 -0.283356
0.9848784558273973 0.08831486758135437 -0.149046675277006 0.732481 -0.10045930126305197 0.9920335474679307 -0.07600900925503662 0.612253 0.14114657642600048 0.08983276051797984 0.9859045182475524 -0.297687
0.9840642031111735 0.08982741370763907 -0.15345579135949125 0.744699 -0.10183351634786868 0.9921747693250325 -0.07224376833365635 0.592452 0.14576549352778737 0.08671944915308964 0.985511115125134 -0.307285
0.9832929060982668 0.08954860872599417 -0.15848062181877076 0.756454 -0.10160333184881358 0.9923833236597458 -0.06965703036489969 0.572409 0.15103583605901383 0.08459542302793631 0.9849019192938349 -0.316426
0.9825486394729783 0.09043922313812565 -0.16253897375082763 0.760894 -0.10241393851272539 0.9924927766334216 -0.06685412125511432 0.558071 0.15527252257921106 0.08233368234601281 0.9844346644055333 -0.331055
0.9820222057088309 0.08979766892799963 -0.16603844780610236 0.758275 -0.10210513808753056 0.9925065512499642 -0.0671214310189242 0.55359 0.15876689916632095 0.08286811438061842 0.9838322760247866 -0.344321
0.9816285580916163 0.0888389712005212 -0.16885796142026266 0.749644 -0.10152745703464033 0.9925031878944623 -0.06804114554744475 0.553703 0.1615473596412309 0.08393485101769269 0.9832890680657363 -0.362556
0.981492973224473 0.08715694487485355 -0.1705145462154636 0.74179 -0.1001121740106816 0.9925876868674771 -0.06890019226334575 0.553684 0.1632455087463013 0.08469563648236396 0.9829433112011131 -0.378394
0.9813947605452822 0.08802397105287296 -0.17063441767226104 0.727092 -0.1009420596486704 0.9925275581169567 -0.06855470058483057 0.558866 0.16332490492314058 0.08450341353149282 0.982946666169316 -0.398755
0.9813399687961261 0.08961125876791494 -0.17012256741904744 0.71949 -0.10266268608604552 0.9922837880968468 -0.06952162804315147 0.567236 0.162579945038792 0.08568959202961592 0.9829674741765271 -0.40072
0.9813167225805834 0.09074071165829381 -0.16965734063531732 0.712193 -0.10389150666455321 0.9921012058726751 -0.07029759703540629 0.574108 0.16193839824658882 0.0866101642633799 0.9829926930652125 -0.403957
0.9813493257211499 0.09239751986709904 -0.16857105098163785 0.696786 -0.10566894350107472 0.991826220045105 -0.07151799501108784 0.58631 0.16058510293925646 0.08799686104315506 0.9830915405802962 -0.413195
0.9815232464976014 0.09400204099046754 -0.16666053184373167 0.679886 -0.10764509729785697 0.991371988712613 -0.07479380337791242 0.604981 0.1581918127228585 0.09135204587542295 0.9831735116966033 -0.414432
0.9817191215442106 0.09677592580747824 -0.16389626773837424 0.654898 -0.11069158638439361 0.9907894743844441 -0.07799737272949257 0.628253 0.15483842900962835 0.09471345011719577 0.9833892531793947 -0.420007
0.9815081012775556 0.0954911752578494 -0.165901424268758 0.658137 -0.10994016263887359 0.9906977929427694 -0.08019378839575933 0.626903 0.15670037576683019 0.09695008254870383 0.9828762250295476 -0.416952
0.9810996190199375 0.09571097291820117 -0.16817534665338127 0.661499 -0.11037536288296691 0.9906561636530142 -0.080110203374762 0.622226 0.158936518230981 0.09715850492542442 0.9824965181074533 -0.418632
0.9808586101753471 0.09409687244049297 -0.17047628996961547 0.671704 -0.10934921910841977 0.9905830692509048 -0.08238890212787407 0.618517 0.16111838853857005 0.09945331321969723 0.9819113520905844 -0.407738
0.9801727193941253 0.08859237081294188 -0.17723665532069738 0.706034 -0.10411793553516455 0.9913188299001551 -0.08028968168627185 0.58482 0.16858498051552756 0.09715127029087031 0.9808877280430466 -0.399376
0.9791129774018212 0.08622405099212062 -0.1841281904376642 0.74293 -0.10119503115529037 0.9921474372365853 -0.07350529541710404 0.542263 0.17634438792550322 0.09060284661854787 0.9801498768207826 -0.392436
0.9778361543751972 0.07536149317053778 -0.19533842567153117 0.804654 -0.08975331456945831 0.9937819948976397 -0.06589149521040939 0.466922 0.1891581288777228 0.08196335744937815 0.9785199079809793 -0.366764
0.9768380022567575 0.0708919833659031 -0.20189562660314214 0.833077 -0.084683547980092 0.9945693489032623 -0.06050212329864347 0.424389 0.196510086378614 0.07619801123775685 0.9775365205632371 -0.354791
0.9757685547198893 0.06835041126547486 -0.20785559626745312 0.865223 -0.08031959398170457 0.9955298140283197 -0.04969056453042975 0.365596 0.2035300725752147 0.06518136743409979 0.9768965650962994 -0.343117
0.9756709449084287 0.07265647425143026 -0.20685077715794384 0.846139 -0.08528510633283412 0.9949569946899073 -0.05279232288339999 0.391917 0.20197192354208857 0.06914922607650234 0.9769471462846542 -0.361178
0.9746810346856739 0.06802179098355705 -0.213002151574703 0.869958 -0.08004467035289307 0.9956189699107412 -0.04832926134311068 0.352915 0.20878153982610667 0.06415530145875155 0.9758557095813786 -0.344418
0.973302007439475 0.06307589783417726 -0.22069126268771988 0.904583 -0.07315259776567308 0.9966049031527359 -0.03778047712853074 0.285586 0.2175589569620644 0.052915953401013426 0.9746117186455537 -0.316496
0.9725163521608557 0.061397344885600606 -0.22459365712490886 0.913518 -0.07136201822099451 0.9967818917263928 -0.036514691314324874 0.270627 0.22162898532269865 0.051538591049354446 0.9737681276861954 -0.30372
0.9719192833564239 0.06018265131596135 -0.22748836260458882 0.915281 -0.07056690749740033 0.9967911280829924 -0.03778569228277736 0.269901 0.2244843384429943 0.052777793205256406 0.973047422450825 -0.299021
0.9720502141754895 0.0595879847629427 -0.227085123231963 0.910233 -0.07099368715361107 0.9965757507739207 -0.042387136654075425 0.287591 0.22378176312139403 0.05732403545884897 0.9729520427302636 -0.297939
0.9719399033779078 0.0588354560985856 -0.22775252650061859 0.912549 -0.07049854055017474 0.9965668433484935 -0.043410626794768675 0.288169 0.2244165323723699 0.05824874113739048 0.9727508952213154 -0.290194
0.9720157697461431 0.0620205437090968 -0.22658066008121866 0.912467 -0.07430454475818771 0.9961701277191046 -0.04608591182108952 0.302319 0.22285461178331314 0.061632205851573835 0.972901481758959 -0.275693
0.9718473625873206 0.06477987994307352 -0.22653094929088566 0.918886 -0.07702765381294449 0.9959836901330364 -0.04564240941331649 0.300501 0.2226644210019688 0.06180660275035836 0.9729339646020778 -0.255632
0.9720593776141517 0.0693826625642992 -0.2242467670399655 0.913702 -0.08257695219686356 0.9953299031629343 -0.04999430803142076 0.324667 0.21973077471821023 0.06711505051143349 0.9732491749991791 -0.244418
0.9718185866347689 0.07144092374286791 -0.2246437826559315 0.93054 -0.0847731647619611 0.995131780629159 -0.05026181172699913 0.313675 0.21995941718290002 0.06788912723407663 0.9731438337655713 -0.188952
0.9697768763609244 0.07308295272539793 -0.2327910911022706 0.986438 -0.07868007565789771 0.9967895088368953 -0.0148364674760705 0.132723 0.23095942451027168 0.032704083745585304 0.9724135885189212 -0.0965618
0.9694168093122244 0.07870093326105043 -0.23245905645241283 0.994182 -0.07315527765960647 0.996794272276677 0.032395742111515295 -0.105966 0.23426343114846637 -0.014399370133780426 0.9720665115959392 0.0193193
0.9688480973498297 0.08539689740719593 -0.23246663023935235 0.992827 -0.07956990041798682 0.9962373927802372 0.034346588970483115 -0.115438 0.23452504175265929 -0.014779280755858984 0.9719977251265833 0.0311287
0.9683770494456099 0.09454218273193417 -0.23088452912938218 0.990378 -0.08799844785269069 0.9953762698648987 0.038501357967709066 -0.133144 0.23345698379472873 -0.01696635123183434 0.9722191006369634 0.0377448
0.967980111477136 0.10382070753386098 -0.22855144819466786 0.987349 -0.09681793891404232 0.9944292912964988 0.04167338858288373 -0.150394 0.23160481534102054 -0.018211131176062538 0.9726394831653402 0.050227
0.9675003001907435 0.1110639499856393 -0.22717387205488404 0.984901 -0.10381319125311202 0.9936381393280906 0.0436585546537572 -0.162324 0.23057751506308283 -0.018656020106060406 0.9728751011620846 0.0601771
0.9670938040316027 0.11973420629416333 -0.22448450736474193 0.983589 -0.11230299394067068 0.9926256803672584 0.04563218411822211 -0.170488 0.2282928202017002 -0.018920320254804855 0.973408655049774 0.0590433
0.9663687550998291 0.12595733452984711 -0.22420120214874611 0.981504 -0.11949084559117175 0.9919365009665803 0.042236428235404896 -0.170005 0.2277133438925209 -0.014025973346400598 0.973627189988536 0.0880255
0.9662406364643041 0.14487549052007576 -0.21304958270699348 0.975078 -0.14063241309899877 0.9894422982976903 0.03502088984216794 -0.177249 0.21587393735930505 -0.0038769299648234185 0.9764135458826034 0.133438
0.9660815805736738 0.15234690113480764 -0.20851091432079347 0.971317 -0.14721112350540255 0.9882949253694199 0.040025312057869834 -0.201139 0.2121680107663482 -0.007972590775518679 0.9772006820524517 0.126833
0.9658482545588406 0.16034427494387243 -0.2035359001708668 0.966175 -0.15559727793171296 0.9870415960365304 0.039222121231520246 -0.215659 0.20718744234601305 -0.006212985303591333 0.9782815354220558 0.141412
0.9655207334511464 0.16776327977337996 -0.19906078276656816 0.959904 -0.1628407572428549 0.9858014488006984 0.040968174514097074 -0.237392 0.20310736337349714 -0.007140413301942171 0.9791304373990953 0.149096
0.9649293170380602 0.1733673572394304 -0.19711715441401448 0.953349 -0.16874481274462746 0.9848420288600812 0.04014182809164885 -0.251995 0.20108854092723263 -0.005471529454787252 0.9795577885317344 0.166203
0.9643902603514666 0.18061410181255758 -0.19320965805485443 0.950986 -0.17685903415839657 0.983553329598275 0.036656921211501124 -0.254009 0.19665275939022522 -0.001180704277187146 0.9804724872027875 0.176364
0.9638044927306094 0.18682890308164976 -0.19019952882591537 0.947582 -0.18422953749452595 0.9823809432399765 0.03141910045636585 -0.253915 0.19271838860587684 0.0047585010498753955 0.981242569072965 0.193946
0.963168204248993 0.19209514715989062 -0.1881660563475531 0.948905 -0.19097506442786816 0.9812955635667802 0.0242392592899884 -0.238724 0.18930276038806768 0.01258854089144798 0.9818380689032599 0.206373
0.9626031144518596 0.19667611565870555 -0.18631626224509673 0.949129 -0.19683815584691752 0.9802741030286602 0.01781637825542336 -0.226626 0.18614506292234773 0.01952404826769259 0.982328268497286 0.21862
0.9621274100936356 0.202406819341853 -0.18259881223717772 0.946457 -0.203322841134205 0.9790132091779058 0.013890951309875438 -0.228462 0.18157827243265762 0.02376164428428696 0.9830893729673202 0.22809
0.961697234721736 0.20787163990114527 -0.17868354723749616 0.940349 -0.20929581239479256 0.9777898655416047 0.011056299477403261 -0.240587 0.17701325273145438 0.02676490554698096 0.9838444735772475 0.240545
0.9611590636593574 0.2103837613287729 -0.17863909794506191 0.930079 -0.21180627352970777 0.9772464298759174 0.011292377439339241 -0.263217 0.17695015354309843 0.026983110716368674 0.9838498640021974 0.256261
0.9606766271978768 0.21227082068985717 -0.17900144312090416 0.915911 -0.21464865208323677 0.9766716119878397 0.006206327088098727 -0.279077 0.17614305014550347 0.03246014511257475 0.9838292356220715 0.288483
0.9601894016451975 0.21341690350507542 -0.18024854580978672 0.909963 -0.21614000338471895 0.976351402898451 0.004630010267823099 -0.285519 0.1769740430263465 0.03451323451274579 0.9836101995904561 0.300743
0.9599020048885409 0.21687723465515718 -0.17762996959773172 0.895877 -0.22064314207504182 0.9753534732581493 -0.0014852806190706717 -0.300663 0.17292988424853614 0.04061855846280571 0.9840962289543596 0.327117
0.959488211726324 0.21685499377312223 -0.17987852354819928 0.893849 -0.22093099495524432 0.9752857132092642 -0.0026968644724550926 -0.29895 0.17484812560135377 0.04232835084852821 0.9836851344246985 0.334162
0.9592365945827613 0.2196045389081446 -0.1778735565063246 0.888147 -0.22418415973476905 0.9745294420860595 -0.005816272986144139 -0.305386 0.17206573783668558 0.045455615696797944 0.9840361623763337 0.343415
0.9589246539670411 0.21952953738563052 -0.17963933374804436 0.884186 -0.2244548345507985 0.9744570750607521 -0.007310000739894615 -0.306475 0.17344605864926388 0.04733065686523523 0.9837053795012718 0.352545
0.9587354218762129 0.2212262377389096 -0.17856467336998044 0.875662 -0.22648805475639683 0.9739687904192763 -0.009378504245092279 -0.317717 0.17184164772401284 0.04943426974376465 0.9838834794234513 0.363692
0.9585215440869325 0.22168147533318922 -0.17914735000915782 0.871284 -0.22716351307675647 0.9738008363425819 -0.010424464739959366 -0.32184 0.17214292854436208 0.05068781542529721 0.9837670240049633 0.370518
0.9583758017899648 0.222753134527734 -0.17859693054896264 0.863298 -0.22854054822314518 0.973457374482263 -0.012245729213207466 -0.331324 0.17112872453596445 0.05255265097184142 0.9838461152611853 0.380711
0.9582372112191782 0.22353059758266833 -0.17836905275082734 0.860316 -0.22936213925133545 0.9732608796242874 -0.01250077081661087 -0.336053 0.1708053164071401 0.052889811280563345 0.9838842471295915 0.383308
0.958159799590345 0.22276584993960952 -0.1797364029618744 0.857022 -0.2290996311262446 0.9732871516442808 -0.015015973560888032 -0.333276 0.1715900855725895 0.05556524583627788 0.9836001962120308 0.392989
0.9581064856154402 0.22263951321876554 -0.1801766060712137 0.851694 -0.22932488161063316 0.9732032908547654 -0.016895364563209454 -0.336268 0.17158689022154136 0.05750653722113503 0.9834891648009828 0.401922
0.958065351295876 0.22169477709785662 -0.1815549736411578 0.848084 -0.22871417224765017 0.9733194360626047 -0.018414743979902125 -0.335631 0.17262853199683426 0.05916672367390989 0.9832083648699869 0.410007
0.958116394603772 0.22156212963073182 -0.18144750509434912 0.841742 -0.22926592766488016 0.9731066224228572 -0.022374892373838013 -0.335984 0.17161034002481027 0.06303748178880314 0.9831460558260381 0.422594
0.9580417276676118 0.2197987358478671 -0.18396892065601037 0.836802 -0.22805667750018285 0.9733336401649959 -0.024734121588124002 -0.332888 0.17362661056196274 0.06565166138673156 0.982620811636883 0.434682
0.9580030748225319 0.21875360809260247 -0.18541026826215015 0.832566 -0.22761722915272087 0.9733571157626649 -0.02768252493946342 -0.329396 0.17441475173680734 0.06872251552915065 0.9822711999422225 0.445344
0.9580043636101211 0.2159445153557896 -0.18866797712309305 0.823695 -0.22595805055936327 0.9735771790500587 -0.03302174768757877 -0.322415 0.1765519716439866 0.07426602669244556 0.9814855875599691 0.466449
0.9579923313401847 0.21659004235192994 -0.18798788962959054 0.820229 -0.22704790047393356 0.9732275579694954 -0.03574033154730337 -0.32259 0.17521399482854297 0.07692121919679637 0.9815208515632777 0.472398
0.9578683624415637 0.21743939849228203 -0.18763877055883532 0.818329 -0.2280134684146988 0.9729745768415541 -0.03647370342448843 -0.32496 0.17463693325014562 0.07772117345558391 0.981560676036724 0.474066
0.9578315684061196 0.2181363000405514 -0.1870166868739031 0.814269 -0.22916438763105085 0.9725956264439318 -0.039261060401131614 -0.325819 0.173327349274021 0.08046304758554927 0.9815718659206198 0.480425
0.9578314083747201 0.21753533766877198 -0.18771619534881115 0.808358 -0.2293855681390421 0.9723571373354976 -0.043633228189588535 -0.322349 0.1730354133130804 0.08485266252775561 0.9812536733187407 0.492594
0.957866066628194 0.21889782922040318 -0.1859471397059595 0.804368 -0.231347782915364 0.9716933889401652 -0.04785562903277456 -0.32225 0.17020811303336286 0.08885774165806894 0.9813936519078621 0.499147
0.9579413439041243 0.22182907329985926 -0.1820446205689306 0.802284 -0.23465737163659886 0.970687813339055 -0.05197198256413878 -0.324706 0.16517959794043383 0.09250422300613999 0.9819158157144975 0.500906
0.9579733460562456 0.2245609575078672 -0.17849214158878424 0.801274 -0.2376903370197051 0.9697451994276522 -0.055655654469981344 -0.326078 0.1605938103827783 0.09574249082916532 0.9823660231892019 0.501631
0.958161367308803 0.2266103628651861 -0.1748557623844124 0.796168 -0.24039121178299433 0.9687034010081332 -0.06185293988792811 -0.3268 0.15536685455536833 0.10129888606191459 0.9826493149583866 0.509233
0.9581006445178938 0.2310776074013203 -0.16925216197165158 0.802487 -0.24453046949481103 0.967578902149399 -0.06321327079032679 -0.328119 0.1491576496967024 0.10195198611623599 0.9835434855988376 0.49835
0.9582430928538891 0.23424988705559682 -0.1640035530476498 0.797676 -0.24794766717861524 0.966352089657585 -0.06845139264545089 -0.334669 0.14245044520286976 0.10625737258590184 0.9840819282115921 0.501706
0.9580423948427619 0.2360678754381128 -0.1625629966200218 0.807113 -0.24967873316184291 0.9658791230802208 -0.06883349333341153 -0.323871 0.14076682809043758 0.10653392785361486 0.9842942762839972 0.493635
0.9582980155653971 0.23820443227276983 -0.15787197917625845 0.796955 -0.25226325296098717 0.9646940525461822 -0.07568775454169896 -0.333046 0.1342690007744251 0.11235672399830318 0.9845546211376016 0.503927
0.9580927269625272 0.2410901945200359 -0.15470567102662974 0.80281 -0.2549236705704956 0.9639236587248691 -0.07658395610914799 -0.33015 0.1306608155660065 0.1128126688663721 0.9849878440970085 0.496485
0.9581539467147616 0.242202768162913 -0.1525740262598733 0.802106 -0.25631260787042565 0.9632320218373784 -0.08054762041015223 -0.326434 0.1274553311618926 0.11628366695842873 0.9850041864667957 0.500066
0.9581629564163332 0.2450119084085326 -0.1479625415080485 0.807576 -0.2589779839800528 0.9622525780556427 -0.08366827259419736 -0.320122 0.12187761388023506 0.11848688013142307 0.9854474650997801 0.495322
0.9585098400281582 0.24528511620284826 -0.14523807468618538 0.80671 -0.25974006701248725 0.9614322032891037 -0.09046113014443356 -0.308768 0.11744779332768823 0.12443203063526183 0.985252599892252 0.503867
0.9591711451120146 0.2458021388650233 -0.13990004615398266 0.806666 -0.26069805295107473 0.9601925321528573 -0.1003335755637305 -0.290874 0.10966877209135381 0.132708740206755 0.9850691096063823 0.514473
0.9593810368854945 0.24775575610497355 -0.13492631834214608 0.812858 -0.26260656595538456 0.9590380743755877 -0.10622506020278247 -0.272273 0.10308160641760261 0.13734284551740353 0.9851452305135263 0.514907
0.9598948915376125 0.2488814993407027 -0.12907283403535763 0.806551 -0.2638482490755123 0.9575950945554161 -0.11573995137025977 -0.267485 0.09479398008197357 0.14515382933056736 0.9848575872535537 0.527188
0.9609114439246617 0.24730698975902524 -0.12445260041859801 0.793596 -0.2627880992153849 0.9562074314744231 -0.12887886911302243 -0.257958 0.08712985622269132 0.15654584251718706 0.9838199974310328 0.551057
0.9611621947454213 0.24792556832151788 -0.12124416672408234 0.785683 -0.2634042388559407 0.9552099199384916 -0.13487852239635084 -0.262647 0.08237379647003795 0.16157636406217574 0.9834163087073347 0.560106
0.9615291792063062 0.2486052277520827 -0.116863502725111 0.770191 -0.26397031150272465 0.9539348300917274 -0.14257634650607948 -0.281288 0.07603494052079914 0.16793981264787156 0.982860573605329 0.572436
0.9617910022076478 0.2503408134822351 -0.11084920016608835 0.760076 -0.26512470357634205 0.9526422661339198 -0.14893489963332027 -0.297691 0.06831514931525443 0.1726331077177353 0.9826142938578452 0.577637
0.9618316250509269 0.25153543498017666 -0.10774901392229452 0.765932 -0.26607757456391185 0.9516315228245751 -0.15362346526740767 -0.276928 0.06389561304252 0.1764295035302026 0.9822372325044532 0.580223
0.9621383274692376 0.25192747508812924 -0.1040306979233458 0.76113 -0.26622649344961097 0.9504425141022137 -0.16056924229935057 -0.272065 0.05842339428878327 0.182185550148148 0.981526939170288 0.58878
0.9621226604871977 0.25284558669957946 -0.10192691236166025 0.758109 -0.2670253353515456 0.9493789482052201 -0.16546021571708486 -0.268706 0.05493137953329337 0.1864100909052273 0.9809351770383575 0.594195
0.962277812046068 0.25293266048456575 -0.10023213907740364 0.748118 -0.267144620402881 0.9481785665171402 -0.1720208062627953 -0.274429 0.05152828576261034 0.19230828182296494 0.9799807959897308 0.604159
0.9624764887022452 0.2528841075985792 -0.09843087330440095 0.73949 -0.2670714052808763 0.9470061535842352 -0.1784718732878931 -0.276956 0.04808194231408237 0.1980630535906736 0.9790092714707268 0.613555
0.9620590182948892 0.25466085282368606 -0.09793005338805338 0.736493 -0.26888301163263667 0.9458433135629769 -0.18188554709918928 -0.279405 0.0463073576533734 0.20131635856859956 0.978431066759351 0.616044
0.9614286935616059 0.2564096023676728 -0.09954387479938545 0.735378 -0.27101326405294385 0.9448984936957457 -0.183626379692244 -0.279351 0.046975290353473635 0.20352138075682058 0.9779429276144105 0.617399
0.9609450954974967 0.25790215161763985 -0.10035439018946203 0.733365 -0.27278812039010747 0.9438083991123873 -0.18658067193293343 -0.277974 0.04659575960684752 0.2066692670812586 0.977300695400733 0.620408
0.9599845957345491 0.260656866024224 -0.10240885775558775 0.736105 -0.27592972284503225 0.9428604651466067 -0.18675366479453173 -0.275774 0.047878638274685054 0.20753828913709968 0.9770544992675729 0.618141
0.9590242998477487 0.2632970696590262 -0.10462812915514334 0.738612 -0.27903848880976845 0.9417411810530674 -0.18777931108493998 -0.270572 0.04909087557068216 0.2092801973855716 0.9766226932229048 0.61745
0.9576949367626404 0.26761518992838 -0.10584194923941789 0.742555 -0.28361491755091767 0.9400519267785032 -0.18938044646322383 -0.266281 0.048815844167530265 0.21138705040664363 0.9761826305966474 0.614578
0.9560576223182957 0.2724891829500197 -0.10818256783011684 0.74783 -0.2889690801902803 0.9381363521450186 -0.1907801233829699 -0.258797 0.04950447960609742 0.21365820826560472 0.9756533588009939 0.611372
0.9542126827064881 0.27771916470318403 -0.11113155140936819 0.756318 -0.2947614405768735 0.936235462501899 -0.19125598527340654 -0.245272 0.05092984695768847 0.21525618297837806 0.9752286533826031 0.606486
0.9517075691938902 0.28478404312208083 -0.1146767261570415 0.767167 -0.3024664551092664 0.933764265805863 -0.19130692469869295 -0.230299 0.05259986951210463 0.21675411111920814 0.974808139605036 0.598679
0.9489931588114092 0.29195613461966347 -0.11905292935114334 0.779195 -0.3103652072226734 0.9315187260385854 -0.18959509799854454 -0.215912 0.0555465811258474 0.21687433803333137 0.9746179245364995 0.588419
0.9462642569032967 0.29971696592511354 -0.12146479508028626 0.793342 -0.3184225895314128 0.9291073423557287 -0.18806009905555246 -0.19686 0.056489030646321464 0.21663168447232986 0.9746177213140134 0.576068
0.9436977095776945 0.3041621803578499 -0.1300769040905131 0.798869 -0.32477540548131356 0.9266131988780327 -0.189496479279875 -0.175477 0.06289331389155846 0.22107317273920535 0.9732271489034612 0.57534
0.9400859923372099 0.31118466577184534 -0.13929260856135958 0.810215 -0.3337262417349668 0.9234829182994362 -0.18922498562983503 -0.147237 0.06975043074288292 0.22437335714746015 0.9720038446495778 0.567339
0.9366263561106278 0.3215753252825745 -0.1389977669185141 0.828294 -0.3436187719489229 0.9205680584866061 -0.1856894968987601 -0.124946 0.06824374405937392 0.22168391882048386 0.9727276245348189 0.546185
0.9311026070735366 0.3358474004585287 -0.1423181601416758 0.846339 -0.3582086423807215 0.9155154287362933 -0.18307940427465147 -0.0989329 0.06880772939592907 0.22144530555206982 0.9727422438777535 0.523376
0.9241790759652933 0.352016360227699 -0.14824816248432743 0.870845 -0.3747401834714206 0.9107353670045475 -0.17358250539411543 -0.066315 0.0739109629198723 0.21597586304755198 0.9735972453438446 0.487065
0.9161146375225884 0.369826283561709 -0.15479822642327273 0.893806 -0.39289114129831126 0.9050240520680002 -0.1629969823884106 -0.0325174 0.07981554990205086 0.21014277328842856 0.974407252040173 0.447274
0.9078592230603602 0.3862813636130533 -0.1630286454261307 0.914647 -0.4097446712720312 0.8998389133416095 -0.1496637377602415 0.00187313 0.0888872064383515 0.20267372341137685 0.9752037870979349 0.404249
0.8986170473907141 0.40440723746929014 -0.17012403834041998 0.931947 -0.4278931886325474 0.8935082145038452 -0.1362001825843938 0.0303608 0.09692688615996473 0.1951867231565921 0.9759648158836084 0.361321
0.8902844893694395 0.41182687134785145 -0.194402047376143 0.949424 -0.4371494028596632 0.8924712926017696 -0.11133459238334703 0.0569499 0.12764766965219468 0.18410219965433972 0.9745832199021268 0.308788
0.8823087537397384 0.40572982044315353 -0.23856775950952924 0.971396 -0.4314851205371144 0.8997299924789585 -0.06562416771956633 0.0709053 0.18802088668363964 0.16083921610409666 0.9689060288457897 0.226631
0.874571463802 0.4030270658582756 -0.2696181353115841 0.984721 -0.4259447432886127 0.9042526136509973 -0.029971425894301268 0.0987345 0.2317236077054392 0.14105458124785938 0.9625007920729033 0.143447
0.8702717730156019 0.3760748374990159 -0.3181112347786066 0.979332 -0.40807328681828975 0.9121570539236101 -0.03802238239140596 0.144666 0.2758681454564822 0.16290250328797667 0.9472906316146656 0.141355
0.8598416930134989 0.3849177560429168 -0.3354259740070314 0.979271 -0.4182035342115519 0.9078500516022133 -0.030233884613559026 0.174236 0.29287892878909455 0.16627268232859002 0.9415812913299672 0.103298
0.8475265477377832 0.39152760662886227 -0.3583362724134271 0.976631 -0.4279626534365723 0.9034485591035694 -0.025073259006609394 0.202579 0.31392151589721146 0.17460479461102762 0.9332558317822812 0.0717845
0.8380369782834084 0.38862414791768135 -0.38296905186303287 0.971772 -0.43229373380233066 0.9011831193153941 -0.03148195000656635 0.22612 0.332890598763098 0.1919381596145811 0.9232245621401728 0.0672945
0.8319678047348193 0.38868536009845905 -0.3959207783507413 0.969112 -0.4393997130047322 0.8972884711653047 -0.04244162726839347 0.229081 0.33875871073093405 0.20927754384778469 0.9173033552456646 0.0913462
0.829672220002723 0.3699019948824696 -0.4181106570487323 0.958905 -0.43780750289140674 0.8958324557903593 -0.07621549425546487 0.232091 0.34636483333003665 0.24628586101232713 0.9051931710401226 0.163203
0.8174330626972379 0.3670244931669925 -0.443955188532498 0.951251 -0.4489443980479747 0.8888306433519837 -0.09180966670149975 0.25082 0.36090457945384297 0.27435945191301697 0.8913331451680868 0.179471
0.800844666941169 0.3792121321728661 -0.4635148090889837 0.950208 -0.46876106514843463 0.8786154120894872 -0.09109347638401782 0.261607 0.3727075035906754 0.2902294203758973 0.881394350058745 0.169315
0.7811217680403487 0.3940364867165114 -0.48433875606813465 0.950915 -0.49025038501659707 0.8674316855052383 -0.08495193330713326 0.26884 0.3866566221915743 0.30380506598417645 0.8707463111594285 0.15325
0.7584377817214977 0.4076139657505285 -0.5085498856380771 0.951417 -0.5125257043442364 0.8550258936333058 -0.07904507323680272 0.272458 0.40260344464971815 0.32059565833257025 0.8573965769785226 0.143429
0.7310926013803781 0.42500807451920075 -0.5337337770839999 0.95345 -0.5374767606348927 0.840625781182256 -0.06683582713742842 0.272899 0.4202646071040169 0.335732680275846 0.8430072522882012 0.128296
0.6976623697796456 0.44429966244433533 -0.562018707647084 0.956183 -0.5654068713925962 0.8232295488115599 -0.05107034115365949 0.268601 0.439979871784477 0.353399094389565 0.8255463599999396 0.116479
0.6608003692674486 0.4588462570657221 -0.5939722084010168 0.956273 -0.5957703426847436 0.801988909311731 -0.043260699465952346 0.266445 0.45650911354901424 0.38245771232615716 0.8033215592332473 0.120619
0.6231296332251158 0.4704430018188237 -0.6248142461855579 0.954918 -0.627233663024461 0.7778081301949019 -0.03990544538815999 0.265169 0.4672123630274028 0.41677079389324384 0.7797529821629063 0.133478
0.5731144224115937 0.48483586031640924 -0.6606618252745293 0.955011 -0.6650474863331496 0.7462264543709778 -0.02929026662354467 0.256318 0.4788023597955471 0.4561581604533306 0.7501120135726723 0.149183
0.49206888379513836 0.4998927631132825 -0.712723957074248 0.95687 -0.7130445978028094 0.7011184726985873 -0.0005373872256134726 0.243964 0.49943529625451644 0.5084683988487072 0.7014444184875915 0.157741
0.4041678608897497 0.509984039967421 -0.7593185228889863 0.957287 -0.7610924801995355 0.6479459922998692 0.030070378219397842 0.232868 0.5073328067526519 0.5657581374059465 0.6500239635209079 0.171386
0.278228631399404 0.5031343998661446 -0.818195944955088 0.956007 -0.8160837386686797 0.5730617924259099 0.07488333287290361 0.223019 0.5065532155165589 0.6468817185026473 0.5700420003095359 0.19056
0.3884046398652376 0.5036451795771291 -0.7716756888874217 0.956274 -0.7688550004288979 0.6387242892722478 0.029887633046823625 0.211717 0.5079407682462933 0.5816982167605327 0.6353135923077531 0.201781
0.49810265543329846 0.4930637946921755 -0.7132894496724657 0.958097 -0.7066203009047574 0.7075796872717264 -0.004328569014799666 0.198746 0.5025748650694409 0.5061808772802445 0.7008562081313364 0.206278
0.573120804693622 0.4786815003855028 -0.6651289832927288 0.960932 -0.6542418732880066 0.7560303669382272 -0.019638113551193104 0.187007 0.4934573076406258 0.44641024344870667 0.7464702137929761 0.204054
0.6353797895874931 0.4543825459175541 -0.6243628952374048 0.959573 -0.6071677824794954 0.7935472332139485 -0.04037415729670579 0.176413 0.47711613565534006 0.4047459581317259 0.7800903168693648 0.219312
0.6822406290115169 0.4330984367883909 -0.5890445383648182 0.958756 -0.567244847925172 0.8218603844935113 -0.05271423813853435 0.166676 0.46128191665002216 0.37009627457140104 0.8063794025891609 0.230229
0.7202655091068714 0.409828310884186 -0.5596948740062164 0.956217 -0.53135399082606 0.8446272415177102 -0.06532808981902766 0.160761 0.44596023681965047 0.34444967482057337 0.8261197786591014 0.244551
0.7533458098041513 0.3925521213292451 -0.5276105788272605 0.955862 -0.4995647120557428 0.8633670665523887 -0.07093945912808845 0.155215 0.4276741625574194 0.3170175711733225 0.8465191493688593 0.249472
0.7780567177576783 0.37714641674514787 -0.502382647280381 0.957008 -0.4725022480333741 0.8783516573123704 -0.07238778695346278 0.155005 0.41396783637808904 0.29369873413569103 0.8616099372752941 0.24517
0.7984980342351657 0.361008054238636 -0.4817406710019512 0.956524 -0.4485357563966865 0.8905173444719755 -0.07612183936449023 0.156964 0.40151782595076463 0.276861055349818 0.873001369686415 0.245814
0.8151399440195015 0.3473301193433748 -0.4635824197063573 0.957325 -0.42756040939423506 0.9007044053258664 -0.0769653853703848 0.160842 0.3908183311751361 0.260947049079875 0.8827047465568468 0.240123
0.826974330259322 0.33359869824850935 -0.45257636440610327 0.957605 -0.409755706709315 0.9087802721929135 -0.07885859301385047 0.170941 0.38498534765792813 0.25065978017997675 0.8882319273077444 0.231887
0.8355992777005699 0.3236042293800148 -0.44390781681972297 0.959852 -0.3953738421830733 0.9152866405191116 -0.07700578292980995 0.184294 0.3813834973142915 0.23985551570602984 0.8927575032234197 0.211471
0.8438551167057682 0.31321597586568617 -0.43566534687991926 0.961086 -0.38136523111298404 0.9212663709506576 -0.0763468025102941 0.199896 0.37745079481653593 0.2305732556432152 0.8968650239999628 0.190672
0.8517406249229924 0.30188961209511167 -0.4282529275613344 0.960785 -0.36754343660701383 0.9267550962938097 -0.07769693494957049 0.218552 0.3734296855673054 0.22357918866145565 0.900312510373253 0.17067
0.8594126338465461 0.290724389571258 -0.4205820420481141 0.959203 -0.35428546177322107 0.9317176948543733 -0.0798996162155257 0.241408 0.36863496356297754 0.21767284259565356 0.9037293827442205 0.147143
0.8662315352442056 0.2812986751860482 -0.4129333877116756 0.957364 -0.3422606941380752 0.9361728069686828 -0.08023772641657263 0.263335 0.36400624252420416 0.21083531684931728 0.907219887663657 0.118782
0.871714028586929 0.27173041172582335 -0.4077710579578461 0.95335 -0.33134584198818007 0.9399412562892663 -0.08197784897458349 0.288726 0.36100496584104014 0.2065744855219785 0.9093967212220633 0.0880908
0.8777820786645285 0.26238119387608655 -0.40081757880055446 0.946964 -0.32099731757190414 0.9432093641166923 -0.08553839812754793 0.315626 0.3556112266043092 0.20374544054467636 0.9121559356657359 0.0603262
0.8807096212284302 0.2557758168179353 -0.39865937165303517 0.939801 -0.3135592922570381 0.9456682793665561 -0.08597718092123388 0.341024 0.35500863836664615 0.20072428087058933 0.9130600362265586 0.0218202
0.8855426139896629 0.24630338317772787 -0.3938894797320183 0.928392 -0.30535907820321756 0.9475892328038354 -0.09397062963032511 0.371601 0.3501001459114748 0.20349272544600666 0.9143416202510526 -0.000552019
0.8879787067165292 0.23984076035839874 -0.3923904000975877 0.91617 -0.3000004515504423 0.94879106455344 -0.0989709295352959 0.399549 0.3485592424360176 0.20560137522461985 0.9144585988540839 -0.0315008
0.8893228351506312 0.2359214652770882 -0.39172178532876495 0.902082 -0.2963865724593799 0.94972364457109 -0.10089597914875868 0.425557 0.3482239143789871 0.20583017554313465 0.9145348786626228 -0.0717572
0.890524619013144 0.23414828204943117 -0.39005190032198844 0.886162 -0.2943370071086905 0.9502924857964966 -0.10153776482183136 0.449524 0.34688849675045885 0.20522858829123897 0.9151773584230499 -0.112449
0.8895375776550676 0.23227191867808983 -0.3934115577015416 0.867882 -0.29356615594642443 0.9504112722015156 -0.1026514771210638 0.471619 0.3500597235078526 0.20680466500032219 0.9136137151508346 -0.156063
0.8875819990218288 0.23166696246657564 -0.39815651886403247 0.848991 -0.2938025570867507 0.9504130552197307 -0.10195627453562559 0.488866 0.3547932531231408 0.20747395732816074 0.9116338654135725 -0.200561
0.886120683358139 0.23325885533575816 -0.40047526881488793 0.826998 -0.29505168519292313 0.9503027103459619 -0.09934415822752274 0.505265 0.35739982874886933 0.2061918163181331 0.910906305441843 -0.246541
0.8847197967214999 0.23372871149705324 -0.4032886940034335 0.805028 -0.2961110079521553 0.9500076351575325 -0.0990139591772354 0.520433 0.35998493337725457 0.2070178315129396 0.909700206209196 -0.284745
0.8847945111324254 0.2390801505962261 -0.3999741924934887 0.780399 -0.3000543588584548 0.9490298573651038 -0.09648684656269191 0.538227 0.35651936104505483 0.20538503212370823 0.9114334500003658 -0.318259
0.8827919821343099 0.24269415807584097 -0.40221618803230064 0.760169 -0.30443986580671095 0.94764191182691 -0.09639074155037233 0.55141 0.35776344752778766 0.2075436161024896 0.9104564586119066 -0.343643
0.8806263968808837 0.24754387489141572 -0.4040039345357115 0.739529 -0.30983185362858967 0.9459586889967171 -0.09574121990388752 0.564297 0.3584708797010777 0.20948553342738374 0.9097331695013544 -0.366967
0.8763309440997058 0.25351521897061874 -0.40960238056388026 0.720051 -0.3165917607033059 0.9439842297009896 -0.09307755438670631 0.572709 0.36306161111869056 0.21124347996117845 0.907503420768094 -0.39183
0.8711203393735305 0.26179827297152886 -0.41546482233622367 0.711438 -0.32145107828158764 0.9435905940456921 -0.07941029593259563 0.564981 0.37123922018201366 0.20272753907060254 0.90613629565371 -0.417915
0.8624104410372153 0.27129187145906025 -0.4273744864521476 0.703645 -0.3287927818646453 0.942133103267266 -0.0654257007734686 0.555034 0.38489419037406103 0.19694145375779165 0.9017042342187731 -0.443644
0.8565035213253422 0.28006319802725205 -0.4335508310083574 0.697314 -0.334976692825579 0.9406711686074277 -0.05411439562975953 0.549736 0.3926733161559705 0.1915785939542428 0.8995028121788106 -0.459938
0.8505801397672752 0.29116038048374426 -0.4378801875742316 0.690858 -0.34299982377519744 0.938381851720872 -0.042315732902684755 0.547082 0.3985781563553959 0.1861857491793321 0.8980369257880574 -0.47267
0.8451670405915667 0.30149890597792167 -0.4413514282199718 0.685144 -0.350302244638022 0.9361126258104473 -0.031328728027677805 0.544984 0.40370906715016436 0.18108440433230355 0.8967872811365906 -0.483292
0.838998320999117 0.3131519476208911 -0.44499176965636694 0.679105 -0.3587249660368808 0.9332373763123722 -0.019606075472622206 0.5436 0.40914327087525365 0.17607912185958374 0.8953200135943887 -0.49327
0.8384230892072524 0.32346511509819703 -0.43865367067731026 0.674133 -0.3649681430526777 0.930953902439491 -0.01109441703574579 0.548249 0.40477768965303434 0.16939643103440227 0.8985877091925746 -0.494943
0.8363625842024143 0.3344817526562914 -0.43430356305956663 0.669395 -0.37243718831554157 0.9280540985396982 -0.0024760741672921333 0.552636 0.4022290000806422 0.16382169369055977 0.9007631676364677 -0.496491
0.8325514656151102 0.34617661914901215 -0.43245786552760457 0.662724 -0.3808132063123723 0.9246253197296428 0.007022820868160182 0.556725 0.4022926285680891 0.15883880656003269 0.9016267933742663 -0.500853
0.8350832288544336 0.3562422389003337 -0.41919860222731087 0.654761 -0.3861473277112558 0.9223221504012277 0.014563384933155288 0.566809 0.39182424910603686 0.1497107815173405 0.9077777479702603 -0.500016
0.8360824351991248 0.36630852331435687 -0.4083922468641594 0.647607 -0.39226297426972384 0.9195954246728396 0.021771861148044698 0.576063 0.3835308599950873 0.14199408673615604 0.9125468529140812 -0.498754
0.8395033019692442 0.375092636440319 -0.3931154029938117 0.640392 -0.39712991449234625 0.9173585085125382 0.027224949494047183 0.58816 0.37083963784638513 0.1332624513803581 0.9190860036221092 -0.493928
0.8425747602292296 0.3832479095802604 -0.3784029772967135 0.63275 -0.401591948689574 0.9152332030551587 0.03274279727062885 0.599886 0.3588755775646583 0.1243753344829894 0.9250616714575725 -0.489657
0.8450517294912359 0.39113069628994396 -0.3645604927904481 0.623862 -0.40581737586515626 0.9131222258046578 0.03898792361059297 0.61119 0.3481376623259673 0.1149981702519241 0.9303631489418096 -0.487076
0.8471537140934728 0.3991132143534854 -0.3507694781848375 0.614092 -0.41062148199226217 0.9107178561508542 0.04453071989616091 0.623954 0.33722482593088055 0.10630911821862166 0.9354024738899649 -0.483293
0.8408829295813931 0.41428643282458777 -0.34825658689548505 0.609183 -0.4239675615331606 0.9041872817926293 0.051931360583777696 0.632309 0.3364036347993879 0.10398130130910535 0.9359596591049346 -0.478624
0.8442882526695337 0.4219252141094358 -0.3303883474079136 0.600296 -0.428417135504415 0.9017912244777958 0.05684492467256135 0.646874 0.32192561937568304 0.09355052727560775 0.9421317288129291 -0.470318
0.8475904272824756 0.42854624972140387 -0.31295140106545377 0.589163 -0.43233785784203815 0.8996451429610673 0.06101305944728731 0.662689 0.3076921257615605 0.08358665321856547 0.9478073787157659 -0.462309
0.8502196050448526 0.4375268490812731 -0.29274029365700177 0.597464 -0.4408888619157108 0.8956746120229586 0.058172165304307584 0.675675 0.2876519331345507 0.0796068194976742 0.954420829431871 -0.431857
0.8525107442568267 0.4451926642742827 -0.2739140788697014 0.593647 -0.44642379558055645 0.8927059132008562 0.06149753877737405 0.688801 0.2719029710505584 0.06985445019890182 0.9597859814152778 -0.416096
0.8553856721126958 0.4513853196264775 -0.2540996756590111 0.58477 -0.4497477612695843 0.8905631132675506 0.06800215084984436 0.702277 0.2569869708318087 0.056112694757164676 0.9647844641731025 -0.406019
0.8576778803048789 0.4570253502611536 -0.23561936010098922 0.573881 -0.4530452657792506 0.8884037529979111 0.07408615804746958 0.716568 0.2431843761238331 0.04320417662560366 0.969017419003067 -0.396473
0.8599039945428972 0.4621432779276038 -0.21676879580672612 0.56261 -0.45672580683457076 0.8862174310142134 0.07758996286813191 0.732928 0.22796196511804098 0.03228398415464359 0.9731346704473248 -0.382476
0.8625473195110567 0.46603275099393854 -0.19704211886120393 0.54936 -0.45853756393167516 0.8846030511442442 0.08497496319445197 0.747837 0.21390517541166698 0.017056286445626803 0.9767055129489075 -0.37275
0.8654059573076985 0.4684306354499872 -0.17789117130500712 0.535819 -0.45952552606922703 0.8834950716836107 0.09095465464489405 0.763107 0.19977191981644057 0.003032834102448749 0.9798377324690865 -0.36134
0.868398267441025 0.4696767123169229 -0.15902274998437346 0.521588 -0.4600727393900167 0.8827895700742543 0.09495077376345602 0.779496 0.18497979234389864 -0.009293055217725513 0.9826983848308333 -0.34689
0.8704221426813311 0.4711817918708943 -0.1426639847311637 0.507276 -0.46098492576895184 0.8817848776695579 0.0997413040173264 0.794214 0.17279523067444436 -0.0210510931453929 0.9847327859544179 -0.334508
0.872676512764453 0.47151793608129844 -0.12691154408841554 0.491463 -0.4610347298660009 0.8812666444023156 0.10400038135154094 0.809354 0.16088095576126105 -0.03224806067835626 0.9864468463408599 -0.321576
0.8751292685333861 0.47071680568352064 -0.11213586492877077 0.476229 -0.4600329061875637 0.8812019598933268 0.10887070820374067 0.82291 0.15006161594773365 -0.043689755404012785 0.98771084670155 -0.309878
0.8773613851118294 0.46954977669850956 -0.09879274830184596 0.462106 -0.4587862237363221 0.8812153414966194 0.1139066408106295 0.834856 0.14054252318930918 -0.054612536229112676 0.9885672815050103 -0.299121
0.877811052006574 0.4708700206739365 -0.08791575857398073 0.450605 -0.46075619110404015 0.8802020694591761 0.11378949546896253 0.846779 0.13096369471883834 -0.059377946666337555 0.9896073818011265 -0.282702
0.8794128543718134 0.46952820471427453 -0.07858941750267763 0.439229 -0.45951355657373155 0.8803458019950868 0.11763741001308854 0.855449 0.12441994571040392 -0.06733894777480427 0.9899419898266778 -0.274381
0.8812138881176478 0.4677019333829215 -0.068680309393998 0.430006 -0.45788390848695665 0.8806154497766109 0.12189649692852492 0.862908 0.11749216883386879 -0.07596927750488908 0.9901637536983966 -0.265489
0.8827598067390499 0.46568133533492784 -0.06225767042472351 0.420338 -0.45597400539906274 0.8811189356883109 0.12536796868352465 0.869254 0.1132379353678372 -0.08228192445595953 0.990154965094582 -0.26022
0.8840278816620915 0.46391855324811476 -0.05722132815840304 0.412449 -0.4543637904894939 0.8815918800931896 0.12786439240763936 0.874408 0.10976452221029719 -0.0870363884012406 0.9901395945814984 -0.255531
0.8845600341766057 0.4630282313778693 -0.056199669790528296 0.407765 -0.4533775062813469 0.8818502259782344 0.12957243433788 0.876508 0.10955538661147321 -0.08913493080279625 0.9899760509099154 -0.255855
0.8853077664032274 0.46173143169124725 -0.05508396985039202 0.404131 -0.4521036583638864 0.8823944043358597 0.1303165273123594 0.878396 0.10877702349355839 -0.09046656943376186 0.9899410886384944 -0.255144
0.8855744507601592 0.4608841825893056 -0.057824410069016646 0.401682 -0.45105080273974035 0.8829854022522361 0.12996135101364684 0.878385 0.11095524101491538 -0.08900870546437668 0.9898314931557177 -0.259021
0.8857160471986065 0.4601190306383092 -0.06162435702981715 0.401511 -0.45012230042947426 0.8836780194153598 0.12846428553580536 0.877148 0.11356495230023157 -0.08604438184221812 0.9897976388951616 -0.26344
0.8860936047518087 0.4584703647083166 -0.06813991709833858 0.405531 -0.44794022936743616 0.8848101513948607 0.12829866290360234 0.871824 0.11911202513681818 -0.0831620146029823 0.9893919368960812 -0.274714
0.8863905460602655 0.4566130647159643 -0.07626472963092869 0.411872 -0.4455767092291191 0.8861845134070485 0.12703701976219878 0.864744 0.1255913852441048 -0.07862262605768643 0.9889617215161868 -0.287366
0.8862959394635538 0.45489796212009975 -0.08687549567856713 0.420192 -0.4436527736288482 0.8877846735473557 0.12251771245760708 0.856578 0.13285979129084327 -0.0700443964453631 0.9886566938956911 -0.29952
0.8868330285986443 0.45113088740382523 -0.10004050088235764 0.432286 -0.43946355226043066 0.8903216833059338 0.11915991972946288 0.843839 0.1428249474748706 -0.06171079861357728 0.9878222571461299 -0.317908
0.8874282955114139 0.44645009739917146 -0.11468797172317781 0.45071 -0.43431204464909373 0.8932075709020678 0.11641856877642262 0.825701 0.15441524600385076 -0.05350276455938824 0.9865563268187338 -0.339233
0.8882093778925699 0.4406661227005113 -0.12999026628094845 0.468525 -0.4286299460880254 0.8966524346750131 0.11086379349430467 0.807951 0.16541000677187107 -0.04275254022241568 0.9852977976044909 -0.35735
0.889845541305618 0.4321917406299306 -0.14623683513322733 0.484896 -0.4203120194346146 0.9011889732142496 0.10581229075983004 0.788546 0.1775182214233459 -0.03269149565739483 0.9835743729756152 -0.378246
0.8912162764035111 0.4233330737010574 -0.1628577826948274 0.506548 -0.41200874561233697 0.9057138201731488 0.09965575490813158 0.765538 0.18969012154671924 -0.021716000050103566 0.9816038269737006 -0.396687
0.8920996773646177 0.41432178737699676 -0.18026542139488527 0.528867 -0.40391477090789074 0.9100756184112626 0.09281824505873831 0.741305 0.20251178604804965 -0.009991260085121002 0.9792288553926198 -0.413239
0.8940945301087959 0.4030214727076088 -0.19536802134976394 0.552348 -0.39317740140209456 0.915187454732654 0.08856327527063826 0.713826 0.21449126382262723 -0.0023696490366281256 0.9767230326490799 -0.430539
0.8957450231632988 0.3912459508838405 -0.21111006464680981 0.575706 -0.38268954870054694 0.9202549246765399 0.08172871541843282 0.687 0.22625110561840905 0.007581525280240184 0.9740395051951806 -0.443388
0.8976312652299849 0.3787468866523624 -0.2254083129184868 0.599577 -0.3714861189500955 0.9253627505807126 0.07551055068725723 0.659091 0.23718384242821305 0.015955428193561702 0.9713337475873821 -0.45399
0.8999627423850953 0.36522008513320225 -0.23807845709764486 0.620603 -0.3590672631156362 0.9306569633668493 0.07034427549873166 0.631692 0.2472605162118391 0.02217895290791352 0.9686951693750535 -0.464562
0.9026183497366683 0.3513898213853837 -0.24860673391000734 0.642038 -0.34591926838784454 0.9358781521797443 0.06687259551299801 0.602502 0.25616396014402854 0.025637427705891287 0.9662933032076509 -0.474108
0.9046707324503852 0.3387586486804907 -0.25848296615415756 0.663528 -0.33464156040421705 0.9403574460309875 0.06117924275691228 0.576568 0.2637913794988651 0.03115207277608195 0.9640765822608904 -0.47676
0.9078811913747951 0.3253520472298375 -0.2643818974726446 0.682907 -0.3221155939475137 0.9449956245789238 0.05678744282435877 0.551933 0.2683156471093753 0.033605280686864705 0.9627447214221607 -0.478548
0.9098189569173756 0.3142346180156729 -0.27108314310248577 0.699724 -0.3116079827908729 0.9486827400988137 0.05386579340926658 0.528369 0.27409839600913705 0.03546355141762934 0.9610475564851447 -0.480845
0.9128900484180777 0.30346623320355 -0.27302015457560713 0.715245 -0.30124189973412824 0.9521772502728311 0.05110579132978949 0.508424 0.2754724620426028 0.03559114170856554 0.9606498806995541 -0.47951
0.9154937054686756 0.2934567775696047 -0.2752351629892118 0.729348 -0.29209134149623744 0.9552388863073823 0.0469182087164562 0.491915 0.2766837969057149 0.03744048323267324 0.9602313714647849 -0.475469
0.9177255086946279 0.28611593029035665 -0.27553142311770956 0.738556 -0.2848285710997338 0.9574940091626105 0.04558407071548691 0.478718 0.2768620157704383 0.03664555705395127 0.9602106682242888 -0.474726
0.9197463529985205 0.2809123633135569 -0.27414392257263887 0.745143 -0.27954144533630737 0.9590828602766612 0.04490709813410804 0.469716 0.27554169645483617 0.035331448613527675 0.9606396110163584 -0.473422
0.9213986378320489 0.2777793835455993 -0.27177778474016545 0.748293 -0.27645288794988754 0.9600209534750117 0.04397237352129564 0.466678 0.27312698684936243 0.034617668407277744 0.961354911616221 -0.471454
0.9237162168670121 0.27578257237202763 -0.2658802803382799 0.749748 -0.27448200213603857 0.960638554267475 0.04281586806649017 0.468825 0.26722271834611416 0.03342964000348686 0.963054763743449 -0.466992
0.9252401002973947 0.27586175756473386 -0.260443943133571 0.748808 -0.274288582477775 0.960679901733301 0.043126557108441016 0.472613 0.26210022953824286 0.031534379952534136 0.9645252990756693 -0.464675
0.9274301847857724 0.2768639249216699 -0.2514351197132088 0.74632 -0.27522589752008386 0.9604443606118134 0.0423949938463149 0.48276 0.2532270871816284 0.029883059514258115 0.966945213066167 -0.458202
0.9292842377282907 0.27900871734172716 -0.2420432629863383 0.742919 -0.2771740723063749 0.9598872343923749 0.04232057291268944 0.494216 0.24414204707679907 0.0277602755368531 0.9693420593120201 -0.451466
0.9313361901506652 0.28128442301837114 -0.23128332037322968 0.736111 -0.27914009938861534 0.9593028655892326 0.042647590618938566 0.509154 0.2338668549174036 0.024841204469764802 0.9719512378363091 -0.445985
0.9333238253652334 0.28391786886532383 -0.21976642315099076 0.7272 -0.2813921426976668 0.9586111340272541 0.04339534245743693 0.526346 0.22299125326708097 0.021338637678050047 0.9745868681181897 -0.440613
0.9352098354298769 0.2870301267471087 -0.2073554196416413 0.716907 -0.2839809921394072 0.9577739921786532 0.044986398051887144 0.544801 0.21151207960478377 0.01681327587662811 0.9772307577719583 -0.435013
0.9259955216900121 0.32810949075517254 -0.18675239191620494 0.713978 -0.31200957438449534 0.9436005908005896 0.11076078066348516 0.503202 0.21256133068469565 -0.044295452556215385 0.9761432239074304 -0.48685
0.9280089352262653 0.3305371358124667 -0.1718854792852049 0.7019 -0.31478967405090097 0.9424386587204054 0.112768948120531 0.526072 0.19926584567140745 -0.050542817473647375 0.9786411734393177 -0.480193
0.927884527498589 0.3341764460814239 -0.1653977222125784 0.699159 -0.3176249864230691 0.9407410949388766 0.11882996378417611 0.5283 0.19530660928003743 -0.057726035526377936 0.9790418955253866 -0.481743
0.9292432276543844 0.3369826304816772 -0.15149168496030407 0.684115 -0.32080326041696205 0.939304456968062 0.12162403227068935 0.553387 0.18328200120118038 -0.06441928184623155 0.9809474319055568 -0.475131
0.9294435733309357 0.3301304540141392 -0.164768101664854 0.682189 -0.31252633200684976 0.9417785591287173 0.12401789132129812 0.534153 0.19611714814407655 -0.06377326162158645 0.97850448915985 -0.499298
0.930369416835112 0.32434442095003135 -0.17091941029760804 0.663613 -0.30550368042715836 0.9435952164895753 0.12765409771508202 0.535565 0.20268263236733902 -0.06654895954543447 0.9769805456200579 -0.522291
0.9323672860648963 0.3264137883092 -0.1553875242019673 0.650368 -0.30778530436084495 0.9421956576647187 0.13242186034507472 0.557071 0.18962977164855263 -0.07563981411522135 0.9789377754613072 -0.516424
0.9348469879975548 0.32927842702030846 -0.1328037142964425 0.660633 -0.31248879571126836 0.9406310992556041 0.13252881825518295 0.569774 0.16855818457381688 -0.08239449382225446 0.9822419690692074 -0.488797
0.937799452775788 0.3263284141252019 -0.11849874475268946 0.65104 -0.31004928460941655 0.9407884110476682 0.13706424315477947 0.58316 0.15621020288899617 -0.09179832118799452 0.9834487484055507 -0.485872
0.9407232678945063 0.32227724554905135 -0.10572185319600462 0.638899 -0.3068239355466117 0.9414533587781657 0.13973061876696646 0.600181 0.1445641927227132 -0.09900984924050286 0.9845294530565367 -0.481239
0.9434080258871115 0.3171573514004873 -0.09691496862926383 0.628345 -0.3023129128833024 0.9425959706246081 0.1418440653191595 0.611949 0.1363385469916567 -0.10451818317824411 0.9851333666003416 -0.480313
0.9461445178030601 0.31137921189028095 -0.08862018863556191 0.620845 -0.29732281499208346 0.9440506683490217 0.1427146778539228 0.621566 0.1281003322259484 -0.10867990611126413 0.9857885081959764 -0.477711
0.948864644027238 0.3052970865384016 -0.0803092539264699 0.617128 -0.29208546150627257 0.9455600762191493 0.14353475341221017 0.627417 0.11975796629757157 -0.11273788720567683 0.9863813655461408 -0.474869
0.9513136048890697 0.29920632728765556 -0.07401350460554831 0.6153 -0.28687459148812516 0.9473271912249829 0.14238736434215715 0.632232 0.11271820576767755 -0.11422244296466975 0.9870399382049839 -0.470839
0.9538397710258874 0.29259062795865565 -0.0676787680151034 0.613754 -0.2811468861556349 0.949210017708324 0.14126843485773252 0.636483 0.10557518465185427 -0.11571977667158918 0.9876552099152842 -0.467114
0.9559685862845891 0.28650225367608334 -0.06356509006970174 0.614278 -0.27572544654199876 0.9510202269018031 0.13977126368770657 0.637173 0.10049646842680332 -0.11609042450679649 0.988141423669493 -0.465481
0.9580149385912999 0.2803469657934784 -0.06010787141712748 0.615623 -0.2702879974306728 0.9529952556870396 0.13691033957634632 0.638318 0.09566491457595258 -0.11491571436659169 0.9887581113249041 -0.462125
0.959831373350262 0.2744175029972791 -0.058470238423389956 0.618908 -0.26489239187178204 0.95497943203916 0.13359006366721093 0.63613 0.09249732677756677 -0.11273561296636288 0.9893103285158314 -0.460751
0.9616658990916843 0.26837427615042764 -0.05633778860513783 0.622088 -0.25930222114086976 0.9567864972879498 0.1316129048340938 0.6324 0.0892247534913638 -0.11195912873987005 0.9896989930560782 -0.461603
0.9632609612617616 0.2628418209679247 -0.055158840264570075 0.626914 -0.2541125251860867 0.9584580866299068 0.12955663131344666 0.626175 0.08692033739360089 -0.11078029303086037 0.9900366567069016 -0.463555
0.9647405035522046 0.257586573030538 -0.05408251288745643 0.630586 -0.24918462132487562 0.9600326044822267 0.1274536104873092 0.621359 0.0847513144500834 -0.10948312986691469 0.990368950933705 -0.465052
0.9659796669831516 0.2526470372960056 -0.05525176486475654 0.634735 -0.24442731253206182 0.9616928605551258 0.12410532158474653 0.615403 0.08449006961456114 -0.10637817681672455 0.990729585524565 -0.467322
0.9667708400433158 0.2489901947999186 -0.057948474832735505 0.638999 -0.24071484736739482 0.9629455225223187 0.12162352943041242 0.607008 0.08608429066231195 -0.10363302344193752 0.9908832884620921 -0.472463
0.9677838386193988 0.2449379830039764 -0.058308028512762726 0.645913 -0.23688700570226223 0.9642489588448746 0.11877917282079167 0.598945 0.08531698679933418 -0.10114014953775224 0.991207184152215 -0.473351
0.969008151186964 0.2403533130472895 -0.05703935343614668 0.654197 -0.2326282931873563 0.9655454796631814 0.11664477661144788 0.589396 0.08311004838140446 -0.09976077189551437 0.991534421111467 -0.473961
0.9699714564575014 0.2365078058275364 -0.05674003384170289 0.662687 -0.2291039721938457 0.9667864871912321 0.11329279813579995 0.581457 0.08165012910409163 -0.09689141327838022 0.9919401748342503 -0.471969
0.970675012142866 0.232994228596752 -0.059192146793738035 0.670515 -0.2256788387419268 0.9680247937699177 0.10953109326033263 0.571574 0.08281957827435706 -0.09296068032944228 0.9922193453904963 -0.472982
0.9712981524425083 0.23140579901485037 -0.05505683648802237 0.673035 -0.22417609548662049 0.9679299107003596 0.11338768091802419 0.563914 0.07952972572657208 -0.09779081835168739 0.992024182453212 -0.478565
0.9694432344141111 0.2274035197056789 -0.09201877240093848 0.739089 -0.21823303401449468 0.9707705984569447 0.09989388387871323 0.451621 0.11204533954402218 -0.07675991399822132 0.990733948893168 -0.499786
0.9836864782230152 0.1753692986883634 0.04008143758341583 0.574787 -0.179859871782283 0.9629613659667859 0.20088761579012945 0.570449 -0.003367355588946172 -0.20481947351981336 0.9787939743293296 -0.586692
0.9839584415360588 0.17334534026577664 0.04215659305580487 0.587268 -0.17828862227757952 0.9637731360051514 0.19837971035657562 0.54955 -0.006241193499099226 -0.20271343153066687 0.9792182147921722 -0.594232
0.9845377491848912 0.1693622320269616 0.044742091958174426 0.591003 -0.17490451723372857 0.9645490177207162 0.1976198427922603 0.537209 -0.009686603180912638 -0.2023897892109356 0.9792571383155542 -0.601765
0.9849346476398305 0.16651599752953558 0.04664935632296159 0.592135 -0.17249804840668445 0.9650558414348361 0.19726035133393033 0.531472 -0.01217222964325312 -0.20233547755953274 0.9792406197387176 -0.605735
0.9851953858497041 0.1641684167556552 0.04938403224114164 0.599317 -0.17071307760505927 0.965873400351569 0.19479635424695912 0.52384 -0.015719314077325963 -0.20034296951288133 0.9795997130112376 -0.605318
0.9869271688206261 0.15394768936503062 0.04769562226107878 0.565091 -0.16049007731549242 0.9658534717624842 0.2033961803171922 0.526049 -0.014754610363230104 -0.20839189049366708 0.9779341089508561 -0.635566
0.9877835939068832 0.1492431222506926 0.04483371576465957 0.547431 -0.15532519095685407 0.9661249225704681 0.20609880893014318 0.527796 -0.0125561404347946 -0.21054482764739593 0.9775035646422523 -0.649423
0.9883110051479169 0.14517394188749277 0.046539055645345204 0.546731 -0.1516804745424623 0.9670332425945252 0.20454765058462845 0.524342 -0.015309825148809192 -0.20921576019498309 0.9777496483967395 -0.652802
0.9886249932828793 0.14313715957943457 0.046177659143337754 0.544614 -0.1495717992512326 0.9678900638485803 0.20203242604082194 0.532958 -0.01577654985019772 -0.20664118140081056 0.9782895903688752 -0.647573
0.9891363596214818 0.13942473593865837 0.046583313355726505 0.544381 -0.14595628242607186 0.9692025244920272 0.1983512796496209 0.536017 -0.01749359011532992 -0.20299558991937916 0.9790233729478373 -0.64524
0.9893218077296957 0.13927983107894934 0.04293587550133495 0.535737 -0.14506669118583823 0.9694449019267003 0.19781869789461948 0.546607 -0.014071810787508368 -0.20193491719598528 0.9792978471120065 -0.643588
0.9890436952164424 0.1410225510186109 0.04364870051683169 0.544776 -0.14686029998649547 0.9699582270230259 0.1939409449245424 0.554366 -0.014987369364946216 -0.1982263300738606 0.9800416832078968 -0.629204
0.9894531919852547 0.13827848764022915 0.043144417090986875 0.533636 -0.14408494472653244 0.9701673881828542 0.19497376133626462 0.565877 -0.014896629596728782 -0.19913387145935166 0.979859067246034 -0.628502
0.9900216518943192 0.13545661973538115 0.03884112447275853 0.51451 -0.14048194425260396 0.9703446801599234 0.19671305250121238 0.574978 -0.011043193353927859 -0.20020665786931466 0.9796914524611039 -0.636144
0.9900867584846385 0.13568103968629833 0.03631619670376051 0.505866 -0.14019747710612376 0.9703665084391724 0.19680829939981542 0.587006 -0.008536866313759028 -0.19994873035159444 0.9797691703377517 -0.632079
0.9903604003175563 0.13460783727098913 0.03266508270426147 0.492374 -0.13841886062012826 0.9705269114932155 0.1972757792838887 0.596748 -0.005147475835284073 -0.19989558327453608 0.9798036840509725 -0.633609
0.9905841965704945 0.13311873765538138 0.031974226962118546 0.485047 -0.13682056976779475 0.9707917815211955 0.19708741365018412 0.606276 -0.004804289042441618 -0.19960640925566625 0.9798643784681916 -0.630205
0.9908906324901356 0.13112763201467267 0.030680589393353656 0.476603 -0.1346087859569244 0.9712163210466942 0.19651802074040853 0.6143 -0.004028546450257067 -0.19885774275785523 0.9800200859976028 -0.628876
0.9911593060346041 0.1291816238848561 0.030254555218577006 0.474439 -0.13260438701376337 0.9720684672640345 0.19364651170536215 0.621044 -0.0043939282773407615 -0.19594642890704203 0.9806047574802355 -0.623868
0.9912988416605106 0.12815183461925683 0.03006183304871201 0.472515 -0.13154873591669436 0.9725525561243576 0.19192825653013698 0.627646 -0.004640754383696141 -0.1942128545171429 0.980948434189613 -0.6187
0.9913349063526465 0.12801956298771905 0.029429490977972254 0.474129 -0.1312838573024498 0.9731458405269189 0.18908125733912987 0.632015 -0.004433086800314333 -0.19130646763136286 0.9815203427254225 -0.612992
0.9918198479850187 0.12433748497517566 0.028871767750220004 0.472225 -0.12754348653317693 0.9743869642391685 0.18520988894694282 0.63334 -0.005103742346160733 -0.1873772498219182 0.9822747670907762 -0.613094
0.9922540167337954 0.12110783569930904 0.02765607361644666 0.470555 -0.12412254951229888 0.9756107243472656 0.18104504202316876 0.633534 -0.005055588810026402 -0.18307541252400114 0.9830858733350566 -0.614176
0.992363947502077 0.12053323396290708 0.02618272729373302 0.477421 -0.12326857857243853 0.9765863926840578 0.1763061971714829 0.626824 -0.004318939085636379 -0.17818742137082058 0.9839870881421118 -0.615761
0.9925112729877047 0.11810624948618535 0.031181514149136034 0.495598 -0.12174525993222655 0.9772677075244345 0.17356819845228255 0.610636 -0.009973197900393877 -0.17606459514122447 0.9843280924881684 -0.617661
0.9920266100667218 0.12265075457708911 0.02898270727863226 0.509876 -0.12577738855411152 0.9780264146192639 0.1662659942246026 0.621425 -0.007953203633522902 -0.16858565985474028 0.9856549202653561 -0.59486
0.9920378664478744 0.12200836698077779 0.031222266417303655 0.517912 -0.12548375195426356 0.9786694654737914 0.16266500958941346 0.629052 -0.010709786600585984 -0.16528773619336365 0.9861872361448625 -0.579707
0.989453817501567 0.14440377701427656 0.011344259146668237 0.63095 -0.1445208899873022 0.9789163661806348 0.14434839930175652 0.455294 0.009739373124270706 -0.1444655571674866 0.9894618979038222 -0.628179
0.9898853885401605 0.14145259011518857 0.010866568197904035 0.625506 -0.14153085918251102 0.9793342523143733 0.14447642763754698 0.450292 0.009794562458603136 -0.14455305944030228 0.9894485734754954 -0.637165
0.9902246959439979 0.1391159613565423 0.010089640155223602 0.624528 -0.13911076252782673 0.9797367572149143 0.14409747503315473 0.437436 0.010161067441143517 -0.144092455936628 0.9895120599823973 -0.647004
0.9906089957609693 0.13641095066855405 0.00926660968994279 0.620035 -0.13631529296806685 0.9801220933764849 0.14414861420883504 0.428395 0.010581040613972277 -0.14405809457645471 0.9895126613472549 -0.657293
0.9909298573243028 0.13401686041111635 0.00987415762401441 0.620464 -0.1340371235191096 0.9804819796601583 0.14383718949013038 0.414904 0.00959517493115601 -0.14385606934448084 0.9895521026862588 -0.665492
0.9910792707634216 0.13293007254974804 0.00956424983795131 0.615632 -0.13289846932407506 0.980359372531866 0.1457171834075974 0.405794 0.009993793792244923 -0.1456883540329982 0.9892800551839673 -0.675521
0.9921506583665674 0.12502185707385824 0.0025702833678189225 0.556775 -0.12389718690203212 0.9800276077789066 0.15554862605923822 0.417819 0.016928029434935613 -0.15464612263150204 0.9878248926679731 -0.717934
0.9923241338271587 0.12359115148593874 0.004247434350220474 0.561766 -0.12275627279498233 0.9803039415080741 0.1547096627661592 0.404505 0.014956968732452959 -0.15404353130889517 0.9879508487512029 -0.721661
0.9925355478371082 0.12178732561515357 0.006405747356868497 0.564179 -0.12130974466781266 0.9805170063415611 0.15450031107934017 0.392926 0.012535235471325058 -0.1541241304744048 0.9879719734269727 -0.726162
0.9927043224283401 0.12027545214171446 0.008481971716332781 0.569213 -0.12014585393893669 0.9808033436222106 0.15358963155361732 0.378931 0.010153916159502443 -0.15348816485839678 0.9880983155713948 -0.729662
0.9927875190593076 0.11943170313999443 0.010440799066399227 0.577039 -0.11962445061130056 0.9810851829329852 0.15219019234265807 0.363691 0.007933020610662166 -0.15234149833328736 0.9882960766235792 -0.731269
0.9927857167596563 0.11914095817344078 0.013488983784186517 0.588374 -0.11981054603752364 0.9813335385890567 0.15043244031282255 0.349273 0.004685472890332457 -0.15096330059254442 0.9885282637426202 -0.729263
