# .PCD v0.7 - Point Cloud Data file format
VERSION 0.7
FIELDS x y z rgb
SIZE 4 4 4 4
TYPE F F F U
COUNT 1 1 1 1
WIDTH 6287
HEIGHT 1
VIEWPOINT 0 0 0 1 0 0 0
POINTS 6287
DATA ascii
-2.8911595 -2.0467575 2.9370511 4287730830
-2.8802421 -2.0455222 2.9352787 4287467138
-2.9196897 -2.0391483 2.9660339 4288054107
-2.9090638 -2.0381975 2.9646509 4288450166
-2.8039181 -2.0367224 2.9226508 4288390056
-2.8405693 -2.0329566 2.97053 4288450420
-2.7707818 -2.0269477 2.9753361 4288581494
-2.4541028 -2.0164828 2.7458491 4288322695
-2.4502532 -2.0117869 2.7511616 4288454535
-2.4503169 -2.0040092 2.8003623 4288585866
-2.7288499 -2.0279467 2.9905205 4288452508
-2.7100935 -2.0278976 2.990448 4288844664
-2.4534147 -2.0049412 2.8139524 4288651402
-2.4738903 -2.0111482 2.8476436 4288651402
-2.6117702 -2.0211225 2.9532385 4287467396
-2.4901772 -2.0158577 2.918889 4288782988
-2.4907098 -2.0145445 2.9302466 4288783245
-2.4378057 -2.0114214 2.9661512 4288784554
-2.3980143 -2.0091472 2.9627976 4289310900
-1.0067689 -1.9877234 2.7535563 4288651679
-0.95514071 -1.9863546 2.7048233 4290300889
-0.93074638 -1.9884126 2.7076259 4290629081
-0.98023093 -1.9860331 2.7275991 4288652195
-0.93704128 -1.9686464 2.750947 4291215529
-1.0184972 -1.9847637 2.7856333 4290030753
-0.95527029 -1.9191468 2.7539325 4291014524
-0.90723038 -1.9440651 2.7648926 4288981398
-0.9639746 -1.9107354 2.7542131 4292399029
-0.92184103 -1.9126049 2.7569079 4292070322
-0.88150179 -1.9963423 2.7654958 4289441700
-0.89859164 -1.9440686 2.7648973 4291876576
-0.86231649 -1.9974067 2.8157275 4291876315
-0.90067357 -1.9139315 2.7713034 4292268211
0.34148341 -2.0051205 2.8019152 4289704113
0.34318644 -2.0063205 2.8158886 4289702561
0.30430335 -2.0010252 2.9508204 4290426283
0.32558447 -1.9987266 2.894084 4288719279
0.37766612 -2.0170803 2.7466626 4289637285
0.39897013 -2.0033393 2.7163923 4287337630
0.37849194 -2.0042868 2.7526686 4282604137
0.39474094 -1.9651234 2.7460239 4285229409
0.44547829 -1.8053595 2.5009308 4286411365
0.36948735 -1.9247711 2.7496731 4282003749
0.39477268 -1.9566994 2.7462447 4285426531
0.36866629 -1.8947732 2.7435632 4282201129
0.39447647 -1.9037777 2.744184 4285493101
0.48980147 -1.6998993 2.3049481 4285887862
0.48992044 -1.6714932 2.3055079 4286216570
0.49006897 -1.6359656 2.3062069 4286348412
0.49010259 -1.5856259 2.306365 4286742912
0.61953926 -1.3172185 1.7860591 4285952882
0.60657966 -1.3229214 1.8486238 4287073684
0.61029589 -1.3175547 1.8251841 4286019189
0.59191287 -1.3213408 1.9132537 4286676348
0.60710728 -1.3182901 1.8502318 4284375892
0.61188793 -1.303836 1.8299452 4285162838
0.59467 -1.3201673 1.902944 4284769377
0.62481266 -1.2993891 1.7693809 4285623398
0.62206018 -1.2996614 1.7773148 4285557083
0.63502914 -1.1617587 1.575266 4287536178
0.63974833 -1.1389459 1.5509051 4286883998
0.63462454 -1.1511794 1.5742624 4287536437
0.64099681 -1.1120323 1.5539316 4287606697
0.63564914 -1.1136179 1.5768042 4287536946
0.6415484 -1.0886881 1.5552689 4287935662
0.63607132 -1.0897036 1.5778513 4287274542
0.64353758 -1.0344269 1.5254223 4287869074
0.65054756 -1.1045268 1.4976634 4289968788
0.66417396 -1.0735962 1.4557238 4288197280
0.6487698 -1.08444 1.5153748 4284914262
0.66395831 -1.0669124 1.4652873 4286883716
0.66924441 -1.0279244 1.3997269 4285044808
0.67219901 -1.0301231 1.3967772 4284388141
0.66760141 -1.0277548 1.4054766 4284848204
0.67391694 -0.97060996 1.3563108 4281827593
0.65455872 -1.0352241 1.4855233 4286883964
0.66095269 -1.0321727 1.4486635 4286095206
0.64516008 -1.0341536 1.5180236 4287737743
0.65943873 -0.97345716 1.4355129 4283535647
0.66656625 -0.97153121 1.3941255 4282026012
0.67138386 -0.96834213 1.3771976 4287604274
0.66739643 -0.9683792 1.3958619 4288654671
0.6789434 -0.95395839 1.3750752 4288651133
0.679088 -0.96718597 1.3170192 4281367812
0.6847406 -0.96189749 1.3042678 4289574266
0.67402786 -0.96470243 1.3480557 4286225433
0.68017519 -0.95880115 1.3111811 4289968784
0.69479501 -0.9492839 1.2926419 4288322937
0.73367554 -0.95661563 1.2971059 4287925636
0.69700247 -0.94824755 1.2967488 4286940277
0.7256183 -0.95390272 1.3044823 4286741608
0.6747452 -0.96151191 1.3494904 4291086009
0.71424401 -0.95375091 1.3686112 4285431431
0.70849931 -0.94178569 1.3824377 4282328328
0.7140457 -0.94202411 1.3764737 4279836969
0.71943146 -0.95366496 1.3384771 4287925892
0.73732418 -0.78027511 1.145358 4287470504
0.74763733 -0.78177601 1.0924381 4289769905
0.75754213 -0.78079998 1.063217 4288781731
0.75254714 -0.77954441 1.0798883 4288716196
0.75628722 -0.77960885 1.0661317 4286943904
0.7418195 -0.78031021 1.1197276 4289045418
0.74792147 -0.77865797 1.0928533 4288716710
0.74115121 -0.77978945 1.1240208 4288914089
0.7499516 -0.77722251 1.0908387 4286545764
0.80886698 -0.78085423 1.1205083 4287071631
0.80400383 -0.78246796 1.1485769 4287399822
0.80683887 -0.78206748 1.1324054 4286476106
0.81626308 -0.77900636 1.0838349 4287399565
0.8258785 -0.78258651 1.0656497 4286742670
0.82444686 -0.77827787 1.055292 4287004809
0.82058489 -0.780393 1.0717844 4286808977
0.82471639 -0.75926268 1.0472589 4287925396
0.80955827 -0.7784214 1.1070882 4287269010
0.81166917 -0.77756542 1.0913199 4287268492
0.80786783 -0.7593264 1.1095181 4288057495
0.81296682 -0.7583136 1.0930647 4286351769
0.81852114 -0.75862932 1.0647429 4287663250
0.82677376 -0.7589525 1.0334672 4287860116
0.82817477 -0.75700349 1.0352185 4286150746
0.98408157 -0.7724511 1.1286957 4287397216
1.0012758 -0.7765671 1.057453 4285295202
1.006112 -0.77837718 1.0876887 4287659608
1.0886708 -0.83910847 1.157391 4287860112
0.98328418 -0.7693767 1.1040384 4285822564
0.99551451 -0.77314866 1.0947238 4287593819
0.98430049 -0.769418 1.109071 4287528800
2.9852459 -2.317219 3.3401353 4288386957
0.9998641 -0.77540481 1.0882875 4287725402
1.956817 -1.4993794 2.0330567 4288056456
3.3881793 -2.5793881 3.4974756 4288452752
1.0054166 -0.77390629 1.0583334 4287856470
-2.7283044 -2.0251331 3.0001972 4289768356
-2.6688683 -2.0227211 2.996624 4288978062
-2.6584392 -2.0219114 2.9954243 4288715681
-2.6085324 -2.0173903 3.0026274 4289307542
-2.5539718 -2.0093751 3.0046728 4288716695
-2.4293063 -2.0104604 2.9784598 4288191640
-2.5587039 -2.0028806 3.0666115 4289177510
-2.5264077 -2.0133824 3.0975115 4289045905
-2.3816423 -2.0095108 2.9770529 4288718247
-2.336623 -2.0094957 2.9908774 4289046162
-2.5347102 -2.0180192 3.1196432 4289046161
-2.5770071 -2.0065246 3.1474895 4288914593
-2.5743532 -2.0000744 3.1684346 4289177251
-2.5515275 -2.0191219 3.2145226 4289243282
-2.3038812 -2.0123696 3.0091507 4288389532
-2.309202 -2.0133951 3.0534902 4289634696
-2.3272903 -2.0112386 3.0647445 4290689459
-2.2812517 -2.0128694 3.0672293 4290294438
-2.2389998 -2.0207922 3.0359321 4288981671
-2.1726589 -2.0201917 3.0493457 4288981671
-2.2424724 -2.0124753 3.0666289 4289897611
-2.1788936 -2.0149944 3.0851591 4290161039
-2.5762196 -2.0129974 3.3376124 4289374868
-2.1063828 -2.0202127 3.0638294 4289310637
-2.0888653 -2.0217917 3.0662243 4289245879
-2.1250255 -2.0182891 3.1050601 4290159482
-2.0502992 -2.0214217 3.0802615 4288981928
-2.0235295 -2.0235295 3.0688601 4291480011
-2.0520966 -2.0227809 3.1270044 4290357120
-1.9773897 -2.0258553 3.1017878 4289902776
-1.9223244 -2.020905 3.1545835 4291080841
-1.8861523 -2.0222661 3.1111789 4289969603
-1.8194278 -2.0248473 3.1301985 4290429897
-1.7588747 -2.0241799 3.144357 4290956241
-1.8798392 -2.0183535 3.1660447 4291873729
-1.8432919 -2.0216749 3.1712549 4291278218
-1.8112481 -2.0202384 3.184612 4292136902
0.30571923 -2.0010712 2.96455 4290492592
0.31378621 -1.9934652 2.9532819 4287926148
0.29734302 -2.0142591 3.0693471 4290624954
0.36807269 -1.8489233 2.7391455 4282530346
0.39454517 -1.8440698 2.744662 4288253290
0.36758655 -1.7951902 2.735528 4282728240
0.39542311 -1.7708079 2.7507694 4286414198
0.3676821 -1.7443523 2.736239 4283385656
0.39524832 -1.7270632 2.7495534 4286807928
0.36816883 -1.6781648 2.739861 4283846463
0.39536196 -1.6673962 2.750344 4287137666
0.49017549 -1.5570281 2.3067081 4286940292
0.49076819 -1.5156076 2.3094974 4287268999
0.49117103 -1.4590669 2.311393 4287663755
0.49165601 -1.4315866 2.3136754 4287729550
0.5765053 -1.3203831 1.9836742 4285888619
0.58241022 -1.3242171 1.961803 4286873729
0.57643574 -1.3016292 1.9834349 4286676088
0.6364705 -1.0657181 1.5788416 4287143470
0.64188963 -1.0346878 1.5328708 4287803540
0.63675463 -1.0365773 1.5795463 4286881058
0.64463013 -0.97888279 1.5280122 4288392779
0.63687503 -1.0071511 1.579845 4286750504
0.64274532 -0.97850782 1.5349141 4288721238
0.63548648 -0.96061909 1.5764005 4291088089
0.64243233 -0.95640296 1.5457017 4289242500
0.65283525 -0.97693777 1.4816118 4286029348
0.6538167 -0.97612065 1.4733897 4285766949
0.65167135 -0.97985113 1.5002506 4286948142
0.65953535 -0.95724231 1.4656341 4290628311
0.672207 -0.95524156 1.4151727 4288716669
0.69460428 -0.9596507 1.4623249 4287070831
0.65416127 -0.96006405 1.5059828 4289045635
0.66888708 -0.95970756 1.5510426 4287531384
0.71144706 -0.91967547 1.3881893 4282130956
0.71624953 -0.91472828 1.3807219 4280362034
0.70434701 -0.87936652 1.3660063 4288909943
0.71594852 -0.90140504 1.3801417 4282732893
0.69701535 -0.87233818 1.3683736 4290163378
0.69557703 -0.78506649 1.3016646 4290690752
0.70946968 -0.78002471 1.2543111 4288127661
0.70019168 -0.7806735 1.2877089 4289637559
0.70559347 -0.7809096 1.2684826 4289375412
0.72491103 -0.78439093 1.1895976 4290295993
0.71795809 -0.77873766 1.2155905 4288193200
0.72211552 -0.77823848 1.1972899 4288127151
0.73048693 -0.78187793 1.1746523 4289308593
0.73470652 -0.7817567 1.1581581 4289111467
0.7265954 -0.77849507 1.1862782 4287071852
0.7852844 -0.78147233 1.2198592 4287795610
0.71351719 -0.77908361 1.2341919 4288193198
0.75298041 -0.78043282 1.2549673 4285557858
0.76720774 -0.78344494 1.2989761 4287927455
0.77158362 -0.78357714 1.2793096 4287133264
0.78117913 -0.78508508 1.2498866 4286607692
0.78359044 -0.78359044 1.2352164 4287401108
0.77361584 -0.78150988 1.2630463 4287860886
0.77628809 -0.76091605 1.2297633 4289175966
0.7876879 -0.78029174 1.1833808 4285361234
0.79407573 -0.77943838 1.1709872 4287137426
0.78936905 -0.78185123 1.2028481 4288123544
0.7904458 -0.77567112 1.181975 4288584086
0.79855305 -0.78040409 1.1615317 4287137682
0.80439889 -0.76206207 1.1289809 4288386963
0.79403818 -0.75794548 1.1549646 4287860114
0.78332156 -0.76072574 1.2051101 4288386719
1.126017 -0.88678998 1.3198735 4287662985
1.1844313 -0.93031704 1.3782474 4287597194
-2.5817928 -2.0150578 3.3584297 4289440405
-2.5978925 -2.0181975 3.4352298 4289571990
-2.6155138 -2.0186124 3.4728813 4288651669
-2.6535172 -2.0217273 3.6758678 4289571990
-2.6602373 -2.0240936 3.7011998 4289571990
-2.6620533 -2.0226955 3.7198999 4289571990
-1.653363 -2.0285945 3.7523134 4293518029
-1.6785311 -2.0262268 3.8366425 4292795849
0.36820471 -1.626951 2.740128 4284307015
0.39508766 -1.6318839 2.748436 4287532423
0.36835882 -1.5933661 2.7412751 4284438856
0.39484867 -1.5622275 2.7467735 4287861646
0.36918408 -1.5454216 2.7474163 4284767824
0.39458746 -1.501148 2.7449563 4288585368
0.36983535 -1.496543 2.7522631 4285227862
0.39466807 -1.4585559 2.745517 4288783006
0.49197441 -1.3891041 2.3151736 4288124306
0.49184591 -1.3453432 2.314569 4288519577
0.47983155 -1.3066183 2.3622477 4286347370
0.4809528 -1.2652757 2.3677676 4289439645
0.67605031 -0.77939558 1.377937 4289900986
0.66824114 -0.79552519 1.4546746 4291216839
0.66234767 -0.79387766 1.5032003 4290164414
0.66681314 -0.79184061 1.481807 4289245372
0.67021143 -0.78716111 1.4393803 4289770170
0.67481315 -0.77863055 1.384232 4289047735
0.67025846 -0.7880066 1.4492075 4288982456
0.72608298 -0.78582394 1.4705478 4287199572
0.68721861 -0.77884781 1.3327876 4289440946
0.69377261 -0.77998102 1.3136523 4288653237
0.68687618 -0.7790181 1.3402462 4288587437
0.74363601 -0.7871235 1.3915995 4285886294
0.69827759 -0.77947271 1.2991211 4287662960
0.75430048 -0.78363436 1.3409786 4286149723
0.74656802 -0.78069687 1.365153 4287861659
0.75134623 -0.78072846 1.3431888 4287396186
0.74041092 -0.78977168 1.4359485 4287659866
0.743707 -0.78284943 1.3917323 4288255125
0.72968829 -0.78407502 1.4503121 4287927453
0.74243224 -0.76894772 1.4141567 4289045161
0.74352735 -0.77811003 1.3833067 4289111462
0.75292265 -0.76138246 1.3535688 4287596914
0.76522195 -0.78579247 1.3165109 4287527512
0.76638997 -0.76237744 1.2840041 4288189851
0.7583698 -0.76249141 1.318904 4288650404
-3.4109929 -2.0198429 4.2804618 4286223524
-3.3317227 -2.0204425 4.2817321 4282535766
-3.4401233 -2.023602 4.3170176 4288322982
-3.4171913 -2.0124962 4.3221393 4286805074
-3.3098254 -2.031641 4.3054643 4286873970
-3.3194339 -2.0323064 4.335587 4282928714
-3.329659 -2.0363204 4.4028549 4289171786
-2.8471169 -2.0437226 4.5102844 4289176976
-1.7087885 -2.0307343 3.9624083 4292795589
-1.7184416 -2.0320258 4.0138783 4292730053
-1.7275232 -2.0369306 4.1254287 4294177778
0.37037584 -1.4470499 2.7562854 4285425241
0.39478788 -1.4160869 2.7463505 4289242784
0.38651103 -1.3484939 2.7485228 4284769116
0.39461836 -1.3468497 2.7451713 4290492583
0.38662568 -1.3403023 2.7493382 4284769630
0.39563352 -1.29871 2.752233 4288782492
0.38803858 -1.2503465 2.7593856 4285164132
0.39549494 -1.2552665 2.7512691 4290954177
0.48149219 -1.2370646 2.3704231 4289637024
0.48238164 -1.2022434 2.3748019 4290097577
0.48101574 -1.1544378 2.3680775 4290492335
0.48089918 -1.1097673 2.3675036 4290689713
0.60828036 -0.80008048 1.7536011 4290297797
0.65215313 -0.79224527 1.5458444 4289705662
0.63672704 -0.79338211 1.6170846 4288518530
0.64536226 -0.79315507 1.5764574 4289705664
0.62048888 -0.80080187 1.6970636 4290559684
0.63049066 -0.7945208 1.640301 4290034370
0.61716932 -0.79963672 1.7173407 4289968833
0.62554777 -0.76108313 1.6681274 4290623925
0.63248169 -0.79570276 1.6322107 4290493892
0.68943888 -0.79234016 1.6464212 4288383847
0.67711413 -0.78734207 1.6796631 4287468969
0.69024128 -0.77265817 1.6483374 4289047732
0.6598078 -0.79271871 1.5189819 4288255102
0.71138728 -0.78881723 1.5485982 4288585637
0.70006758 -0.78943789 1.5888058 4287594336
0.70261455 -0.78614217 1.5722843 4288847520
0.71911663 -0.78491813 1.5040348 4288387748
0.72121274 -0.7867775 1.4986238 4288387230
0.71190351 -0.76962543 1.5392509 4289111468
0.69558418 -0.79205209 1.6247222 4289045156
0.7029171 -0.77221876 1.5840385 4289177519
0.72854602 -0.76497328 1.457092 4288258219
-4.9254274 -2.0480301 5.4162779 4293056434
-4.88837 -2.0466878 5.4127283 4293056439
-4.7926216 -2.0419269 5.4001369 4293056442
-4.656847 -2.0640237 5.4585752 4290953400
-3.4168696 -1.9760212 4.3911581 4284375377
-4.6485987 -2.0679429 5.4689398 4291018937
-4.525857 -2.0665233 5.4651856 4290953144
-4.3747816 -2.0597224 5.4471993 4290887350
-3.411808 -1.9810498 4.4023328 4286736187
-3.7705674 -2.0729959 5.2232966 4289374369
-3.6944034 -2.0852854 5.2542624 4280822569
-3.8199749 -2.0670857 5.2917399 4289637027
-3.7341316 -2.0322928 5.2872663 4286870355
-3.6817977 -2.0874479 5.2597113 4283257686
-3.5757084 -2.0830963 5.2487464 4287338142
-3.6944466 -2.0211768 5.3014479 4284975775
-3.5946088 -2.0302882 5.325346 4285749782
-3.5040259 -2.0660529 5.2890959 4289505697
-0.41530925 -2.0457826 4.9221835 4290430152
-0.40008467 -2.0465872 4.9241195 4290561225
-0.41782078 -2.0426793 4.9519501 4286678136
-0.4024834 -2.0433774 4.9536419 4287861903
-0.46792001 -2.0330317 5.1632552 4288191639
-0.41333646 -2.0030923 5.0872183 4287336596
0.38764694 -1.214627 2.7566004 4285492584
0.3949545 -1.2106215 2.7475097 4291546057
0.38756528 -1.1626959 2.7560198 4285756527
0.39494768 -1.1676714 2.747462 4291743434
0.3875728 -1.1282675 2.7560732 4285822065
0.39469796 -1.1326115 2.7457249 4292006607
0.38721043 -1.0755845 2.7534964 4286150773
0.39433342 -1.0715582 2.7431889 4292335573
0.48111382 -1.0658522 2.3685603 4291084473
0.48191452 -1.0231416 2.3725023 4291479745
0.4816938 -0.96338761 2.3714156 4291611075
0.48198128 -0.93430215 2.3728309 4291808710
0.54805773 -0.80633783 2.0158446 4291283149
0.55014479 -0.79043788 2.0235209 4290888133
0.56449926 -0.80729467 1.9423631 4291217615
0.56741804 -0.80283612 1.9316359 4290691785
0.58732086 -0.80036861 1.8425752 4290297540
0.59954369 -0.80125934 1.7930279 4290691012
0.58484519 -0.79909545 1.8529749 4288583551
0.55718386 -0.80482119 1.9810983 4290692042
0.57320064 -0.78815091 1.9106688 4291085253
0.55319083 -0.79206872 2.0116031 4290887874
0.61161184 -0.78635806 1.7474624 4289437572
0.62531888 -0.7503826 1.6675169 4290821303
0.62799424 -0.71622485 1.6608113 4289503632
0.62640077 -0.6681608 1.6704021 4291545287
0.62889457 -0.65488195 1.6631923 4289766546
-5.0621662 -2.0353038 5.5666432 4293520624
-5.0713859 -2.0285544 5.5960121 4293451956
-5.074605 -2.0227447 5.6778798 4293452214
-4.7845302 -2.0432158 5.4485755 4293386179
-4.7487502 -2.0498204 5.4661875 4293056440
-5.0689826 -2.0168839 5.7115297 4293517751
-5.136405 -2.0211844 5.933753 4293452217
-5.1848841 -2.0362456 6.03332 4293518008
-4.6051702 -2.0697396 5.5193052 4291807672
-4.5839014 -2.0679255 5.5144677 4291545019
-4.4210043 -2.0631356 5.5479274 4293188546
-3.6071968 -1.6526998 4.5988169 4287206039
-3.6795394 -1.6565256 4.6910462 4288325035
-5.2188487 -2.041321 6.1624784 4293518008
-5.2129602 -2.0381501 6.2712307 4292861919
-5.0952783 -2.0381112 6.2711115 4293718001
-3.5517373 -1.5343505 4.5462236 4288786281
-5.0750914 -2.0300364 6.368742 4291216574
-3.5235488 -1.4433814 4.5282555 4286290607
-3.5012836 -1.6376972 4.5177855 4286676061
-4.2337651 -2.0813048 5.6924572 4293121968
-3.7355847 -1.6619539 4.8791308 4293253743
-4.6970825 -2.115628 6.2110181 4294177780
-4.2213531 -2.0924811 5.822556 4291743653
-4.1867495 -2.0933747 5.8250422 4290887352
-4.2311888 -2.088119 5.8613868 4291349159
-4.2407961 -2.0835214 5.9002376 4293055910
-3.5400741 -1.5669181 4.6427202 4284967531
-3.5964661 -1.5967712 4.7753906 4286809481
-3.4752369 -1.3732791 4.4841766 4285766064
-3.6074958 -1.470282 4.8504148 4287921710
-4.5337667 -1.9787201 6.14748 4293980916
-4.6549153 -2.0118701 6.3117495 4291478968
-4.3240523 -1.9602371 6.1497636 4293125091
-3.6978683 -1.9567196 5.3063583 4286027434
-3.6388106 -2.0404544 5.4412122 4289900454
-3.6730549 -1.8612341 5.2707515 4287342521
-3.8212714 -2.0074883 5.6350546 4290226579
-3.4404387 -1.6107509 5.0042748 4285820212
-3.6227767 -1.7116791 5.3178377 4293910387
-3.5418885 -1.6496468 5.1753621 4286017340
-3.6172447 -1.6758795 5.3097172 4292134482
-2.1291745 -2.0908108 6.1381602 4293385924
-2.0687921 -2.0879476 6.1297545 4291873978
-2.2583537 -2.0784848 6.3953376 4293319864
-2.1046329 -2.0853243 6.1787386 4293651172
-2.2851079 -2.0810804 6.5288796 4293320125
-1.9309295 -2.0838742 6.1177964 4291413953
-1.8345102 -2.0829334 6.1150341 4291479489
-1.9280653 -2.0823104 6.1698089 4293320389
-1.8134073 -2.0834892 6.1733017 4293057990
-1.7758595 -2.0847046 6.1769023 4292137152
-1.5921134 -2.1031623 6.2898307 4293451977
-1.5335284 -2.1036863 6.2913985 4292071359
-1.3666966 -2.0995629 6.3383031 4293451977
-1.3153036 -2.0842502 6.4753408 4293191397
-1.3258111 -2.0805037 6.52707 4294046451
0.38727421 -0.99830687 2.7539499 4286348151
0.39432529 -0.99438542 2.7431324 4292467161
0.38724431 -0.96380806 2.7537374 4286347893
0.39451954 -0.97772235 2.7444837 4292401624
0.38703522 -0.92888451 2.7522504 4286479993
0.39425001 -0.92563045 2.7426088 4292467160
0.38634074 -0.8757056 2.7473118 4286545787
0.39396256 -0.85644037 2.7406092 4291283142
0.50107491 -0.81424677 2.2269998 4290359715
0.4912706 -0.79470241 2.3118615 4291742919
0.62862498 -0.62342972 1.6624793 4289701011
0.62839866 -0.59204501 1.6618807 4289766547
0.62573516 -0.56316167 1.6686271 4291479750
0.62854874 -0.51426709 1.6622776 4289766805
-7.8488121 -2.1609073 7.9481645 4284437821
-7.8382416 -2.1536384 8.0135374 4284437821
-7.7900534 -2.1498523 8.0935621 4283583303
-7.6681457 -1.9170364 7.7652106 4282856742
-7.8327537 -2.1292922 8.1115894 4282397222
-7.5649633 -1.867301 7.6607223 4284238380
-7.6105704 -1.8718555 7.8814969 4285355061
-7.8539572 -2.1443372 8.2673235 4285095239
-7.8961029 -2.146256 8.4790363 4285095239
-7.5009766 -1.8319218 7.9218235 4286344280
-7.4138131 -1.8100612 7.9345155 4285684280
-7.9264498 -2.1495457 8.5981827 4285095239
-7.8458343 -2.1373134 8.6574726 4286084979
-7.9095469 -2.1200848 8.6977835 4282660909
-7.9019613 -2.1327093 8.7495766 4284831813
-7.6353407 -2.1239152 8.6032009 4287465858
-7.9211173 -2.1272259 8.9567404 4283977016
-8.0054092 -2.1386292 9.248126 4283977013
-5.0598712 -1.9507939 6.502646 4289441455
-8.0660353 -2.1647816 9.4894533 4284834656
-7.3892756 -2.1152506 9.0250692 4287531908
-7.3222694 -2.1121931 9.0120239 4287663493
-7.0546198 -2.0881674 9.0299129 4288189838
-3.4708183 -1.3068264 4.4966068 4285567143
-3.7415023 -1.5155452 5.0518174 4287790130
-3.4887879 -1.2622037 4.5382605 4285303713
-3.4551616 -1.2329624 4.5877666 4280034872
-3.7128425 -1.4438832 5.0773916 4286934044
-4.8869505 -1.9764999 6.9503298 4288454554
-3.6781268 -1.4207356 5.0515046 4283514903
-3.730449 -1.4258604 5.3055272 4286410068
-3.4822106 -1.1417084 4.5668335 4286093743
-3.4632416 -1.1832741 4.6176553 4280955448
-3.443285 -1.0910821 4.5343671 4284573279
-3.4346321 -1.0502594 4.5416622 4282335545
-3.8252404 -1.3685127 5.2761936 4284957463
-3.8981349 -1.4236667 5.423492 4288644405
-3.8954613 -1.3040601 5.3499899 4287986986
-3.6954474 -1.5080078 5.3028846 4284319657
-3.6419971 -1.6038153 5.3460507 4289036566
-3.6994717 -1.4432917 5.3086591 4284893981
-5.0946245 -2.1129777 7.5128102 4290097576
-3.6935883 -1.3263339 5.3724918 4286620086
-3.66223 -1.3271383 5.3757501 4290686076
-3.7012856 -1.312274 5.383688 4286817209
-5.8549085 -2.1066728 8.755003 4290887865
-5.498455 -2.1008248 8.2995548 4293122756
-5.1844091 -2.0892396 8.2537861 4293123276
-5.8867664 -2.1044478 9.1003151 4292401369
-5.8846283 -2.1266232 9.3221836 4291019198
-4.1812983 -2.0574641 7.0794463 4288979089
-4.1648402 -2.0602667 7.0890899 4288979091
-3.9564586 -2.0555902 7.072999 4289242004
-5.0184441 -2.0845845 8.2353954 4292202952
-4.9740415 -2.0875509 8.2471151 4291808712
-5.8405218 -2.1317906 9.3448353 4293714615
-5.6356378 -2.1206267 9.2958975 4294046709
-4.8502288 -2.0861199 8.3444796 4293189067
-4.7877502 -2.0896811 8.4645309 4293454312
-5.3825855 -2.123939 9.3104181 4294046452
-5.2929516 -2.122997 9.3062887 4294046452
-3.8819652 -2.0512657 7.0581183 4289899939
-3.7812202 -2.0463076 7.1175914 4288913042
-3.7299697 -2.034529 7.2338805 4288188801
-3.7051785 -2.0333297 7.2296166 4289044106
-5.1202984 -2.12376 9.3096333 4294111985
0.38639385 -0.78137428 2.7476897 4286282360
0.39377016 -0.78754032 2.7392707 4291348678
0.38674352 -0.73910987 2.7501762 4286282615
0.39384776 -0.72776216 2.7398105 4292532953
0.38669401 -0.72182882 2.749824 4286545273
0.39370155 -0.71037453 2.7387934 4292532952
0.38673374 -0.67033851 2.7501066 4286348151
0.39363718 -0.66747177 2.7383456 4292467159
0.62636173 -0.48021063 1.6702979 4291610825
0.62761313 -0.44455928 1.673635 4291479494
0.62786591 -0.42380947 1.674309 4291611080
0.62801158 -0.40820751 1.6746975 4291611080
-7.34972 -1.7464679 7.7620802 4286742646
-7.2419066 -1.7556137 7.8027277 4286353839
-7.44311 -1.8104862 8.0466051 4286541661
-7.6830864 -1.8536117 8.5964603 4285752916
-7.6731224 -1.7707207 8.5853119 4287334013
-7.7472563 -1.8604523 8.8857422 4285160524
-7.7971315 -1.8791647 8.9751148 4284171817
-7.7041106 -1.8224777 8.836256 4287729290
-7.8037872 -1.8661232 9.0478697 4284700489
-8.1740789 -2.1736314 9.796649 4283847501
-8.1300488 -2.1700504 9.780509 4284111446
-7.9397554 -1.8973681 9.340889 4284502855
-8.0761404 -1.8731734 9.8264828 4284832327
-7.6644745 -1.6525633 9.1175909 4283787648
-8.0683527 -1.8100107 9.8170071 4284897865
-7.6641335 -1.5385249 9.1171846 4283853441
-8.0272427 -1.6176573 9.7669878 4285095245
-6.200407 -1.8371576 8.1651449 4286546560
-3.4603317 -1.0295203 4.5756454 4283854206
-6.3308415 -1.6090889 8.4411221 4282862934
-3.8286355 -1.1551917 5.2808762 4284896028
-7.4019098 -2.1883907 10.298309 4285888375
-3.817112 -1.0410305 5.2877741 4280885526
-3.8560452 -1.0394557 5.3649325 4286670108
-3.5045784 -0.80988151 4.712038 4282867057
-3.5549579 -0.79499066 4.7999434 4282337348
-4.1267314 -0.97412121 5.667614 4286734870
-3.8513279 -1.0046942 5.3583694 4286672181
-3.8956532 -0.90285522 5.3502531 4286341922
-7.2204909 -1.5382785 10.0459 4288847511
-4.3365135 -1.3735564 6.2791147 4283724166
-4.082902 -1.2853581 6.0487437 4285884243
-6.7064233 -2.0587161 9.9816532 4287201393
-5.9362903 -2.1264324 9.4508104 4290427058
-6.5947862 -1.8404055 9.8154955 4287399030
-6.5351057 -1.4963561 9.7721214 4289109907
-5.8275647 -2.1298714 9.466095 4290887610
-5.7239017 -2.1243348 9.4414873 4291085246
-6.027678 -1.9566284 10.098727 4289175700
-5.5584226 -2.1287575 9.4611444 4291282625
-5.3205242 -2.1282096 9.4587097 4290492594
-5.9292645 -1.7694664 9.9338465 4289307542
-5.8933496 -1.5736169 9.8736744 4289570459
-5.2070093 -2.1301403 9.4672899 4293583029
-5.0594268 -1.8162044 10.378311 4288717733
-5.013423 -1.574729 10.283944 4288783268
-4.8029966 -1.6009989 10.455503 4288978578
-4.3868003 -1.6041286 10.475942 4288059028
-4.1691236 -2.1497045 10.422809 4288190097
-4.1718712 -1.9866053 10.595228 4287728512
-4.1497006 -1.7784431 10.538922 4288189063
-3.1099234 -2.1147478 9.9517546 4290691003
-3.0292025 -2.145685 10.097342 4291742920
-3.1052225 -2.1573124 10.459697 4290821816
-2.934267 -2.1369119 10.206146 4291677126
-2.7259469 -2.123703 10.143059 4292006349
-2.9909186 -2.145659 10.403195 4291151038
-2.0895739 -2.1784921 14.226886 4293060069
-1.7485564 -2.1958613 13.012512 4290625209
0 -2.159683 10.163215 4294309622
0.10180032 -2.1717403 10.858702 4290229678
0.4305858 -2.1221731 9.8419619 4293254860
0.30451664 -2.1654518 10.827259 4291743177
0.48203063 -2.169138 11.017843 4290887865
0.25260904 -1.9847853 11.547842 4287860875
0.47174412 -1.9958404 11.612163 4287992716
0.25294927 -1.9513228 11.563395 4287861131
0.4721387 -1.9611915 11.621876 4288189583
0.55327302 -2.1208797 9.8359642 4293189064
0.67163146 -2.1064804 9.7691841 4293254599
0.5470823 -2.1541364 10.941646 4290953658
0.72735083 -2.1159296 10.579648 4293191140
1.0157688 -2.1366172 11.208483 4289900711
0.60478944 -1.3607762 8.063859 4288584338
0.68932521 -1.2229965 7.1156154 4289242784
0.68753594 -1.1754647 7.0971456 4289374370
0.38739187 -0.61982703 2.7547867 4286348152
0.39427131 -0.61712039 2.7427571 4292532953
0.3878527 -0.56885064 2.7580636 4286282359
0.39472684 -0.56634724 2.7459259 4292532953
0.38957387 -0.48480302 2.770303 4286216821
0.3956036 -0.51600468 2.7520249 4292532953
0.3896969 -0.46763629 2.771178 4286216564
0.39650145 -0.46545824 2.758271 4292532952
0.49778509 -0.49077401 2.2435384 4292072145
0.50719428 -0.43865451 2.1932726 4292599003
0.49831462 -0.38601834 2.2459249 4291808973
0.49776325 -0.34352675 2.2434399 4291743179
0.62832564 -0.37699538 1.6755351 4291545544
0.63031846 -0.33339158 1.6669579 4289964184
0.63019967 -0.31249571 1.6666437 4290096025
0.63028187 -0.28128284 1.6668612 4290029720
-7.8262963 -1.2801377 9.310092 4283787906
-7.975482 -1.3343012 9.7040091 4284832329
-7.8668203 -1.111298 9.3582993 4283656577
-7.9637413 -1.1119187 9.6165934 4282529058
-7.7714348 -1.1232152 9.7142935 4286282101
-7.687294 -1.1242287 9.7230597 4286676858
-7.8761306 -0.90765822 9.3693752 4282999420
-7.8812904 -0.92196226 9.5170298 4285091612
-7.8805757 -0.73239553 9.3746624 4282539383
-7.939023 -0.74896443 9.5867443 4284171548
-7.6043596 -0.98409355 9.5427256 4282465844
-7.4218736 -0.98362178 9.5381508 4284307278
-7.416543 -0.89355934 9.5312996 4281675302
-7.3337631 -1.3250077 9.8605223 4287464307
-7.3376708 -1.2948831 9.8657761 4287595634
-3.9199169 -0.80066383 5.337759 4284837231
-7.2170744 -1.5061721 10.041147 4288847768
-7.2711082 -1.139962 9.8591299 4288189839
-7.3603354 -0.97939938 9.4972067 4284241743
-7.1438622 -0.99053556 9.6051931 4282266927
-7.2794409 -0.88773668 9.4691916 4286933294
-7.1939926 -0.80596602 9.5521898 4283324507
-7.0057549 -1.0008222 9.7049417 4282332977
-6.8809419 -0.97000062 9.7000065 4283645988
-7.0051217 -0.7516225 9.6207676 4282534227
-6.8358269 -0.90741062 9.6790466 4288116014
-6.5286493 -1.3118312 9.7624655 4288912269
-6.5282221 -1.2812399 9.7618275 4288978062
-6.6636734 -1.0041152 9.7368746 4284899673
-6.6509042 -1.0067883 9.7627954 4284768086
-6.6676798 -0.81460345 9.6545591 4285366150
-6.5595217 -0.78957206 9.7178097 4284038939
-6.4455628 -1.0033187 9.7291508 4285623393
-6.2001657 -0.93758601 9.6783075 4287723598
-6.4354944 -0.78925878 9.713954 4284243812
-6.1747947 -0.90362853 9.6387043 4288316252
-5.8538628 -1.3485339 9.807519 4289570457
-5.8192739 -1.1882287 9.7495689 4289109906
-5.9606981 -0.97816581 9.7816582 4283516989
-5.8031206 -0.982539 9.8253899 4285820259
-6.0675759 -0.87979853 9.7081213 4284505689
-5.8066177 -0.79879397 9.8313103 4284831042
-5.766459 -0.98152494 9.8152494 4285820259
-5.5483499 -1.0422314 9.8092375 4286479738
-5.6995506 -0.91928232 9.8056784 4286933042
-5.5183287 -0.93005532 9.9205904 4286279772
-5.0941019 -1.441727 10.252281 4289703853
-5.0598154 -1.4410866 10.247727 4287733675
-5.1439862 -1.3419094 10.224072 4287930540
-5.061975 -0.98692596 10.187623 4288258986
-5.0346885 -0.9878186 10.196837 4285231728
-5.0892153 -0.96022928 10.242446 4289703852
-5.0471087 -0.95831174 10.221992 4288258986
-4.7870817 -1.4654331 10.420857 4288649615
-4.7367067 -1.4046786 10.453423 4289505958
-4.6557174 -1.2046262 10.418388 4286935885
-4.3894606 -1.5723441 10.482293 4288059028
-4.6510291 -1.1708885 10.407898 4287660132
-4.7514386 -0.93735856 10.343267 4288451977
-4.7186246 -0.96958035 10.342191 4289307804
-4.3836427 -0.8117857 10.390857 4289177765
-4.3740401 -0.97926271 10.445469 4288387995
-4.1421843 -1.4464769 10.519833 4288583564
-4.1335597 -1.3778533 10.49793 4288386186
-4.1012764 -1.1811676 10.499268 4289439648
-4.115531 -0.88189954 10.452143 4288386185
-4.2423525 -1.9326273 15.08392 4291217609
-2.4736784 -2.2717454 16.154634 4290296243
-2.9346678 -2.3138728 18.059494 4293520107
-3.5512719 -2.3244689 20.661945 4292993762
0.25155157 -1.6889893 11.499501 4288321424
0.46504301 -1.5739918 11.447213 4288781975
0.25144857 -1.4727702 11.494792 4288650131
0.46904483 -1.4071345 11.545719 4288913563
0.25174755 -1.2227738 11.508459 4288715925
0.46701103 -1.2932613 11.495656 4288979355
0.69739991 -1.3947998 9.298665 4288847252
0.59307206 -0.96374208 7.9076276 4289242267
0.66697097 -1.0327293 6.8848615 4289703335
0.61032748 -0.82689536 6.3001547 4290032300
0.66657829 -0.94431925 8.8877106 4289242267
0.66472608 -0.83090764 8.8630142 4289373597
0.57162327 -0.64538115 5.9006276 4290163886
0.72560513 -0.72560513 7.7397876 4289045404
0.39054418 -0.39054418 2.7772031 4288059027
0.39724374 -0.4145152 2.7634346 4292467160
0.39081746 -0.36476296 2.7791464 4291348678
0.39698949 -0.36246866 2.7616661 4292927452
0.47401166 -0.33105579 2.4076784 4291217087
0.44057816 -0.33644149 2.5633638 4291874505
0.46243677 -0.31599849 2.4663296 4291345839
0.39416307 -0.29781207 2.8029373 4291151042
0.39924532 -0.31245285 2.7773588 4292795867
0.39565983 -0.23739591 2.813581 4292335573
0.47783437 -0.32851112 2.3891718 4290361520
0.508196 -0.29530308 2.1976044 4291348938
0.48451728 -0.30832916 2.3491747 4290624958
0.50744885 -0.26058182 2.1943734 4292533211
0.50715327 -0.23986979 2.1930952 4292533211
0.50666845 -0.1848655 2.1909986 4292467418
0.63029683 -0.22585638 1.6807916 4291150270
0.63091344 -0.19453165 1.6824359 4290293922
0.63108116 -0.18932435 1.682883 4289766544
0.6317845 -0.15268126 1.6847587 4289634702
-7.7906861 -0.55027151 9.2677307 4282210418
-7.9170089 -0.71701211 9.5601616 4284105238
-7.7100792 -0.45859209 9.1718416 4282210418
-7.9130163 -0.47776705 9.5553408 4283382550
-7.6374383 -0.28391963 9.0854282 4282734955
-7.9305139 -0.20948526 9.5764694 4282395406
-7.6278458 -0.028462112 9.1078758 4281485151
-7.9277978 -0.17949732 9.5731897 4282395406
-7.4490862 -0.20941207 9.573123 4281218365
-7.5974402 -0.059587765 9.5340424 4282136628
-7.5274048 -0.060461082 9.6737728 4283386691
-7.2582765 -0.56059855 9.4416599 4286078250
-7.1194773 -0.55896723 9.4141846 4284184192
-7.2543631 -0.47182852 9.4365702 4286012710
-7.125865 -0.50057733 9.4226313 4284184192
-6.9434075 -0.72139299 9.6185732 4283514140
-6.8021193 -0.57185966 9.63132 4284633130
-6.7098403 -0.4473227 9.5428839 4287130154
-7.2751136 -0.35488361 9.463563 4285880866
-7.1405234 -0.35407555 9.4420147 4284117884
-7.327239 -0.1191421 9.5313683 4284831032
-7.1052232 -0.059707753 9.5532408 4281347113
-6.9412546 -0.23935361 9.5741444 4284701005
-6.664113 -0.35541934 9.477849 4287261742
-7.0458894 -0.059710927 9.5537481 4281478439
-6.8497481 -0.059823133 9.571701 4281676075
-6.6393614 -0.72101659 9.613555 4285366151
-6.5048018 -0.69586259 9.6815662 4283520349
-6.6270318 -0.53975827 9.5957022 4285366665
-6.2864437 -0.69849378 9.718174 4284697894
-6.2469296 -0.66714782 9.703968 4283582018
-6.2042689 -0.51450032 9.6847124 4287394365
-6.6293311 -0.35996369 9.5990314 4285168257
-6.5228157 -0.21336313 9.7537432 4284500770
-6.7163873 -0.091587104 9.7692909 4282533705
-6.0089636 -0.027691076 8.8611441 4282598206
-6.3680186 -0.33356291 9.7036476 4283649336
-6.2147512 -0.36379033 9.7010756 4287065664
-6.3194847 -0.02980889 9.5388451 4281412905
-6.1974211 -0.12092529 9.6740236 4286344230
-6.0306501 -0.72367799 9.6490402 4283581238
-5.8001184 -0.70583451 9.8203058 4284831559
-6.0129271 -0.54116338 9.6206827 4284832847
-5.6020536 -0.73469555 9.7959404 4284045138
-5.5071726 -0.61878341 9.9005346 4285291328
-5.660573 -0.48956308 9.7912617 4287984946
-5.5085454 -0.526097 9.9030027 4285159997
-6.0358572 -0.36215144 9.6573715 4284834393
-6.045846 -0.18137537 9.6733532 4285294166
-5.6364555 -0.33880335 9.8560972 4283913558
-5.509017 -0.34044486 9.9038506 4285094461
-5.6173887 -0.18417668 9.8227568 4283847761
-5.5690203 -0.18771978 10.011722 4284831291
-5.3933954 -0.60635811 10.212347 4288188804
-5.4052248 -0.54372084 10.234745 4287991426
-4.9784212 -0.70661461 10.27803 4287466634
-4.9860601 -0.57902634 10.293801 4287269253
-5.3291798 -0.34893438 10.150819 4288913044
-4.0281091 -0.023556193 7.537982 4285033845
-4.3935809 -0.079883292 8.5208845 4284768865
-5.0124025 -0.38556939 10.281851 4288585890
-4.1121011 -0.025700632 8.2242022 4284902262
-4.8832588 -0.06260588 10.016941 4286019710
-4.7355437 -0.74093544 10.308667 4288386184
-4.5632353 -0.61490405 10.356278 4287798692
-4.5613527 -0.58230031 10.352006 4287535522
-4.5406752 -0.61623454 10.378687 4284640348
-4.3300838 -0.61396712 10.340499 4283790620
-4.5283518 -0.54987133 10.350519 4284114012
-4.3124971 -0.48274222 10.2985 4286086261
-4.8346701 -0.063614085 10.178253 4286148712
-4.6220713 -0.064644352 10.343097 4288650652
-4.2118864 -0.062398314 9.9837303 4286482469
-3.9824672 -0.059886724 9.5818758 4283783005
-4.0920868 -0.68747056 10.475742 4289044632
-4.131597 -0.59022814 10.492945 4287728512
-4.0894613 -0.32715693 10.469022 4288255117
-3.2827039 -0.026688647 8.5403671 4285623661
-3.2129598 -0.026553387 8.4970837 4285426796
-3.2095864 -0.027668849 8.8540316 4285689702
-3.4095998 -0.03247238 10.391161 4287004530
-3.3746688 -0.55664641 11.132928 4290820781
-5.4424181 -0.80399358 19.790611 4289700487
-3.3723896 -0.31290215 11.125409 4290491559
-3.439188 -0.033069115 10.582117 4288189837
-3.3604579 -0.20786338 11.086047 4290228387
-5.0521874 -0.40649781 18.582758 4291676350
-3.444402 -0.03785057 12.112183 4287005045
-6.0170393 -0.072494447 23.198223 4287398258
-5.9608965 -1.3822368 27.644737 4287730831
-5.3374376 -1.4177568 26.687187 4291676868
-5.3287005 -1.3751485 27.502972 4287073160
-6.0499501 -1.0371343 27.656914 4288190856
-5.4060612 -0.85810488 27.459358 4288059004
-5.0754004 -1.0150802 27.068804 4288189047
-2.78122 -0.78599691 19.347616 4288848027
-1.7251364 -1.0455372 16.728596 4288321938
-1.8934143 -0.6652537 16.375475 4288387475
-3.6074681 -0.69079179 24.561485 4292664794
-3.6086838 -0.46068305 24.569763 4292598744
-2.8252814 -0.57789844 20.547501 4289242005
-1.8962929 -0.51251161 16.400372 4288387732
-2.8592138 -0.38989282 20.794283 4289044627
-1.9070966 -0.30925891 16.493809 4288453525
-1.4190346 -0.99857986 16.818188 4287334270
-1.238234 -0.90486336 15.239803 4291413954
-1.4037508 -0.88384312 16.637047 4287729542
-1.2393223 -0.8103261 15.253198 4291413954
-1.4053948 -0.52051657 16.65653 4287926665
-1.2401533 -0.47698203 15.263425 4291479747
-1.3789533 -0.30643409 16.343151 4287860614
-1.2557199 -0.2414846 15.455013 4290821816
0.64862204 -0.502159 6.6954532 4290558644
0.81873864 -0.40936932 8.7332125 4289110942
0.39639181 -0.17617413 2.8187861 4292072401
0.39626986 -0.15850794 2.817919 4291875021
0.39749023 -0.079498045 2.8265972 4291875021
0.39894682 -0.01773097 2.8369551 4291216577
0.50616634 -0.1368017 2.1888273 4292401368
0.50629413 -0.10262718 2.1893799 4292204246
0.53304464 -0.12351035 2.0801742 4292203731
0.53286988 -0.11697143 2.0794921 4292203730
0.50594467 -0.05469672 2.1878688 4292072403
0.48391476 -0.0072226087 2.3112347 4291808974
0.50490308 -0.0068230145 2.1833646 4291875023
0.53174275 -0.045392673 2.0750937 4292006352
0.53153831 -0.038893044 2.0742958 4292006095
0.63154119 -0.12630825 1.6841099 4289700495
0.63063872 -0.073574513 1.6817032 4289634701
0.63024384 -0.063024387 1.6806502 4289634702
0.62854952 -0.015713738 1.6761321 4289437837
-7.6009436 0 9.0757542 4281223007
-7.8350105 0 9.4969826 4280950551
-7.6444411 0.17114422 9.1276913 4281223007
-8.079504 0.18362507 9.7933378 4280425494
-7.8956938 0 9.7177773 4281610539
-6.2660623 0 7.988605 4285553454
-5.6308208 0.22523284 7.2074509 4283515434
-7.6156616 0.45466638 9.0933275 4281222493
-8.6222401 0.48805133 10.411761 4280425485
-7.6484108 0.57077694 9.132431 4280959579
-8.5761776 0.58253276 10.356138 4280423949
-5.5906143 0.35779932 7.1559863 4283120426
-5.2494378 0.42164159 6.7462654 4283714625
-5.578012 0.022491984 7.1974349 4285225296
-5.1127672 0 7.2393165 4285953136
-5.4911551 0.35426807 7.0853615 4284304197
-5.2044568 0.42141351 6.7426162 4283649344
-5.2020798 0.42992395 6.8787832 4283582518
-5.2124872 0.44173616 7.0677791 4282198557
-5.0965042 0.44510955 7.1217527 4282526236
-4.9311094 0 7.2052741 4285558121
-4.8887205 0 7.2425494 4285360999
-4.81107 0 7.261992 4285228899
-4.9964514 0.44611174 7.1377873 4282395679
-4.8559866 0.44550332 7.1280537 4282658337
-4.7452888 0.44766873 7.1627002 4282790953
-4.6219668 0.44873467 7.1797547 4282725417
-4.3633099 0.425143 7.1603036 4284768601
-4.2730565 0.42730561 7.1967263 4284308051
-4.1619344 0.4274419 7.1990213 4283781961
-4.0321188 0.43039471 7.2487531 4283386690
-3.8907924 0 7.2810149 4283978828
-3.8800349 0 7.3035955 4284504915
-3.7931912 0.13547111 7.2251258 4284500285
-3.7484374 0 7.4503107 4284439121
-3.7226787 0 7.5396028 4284308049
-3.8304558 0.38080555 7.1681042 4282399541
-3.7907348 0.36102235 7.2204471 4282987814
-4.0009174 0.43191725 7.2743955 4283386177
-3.9122188 0.43983525 7.4077516 4279637517
-3.7049954 0.36146298 7.2292595 4283251502
-3.6338985 0.36798972 7.3597946 4282988586
-3.773562 0.44257823 7.453949 4279635213
-3.626637 0.45036665 7.5851226 4279635213
-3.5712495 0 7.774148 4284438607
-3.5783165 0 7.8969741 4284635989
-3.3432736 0.047761049 7.641768 4283843896
-3.2710748 0 7.9298782 4284110157
-3.5367134 0.3722856 7.4457121 4282396198
-3.3607647 0.35501033 7.573554 4283514930
-3.5481553 0.45550641 7.6716871 4279635200
-3.437856 0.4388752 7.8022261 4281217586
-3.2644768 0.36271966 7.7380195 4283382578
-3.2412803 0.36555797 7.7985697 4283120430
-3.4200714 0.43972349 7.8173065 4279042048
-3.2220929 0.44959435 7.9927883 4280421645
-3.1452403 0 8.1827393 4283516220
-3.0370317 0 8.3064117 4283781453
-3.0708392 0 8.4712801 4284764483
-3.4972641 0.16653639 10.658329 4285622359
-3.537349 0.33689037 10.780492 4285293399
-3.1674116 0.42734918 8.04422 4282072379
-3.117537 0.43441087 8.177146 4280686093
-3.2067504 0.45094928 8.0168762 4280686093
-3.106828 0.37822253 8.6450863 4284175953
-3.6431413 0.55514532 11.102906 4284899155
-3.6520095 0.79996407 11.129934 4284701775
-3.4795899 0.13383038 10.70643 4287597701
-3.3780391 0.10896901 11.623361 4289113003
-3.4736314 0.23380211 10.688096 4287334529
-3.7748322 0.24353755 12.988669 4288061599
-3.5981109 0.12128464 12.937028 4284244580
-5.1540356 0.25452027 20.361622 4286350475
-3.6530545 0.24353695 12.988638 4286086522
-3.8426106 0.49149671 14.298086 4285625973
-3.5711932 0.54941434 10.988287 4286742134
-4.1483836 0.62448788 14.274009 4286744454
-3.5686412 0.61764944 10.980434 4286610549
-3.1767957 0.47469363 11.684766 4280887588
-2.9669781 0.5651387 11.302773 4286745737
-3.1082666 0.64308965 11.432705 4286019686
-2.8999939 0.64444309 11.456766 4283719256
-6.0232167 0.22587064 24.092867 4289375144
-5.6727228 0.38329208 24.530693 4290887605
-4.7691264 0.69947183 20.348272 4286676342
-5.2993417 0.78773993 22.916071 4289703331
-3.1548395 0.63895482 12.779097 4288190092
-4.8834882 0.85791004 21.117786 4289176987
-3.2241979 0.74404562 13.227478 4284175168
-3.8551304 0.98983079 16.670834 4289440159
-3.6908069 0.39263904 25.128899 4290624949
-3.3659816 0.71616632 22.917322 4289835434
-1.9507344 0.2108902 16.871216 4288453524
-2.3530707 0.6313116 18.365429 4288847765
-1.9312509 0.31317583 16.702711 4287597958
-2.9229505 0.80847567 19.90094 4288454029
-2.3664014 0.94656056 16.827744 4288716952
-2.2878385 0.78121316 17.8563 4288058763
-2.0774288 0.65603012 17.494137 4289374883
-2.1839929 0.93599701 16.639946 4288124816
-1.829964 0.91498202 16.266348 4287532679
-1.5904595 0 15.904594 4288585369
-1.2643545 0.24314511 15.561287 4290032042
-1.3568119 0.30151376 16.080734 4287137406
-1.2609119 0.29097968 15.518916 4290032041
-1.3504281 0.75023782 16.005074 4286807929
-1.2472951 0.67162043 15.351324 4289439904
-1.4920965 0.94499445 15.915696 4286742908
-1.2347476 0.85482532 15.196894 4289110940
0.39825323 0.0088500716 2.8320229 4291414213
0.39704424 0.052939236 2.8234258 4290624694
0.47055784 0.08216089 2.390135 4291807939
0.39745158 0.10598709 2.8263223 4290887867
0.40235385 0.14869599 2.7989833 4290953141
0.39763391 0.19439879 2.8276188 4290427576
0.40192312 0.15727428 2.7959871 4290690225
0.47056732 0.12697849 2.3901832 4291610302
0.47094494 0.14950633 2.3921013 4291474087
0.48185879 0.034917302 2.2347074 4293442232
0.50948954 0.033965968 2.1738219 4290000951
0.4667142 0.072924092 2.333571 4292312154
0.50929868 0.040743895 2.1730077 4288220438
0.51368368 0.03379498 2.1628788 4290474092
0.5302887 0.032334678 2.0694194 4291743181
0.51387346 0.054091942 2.1636777 4289031280
0.53020495 0.038795482 2.0690925 4291743180
0.467172 0.12409256 2.33586 4291524179
0.49165243 0.081942074 2.185122 4289343030
0.46762237 0.1315188 2.3381119 4291786838
0.49034715 0.15884486 2.2100153 4290919218
0.51382411 0.1081735 2.16347 4287836470
0.5307337 0.084140711 2.071156 4291611852
0.51405221 0.15556844 2.1644304 4288375406
0.53110236 0.11658344 2.0725946 4291546058
0.62800604 0 1.6746827 4289503372
0.62668884 0.031334445 1.6711704 4289437325
0.62523425 0.067733712 1.6672913 4289437838
0.62513107 0.10418852 1.6670163 4289240459
3.3163059 0.21190453 3.3904724 4280030733
-7.6127243 0.87935752 8.0398407 4285950817
-7.6435685 0.89773452 8.207859 4287399814
-7.6089239 0.99036801 7.729701 4283053865
-7.6479859 0.98683679 7.8946948 4282856737
-7.718152 1.0746794 7.8158498 4284306759
-7.6799598 1.0550743 7.851716 4283123523
-7.6182394 0.97095215 7.9667864 4285293403
-7.6421938 0.96479523 8.1245909 4285293659
-7.7341032 1.0546504 8.0354319 4283515683
-7.3595977 1.1646502 7.929533 4286545270
-7.70753 0.92702258 8.4756346 4287663237
-7.7558184 0.95246887 8.7082872 4284767574
-7.5672889 0.80385113 8.8700819 4285361000
-7.7866402 0.94552058 8.8990173 4284372816
-8.0399933 0.96479923 9.355629 4283846475
-7.7123032 0.95409936 8.4808836 4285096537
-7.7327347 0.95992565 8.5326729 4284372556
-7.4009485 1.1659029 8.1106281 4286149999
-7.5208611 1.1611154 8.4444752 4285887341
-7.8286033 1.0235276 8.8521309 4283777564
-7.9588575 1.0306435 9.1612749 4283251484
-7.5078835 1.1631932 8.4595871 4286084719
-7.4852991 1.1432092 8.710166 4285755758
-7.8289704 0.81795216 9.3480244 4281221722
-8.4782248 0.92780578 10.237857 4280687629
-8.2154675 0.97009212 9.7009211 4282076515
-8.1414776 1.0406399 9.7942581 4281677109
-7.7142425 1.0979072 9.2455339 4282597435
-7.5687881 1.0977633 9.2443218 4281874474
-7.3641291 1.1371081 8.663681 4286084720
-7.3681612 1.0980004 9.2463198 4282728766
-5.7954588 0.95045531 7.4181876 4284509564
-5.4599199 1.0305872 7.0167642 4284905872
-5.3207917 0.63499159 7.006804 4284696348
-5.2541308 0.5935629 7.0348196 4285885785
-5.3276582 0.65773559 7.0158463 4284696342
-5.2806926 0.72009444 6.9827342 4285551394
-5.098372 0.5738427 7.0626798 4283582273
-5.0421906 0.57498664 7.0767589 4284701259
-5.2940936 0.80609655 6.9716458 4282721814
-5.2092538 0.88255948 6.8882694 4285748774
-5.4163117 1.0264784 6.9887891 4281939517
-5.0478168 0.9584462 6.8156176 4287398523
-5.0995183 0.88593322 6.9146008 4288122750
-5.0326071 0.9596073 6.8238745 4287398266
-4.9803739 0.95276719 6.9292159 4284172856
-4.9655457 0.57635796 7.0936365 4285029709
-4.7598786 0.57830298 7.1175752 4289307804
-4.7244005 0.66540849 7.0976906 4288780681
-4.7089777 0.57751614 7.1078906 4289768357
-4.5016747 0.57942349 7.1313658 4290163370
-4.6787481 0.66522485 7.0957317 4288912268
-4.5452304 0.66515571 7.0949941 4289241233
-4.8172159 0.9018532 7.0388541 4289110161
-4.7984257 0.90245616 7.0435605 4290162594
-4.8055925 0.94356382 7.0218706 4291869836
-4.7054472 0.96747512 7.0361824 4286608490
-4.6265793 0.90328455 7.0500255 4291018937
-4.4654341 0.90635049 7.0739551 4290821559
-4.6608195 0.96733987 7.0351992 4286674284
-4.510006 0.96800125 7.0400095 4286674798
-4.4604716 0.57986134 7.136755 4290228906
-4.2708006 0.58136553 7.1552682 4290031525
-4.3563056 0.66678149 7.1123357 4289241232
-4.2713199 0.67088801 7.1561384 4288714631
-4.226253 0.56200176 7.1936226 4285423958
-4.0825911 0.59300196 7.2984862 4285621584
-4.2138739 0.6724267 7.1725516 4287990390
-4.049612 0.6863749 7.3213325 4287266147
-4.4343085 0.9090333 7.0948939 4289571490
-4.4197626 0.95024902 7.0716205 4292729250
-4.2949772 0.95197946 7.0844984 4283910720
-4.0843 0.91008866 7.1031308 4292729804
-4.0567002 0.89158249 7.1326599 4289439907
-4.0680056 0.95587015 7.1134524 4287201144
-4.0413847 0.95483267 7.1057315 4288122762
-4.0420227 0.64304906 7.3491321 4284242513
-4.0346618 0.6877265 7.3357491 4285098591
-4.0089545 0.8200134 7.2890086 4285295968
-3.9834824 0.95060366 7.2426949 4285098601
-3.5663712 1.1402683 7.7635288 4279635200
-3.5142961 1.171432 7.9757071 4280952358
-3.3998501 1.1749482 7.9996476 4283716432
-3.2978222 1.1759676 8.180644 4282202676
-3.6420302 0.96204567 10.994808 4283781451
-3.602057 1.1566238 10.574846 4285952620
-3.1494646 1.1036584 8.6139202 4281476636
-3.2721016 1.1779566 8.3765802 4283584075
-3.2166753 1.1697 8.5069094 4282794815
-3.1875341 1.1364253 8.8696604 4284568638
-3.4827919 1.1398228 10.131759 4284371519
-3.194839 1.156752 8.8133488 4285095759
-3.5948157 0.89870393 11.060971 4286479220
-3.6403346 1.0500965 11.20103 4286676599
-3.2123096 1.0338467 11.815392 4286151273
-3.0641911 1.0454299 11.535778 4285098591
-3.2084019 1.1432235 11.801018 4287466888
-3.158591 1.138562 11.752897 4287927440
-3.3632915 1.0217595 13.62346 4287137407
0.10993786 0.9894408 11.726706 4286479481
-0.13747998 1.1342099 10.998398 4290032304
0.10797004 1.1156905 11.516805 4288387736
0.33587086 1.0076125 11.942075 4287531652
0.47411203 0.98469418 11.67045 4288716438
0.3300074 1.1000247 11.733597 4287269254
0.35795879 1.1096723 11.454681 4288387735
0.69944108 1.0307553 11.780061 4287597187
0.81290323 1.0346041 11.824046 4287992456
0.67411381 1.09987 11.353496 4288387734
0.77455711 1.0914214 11.266285 4288782492
1.0164889 1.0164889 11.617017 4288321165
0.97913396 1.0840412 11.190103 4287463276
0.39882088 0.24815521 2.8360596 4290229678
0.39805311 0.30959687 2.8306 4289900715
0.47856364 0.18230996 2.4307995 4290225804
0.39633206 0.35229516 2.8183613 4289703078
0.39607674 0.40487844 2.8165457 4288979608
0.48080438 0.17676632 2.262609 4288448378
0.50807148 0.17851159 2.1970658 4285752156
0.48068604 0.26287517 2.4034302 4290755249
0.51414388 0.16236123 2.1648164 4288375406
0.54243314 0.22335482 2.0421011 4289179061
0.48014745 0.30009216 2.4007373 4290623663
0.47919765 0.35191077 2.3959882 4290228904
0.54287285 0.26185635 2.0437567 4289376955
0.54306829 0.2683396 2.0444922 4289376955
0.62444454 0.14050002 1.6651855 4289174410
0.62427717 0.1612716 1.6647391 4288976519
0.62450403 0.2133722 1.6653441 4288779910
0.62460899 0.21861315 1.665624 4288779911
3.1174586 0.37495205 3.428133 4282728498
3.1259007 0.37467986 3.4256446 4282531893
3.2274184 0.37280411 3.4084947 4282070314
3.1422467 0.43192393 3.4553914 4282071086
3.155107 0.46621856 3.4695337 4282400050
3.1406238 0.44097799 3.4417796 4282063872
3.1365855 0.37513977 3.3345759 4280030742
3.1285026 0.46070418 3.4284961 4281670656
3.105392 0.45851427 3.3346491 4278190080
3.3279271 0.25517651 3.4023535 4282530598
3.275851 0.37346834 3.4145677 4281872934
3.2977829 0.33715352 3.3715353 4282196480
3.1854298 0.41235337 3.2988269 4279637526
3.2114537 0.40910235 3.2728188 4280425494
3.2262356 0.46235862 3.2878835 4279045376
-4.8085241 0.77605927 4.8693914 4282195986
-4.7541151 0.75944328 4.8604369 4283513908
-4.8667302 0.8932606 4.9283342 4286672179
-4.6863222 0.85615504 4.8064842 4286340902
-4.655879 0.76829684 4.9171 4284042565
-4.6763659 0.77423275 4.9550896 4286539818
-4.6563244 0.81636858 4.8377395 4288183349
-5.9782829 1.1351171 6.0539575 4288191648
-7.2468123 1.1751587 7.8343916 4286873719
-5.4770226 1.1217998 7.038744 4285170329
-5.4454784 1.1809471 6.9982052 4288387739
-5.4304152 1.1620642 7.1511641 4282399547
-5.3625727 1.1667522 7.1800137 4282662205
-5.4210939 1.1803995 6.9949603 4288454047
-5.2985706 1.1823256 7.0063744 4288782236
-5.1709332 1.1590022 7.1323214 4282925891
-5.1462646 1.1635033 7.1600204 4283386183
-5.1379051 1.1756223 6.966651 4289045408
-5.0021467 1.174417 6.9595084 4289505959
-4.9650669 1.168251 7.1892371 4283649355
-4.9422636 1.1788886 7.2546988 4285163624
-4.8513546 1.1907871 7.0565157 4289769134
-4.8089852 1.1967061 7.0915909 4289769392
-4.7259436 1.1587651 7.2706823 4282991427
-4.6256037 1.1620975 7.2915916 4283319621
-4.6627436 1.1889997 7.4603901 4283386185
-4.3664527 1.1782491 7.3929362 4284374622
-4.3621516 1.1833497 7.4249392 4284966758
-4.1055803 1.1597683 7.4225178 4282267958
-4.0208063 1.168839 7.4805694 4282596923
-3.9795196 1.1773727 7.5351849 4282728507
-3.8347721 1.1817851 7.7177806 4282006077
-3.6821141 1.1792392 7.7011538 4281939507
-3.6585069 1.1793871 7.7021198 4283585361
-3.5277944 1.1841547 7.8943648 4283913297
-3.4697449 1.1896269 7.9308457 4285688156
-3.3090453 1.1853297 7.9021983 4287335047
-3.1602473 1.1850927 7.9006186 4287664011
0.39575943 0.45732203 2.8142893 4289308576
0.39566505 0.50996828 2.8136182 4289045659
0.39459679 0.55243552 2.8060217 4289045404
0.39306048 0.57648867 2.7950966 4288913558
0.47933468 0.35950103 2.3966734 4290294696
0.47835666 0.41108775 2.3917832 4289965731
0.54258239 0.30639946 2.0426631 4289639099
0.54335666 0.3451913 2.045578 4289245112
0.62171519 0.26644939 1.6718392 4290294963
0.62135208 0.2819581 1.6708628 4290163633
0.62510949 0.32297322 1.6669586 4288450945
0.62501204 0.34375662 1.6666988 4288450432
0.67022699 0.34302956 1.688761 4286544494
0.66858745 0.36851278 1.6846298 4286544239
2.5903602 0.74459743 3.355932 4280425494
2.6392024 0.74654728 3.3647201 4281477666
2.8526957 0.59831822 3.418961 4282202926
2.8805947 0.56545007 3.4140382 4280030733
2.9811397 0.56576377 3.4816232 4282531122
2.8855221 0.60916579 3.419878 4280686080
2.931596 0.59266925 3.3866813 4279635200
2.7470272 0.73183352 3.3940105 4282202154
2.8466315 0.73841196 3.4245193 4281872934
2.9008374 0.64225185 3.4253433 4280948224
2.8912668 0.72817087 3.4266865 4281474048
3.070318 0.57020193 3.508935 4282531122
3.1596284 0.55565882 3.4864867 4282400050
3.0005469 0.58958113 3.369035 4280425494
3.0520568 0.57684922 3.3562136 4280427036
3.1297164 0.52519214 3.429826 4281670656
3.0827658 0.57281125 3.3327198 4280689180
3.1394286 0.56986326 3.3155682 4280689186
3.018101 0.63096184 3.3651299 4278190080
3.0624428 0.62498832 3.333271 4279637517
3.1164823 0.61712515 3.2913344 4281675302
3.1610765 0.57003021 3.3165393 4280425500
3.243222 0.580257 3.3157542 4280030742
3.1518626 0.62626588 3.2853291 4280951324
3.1993957 0.63577735 3.2814314 4281215526
0.38922897 0.65736449 2.7678504 4289244071
0.38061157 0.7179718 2.768084 4285295207
0.38767821 0.76674139 2.7568228 4288913816
0.38764161 0.80974025 2.7565627 4288782229
0.62628329 0.3914271 1.6700889 4288319102
0.6245476 0.42511219 1.6794556 4289242273
0.67052186 0.40653688 1.6895038 4286281322
0.6702708 0.43805099 1.6888713 4286149735
0.62130642 0.47261769 1.6992996 4290031794
0.62671906 0.45818955 1.6852949 4288385926
0.62223589 0.5052343 1.7018418 4289900718
0.6278199 0.47482175 1.6882551 4287858803
0.7424866 0.51626027 1.8562165 4284108856
0.74085474 0.54985315 1.8521369 4283977016
2.2857175 0.91634619 3.2947278 4281477660
2.2987733 0.95868123 3.2986879 4279635200
2.321713 0.92457598 3.2873812 4280689186
2.574367 0.77440315 3.3487704 4280948224
2.6508632 0.76790881 3.3661757 4280032284
2.5957971 0.81642008 3.3494158 4280421632
2.4003947 0.91688889 3.2966793 4280689174
2.5189612 0.90185034 3.3171506 4280951324
2.3095872 0.92778289 3.1584101 4279045376
2.3107805 0.92237031 3.1069317 4280953382
2.5922451 0.8780185 3.3448324 4280423936
2.4319839 0.91568631 3.1507485 4281875256
2.5177283 0.91917056 3.1971152 4280689180
2.7312074 0.79529405 3.3486066 4279045389
2.7557187 0.79632938 3.3529658 4280952354
2.7865777 0.81405652 3.3397188 4279637517
2.8069167 0.80646485 3.3515425 4281214502
2.9013422 0.78072482 3.3761072 4282531131
2.8358388 0.81621933 3.348592 4281214502
2.8716636 0.8219617 3.3294649 4281873706
2.5787106 0.91954023 3.1984007 4280425494
2.6678591 0.93626755 3.2215657 4279635213
2.6932569 0.94065964 3.1685376 4280030742
2.7271647 0.94554985 3.18501 4279042048
2.9840598 0.78305113 3.386167 4282069546
3.0582967 0.78581232 3.3981073 4280423958
2.9386897 0.84551775 3.2995815 4281213468
2.951257 0.84616458 3.3021057 4281477670
3.0982225 0.79577631 3.3953123 4280687638
3.1759553 0.81245375 3.376431 4280951324
2.9927454 0.85067767 3.279721 4282859576
3.1852705 0.81997061 3.363982 4281674278
2.9701095 0.85735118 3.2660997 4280427036
2.9916444 0.85475552 3.2562115 4281677102
3.0394845 0.86554861 3.2206459 4281873710
3.2190285 0.81267273 3.3773413 4279635213
3.2185135 0.82040536 3.3657656 4280425494
3.2373741 0.82500827 3.3418057 4280427036
3.0743604 0.86840695 3.1941407 4282531125
3.109503 0.88135594 3.1689203 4282727739
3.0646424 0.8955124 3.1840441 4278190080
3.105401 0.89008313 3.1647398 4280689190
0.38778263 0.87035656 2.7575653 4289045145
0.38771123 0.92189109 2.7570577 4289177503
0.38794225 0.94830334 2.7587006 4289242783
0.38799176 0.99153453 2.7590525 4289506210
0.62261808 0.52150923 1.7028872 4289834927
0.62533247 0.51404446 1.6958169 4289308580
0.62210691 0.56893539 1.7014891 4289374375
0.62474751 0.54533046 1.6942306 4288978842
0.74290997 0.55718243 1.8572749 4283977016
0.6698755 0.54328483 1.6878753 4285688415
0.62233639 0.57446438 1.7021166 4289308583
0.62541443 0.58301342 1.6960391 4288517520
0.62308604 0.60710943 1.7041669 4289439655
0.62558895 0.60438251 1.6965123 4288648849
0.67049778 0.57546651 1.6894431 4285623389
0.6697005 0.60114849 1.6874344 4285424987
2.0121887 1.076521 3.219502 4281675302
2.0347474 1.0778116 3.223362 4281477666
1.9848715 1.112731 3.2078731 4280423949
2.0402992 1.1055808 3.2162352 4280030733
2.0134871 1.1476877 3.2215793 4280028416
2.0587988 1.1393353 3.1981339 4279045376
2.3092227 0.98966682 3.2988894 4280423936
2.3050811 1.0853522 3.3077397 4280689180
2.2979648 1.0879745 3.2537556 4278190080
2.0696011 1.0979574 3.1092598 4280427042
2.0973411 1.0972201 3.1071718 4280690214
2.0442452 1.1089065 3.0856531 4280427036
2.0463901 1.1092582 3.0600226 4280425494
2.1954887 1.0928656 3.122473 4280427042
2.238615 1.0901082 3.1145949 4280690210
2.0705602 1.1098949 2.9845912 4280689186
2.30935 0.92374003 3.0791333 4280427030
2.3313386 0.92301989 3.0450139 4281676330
2.3765271 0.94129103 2.9823084 4280427036
2.3756614 0.95026457 2.9812222 4279045389
2.2632642 1.0879209 3.1083455 4280689186
2.3139005 1.0894616 3.0852008 4280030742
2.2538471 1.0933557 3.0690684 4281872942
2.3126287 1.084937 3.0454371 4279637526
2.3298125 1.0789706 3.0554917 4279042048
2.3155131 1.0868735 3.0243437 4280030742
2.328095 1.0858309 2.9446261 4280030742
2.3807802 0.93929225 2.9759753 4281675302
2.6055374 0.93682241 3.1227415 4282070318
2.3926723 0.94228792 2.9561975 4281674274
2.4169352 0.95016921 2.9519818 4282398758
2.6891232 0.94562566 3.1520858 4280425494
2.7199807 0.94952047 3.1650684 4279635213
2.4858563 0.97031564 2.9571524 4281872938
2.5446486 0.99009961 2.9610455 4283515971
2.4407053 0.98725164 2.92519 4279045376
2.3362341 1.0859839 2.9202926 4280030742
2.4018574 1.045083 2.9335663 4279042048
2.5064628 0.99156773 2.9379785 4280425500
2.5471387 0.99670637 2.9532042 4281676330
2.7838464 0.96401751 3.1478121 4279637526
2.8182552 0.97517478 3.1205595 4280425494
2.8110027 0.98529989 3.0911369 4282070314
2.8525145 0.9832899 3.1153741 4280030742
2.8700228 0.98899442 3.1027274 4280423958
2.9025249 0.99624622 3.0653729 4280030742
2.5773852 1.0033393 2.9455831 4282858808
2.6266751 1.0214849 2.9185281 4282070318
2.639941 1.0342038 2.903028 4280689180
2.6556168 1.0276873 2.910265 4282860096
2.6485505 1.0340232 2.9025211 4281215530
2.7153666 1.0464535 2.8867683 4282530613
2.9143658 1.0000274 3.0477028 4280425494
2.9408605 1.0118073 3.0259659 4281214502
2.8828461 1.0141609 3.004921 4283517765
2.9534578 1.015839 3.0098934 4281477670
2.7429833 1.0543063 2.8591359 4282530613
2.7620854 1.0602844 2.8511851 4283255106
0.38222584 1.051121 2.7798243 4283057988
0.38471952 1.1454149 2.79796 4282927172
0.3849436 1.1548308 2.7995899 4285098085
0.38165396 1.2248429 2.8402154 4289572526
0.53046274 0.91030025 2.0956552 4289572010
0.53810078 0.88402271 2.0499077 4288454049
0.62418813 0.65619779 1.7071812 4289176742
0.62645996 0.64769584 1.6988744 4288780952
0.62412941 0.68814266 1.7070205 4289176483
0.62665009 0.69568783 1.6993901 4288452241
0.66873372 0.63187444 1.6849984 4285359448
0.6691221 0.69019687 1.685977 4284833617
1.2972748 1.2588371 3.075022 4282531118
0.62452304 0.71526569 1.7080972 4288979360
0.62665391 0.70100272 1.6994004 4288386448
0.62481892 0.74230629 1.7089065 4288913565
0.62683553 0.73307884 1.699893 4288385678
0.67061841 0.72342294 1.6897471 4283054115
1.239141 1.2580593 3.0269094 4282398762
0.6710645 0.72918814 1.6908711 4283844410
1.2359693 1.2725906 2.9297051 4281677109
1.3625902 1.2659527 3.0924034 4282728504
1.4205338 1.2659178 3.0923183 4282202162
1.4718298 1.2588017 3.0985889 4282066445
1.5250549 1.2611032 3.1283178 4282531122
1.344877 1.2680268 3.0740044 4281872938
1.3632168 1.2704809 2.9675467 4281676334
1.2452872 1.2727567 2.9300873 4281479730
1.3269405 1.2716514 2.9487567 4281677106
1.4219158 1.2732186 2.9739413 4280953390
1.4490575 1.2725698 2.9724257 4282202936
1.3991919 1.2703189 2.945667 4282533191
1.4186347 1.271244 2.9478123 4282860869
1.6232373 1.2690763 3.1480963 4280951318
1.6341194 1.269888 3.1501098 4280951318
1.7027048 1.2671292 3.1678231 4280425485
1.816541 1.2675864 3.1939182 4280951324
1.5466293 1.2747976 2.9995236 4282532421
1.5744857 1.2745836 2.9990203 4282203458
1.6342567 1.275287 3.0229027 4281478702
1.7523168 1.2735417 3.0641606 4280952354
1.8945723 1.2530239 3.2077413 4282202154
1.9356005 1.2536272 3.2092857 4281674274
1.8435299 1.2724364 3.2061388 4280951318
1.9251913 1.2767059 3.2424276 4280425485
1.9988245 1.229277 3.1981192 4280030720
2.0368888 1.2100331 3.2267547 4278190080
1.9421635 1.2721171 3.1074617 4279635213
1.9812294 1.2660539 3.0926509 4280427042
1.7805974 1.2732229 3.0633936 4280952358
1.8844206 1.2756078 3.0923824 4280690214
1.9280093 1.2724861 3.0848148 4280690218
1.942282 1.2692139 3.0768824 4281480501
2.0832765 1.2225802 3.1298051 4279045398
2.0684109 1.1544619 3.0785649 4279635200
2.0357661 1.2639117 3.0874178 4280428070
2.0733714 1.105798 2.9487948 4281478698
2.0718832 1.104396 2.9207165 4281215530
2.03894 1.2635684 3.0631962 4281215530
2.0321131 1.2629488 3.0386736 4281675306
2.0502038 1.2616639 2.968621 4281215530
2.0543485 1.2600005 2.9217403 4281477674
2.0582533 1.2603401 2.9015024 4281872942
2.0715654 1.0982869 2.8573315 4281477670
2.0878186 1.0965433 2.8071508 4281873714
2.0806515 1.1061691 2.8093185 4280425494
2.0977316 1.104978 2.762445 4280952358
2.2668154 1.0841291 2.8671184 4282202162
2.0986822 1.1050205 2.7411361 4281477670
2.1145616 1.1080301 2.7066386 4281477670
2.0703254 1.2617434 2.8433654 4281477670
2.122647 1.1118628 2.6954248 4281214502
2.3519483 1.0855145 2.8947055 4279635213
2.3587153 1.0858991 2.8482599 4280028429
2.3189878 1.0943538 2.7793112 4282529842
2.3944082 1.0963408 2.8066323 4280030733
2.4103615 1.0996175 2.8150208 4279635213
2.379673 1.0983106 2.7893603 4281213468
2.4149365 1.102471 2.7999263 4280030733
2.1667075 1.1250212 2.6667171 4281873710
2.2012267 1.1379926 2.6580851 4282991168
2.2174799 1.1461132 2.6576538 4282399544
2.2603059 1.1633927 2.6591833 4282531131
2.3038716 1.1850851 2.6519387 4282201390
2.4600832 1.1166335 2.7915838 4279637517
2.4957447 1.1265514 2.7730496 4279635213
2.5266151 1.1335156 2.7688932 4279045376
2.4496098 1.1345561 2.7504389 4282529838
2.4844522 1.1347672 2.7509506 4281214498
2.3219333 1.1858444 2.6536379 4283386185
2.5255027 1.137769 2.7582281 4279045389
2.5593507 1.1555598 2.7391045 4280425500
2.5690823 1.1700771 2.7132223 4282201390
2.7458873 1.066364 2.8436372 4281675298
2.7747655 1.0638077 2.8368208 4283123010
2.5859904 1.1653969 2.722095 4280689180
2.6124079 1.1704944 2.71419 4280030733
2.6547999 1.1836689 2.7055287 4279045389
0.38049656 1.2742211 2.8316023 4290823108
0.46955532 1.1776149 2.3850429 4288585113
0.62520361 0.78551221 1.7099586 4288716187
0.62715948 0.77597702 1.7007715 4288254864
0.62510067 0.82278204 1.709677 4288518806
0.62705874 0.79710859 1.7004983 4288123277
0.89804137 1.0606787 2.2627814 4284635731
0.62482655 0.84912318 1.7089273 4288386708
0.62658972 0.83368289 1.6992264 4287925383
0.62568039 0.87702209 1.7112626 4288189328
0.62766808 0.88299066 1.7021507 4287464574
0.66486013 0.84426677 1.6885337 4285293144
0.66471219 0.85462987 1.6881579 4285293144
2.0786748 1.2683439 2.818542 4281871910
2.0845625 1.2700065 2.802773 4281872938
2.1074479 1.2712945 2.7302969 4282070314
2.1187098 1.2695444 2.6904252 4281873706
2.1256523 1.2688001 2.6364679 4282070322
2.3096755 1.1920905 2.6490901 4281477670
2.1384194 1.2734407 2.5628996 4282399547
2.1479459 1.2713944 2.5269949 4282860098
2.1388044 1.2691807 2.5070236 4282991168
2.1480737 1.2700289 2.5086992 4282859584
2.3560014 1.2069341 2.645335 4282530610
2.3898427 1.2154527 2.6280057 4283254597
2.3991077 1.220024 2.6201859 4282859576
2.4121182 1.2263631 2.5989151 4282399541
2.4187694 1.225618 2.5973361 4282991936
2.1508899 1.2674887 2.4581599 4282728509
2.4350007 1.23352 2.5631585 4282992450
2.4798884 1.2399442 2.5598848 4285031264
2.4607878 1.2423395 2.5483887 4283387205
2.477973 1.2469288 2.5415108 4283650383
0.52923727 1.1303463 2.0908139 4289308323
0.53220069 1.1228136 2.0768807 4286476894
0.53052509 1.1658453 2.0959017 4289374114
0.53315592 1.1573384 2.0806084 4286213461
0.53087318 1.1797181 2.0972767 4289374114
0.53349835 1.1710939 2.0819447 4286147925
0.53131807 1.2200637 2.0990343 4289243045
0.53401226 1.2112961 2.0839503 4286477153
0.62629873 0.89930069 1.7129537 4288189074
0.62685061 0.91902673 1.6999339 4287464830
0.62501335 0.95087498 1.7094382 4287925642
0.62621045 0.92339504 1.6981978 4287399034
0.66497487 0.94468659 1.6888251 4285030229
0.62469113 0.977081 1.708557 4287794570
0.62458622 0.95275867 1.6937932 4287135093
0.62630349 1.0010149 1.7129668 4287662984
0.62446535 0.98432672 1.6934654 4286938227
0.66402256 0.97495383 1.6864066 4284832591
0.69471574 1.0448086 1.7504648 4282595378
0.89052773 1.2788782 2.1426232 4282530610
2.1657369 1.2721813 2.4232023 4282860091
0.62726623 1.0293599 1.7155999 4287662983
0.62320232 1.0140241 1.6900402 4286938487
0.62321621 1.0546736 1.704523 4287399811
0.62119019 1.0423362 1.6845837 4286807416
0.66959304 1.03866 1.6871636 4282199580
0.89692104 1.2822649 2.1260352 4281675306
0.66804665 1.0573022 1.6832672 4281870876
0.6258775 1.1073217 1.7118018 4287334017
0.62454188 1.0955946 1.6936728 4286609778
0.62594849 1.1395472 1.7119958 4287333504
0.6249277 1.1121595 1.6947192 4286740584
0.68613315 1.1237457 1.7288394 4282727985
0.78574097 1.2852042 1.9491249 4282465576
0.79110384 1.2862985 1.9324673 4281874477
0.90973884 1.289342 2.0943627 4281674274
0.91444588 1.2906009 2.0753381 4281215522
0.91676438 1.2912173 2.0659478 4280689180
0.92492902 1.2923666 2.0272417 4280689174
0.93063056 1.2928895 1.9986697 4280427030
0.94185048 1.2927359 1.9698833 4281477670
0.94878817 1.2954607 1.9462321 4280689186
0.96636808 1.2985572 1.9327363 4282399544
-1.223135 1.2845709 1.7872292 4288909169
-1.2219185 1.2835749 1.7936418 4288652981
-0.702663 1.2854919 1.74304 4289246143
-0.70445412 1.2914994 1.7890899 4289373346
-0.69362873 1.2889478 1.747726 4289768877
-0.19996276 1.2911881 1.828231 4290229942
-0.18853651 1.2920296 1.7744613 4290031789
-0.19684368 1.2904197 1.7497216 4289375153
0.28342277 1.2931163 1.8894851 4288059806
0.29323888 1.2937009 1.8399302 4288453533
0.30645588 1.2952096 1.8502996 4288124046
0.3010667 1.2951548 1.8177612 4287599000
0.32232362 1.2948517 1.7783371 4287992720
0.31403965 1.2947248 1.7630296 4286613908
0.32506403 1.2947466 1.7630591 4287860359
0.62521029 1.1756091 1.7099769 4287333759
0.62633032 1.1624267 1.6985229 4285687382
0.62499225 1.1858827 1.7093804 4287267967
0.62596184 1.198876 1.6975236 4285753945
0.71939087 1.2291954 1.8126384 4286087046
0.80185777 1.2948519 1.9007 4281874474
0.68963826 1.2326605 1.7376713 4286151557
0.62398636 1.2426394 1.7066293 4287333760
0.62551254 1.2351223 1.6963053 4285819483
0.6232217 1.2464434 1.704538 4287399039
0.62522835 1.2398597 1.6955346 4285818969
0.69242758 1.2703593 1.7446995 4286087564
0.69480872 1.2801988 1.7506992 4286087305
0.80560827 1.2972662 1.8955489 4281414953
0.81238002 1.2974703 1.8702275 4281546541
0.82236212 1.2963625 1.8274714 4281216806
0.95564443 1.2982339 1.9233094 4280427036
0.86043918 1.2935078 1.8234472 4279635213
0.82461178 1.2958186 1.7950733 4283711259
0.82752591 1.2972027 1.7892451 4281414190
0.87820941 1.2977363 1.789981 4279045389
0.83158219 1.2972682 1.7740419 4281152043
0.88412619 1.3011669 1.7793735 4279635213
0.957528 1.2986473 1.915056 4280689186
0.96648818 1.3003658 1.8744012 4281214498
0.9667303 1.2986798 1.8635764 4281478694
0.96933478 1.2924464 1.8139598 4281873706
0.9127785 1.3055499 1.770237 4279045389
0.92243415 1.3058555 1.7781863 4280030733
0.98358363 1.2947739 1.7782303 4281476636
0.98908556 1.2947018 1.7781314 4282729026
0.98014528 1.2957852 1.772014 4279045376
0.98538035 1.2953876 1.7714703 4281214492
-2.3911645 -1.993459 2.5562627 4288191364
-2.3889036 -1.9902368 2.5626028 4288125572
-2.4040036 -1.9965944 2.6224568 4290228654
-2.4247949 -2.0004117 2.6814179 4288716937
-2.4247897 -1.9989841 2.6908069 4288716937
-2.4313684 -2.0031271 2.7072775 4288651402
-2.4498167 -2.0113707 2.7757399 4290163374
-0.97541988 -2.004859 2.737329 4289442485
-0.96819419 -2.0075521 2.7409801 4289311157
-0.99779809 -2.0074794 2.751524 4290365656
-0.97598106 -1.9804025 2.7633028 4291872687
-0.91702539 -2.0070541 2.7417173 4290824657
-0.89043349 -2.0068653 2.7651582 4290033845
-0.8818059 -2.0093739 2.7920265 4289572515
0.33722359 -2.0016031 2.6275384 4289369442
0.38930547 -2.0107071 2.6503351 4288909407
0.3987771 -2.0116 2.7157068 4289243043
0.39818856 -2.0141075 2.654716 4288382555
0.40615019 -2.0144477 2.7085607 4287797923
0.35678694 -2.0113397 2.7814779 4288192939
0.37844929 -2.00562 2.7520058 4283064173
0.35046312 -2.0162716 2.7991951 4290097318
0.3726171 -1.9715712 2.7766721 4282464556
0.40607798 -1.998246 2.710103 4286149991
0.48983452 -1.7347083 2.3073235 4284508019
0.48250002 -1.7114394 2.3424759 4285952360
0.48219681 -1.6689858 2.3454576 4286215788
0.48211715 -1.6479958 2.3472717 4286412910
0.5990569 -1.3153555 1.8647561 4287663251
0.58568066 -1.3182204 1.9291074 4287926423
0.59010732 -1.3131987 1.9070669 4285098073
0.61341602 -1.3167759 1.8097638 4287401106
0.61591172 -1.3156502 1.8015698 4285689449
0.61084932 -1.3124768 1.8183571 4284375382
0.61770022 -1.2972977 1.7929648 4285162325
0.60146546 -1.3136789 1.8553724 4285228127
0.63608682 -1.1258615 1.5715495 4287995950
0.6427865 -1.1046771 1.5459909 4289380806
0.6358369 -1.1117048 1.5720696 4288587067
0.64430207 -1.0848292 1.5510129 4288921281
0.65565974 -1.060447 1.498203 4287802205
0.65646678 -1.0587705 1.4905835 4288393066
0.65438038 -1.0613725 1.5049518 4287342415
0.65337753 -1.0293565 1.4768242 4286358371
0.63656867 -1.0901296 1.5754908 4289376088
0.64340508 -1.0321053 1.53239 4284651827
0.63513249 -1.0601953 1.574446 4290230905
0.63391888 -1.0275176 1.5632826 4284321298
0.6443333 -1.0306042 1.5244771 4284257831
0.65822935 -0.97164077 1.4551858 4288129861
0.65029252 -0.9739576 1.4931515 4287407669
0.6562345 -0.97331721 1.4688152 4287932992
0.65029925 -1.0067778 1.4272627 4278218752
0.66744572 -0.95933241 1.3751732 4289574795
0.66100705 -0.96234936 1.4102215 4288720989
0.66139805 -0.96077973 1.4029142 4288918115
0.66818696 -0.95840448 1.3689694 4289706128
0.71057558 -0.95175087 1.367058 4283782754
0.6753028 -0.94901568 1.3833797 4288519545
0.70928937 -0.94134355 1.3799751 4284233731
0.65775347 -0.96184593 1.4203566 4288655187
0.67201537 -0.95008224 1.4005114 4288454008
0.66906428 -0.95803803 1.4436755 4288782718
0.69380766 -0.95081109 1.4350265 4286939501
0.70344406 -0.94784898 1.3985428 4288058001
0.7077437 -0.9154554 1.3790305 4285220100
0.70329881 -0.87549078 1.3594224 4287787021
0.71572292 -0.94779289 1.3623654 4286222499
0.714737 -0.93620831 1.368538 4280297525
0.7135815 -0.92286247 1.3674253 4280230703
0.70729584 -0.87940037 1.3592619 4284439598
0.71352994 -0.77884811 1.2377741 4289243312
0.72696245 -0.78367293 1.1884769 4290098870
0.73661214 -0.78035086 1.158668 4288847526
0.73148817 -0.78060025 1.180347 4288913578
0.73635972 -0.78049296 1.1630677 4286944422
0.72221804 -0.78138864 1.2127279 4289439665
0.72366989 -0.77808303 1.1993326 4289307565
0.71747112 -0.77815378 1.2272996 4287667371
0.72615433 -0.77842045 1.2136798 4285886566
0.72920334 -0.77897561 1.1870948 4286612072
0.78935081 -0.78534657 1.2196133 4285097809
0.78044564 -0.78112698 1.2425996 4286476103
0.78372175 -0.78034931 1.2319639 4287071890
0.79395181 -0.77796584 1.1743616 4286607429
0.79578155 -0.77235997 1.1463133 4287201929
0.79808825 -0.77135336 1.145151 4287860365
0.79467607 -0.774854 1.1576954 4286938752
0.80164003 -0.76196015 1.1504698 4287926670
0.79005361 -0.78241992 1.2158761 4287466649
0.79595423 -0.78400236 1.1951866 4287067985
0.78795636 -0.77681482 1.2132758 4288650139
0.79476851 -0.76249915 1.1950059 4288188825
0.79711485 -0.76437348 1.1705601 4287926412
0.80725944 -0.76087934 1.1326679 4287531152
2.8613558 -2.361393 3.3674061 4287465605
1.0276974 -0.81297529 1.206109 4285495138
1.8207265 -1.4685304 2.0660996 4287860367
2.2127218 -1.7846366 2.4318683 4287729812
0.98944211 -0.79259849 1.2343024 4285954150
2.4119174 -1.9659362 2.7448721 4287137673
1.6902473 -1.3734428 2.0066714 4287334794
2.9659383 -2.428298 3.4008038 4288123782
1.7824857 -1.4401817 2.0457275 4287794575
1.7597163 -1.4088655 1.9447919 4287663246
3.126024 -2.5274832 3.3657961 4288845440
-2.9396038 -2.0285156 2.9366231 4288320665
-2.9204824 -2.0278563 2.9362402 4288450423
-2.8323748 -2.0284636 2.9131365 4287994001
-2.7620447 -2.0275006 2.9269125 4287665552
-2.9515181 -2.0276425 2.948447 4289571747
-2.8946333 -2.0261567 2.9479637 4289110163
-2.8658743 -2.0251708 2.9473913 4288255388
-2.7876942 -2.0188475 2.9541876 4288321182
-2.7421191 -2.0261428 2.9255877 4287401860
-2.6871257 -2.0305202 2.9464738 4287994003
-2.4686372 -2.0111704 2.7869282 4287664776
-2.462374 -2.013164 2.7897379 4288717195
-2.6590836 -2.0300093 2.9465475 4288192157
-2.4689057 -2.0017848 2.8481586 4287862154
-2.7792373 -2.0193655 2.955153 4287923037
-2.7119722 -2.0216312 2.973819 4288251750
-2.6577764 -2.0202844 2.9871564 4289109391
-2.6407919 -2.0214822 2.9893348 4288382816
-2.4571459 -2.0083082 2.8447685 4290294962
-2.4637382 -2.0032251 2.8629265 4288914574
-2.4819024 -2.0193639 2.936686 4290690230
-2.5955901 -2.020335 3.0028267 4289570201
-2.4826257 -2.0304031 2.992661 4288520603
-2.5587604 -2.009181 3.015897 4290032049
-2.5450072 -2.0056031 3.0111401 4288848541
-2.4716611 -2.0289745 2.9909527 4288652449
-2.3946202 -2.0250795 3.0013866 4288915363
-2.4683943 -2.0196264 3.0334957 4289965992
-2.4306679 -2.0195091 3.0343997 4289176487
-2.3247986 -2.0196965 3.0095794 4288521118
-2.3149078 -2.0191865 3.0091324 4288784292
-2.357259 -2.011507 3.0391605 4289702042
-2.338521 -2.0115843 3.0398064 4289832594
-2.2411575 -2.0191081 3.0250945 4289244586
-2.2005727 -2.0161879 3.0220637 4289639862
-2.2706914 -2.0088167 3.0520463 4289834931
-2.1912413 -2.0044913 3.0624499 4290163897
-2.1542032 -2.0166152 3.0239909 4290297794
-2.1814291 -2.0041802 3.0622766 4289699449
-2.0849235 -2.0124671 3.0483112 4289639602
-2.0259376 -2.0101156 3.0609264 4289310380
-1.9892668 -2.0114229 3.0638733 4290034622
-1.9334776 -2.0131745 3.0825098 4290624940
-1.9050592 -2.0134227 3.0836864 4290758346
-1.8545014 -2.0112407 3.0965753 4290625458
-1.7692301 -2.0139861 3.1178439 4290758604
-0.98979473 -1.956109 2.7781692 4288914593
-0.95248926 -1.9323215 2.7713122 4293385121
-0.99528843 -1.9319327 2.7939098 4292729036
-0.93984729 -1.9243004 2.7850633 4293388004
-0.92351174 -1.9515581 2.7620013 4289836461
-0.8812623 -1.9370595 2.7917933 4291482845
-0.90629637 -1.9262855 2.7886908 4293057471
-0.88385355 -1.9340836 2.7999165 4291541418
0.32024392 -2.008395 2.9215183 4290031526
0.32082275 -2.003515 2.9276555 4288915885
0.30791414 -1.9860477 2.9816518 4289373856
0.30710289 -1.9294149 2.982609 4288979356
0.327088 -2.0119164 2.9012477 4288587950
0.37149769 -1.9253409 2.7743919 4282859567
0.32735008 -1.9883087 2.9071553 4287794822
0.37076107 -1.8811727 2.7747302 4283450938
0.40084323 -1.8391469 2.6946149 4287202165
0.40077317 -1.8309424 2.695169 4290160254
0.37044305 -1.8391231 2.7779517 4283978050
0.36862436 -1.7655629 2.7740388 4284767313
0.4037284 -1.7966352 2.7194715 4287005304
0.48152289 -1.6183465 2.3475041 4286676338
0.49373475 -1.5268646 2.3140721 4287072135
0.49399647 -1.486747 2.3193984 4287269773
0.49402937 -1.4663532 2.3216424 4287401104
0.58024269 -1.3155584 1.9494274 4285887350
0.58687139 -1.2908447 1.9168972 4286939513
0.63373154 -1.0304163 1.573472 4290953877
0.6453703 -0.98182827 1.5407293 4286357800
0.63231689 -1.0007083 1.5724603 4291414444
0.64355379 -0.98168355 1.5468975 4286226216
0.65113962 -0.97777039 1.5042653 4287210802
0.66414553 -0.96390563 1.4862689 4288848253
0.65473652 -0.96384746 1.5229499 4288979840
0.68017524 -0.96143717 1.5203755 4287137143
0.64413422 -0.96273285 1.5601183 4289176708
0.66892624 -0.95830613 1.5546232 4287268728
0.68591291 -0.95100135 1.4697827 4287070831
0.69491553 -0.86716932 1.359068 4289900206
0.69135123 -0.78717971 1.3442086 4290493630
0.68611109 -0.7859652 1.3779457 4289703348
0.68840855 -0.78145653 1.3533975 4289571761
0.70177096 -0.78065199 1.2962575 4289374386
0.7092368 -0.78168929 1.2715446 4289177519
0.71295404 -0.77876478 1.2425479 4289177519
0.70844376 -0.78140754 1.2763183 4289308335
0.76274616 -0.78559387 1.3102479 4284307533
0.69664592 -0.78268152 1.3265219 4289243311
0.70136988 -0.78155845 1.3083767 4287334251
0.69332999 -0.78105003 1.3412533 4287334249
0.74662 -0.78148884 1.3730874 4285821012
0.75468016 -0.77915496 1.3345139 4287264855
0.75643563 -0.78066415 1.3310102 4286018905
0.74957597 -0.77948952 1.3582101 4287532696
0.75912869 -0.76419431 1.3303386 4288452768
0.75361812 -0.78164285 1.2727063 4285031258
0.77770364 -0.78306425 1.2650476 4287005324
0.76807022 -0.78280765 1.3010938 4287396179
0.77423102 -0.78413492 1.2818466 4286870093
0.78014117 -0.7810452 1.2474 4287465352
0.78427881 -0.76328754 1.2288625 4288254875
0.77760404 -0.76478028 1.260741 4288716704
0.76495028 -0.78013355 1.3081664 4287860627
0.77274066 -0.76453477 1.2865721 4287926679
2.1602437 -1.778465 2.6052549 4286939517
-2.5723038 -2.0078976 3.1005824 4289046439
-2.5786519 -2.0087869 3.1318204 4288915106
-2.5348685 -2.0106492 3.1511655 4289374868
-2.534744 -2.0045102 3.1885636 4289440662
-2.533494 -1.9993911 3.2125604 4289571990
-2.5584996 -2.0029905 3.2829757 4289571991
-2.5823743 -2.0155342 3.3533077 4289703320
-2.0446827 -1.9998977 3.1039541 4291808713
-2.0239024 -1.9983139 3.1022067 4291874248
-1.9364369 -1.9972668 3.1031795 4291148191
-1.881804 -2.0013237 3.125742 4291611599
-1.8739697 -2.0033562 3.1289957 4291146893
-1.7900413 -2.0085158 3.1542869 4291409802
0.36758929 -1.7283351 2.7711916 4286939515
0.36975384 -1.6194474 2.7387071 4284569416
0.36903873 -1.5763621 2.7391076 4284964430
0.36842442 -1.541759 2.7391338 4285161554
0.40571487 -1.5232704 2.7671821 4289176475
0.49418041 -1.4257497 2.3265064 4287401619
0.48320574 -1.3940264 2.3447633 4286938737
0.48339188 -1.3185229 2.3535049 4288980393
0.484642 -1.28027 2.3634417 4287991940
0.64481199 -0.79309654 1.5540717 4291217352
0.65978211 -0.78621006 1.4905086 4289900985
0.65133148 -0.78720564 1.5290064 4290164413
0.65938503 -0.78803349 1.5080729 4288057722
0.67530191 -0.78331929 1.4113294 4289900729
0.66685432 -0.78412426 1.4522138 4289703864
0.67442942 -0.78321618 1.4176284 4289834936
0.6831069 -0.7841205 1.3874434 4289703350
0.68976939 -0.78157371 1.3776808 4286479734
0.73168266 -0.78977036 1.4629865 4285754966
0.73899001 -0.78610164 1.4304994 4287133782
0.6660952 -0.78424525 1.4592694 4288916150
0.72161394 -0.78229231 1.4933062 4287927197
0.71363437 -0.78695101 1.5381606 4288518813
0.71942246 -0.78549534 1.5057635 4287264598
0.73205286 -0.78597432 1.4639573 4288255130
0.73218209 -0.78133231 1.4566492 4288979360
0.72543222 -0.76819074 1.48507 4288650916
0.74266744 -0.78399807 1.4079006 4288057746
0.74472702 -0.77987683 1.3767523 4287331413
0.73910964 -0.78569341 1.4233067 4286149719
0.74536324 -0.76553094 1.3927008 4288847782
0.75076365 -0.7613098 1.3615099 4288978594
0.74273056 -0.7650519 1.4313189 4287662963
-1.6929051 -2.0289748 3.9051156 4292861384
-1.6957694 -2.0351458 3.9397373 4293517770
-1.7212073 -2.0336154 4.0569029 4293517511
0.36835757 -1.5014122 2.7439644 4285556569
0.36640939 -1.4215124 2.7401114 4286017378
0.40232822 -1.4621698 2.751919 4289571489
0.39946136 -1.4035622 2.7398612 4289374886
0.36614534 -1.3964427 2.7414682 4286149221
0.36578777 -1.3469299 2.7453601 4286675053
0.39746997 -1.3484765 2.7332878 4289769640
0.39699364 -1.2987055 2.7363026 4288189837
0.48608324 -1.2561959 2.3728139 4289110423
0.48690531 -1.2303444 2.379421 4289636768
0.48709199 -1.1957629 2.3839078 4289899940
0.48470739 -1.1478975 2.3775232 4290426541
0.6217525 -0.78736848 1.6437308 4290361793
0.60204619 -0.79467648 1.7616068 4290100420
0.61491978 -0.79353279 1.7007115 4290428098
0.62176472 -0.7890377 1.6556915 4289705664
0.61129868 -0.79237199 1.7176638 4288452220
0.62357467 -0.78177339 1.6982706 4290295481
0.63578331 -0.79005271 1.5971746 4290296513
0.64135945 -0.78693312 1.5674138 4290098878
0.63308418 -0.78955442 1.6130999 4289639871
0.68517584 -0.7874375 1.6458778 4287594850
0.64715463 -0.78577453 1.5497261 4288320892
0.70520097 -0.78572631 1.5673424 4288519073
0.69226718 -0.78706217 1.6191645 4287989349
0.69695634 -0.78508055 1.5988432 4288518556
0.68271112 -0.78555471 1.6513696 4288914085
0.63650829 -0.7506358 1.6592505 4287992979
0.69374245 -0.77000779 1.6237221 4289309102
0.70654929 -0.78645402 1.5606171 4287331675
0.71630245 -0.77087826 1.5268202 4289373859
0.71094477 -0.76885408 1.5710663 4287268202
-3.4099879 -2.0210347 4.2949123 4285692268
-3.4729841 -2.0317757 4.373251 4289440425
-3.3149662 -2.024929 4.2777829 4285954415
-3.3042004 -2.0212734 4.2990756 4282731594
-3.3743675 -2.0127425 4.3367367 4285164348
-3.3648174 -2.0262871 4.3951745 4287068501
-3.5551224 -2.0453374 4.5846157 4289439905
-3.3073134 -2.0381398 4.392406 4290031784
-1.7081541 -2.0382996 4.1168571 4294243829
0.3900747 -1.263206 2.7505083 4285032547
0.38944611 -1.2127191 2.752569 4285361512
0.39651582 -1.2489163 2.7393093 4290756797
0.39623025 -1.2238722 2.7405157 4291151043
0.3884652 -1.1692795 2.7512991 4285756013
0.38759857 -1.1181974 2.7517896 4286019185
0.39540485 -1.1810863 2.7402923 4291414729
0.39456129 -1.1383233 2.739943 4291743692
0.48279807 -1.1014578 2.3732555 4290887092
0.48666656 -0.98771554 2.3046463 4290625476
0.50100118 -0.94800258 2.2223322 4290425767
0.51505387 -0.95606667 2.1973796 4290756282
0.48432571 -0.97079223 2.3603556 4290755247
0.48577008 -0.9389081 2.3704319 4291150264
0.50087541 -0.93470842 2.2231081 4290623146
0.51491117 -0.91706115 2.2005754 4291086021
0.50082213 -0.8823365 2.2280478 4291216058
0.51488119 -0.86526728 2.2054727 4291480523
0.57896608 -0.80083305 1.8479778 4291875024
0.56693912 -0.79923946 1.9144144 4290953928
0.57724279 -0.79547107 1.8598207 4290888135
0.54919076 -0.79928392 1.9897493 4290888391
0.54722315 -0.79949528 2.0034037 4290625991
0.56230581 -0.79806554 1.9363772 4290494406
0.56989431 -0.78411603 1.9071519 4289436795
0.55559075 -0.7853893 1.9728127 4289041520
0.59153914 -0.79608291 1.8059661 4290756805
0.59924811 -0.79500037 1.7828561 4288320634
0.58309245 -0.78273958 1.8455497 4288846722
0.6338104 -0.71577305 1.6794628 4291216579
0.63207263 -0.67901194 1.6659735 4290162080
0.63167071 -0.66892374 1.6657835 4290753950
0.63239151 -0.64076465 1.6698055 4291348166
0.63524336 -0.72509062 1.6581769 4287992978
0.63335669 -0.67494267 1.6575327 4288124052
0.63275325 -0.6551047 1.6576282 4290029719
0.63205367 -0.63997877 1.6571138 4290029462
-4.9936776 -2.0670562 5.4679117 4293122751
-5.1619267 -2.0670474 5.6512032 4293583540
-4.9455638 -2.068063 5.4724789 4292793264
-4.8356643 -2.0641878 5.4667349 4292859577
-5.17278 -2.0678797 5.7026143 4293518006
-4.887208 -2.0619495 5.5050688 4293980400
-4.7079525 -2.0597379 5.4601998 4291415741
-4.6445603 -2.0614843 5.4673171 4291479226
-4.7063851 -2.0568569 5.4989057 4293320390
-4.6796494 -2.0600657 5.5084629 4292925112
-4.4817266 -2.0561736 5.4599361 4291216317
-4.4205213 -2.0510488 5.4489651 4291216317
-4.5651855 -2.054198 5.4975762 4292991168
-4.429234 -2.0608473 5.5677552 4293056178
-3.8067207 -2.083708 5.2928395 4285631905
-4.2940264 -2.0884597 5.5520458 4290953144
-3.5065315 -1.6175606 4.5393338 4286544475
-3.6619828 -1.6836268 4.7551069 4294042514
-3.8274117 -2.0785363 5.3216448 4285697954
-4.2093358 -2.0708661 5.6515889 4292924850
-4.188951 -2.078104 5.7211003 4292858528
-3.7211268 -2.1053746 5.2660518 4284441959
-3.6419179 -2.0899911 5.2728057 4283389272
-3.5742171 -2.0815437 5.2964787 4281085483
-3.7154398 -2.0373812 5.3080029 4286013218
-3.7037804 -2.023284 5.3159032 4285370019
-3.9967947 -2.0697367 5.7062922 4288253561
-3.6875675 -1.8974347 5.2975721 4286356397
-3.5952847 -2.0269184 5.3295698 4285684258
-3.6729345 -2.0109468 5.4192848 4289767062
-0.48053876 -2.0520763 4.9879227 4287007622
-0.46846679 -2.0351892 5.0233488 4289571746
-0.45707354 -2.0220108 5.0686822 4289108089
-0.37530988 -2.0545385 5.0347376 4286611571
0.38659859 -1.0829937 2.7493432 4286545530
0.38491482 -1.0137428 2.7464898 4286742910
0.39368391 -1.0794288 2.7413864 4292072402
0.39240524 -1.0195507 2.740238 4292269781
0.38477352 -0.98913151 2.7486358 4286808958
0.38448977 -0.93986118 2.7529263 4286940545
0.39196363 -0.98615414 2.7414346 4292335574
0.39155716 -0.93670851 2.7448816 4292269523
0.48724219 -0.92782557 2.3784895 4291347386
0.48748389 -0.8862496 2.3839185 4292071626
0.50050956 -0.8556087 2.2293527 4291348161
0.51422513 -0.85119778 2.2041473 4291480265
0.48699656 -0.84674901 2.2892821 4292138195
0.51397419 -0.79250139 2.2088087 4290821558
0.48568487 -0.82691568 2.3815989 4291148702
0.48793474 -0.77886188 2.3317089 4289571756
0.48884884 -0.78923535 2.3034363 4291151299
0.51339847 -0.77215159 2.208421 4291283143
0.53580481 -0.70529222 2.0569582 4292401111
0.53515154 -0.67433369 2.057431 4292466904
0.63375461 -0.61801183 1.6749842 4291348422
0.63261592 -0.56845808 1.6761152 4291348164
0.63213152 -0.53410709 1.6776526 4291413701
0.63210905 -0.52924252 1.6779842 4291413701
0.6328752 -0.61206484 1.6613444 4289833109
0.63413298 -0.57002902 1.6677657 4289569679
0.63471264 -0.53681564 1.6718237 4289634958
0.63446856 -0.52211857 1.6723922 4289832082
-5.1887593 -2.0670066 5.8013439 4293583545
-5.2270055 -2.0710094 5.9707785 4293583547
-5.2502842 -2.072402 6.085361 4293583547
-5.2647328 -2.0741174 6.1471405 4293583804
-5.280127 -2.0761297 6.2109327 4293583547
-5.216568 -2.0690172 6.3744078 4293715132
-5.0250506 -2.0462782 6.3133283 4293849330
-5.2896881 -2.0658948 6.4885926 4290953918
-5.2470684 -2.0647683 6.4869971 4291216573
-3.5930345 -1.5666319 4.5964003 4288456364
-3.5588787 -1.5949521 4.7218828 4289243820
-3.5145833 -1.4667722 4.5191278 4288456363
-3.5452375 -1.5591458 4.7053771 4281874491
-3.6049664 -1.6080306 4.8017993 4293319549
-4.2482972 -2.0894482 5.90311 4293455089
-3.614368 -1.5972652 4.81462 4289175410
-4.7140169 -2.061003 6.4351268 4293915123
-3.4707739 -1.3556241 4.4858265 4286225587
-3.4681551 -1.3912524 4.5542679 4280427054
-3.462611 -1.2876858 4.4961534 4285764265
-3.4332502 -1.2396814 4.4784775 4283719525
-3.7100284 -1.529866 4.9848962 4289104955
-4.7841125 -2.0629659 6.5022383 4291020747
-3.7457681 -1.4532444 5.0995693 4281545780
-4.4766169 -1.7427286 6.1249504 4287262230
-4.2463393 -2.0684879 6.0606933 4292858796
-3.8694043 -1.8711917 5.5579524 4290956501
-4.4613004 -2.0353694 6.3672028 4292795867
-3.6570299 -1.6894844 5.3340077 4290687827
-3.9000986 -2.0298576 5.7516727 4291084728
-4.3126264 -2.049813 6.3558288 4294178037
-4.5049362 -2.0355299 6.4291596 4290426024
-3.6425686 -1.6659189 5.3139887 4287658798
-3.6490617 -1.4453651 5.1899209 4284450469
-3.6433907 -1.5120296 5.2492433 4281878610
-4.4057522 -2.0542924 6.4922142 4293191141
-4.9182839 -2.071043 7.2431316 4290426799
-4.0931063 -2.0371697 7.0107927 4289504917
-3.9659979 -2.0384068 7.0210667 4288913296
-3.7310364 -2.0400534 7.0378838 4289637022
-3.6974633 -2.0356629 7.101233 4288912526
-2.1060109 -2.0966871 6.1769648 4293188282
-2.2491539 -2.0822632 6.3613153 4293319865
-2.0262184 -2.0932169 6.170424 4293188546
-1.887599 -2.0877733 6.1607332 4293254600
-1.8306404 -2.0881326 6.1641831 4292071616
-1.7506788 -2.0877566 6.2231231 4293254338
-1.633333 -2.0856667 6.2221036 4293320392
-1.5187198 -2.0873055 6.2317414 4293057736
-1.4696931 -2.0892954 6.3562322 4294309365
-1.4022822 -2.0966868 6.3218298 4293254338
-1.3351505 -2.0949771 6.3787894 4294045674
-1.3438919 -2.0917172 6.6161079 4294046708
-1.3753477 -2.099335 6.769464 4294046708
0.36843565 -0.89291358 2.7632048 4288781456
0.36671627 -0.7994737 2.7629492 4289636254
0.38946471 -0.85914689 2.7404413 4290230972
0.39611408 -0.79103875 2.7381911 4291348678
0.36611739 -0.7575044 2.7640874 4290031526
0.36513069 -0.73104811 2.7604034 4290031526
0.3951833 -0.74077088 2.7382472 4292533210
0.39471528 -0.69951743 2.7402544 4292598746
0.50173461 -0.62483168 2.2291386 4290951853
0.50920099 -0.61731058 2.2062237 4289901234
0.50119334 -0.61106002 2.2282126 4291149233
0.51394236 -0.59560639 2.2010188 4292467162
0.49892166 -0.54300851 2.225332 4291610300
0.5127061 -0.54254991 2.2011287 4292467418
0.63153398 -0.49482733 1.6793028 4291611080
0.63005066 -0.46939772 1.6776621 4291611080
0.63010967 -0.44039679 1.6801163 4291676872
0.62939501 -0.41081116 1.6807053 4291808716
0.63231403 -0.47207868 1.6710826 4290227617
0.63175166 -0.46681178 1.6701219 4290491304
0.63250393 -0.42521015 1.663479 4289964439
0.63246226 -0.40601063 1.6648983 4289964438
-7.7114234 -2.1477175 7.6280999 4285425754
-7.7154598 -2.137922 7.6809969 4284437307
-7.5753531 -1.8777821 7.5291896 4284700232
-7.5758791 -1.8837383 7.5533319 4284106032
-7.7693181 -2.1442153 7.8844376 4284305720
-7.6979303 -2.1399865 7.9670982 4286150258
-7.7200303 -2.1141982 7.9647141 4282595628
-7.7353539 -2.1253285 8.0063324 4283713590
-7.5603461 -1.8502512 7.5155215 4286939517
-7.5610347 -1.8677413 7.5873938 4284897096
-7.6031561 -1.8777831 7.7276516 4284304439
-7.5956283 -1.8677118 8.0048599 4285290300
-7.5771079 -1.8126736 7.9877481 4288254597
-7.6040754 -2.1550272 8.0285482 4286874751
-7.8360057 -2.1388061 8.3577414 4285160261
-7.8863869 -2.1424177 8.5862131 4284831808
-7.8999448 -2.1682398 8.6902647 4286742393
-7.7292709 -2.164835 8.6857224 4287729286
-7.5982475 -1.8614045 8.0891018 4286213214
-7.9248948 -2.1403739 8.6883554 4283318575
-7.6012049 -1.8550354 8.1754103 4286344797
-7.671968 -1.8717593 8.3647327 4286344540
-7.951849 -2.1551795 8.7477493 4284634432
-7.9689755 -2.1562192 8.9868479 4284109643
-7.7041593 -1.872353 8.4877911 4285950041
-7.782896 -1.8830016 8.7888603 4285423954
-7.9936862 -2.1514084 9.213233 4284832589
-7.9152398 -2.1393542 9.2939196 4285360741
-7.8824596 -1.9131799 9.0619793 4283843630
-7.9502168 -2.1210742 9.4771328 4283978048
-7.2842784 -2.103548 8.9227676 4287663492
-7.2122836 -2.0982864 8.9043159 4287729029
-7.9766288 -2.1139462 9.581418 4282727475
-3.7112272 -1.3237056 4.8132043 4287140769
-3.4379275 -1.2134773 4.4855318 4285566370
-3.4375589 -1.0825288 4.5267777 4286422193
-3.5812118 -1.3356134 4.8618903 4279049250
-3.7323267 -1.3882073 5.2168164 4284303140
-3.4371305 -1.11498 4.5998316 4280429109
-3.749063 -1.3222126 5.1528134 4284630307
-7.0754938 -2.0779908 8.9470778 4288124045
-3.4491084 -1.0722086 4.5421638 4285499803
-3.5224013 -1.0137299 4.6584706 4283392366
-3.4365892 -1.0620307 4.6203041 4280429106
-3.8679109 -1.2329217 5.3177485 4288642854
-3.4441323 -0.94291437 4.6737294 4279640614
-3.9201396 -1.1881154 5.4135804 4286670374
-3.5750985 -1.3957294 5.133214 4284631583
-3.5773263 -1.4191183 5.1585464 4283840529
-3.9747128 -1.4474823 5.8291554 4293449556
-5.8695531 -2.1375115 8.6758862 4293649342
-5.4825754 -2.1291144 8.3399477 4292860361
-6.8506088 -2.1811419 9.539257 4289110940
-5.4903941 -1.6415708 7.6711907 4284307538
-6.8069968 -2.1188257 9.9644575 4285690734
-5.7985458 -2.0958476 8.7361412 4293649344
-5.7317643 -2.0555317 8.8050127 4293649084
-6.8043032 -2.1276851 10.006549 4285360744
-5.9817014 -2.0806031 9.276639 4289900456
-5.3507667 -2.1379747 8.3815184 4291874762
-5.2215304 -2.1376946 8.3872528 4291940298
-4.9997301 -2.1381958 8.5065527 4292991949
-4.9363441 -2.1332548 8.4903889 4292991948
-5.718936 -2.0548277 9.0487318 4290756025
-5.6255622 -2.0509501 9.0370569 4291019452
-5.8126593 -2.0706484 9.2420721 4290032301
-5.5887623 -2.0502238 9.1639757 4290361264
-5.4000497 -2.0279875 8.949028 4291282370
-5.1860113 -2.0190885 8.9222221 4290492595
-5.5289221 -2.0487816 9.1610298 4290624436
-5.2914667 -2.0774035 9.3026276 4290953402
-4.8691268 -2.1348674 8.6085453 4293454569
-5.130722 -2.0524399 9.0721769 4291940557
-5.0750799 -2.0995762 9.2828102 4294046452
-5.2286119 -2.0866539 9.34758 4291085245
-5.1816077 -2.1149096 9.4764338 4291085246
-4.1822109 -2.1459153 10.408669 4287202935
-3.1174715 -2.195504 10.245861 4291742919
-2.9349394 -2.1770189 10.171826 4291216574
-2.8259616 -2.1654525 10.125189 4291413953
-2.6583962 -2.1503203 10.213918 4292269521
-1.3536226 -2.1116514 8.8163109 4288913299
-1.3273078 -2.113354 8.8246498 4286876291
-1.3643208 -2.1007078 8.8851938 4290690746
-1.350125 -2.0939355 8.9746323 4286151288
-0.043390132 -2.315644 11.479676 4291084988
0.3460362 -2.253619 10.273581 4292925114
0.16579507 -2.271265 11.111261 4294112244
0.38510165 -2.3045998 11.453054 4291084990
0.53125691 -2.2230995 10.14997 4291018673
0.59311378 -2.2173436 10.128212 4290820780
0.45668373 -2.3048017 11.458443 4291743178
0.67036748 -2.3006184 11.45153 4294178037
0.74391401 -2.195291 10.039874 4290886830
0.78824383 -2.1340787 10.658572 4291544495
0.36484206 -0.68980467 2.7636883 4290228906
0.36464673 -0.6242196 2.7708168 4290294957
0.39392555 -0.64154506 2.7421999 4292532953
0.3939667 -0.63352472 2.7434661 4292532953
0.37072751 -0.56327748 2.7628336 4288058512
0.37073931 -0.53067434 2.7671065 4288781978
0.39309981 -0.58356565 2.7439077 4292533210
0.39257374 -0.53417653 2.7465377 4292532696
0.49894491 -0.53651047 2.2260666 4291676093
0.51224685 -0.50978923 2.2024271 4292533212
0.4994882 -0.48481202 2.2334218 4292005575
0.51244849 -0.49062753 2.20509 4292533211
0.48550203 -0.45222381 2.3861899 4292861657
0.49958393 -0.45870435 2.2363846 4292202696
0.51330066 -0.45263937 2.2122009 4292599005
0.50044644 -0.42012429 2.2437959 4292203470
0.51732737 -0.39105999 2.2344353 4292533211
0.62861079 -0.38121569 1.6811236 4291808973
0.62906003 -0.34272847 1.6852968 4291874510
0.62906986 -0.32332188 1.6868659 4291875023
0.62843269 -0.293841 1.687638 4291940561
0.63164622 -0.37669796 1.665234 4289898133
0.63197166 -0.34332979 1.6686687 4289898133
0.63207293 -0.31937718 1.6708121 4289963924
0.63268995 -0.26677889 1.6764795 4290556323
-7.7904215 -1.8041493 8.6762495 4286874755
-7.6935372 -1.8317144 8.8168116 4287992460
-7.8452315 -1.8889506 9.0866356 4284766539
-8.0380573 -1.9350524 9.4460745 4283448876
-7.7347741 -1.6200695 9.2066088 4284182148
-7.9647288 -1.9209353 9.6857758 4284700743
-7.9123182 -1.665503 9.6325874 4285160781
-7.7388043 -1.5340478 9.2148819 4283985027
-7.6806536 -1.2922823 9.1558552 4283985027
-7.8817091 -1.5079958 9.60186 4285424209
-7.8937583 -1.419744 9.6200256 4285621587
-4.7636676 -1.2027713 6.3193889 4282403672
-6.7143841 -1.6601369 8.8630228 4283980379
-3.4335086 -0.8422429 4.605762 4281478694
-3.9167373 -1.090553 5.436028 4286209820
-3.5385561 -0.78793591 4.7858992 4281876544
-3.7290499 -0.879255 5.1210232 4284696348
-3.7077472 -0.80031252 5.0313616 4281940276
-3.7396243 -0.82165557 5.1594257 4284434987
-7.2226238 -1.4353642 9.7834625 4287730578
-3.960655 -0.78496748 5.4379973 4285623147
-4.4269891 -1.1846099 6.3509579 4286416527
-3.7475412 -0.99959415 5.4173355 4281488240
-4.1346345 -1.0660155 5.9403424 4285951072
-4.1446786 -1.0971866 6.0070462 4284433169
-6.6758399 -2.0340269 9.867609 4285755242
-6.4596887 -1.5905793 9.6558657 4288780683
-6.4110928 -1.3677527 9.5919437 4289175441
-5.8660908 -1.5429949 9.7867079 4288386183
-5.8296151 -1.2892116 9.735219 4288451719
-5.0933042 -1.5561659 10.344342 4290492595
-5.1124816 -1.4553792 10.320662 4287799469
-5.0730753 -1.7660429 10.429652 4288651424
-4.4549174 -1.7871327 10.598481 4288783267
-5.0688419 -1.5583507 10.360765 4289572524
-4.8546758 -1.5815108 10.531272 4288386185
-5.0643492 -1.4920559 10.353724 4288390574
-4.8089781 -1.4551977 10.580087 4289703078
-4.4384627 -1.7140839 10.561563 4288980646
-4.7621899 -1.3844945 10.552398 4286937191
-4.2076125 -2.0089176 10.726527 4288452237
-4.1725831 -1.7912769 10.643301 4288518543
-4.1474738 -1.6474521 10.583324 4289044630
-4.1432815 -1.5463469 10.575334 4289307547
-3.6530006 -2.1682789 10.87935 4286676858
-4.2929997 -2.0131369 15.357918 4290559937
-1.8380568 -2.203099 12.994626 4292203986
-2.4560316 -2.2176788 15.933278 4289506983
-2.1206911 -2.2151108 14.348771 4293585643
-2.3685181 -2.2309344 15.685673 4290559159
-0.04422351 -2.3140986 11.648494 4290558642
0.17190775 -2.2885938 11.537536 4290492592
0.35259178 -2.2921407 11.566129 4290492849
0.27798149 -1.7049185 11.757999 4288321168
0.27712628 -1.6314523 11.758769 4288386960
0.53614008 -2.3044281 11.637552 4290953401
0.6446867 -2.3024175 11.63452 4290953658
0.50410438 -1.9741902 11.839537 4289045405
0.77375001 -2.0630245 10.474405 4290427314
0.85244352 -1.5888524 8.6968727 4289374108
0.65423846 -1.3862064 8.6094084 4287926408
0.86224788 -1.4737415 8.8155661 4289834664
0.49449834 -1.693078 11.696816 4289374114
0.49504027 -1.6598914 11.719935 4289374114
0.64646077 -1.2148076 8.5404196 4288452495
0.84818125 -1.370199 8.6887827 4289769127
0.65745842 -1.1832435 8.690834 4288452494
0.81969386 -1.1698911 8.4305058 4290163629
0.36983562 -0.447689 2.7713864 4288912788
0.36970273 -0.43933693 2.7715206 4288781460
0.3917596 -0.48440933 2.7473052 4292533210
0.3915273 -0.43540508 2.7518349 4292269780
0.36874068 -0.37270021 2.7732866 4288781461
0.36754432 -0.29773575 2.7744675 4288913305
0.39094782 -0.38595831 2.7541187 4292401367
0.43582195 -0.33578491 2.5968969 4291545538
0.38959429 -0.29509223 2.7564011 4290559163
0.43062136 -0.31494278 2.6136258 4290952892
0.48450968 -0.37408438 2.3896115 4292927194
0.48361209 -0.33121288 2.3898537 4291216830
0.4999117 -0.3736012 2.2461092 4292203732
0.51802593 -0.37851861 2.2384717 4292467419
0.48876318 -0.3260482 2.3191013 4290690494
0.52445406 -0.33234072 2.2421949 4291216317
0.46527562 -0.3310439 2.474791 4290361517
0.47303516 -0.33275384 2.4411616 4291348416
0.44354165 -0.30662397 2.5583816 4292927454
0.48804119 -0.31006792 2.3482904 4291086021
0.50219274 -0.26531854 2.2386158 4290820268
0.50007248 -0.2549063 2.2584262 4292795869
0.50163049 -0.22564699 2.2401488 4291083698
0.63270718 -0.25233024 1.6776657 4291083961
0.63268906 -0.23303555 1.6791499 4291348167
0.63288128 -0.1830584 1.6719086 4289963924
0.62964308 -0.15481152 1.6779326 4291413701
-7.677052 -1.2055314 9.155118 4283984255
-7.797389 -0.9013744 9.2752314 4283262334
-7.8872285 -1.1045008 9.5152569 4282529052
-7.7360125 -1.1068594 9.5515041 4285623399
-7.8546557 -0.92163414 9.4836559 4284500258
-7.5316019 -1.0079288 9.4889593 4285359706
-7.8032451 -0.75690567 9.2880259 4282736505
-7.7842455 -0.63912457 9.2704077 4282735989
-7.8430138 -0.77206212 9.4757748 4285025046
-7.8277102 -0.59312636 9.4646978 4285091094
-7.6683354 -1.1221573 9.693738 4286873978
-7.3670816 -0.97837013 9.5100718 4283781188
-7.048027 -0.89822108 9.3311043 4285105295
-7.1905479 -1.1232975 9.7524137 4287400067
-7.1550059 -1.1268842 9.7877636 4288321426
-7.2009935 -0.99038893 9.6484756 4284635729
-6.9735498 -0.99430388 9.7130919 4282595378
-7.0492821 -0.86921972 9.3338928 4285105294
-7.2836447 -0.68881238 9.6487408 4284575345
-7.2999301 -0.84483546 9.7042398 4283389788
-7.052732 -0.78783208 9.7878428 4285025564
-7.3261542 -0.72631615 9.7434731 4283258205
-7.0531392 -0.72674698 9.7907629 4285026076
-6.9701753 -1.1200566 9.7461529 4288650648
-6.9241719 -0.99114865 9.6872339 4284767571
-6.6626539 -0.99911731 9.7960577 4284570193
-6.2859216 -1.0849996 9.5055647 4288453011
-6.257051 -1.0848572 9.5072412 4289308578
-6.6351929 -0.99931246 9.801096 4281938475
-6.3254561 -0.98629957 9.7064095 4282727218
-6.9409084 -0.91430902 9.842844 4287918894
-6.796699 -0.91414493 9.8587646 4284376681
-6.84759 -0.56770998 9.7247953 4287525440
-6.7204037 -0.72062939 9.7562847 4282664261
-6.5717125 -0.74661499 9.717535 4283842588
-6.2661042 -0.80778915 9.7630863 4286539835
-6.4670072 -0.71705759 9.7451019 4285228382
-6.2435751 -0.59229249 9.7362041 4286473784
-6.0623312 -1.0852802 9.5307856 4289572008
-6.2625065 -0.93359286 9.8006077 4287656242
-5.9488616 -0.99552864 9.8407526 4283714623
-5.7598348 -1.1040576 9.7276859 4289834923
-5.8237371 -0.99391311 9.8387632 4283320126
-5.7862334 -0.97191352 9.933918 4285815600
-6.2508349 -0.90121013 9.7836704 4288247861
-6.0571766 -0.74902803 9.8245201 4285290030
-6.100039 -0.70970279 9.6986475 4287535259
-5.9450526 -0.71852332 9.8444157 4286216311
-5.815145 -0.81257623 9.8828917 4284439125
-5.7415423 -0.84542555 9.9153233 4288839480
-5.8152227 -0.72012633 9.8862896 4285953658
-5.7355771 -0.72092837 9.9094648 4287658068
-5.5691934 -1.0569899 9.8789043 4286939516
-5.1586709 -1.3137262 10.224219 4288193968
-5.0244446 -0.9595601 10.224166 4288259500
-5.6282287 -0.82842803 10.102623 4286540871
-5.6203704 -0.73282772 10.091907 4286212423
-5.3469124 -0.69991595 10.114898 4288255112
-5.02666 -0.92809409 10.229642 4289769903
-5.3230662 -0.63758296 10.131858 4289307543
-4.9983234 -0.96040684 10.236278 4285428073
-4.7188816 -1.0048723 10.396436 4289571233
-4.7077403 -1.2133642 10.510242 4287726441
-4.4036641 -1.3062696 10.490602 4289111976
-4.6917071 -1.1436057 10.476734 4288121716
-4.4013085 -1.0107172 10.493321 4289046439
-4.9945292 -0.92773086 10.229599 4289440939
-4.788084 -0.94155556 10.406935 4288123012
-5.025672 -0.71372908 10.365781 4288322457
-4.7851472 -0.74640036 10.406512 4288057220
-4.5083146 -0.77303243 10.369023 4289440164
-4.4792948 -0.77896166 10.452037 4289374371
-4.4306011 -0.56447428 10.12536 4284113755
-4.3723483 -0.72213435 10.132488 4284967261
-4.1470819 -1.3158937 10.591036 4289242009
-4.1359835 -1.1471922 10.567287 4289307803
-4.3594828 -0.78555691 10.557121 4286808700
-4.0916815 -0.5577774 10.070888 4284438596
-4.1708398 -0.62063432 10.585605 4287531390
-4.2549515 -1.7083068 15.226944 4291283403
-4.2515073 -1.6592076 15.215419 4291283660
-4.0446739 -0.78888249 14.175435 4290823108
-4.491282 -0.96219796 16.262405 4290621072
-5.5019217 -1.4769344 26.093006 4292795349
-5.3657398 -1.4829797 26.225939 4292795350
-4.9541364 -1.4782765 26.22057 4292597714
-2.4793193 -1.1680653 21.191872 4291545798
-1.3657235 -1.1572711 15.932449 4289374887
-1.8881705 -0.90178132 16.584785 4289308834
-1.3089255 -0.95160878 15.830466 4286873723
-1.152359 -0.80794573 15.061234 4291084989
0.27298793 -1.368943 11.714919 4288650131
0.49264935 -1.4062017 11.740843 4289374114
0.49242285 -1.2285407 11.790008 4289440163
0.64211875 -0.97450823 8.5298185 4288781459
0.80606222 -1.0325508 8.58393 4288913562
0.65938103 -0.8683446 8.7768383 4288978581
0.82156384 -0.8930068 8.7704058 4288913562
0.48094752 -0.9200142 11.611138 4289703335
0.85533905 -0.76390415 9.1477518 4289045404
0.86361217 -0.60219818 9.2617102 4288913563
0.36736432 -0.27296624 2.7763789 4288913305
0.36670837 -0.22318394 2.778142 4288979099
0.39583179 -0.24462755 2.7497232 4292335575
0.39557204 -0.22818412 2.7500494 4292335574
0.37380701 -0.18126304 2.7753305 4287400840
0.37330136 -0.13991524 2.7770815 4287400584
0.39556399 -0.18747284 2.7549815 4292269781
0.39579433 -0.13861535 2.76246 4292203988
0.48308641 -0.15875719 2.3727562 4292269004
0.50030148 -0.22191383 2.2626252 4292795870
0.50160217 -0.21907096 2.2406723 4291083699
0.50120604 -0.18250401 2.2702944 4292664283
0.51647264 -0.14478292 2.2282658 4292204247
0.48251766 -0.11671399 2.3744438 4292400592
0.48224238 -0.074763328 2.3774612 4292400593
0.49224654 -0.11293584 2.3256559 4292466647
0.50198734 -0.1139701 2.2525182 4291282370
0.49144825 -0.071776524 2.3262732 4292269525
0.51354623 -0.065777197 2.2241397 4292006867
0.63207614 -0.13483025 1.6737742 4289766032
0.63159347 -0.11551078 1.6741347 4289766032
0.62980664 -0.062389467 1.6740158 4290227615
0.62943465 -0.052745316 1.6738793 4290228132
-7.7750578 -0.52266634 9.2643127 4282538867
-7.7748032 -0.34925088 9.2710762 4282209646
-7.8328094 -0.53441256 9.4731865 4285288220
-7.7702746 -0.35384625 9.4056025 4285355566
-7.7733393 -0.17589457 9.2764101 4281880424
-7.7236047 0.11230256 9.2294741 4281223007
-7.7411637 -0.17716886 9.3778944 4284829994
-7.539556 -0.058936786 9.5368462 4284899409
-7.7352271 -0.0020417087 9.3778839 4281213975
-7.5450501 0.00010680035 9.4715605 4282267182
-7.3569059 -0.38322574 9.5206366 4281478694
-7.303205 -0.50962335 9.6814718 4282075212
-7.401401 -0.20683415 9.5846319 4283843110
-7.334002 -0.20896529 9.7337341 4281481283
-7.3004146 -0.54172641 9.7167759 4281214498
-7.1212511 -0.20529737 9.6539307 4282265366
-6.9296241 -0.20232256 9.5994711 4282403928
-7.3995209 -0.17695336 9.5834074 4283514914
-7.3493805 -0.17915268 9.7551003 4282732374
-7.3221817 0.0018079765 9.3040628 4282727730
-7.2736602 -0.08724232 9.739727 4283254849
-6.7888212 -0.08056058 9.4519053 4281545263
-6.8026471 -0.47333103 9.665164 4287327278
-6.6817951 -0.53466064 9.7077694 4282006330
-6.7669716 -0.35081965 9.6196527 4287327805
-6.2725382 -0.32725257 9.085434 4285629320
-6.2586455 -0.50262916 9.7628012 4286407992
-6.5162182 -0.20089985 9.7464819 4284172066
-6.2330246 -0.34904647 9.7288599 4286935613
-6.6659651 -0.079032943 9.4048128 4283781192
-6.0810571 -0.1241834 8.8187761 4284905342
-5.9659019 -0.041063707 8.855794 4280952096
-6.2381682 -0.13746969 9.7446041 4286606886
-6.0715499 -0.52564269 9.6604548 4287074965
-6.0973201 -0.34690458 9.7076073 4287073675
-5.7324405 -0.5353632 9.910594 4288181810
-5.7315226 -0.35399485 10.023085 4283980116
-6.1946363 -0.13677706 9.7244854 4288188542
-5.7414198 -0.16748883 10.046731 4284045917
-5.6740618 -0.54983616 10.19383 4285620288
-5.6625271 -0.35868841 10.179846 4285356861
-5.385159 -0.32475209 10.199169 4287531133
-5.3596129 -0.38831988 10.209126 4288913044
-5.3725219 -0.29396671 10.236628 4288781458
-5.6737223 -0.16931929 10.206288 4284896827
-3.9429004 -0.016518276 7.5028844 4284439896
-3.8775094 0.075583234 7.3832388 4283974200
-4.0051417 -0.042510133 7.848175 4290617662
-3.8013873 -0.015253317 7.5457988 4287268482
-3.7944789 0.030932087 7.398653 4283252021
-3.685168 0.032453049 7.5495763 4283251502
-5.0599737 -0.5529294 10.374544 4289046439
-5.0634637 -0.32737786 10.388779 4288914598
-4.4258265 -0.53237182 10.115474 4284442718
-4.1731858 -0.45983863 9.968523 4286874492
-4.1925154 -0.18391044 10.096639 4288518038
-4.3287091 -0.052496057 8.9032955 4286216829
-3.6118753 -0.014875036 8.0036745 4285227353
-3.6658578 0.032668132 7.558033 4283252018
-3.5541275 0.033950258 7.6197948 4283514933
-3.6222539 -0.015233498 8.0813646 4285096024
-3.9056814 -0.080680832 9.4150887 4284704368
-3.4061301 0.035999645 7.8207731 4283646520
-3.3710718 0.036436427 7.8518615 4283843896
-4.1012974 -0.45799458 9.9454508 4287268488
-4.1690607 -0.55454743 10.582874 4287399548
-4.0882497 -0.33329692 9.9175348 4287794840
-4.1658087 -0.35695991 10.579912 4287070583
-3.9250455 -0.11148365 9.5312939 4283452750
-3.4160063 -0.043423157 8.9088669 4286939781
-3.2563012 -0.041463625 8.8517599 4286610552
-3.0160382 0.092841342 8.3481054 4284237615
-3.4085152 -0.44130805 11.230476 4290426282
-4.1453242 -0.53830528 14.530464 4290560192
-4.5285096 -0.61273247 16.401844 4290226053
-4.0008054 -0.29983497 14.03037 4290297019
-4.4541993 -0.45121932 16.136312 4290028416
-3.6130049 0.0093014129 11.011292 4286610030
-3.6125014 0.043363977 11.010489 4286544493
-3.8925385 -0.20565815 13.654357 4290033847
-4.5727844 -0.0011999719 16.952002 4286740064
-3.7226989 0.048334766 13.066219 4286019440
-4.1427984 0.050459493 15.191697 4283979079
-5.7318935 -1.455747 27.181034 4285758071
-5.2510471 -1.4588969 27.336193 4287664783
-5.6922383 -0.85501951 26.99519 4288256901
-5.1724868 -0.93153548 26.927145 4287204214
-5.2138777 -0.0081008188 20.250397 4287728770
-4.7378898 0.17469935 19.102711 4285821804
-4.7979217 0.11777572 19.588528 4287071622
-5.1530595 -1.4543626 27.270683 4287796111
-5.0772429 -0.92853671 26.868895 4287335799
-3.6308892 -0.92731279 25.008699 4287531909
-2.5039709 -0.91276443 21.392376 4291611592
-3.6522787 -0.85457546 25.154226 4287466117
-2.4782517 -0.50696158 21.158031 4291677384
-3.7814238 -0.39103669 25.486103 4290690488
-2.4660623 -0.30775714 21.046705 4290427316
-3.6110072 0.31548637 24.847406 4286216051
-2.5961719 0.15481012 22.138098 4290164143
-1.9020963 -0.64837116 16.696589 4288190353
-1.3251907 -0.81383115 16.016235 4286939771
-1.902436 -0.54450864 16.695417 4288256146
-1.4209654 -0.55525386 17.151602 4289242525
-1.1600783 -0.71901238 15.154288 4291084988
-1.1977546 -0.25753731 15.606136 4291150781
-1.8914438 -0.23164375 16.586699 4288190352
-1.376765 -0.236744 17.240454 4291084989
-2.011075 0.35105461 17.610788 4287532165
-1.3703758 0.28535682 16.478529 4287794822
-1.1166271 -0.14651169 14.538695 4288979354
0.87394536 -0.43770701 9.3978415 4288716440
0.37329581 -0.065788075 2.7864494 4287335047
0.37288707 -0.040919375 2.7867796 4287466118
0.39550167 -0.089402303 2.7665844 4291875279
0.39506924 -0.040103603 2.7698121 4291677643
0.37152416 0.017067086 2.7847142 4287268741
0.37030363 0.066588312 2.7825606 4287795341
0.39430329 0.0092481636 2.7708793 4291282884
0.39349678 0.058540467 2.7716765 4291085248
0.48184574 -0.046739813 2.3785059 4292400593
0.47963876 0.009381067 2.3741522 4292137676
0.49056908 -0.030663427 2.3265316 4292006353
0.51213163 -0.026513737 2.2222481 4291809488
0.49133566 0.0034136735 2.3332913 4290953665
0.51088774 0.012590241 2.2210238 4290821822
0.46875387 0.051147994 2.328738 4292584078
0.46478781 0.071441457 2.3127074 4292444765
0.48197469 0.044833023 2.2117012 4292967533
0.51073599 0.032326486 2.1966994 4291262581
0.47249189 0.057799924 2.2562392 4290608503
0.49416146 0.057800274 2.1839287 4289542721
0.53301513 -0.026432026 2.0655909 4292005839
0.54298621 -0.013351504 2.0390792 4291086285
0.51877779 0.051668022 2.1801424 4289096046
0.53359616 0.021672469 2.0720427 4291743438
0.51849824 0.058027361 2.1796646 4288360244
0.63412356 -0.028718155 1.675558 4289766546
0.63428748 0.0096505918 1.678975 4289634959
0.63423896 0.038473975 1.6811304 4289503372
0.63379103 0.062501132 1.6819502 4289503115
-7.7597995 0.17020606 9.2745352 4281222491
-7.8500843 0.37400094 9.3546667 4283323745
-7.8067141 0.17399602 9.4706478 4280425485
-7.9158292 0.55220801 9.4392061 4281222493
-7.7247648 0.81888717 9.1580553 4283716436
-7.9761405 0.73278296 9.517457 4281223005
-5.6187701 0.16952814 7.2578416 4285090094
-5.5605245 0.36786729 7.19172 4284103974
-5.353714 0.42335993 6.9865208 4285031518
-5.2121935 0.42375538 6.9723215 4285031259
-5.1061378 0.56317759 6.8385329 4287596925
-5.12637 0.42643017 7.0030198 4284701519
-5.0984864 0.42800501 7.0243893 4284701263
-5.0770245 0.56256562 6.8281808 4288518287
-4.9877186 0.56767231 6.8799787 4289768870
-5.0010695 0.43180344 7.0715418 4284240707
-4.8863959 0.43438202 7.0964913 4283250216
-4.8156686 0.56906754 6.8787599 4289899941
-4.7969112 0.57721585 6.9742899 4288057475
-4.7642379 0.43642673 7.1117339 4282592287
-4.539835 0.52804834 7.1442666 4285160017
-4.6839809 0.5614022 7.0307932 4284568646
-4.5250988 0.57021767 7.1230454 4289439389
-4.0554204 0.40545195 7.2235045 4284636511
-4.4155359 0.53019631 7.1583953 4286542441
-4.2896781 0.53222412 7.170722 4286411114
-4.5055656 0.5707131 7.1270766 4290229420
-4.3716269 0.63731623 7.1275716 4289307024
-4.2325811 0.53392982 7.1868877 4286148198
-4.1442666 0.53482139 7.1883879 4284304706
-4.2608752 0.64152318 7.1638107 4289241232
-4.1434307 0.55677533 7.187736 4286147683
-3.866539 0.27961284 7.3694496 4284435261
-3.944905 0.40888447 7.2670403 4284175953
-3.9060049 0.38971162 7.3193555 4282202162
-3.8342988 0.37182459 7.3981633 4282856742
-3.7346566 0.37420723 7.4277759 4282528294
-4.0387111 0.42838722 7.2343507 4282989109
-3.9256296 0.43173069 7.2737713 4281211917
-3.9740231 0.62923008 7.2459636 4284503371
-3.8268757 0.43924677 7.3862967 4280030733
-3.6540604 0.44749731 7.4999118 4280030733
-3.5518236 0.42976612 7.5774493 4280953390
-3.5350251 0.43070778 7.5915999 4279635213
-3.3844237 0.43974394 7.7291031 4279635200
-3.2663116 0.42326528 7.8455572 4281873717
-3.6019957 0.45011249 7.5363421 4280423949
-3.1792154 0.43498272 8.0529737 4280028429
-3.1592185 0.43916228 8.1288795 4280686093
-3.0242915 0.24763159 8.3744287 4284039979
-3.0320601 0.35143057 8.3981924 4282068514
-3.6663201 0.35409945 11.179729 4285162069
-3.6573656 0.49095464 11.155553 4285030227
-3.9448967 0.51957119 13.848663 4284573023
-3.3098676 0.46278238 12.159939 4285954938
-3.4828687 0.6149416 12.239071 4285888890
-3.004494 0.53817528 11.302884 4285692275
-3.6509326 0.79883939 11.142608 4284833107
-3.6274195 0.9300999 11.074305 4285491552
-3.4723227 0.72597635 12.204092 4285954167
-3.0879824 0.67942029 11.353848 4285888357
-3.0294819 0.99766386 11.402383 4286612086
-3.0651753 0.37470865 11.66225 4282598204
-3.6477082 0.58384025 15.503844 4285555273
-2.972883 0.53906786 11.315819 4285560949
-2.8396478 0.67899001 11.931506 4286346338
-3.0012739 0.70887214 11.840984 4282402369
-2.8278825 0.7128976 11.88271 4285161806
-2.9442587 1.0658119 11.764318 4288322454
-2.9167027 1.0459242 11.947918 4286019699
-3.3010585 0.76833159 22.233746 4289572264
-2.5478718 0.48905271 21.714008 4289703591
-3.0505691 0.84028608 20.547537 4289440935
-2.5823324 0.83780879 20.3776 4288848280
-2.2370274 0.96513379 16.078018 4289703590
-2.1576505 0.97477728 16.229679 4289309089
-1.9929541 0.40219587 17.450104 4287400579
-1.301855 0.38292301 16.252228 4289768869
-1.9184269 0.95742857 16.775473 4288256146
-1.359024 0.68554491 16.311621 4287268477
-1.6199629 0.98850793 16.380285 4288716955
-1.5299361 0.99651551 16.502506 4286413942
0.2776784 0.89801627 11.549865 4289308578
0.098974161 1.1176546 11.653753 4288387994
0.3623791 1.0066742 12.014004 4287268475
0.40985468 0.88026726 11.295328 4289900458
0.55016124 0.95467043 11.347579 4288715924
0.71802914 0.94869727 11.25514 4289439648
0.85367817 0.94751006 11.225656 4289703077
0.98404241 0.94226968 11.146392 4289176215
0.36697412 0.13195607 2.7678351 4287400065
0.36585861 0.16446975 2.7642486 4287268481
0.39309496 0.11605367 2.776108 4290493110
0.39243791 0.15707038 2.7768631 4288191122
0.36461657 0.24598791 2.7660058 4287136638
0.36534894 0.27930537 2.7752969 4287070845
0.38944876 0.24638398 2.768383 4289769385
0.38821724 0.29496306 2.7663321 4286940288
0.46415162 0.11885278 2.3146348 4292050006
0.46347252 0.13908516 2.313597 4292050008
0.46567819 0.13156214 2.2923594 4290403914
0.49388126 0.096066639 2.1864834 4289013549
0.47917983 0.15438055 2.2106888 4291770166
0.48885217 0.16023642 2.1981795 4291518041
0.48669454 0.18629546 2.424371 4290755258
0.49006918 0.1799375 2.3158128 4287791227
0.520374 0.18123259 2.2234285 4287530883
0.51844049 0.10897449 2.184248 4287902262
0.52173424 0.15943921 2.1773303 4289105293
0.52074677 0.17191334 2.1747396 4288912544
0.53582841 0.22437932 2.0562463 4288648832
0.54680848 0.22239466 2.0330825 4290691011
0.63244283 0.096060097 1.681363 4289437065
0.63178843 0.12960501 1.6824378 4289239942
0.62990522 0.15331203 1.6797915 4290097323
0.633358 0.1818434 1.6789174 4289174153
-7.7021594 0.97739482 7.7767286 4287465857
-7.7297435 0.99352187 7.9026885 4283579432
-7.5573707 0.86922425 8.0800123 4285885798
-7.6852036 0.97980565 7.9827752 4284897614
-7.608871 0.96208525 8.0324049 4285490780
-7.646554 0.99126929 7.6984582 4283185444
-7.7118306 1.0057956 7.8117189 4283316516
-4.6920848 0.74429643 4.7889104 4283910986
-4.7179055 0.74276876 4.8741131 4284108882
-7.7860255 1.0523639 8.1666718 4283645986
-7.8128195 1.0593681 8.2210026 4283912001
-5.2176876 0.86326724 5.4650049 4285685546
-7.1064725 1.1289269 7.4951172 4286150768
-7.5136151 0.87642831 8.1414509 4287465610
-7.5159364 0.90163213 8.3679924 4287334530
-7.524229 0.94326437 8.0748873 4285490780
-7.5053406 0.92292267 8.3287878 4285227610
-7.5815682 0.92222077 8.557807 4284964437
-7.6095338 0.91545981 8.740304 4284372046
-7.5300012 0.93240553 8.4134493 4283053860
-7.6645746 0.99595362 8.7439604 4282860345
-7.2785549 1.1461389 7.9291425 4286545014
-7.3187027 1.1304076 8.1619034 4285887857
-7.2161613 1.1451256 7.7590809 4286152572
-7.0702348 1.1461749 7.7585511 4287005305
-7.4510937 1.1446691 8.4516706 4285624171
-7.4362779 1.1369247 8.5841751 4285690740
-7.6171036 0.90595633 8.9058933 4282924856
-7.7526798 0.85332948 9.2257538 4280423949
-7.7801428 1.0048572 9.0647354 4282992971
-7.597795 1.1094851 9.2237768 4284637018
-7.4826226 1.1148149 9.259305 4284703584
-7.2545485 1.1038275 9.1554441 4285427308
-7.4595971 1.1261858 8.7026186 4285163877
-7.1410618 1.1128365 8.5829649 4286611064
-7.0444846 1.115315 8.5958033 4286808445
-6.2509441 1.1118894 7.9724169 4288189840
-5.6619315 1.1442819 7.2372284 4288847771
-5.268209 0.6794861 6.9705033 4285683238
-5.8130064 0.94983989 7.4473357 4284706941
-5.3600516 0.83948898 7.0674376 4285025570
-5.0180936 0.64757591 6.8379164 4288517254
-4.9455252 0.64705044 6.8259878 4288648840
-5.1008129 0.92320019 7.1979485 4290097317
-5.5855551 1.0461549 7.1656446 4285431696
-5.298111 0.97475964 7.1068068 4283840804
-5.3710904 1.1572716 7.0378838 4284703588
-5.3228083 1.1539848 7.1462841 4282333754
-5.202611 0.97829562 7.1268063 4283578143
-5.0926828 0.98783904 7.1892018 4286015065
-5.2101622 1.1593405 7.1738234 4282926148
-5.1902761 1.1600153 7.1770291 4282925380
-4.8416047 0.65105981 6.8585472 4288583047
-4.7542863 0.65736777 6.9165406 4287661685
-5.0718017 0.92222661 7.1886497 4290689455
-4.8108177 0.92135173 7.1657329 4290821299
-4.787262 0.92128611 7.1637654 4290492076
-4.5911164 0.91918987 7.135458 4286608994
-5.0427151 0.98719114 7.181695 4286739559
-4.9077926 0.9835667 7.1479406 4286871148
-4.9638519 1.165982 7.2030396 4285163882
-4.9169827 1.1710861 7.2320819 4287332981
-4.7832999 0.98628467 7.1604047 4285950305
-4.6497159 0.96534675 7.1588802 4284173884
-4.769299 1.157694 7.2784796 4282860355
-4.6675868 1.1556146 7.2606983 4283123015
-4.3744154 0.8910659 7.0711708 4290163371
-4.2862802 0.89166033 7.0702362 4290360494
-4.2115498 0.89495128 7.0914359 4290163373
-4.1251192 0.92736411 7.1695518 4287795854
-4.3849015 0.95812136 7.0902281 4288583054
-4.3332362 0.95683116 7.0777116 4289043862
-4.4549556 1.1545298 7.2438555 4284835174
-4.4241185 1.158386 7.2664247 4285361263
-4.1943989 0.96120244 7.1017394 4289044376
-4.1206703 0.9482975 7.1627054 4287003762
-4.2361913 1.1354468 7.2516541 4282662717
-4.1701078 1.1362543 7.253572 4282663487
-3.9704037 0.69524789 7.2417383 4284899928
-3.9591224 0.82604903 7.2260065 4284504661
-4.0173249 0.95606053 7.2149081 4283184675
-4.058146 1.1433618 7.2932806 4282795074
-3.9220262 1.1506242 7.3327999 4284176986
-3.7023962 1.1280372 7.6192074 4280028429
-3.8069263 1.1556931 7.5040021 4282006071
-3.7465193 1.1589186 7.5218878 4282268473
-3.6094537 1.1437913 7.7206187 4280028416
-3.5181682 1.1612909 7.8338952 4281610288
-3.5979106 1.1637365 7.6969824 4281676334
-3.5856273 1.1675116 7.7213082 4282071350
-3.4763899 1.1718183 7.90273 4283650642
-3.3796208 1.173738 8.0760326 4283847506
-3.4729965 1.1784855 7.7880859 4285953653
-3.3389945 1.1830095 7.8111343 4287794825
-3.5101476 1.112588 10.244961 4283582003
-3.1549902 1.1312394 8.6801653 4282991943
-3.2707715 1.1449962 9.2263765 4285095241
-3.2671452 1.1629307 8.1663694 4282268729
-3.2220407 1.1580657 8.3072681 4282597694
-3.1849403 1.1806537 7.7876801 4288452753
-3.1517975 1.1541257 8.4598961 4285293913
-3.5818994 1.1224587 10.642239 4285624172
-3.0225263 1.1001098 11.37781 4288191384
-2.970557 1.0944605 11.314301 4288519837
-0.11178779 1.1361725 11.141051 4290032303
0.026131829 1.1270983 11.388185 4289374887
0.3418496 1.1340301 11.432379 4289506216
0.40926579 1.127779 11.361225 4289505960
0.65072119 1.1262401 11.323728 4289243300
0.78435582 1.1205838 11.252885 4289177251
1.0313032 1.1287035 11.315578 4288980130
0.36551777 0.33721057 2.783812 4287005566
0.36542687 0.37853205 2.7884274 4286939772
0.39404604 0.34265494 2.7573316 4289703592
0.39329159 0.39116919 2.7584019 4289440162
0.36504465 0.43624687 2.7931087 4286807930
0.36491013 0.49432576 2.7995481 4286676344
0.39344019 0.3994875 2.7603555 4289309089
0.39419517 0.46592873 2.7732062 4289242527
0.48556361 0.34584919 2.4035168 4290097576
0.48497206 0.38782424 2.405103 4290097317
0.48379907 0.42932695 2.4040244 4289834145
0.53560328 0.23624197 2.0565345 4289505441
0.54669416 0.23415034 2.0337453 4290822339
0.63088572 0.21949439 1.6759943 4288779652
0.63257325 0.24388888 1.6819283 4288713602
0.63198799 0.27722999 1.6831571 4288516221
0.62852019 0.2872586 1.6870279 4290163375
2.8694341 0.5882498 3.42995 4282070310
2.9058793 0.5593763 3.4354267 4282859566
2.9685807 0.56198245 3.449718 4281872934
2.8801229 0.60679322 3.4207764 4281211904
2.9152346 0.58914429 3.3711431 4279045376
3.1417418 0.423998 3.4649334 4281675302
3.0238996 0.56326663 3.4554768 4282070310
3.1450255 0.55726665 3.4769704 4282071082
2.9570887 0.58654696 3.3529725 4279637517
2.977263 0.59327507 3.3336208 4279047702
-4.6927505 0.85830539 4.779829 4286474811
-4.6463847 0.84111589 4.7624021 4285617192
-6.830605 1.17416 7.0757918 4287926409
-5.3234663 1.1640129 6.9495444 4287927962
-5.277215 1.1636665 6.9454637 4287796378
-5.2056742 1.1771789 7.0219555 4288848029
-5.0879197 1.181016 7.039381 4289308580
-4.9132586 1.1822608 7.0390177 4289572010
-4.828692 1.1835225 7.0427275 4289966770
0.3647486 0.5274722 2.8026376 4286676088
0.36451659 0.55220562 2.8041723 4286610038
0.3945986 0.49935383 2.7798216 4289111198
0.39515063 0.54965442 2.7894258 4289045918
0.36205217 0.64037526 2.7983222 4287268740
0.36103594 0.67205405 2.7953155 4287860878
0.3947874 0.60728514 2.794091 4288913561
0.39502847 0.69093698 2.8057537 4291282112
0.49157289 0.44036955 2.3481593 4289439907
0.4916254 0.467951 2.3511238 4289374115
0.49162748 0.51622528 2.3559251 4289110944
0.49145856 0.57825524 2.3613532 4288848287
0.63026768 0.3387982 1.6839039 4288845449
0.63001508 0.34825772 1.6840466 4288977808
0.63671422 0.36134195 1.6785339 4287005310
1.2847034 0.65008187 3.0537102 4285095759
0.63227063 0.37098888 1.6799524 4288385151
0.63595593 0.39433607 1.6793375 4286939516
0.62754595 0.41394603 1.6833353 4289702312
0.63633394 0.41840422 1.6821077 4286807930
0.67184192 0.39601713 1.6858338 4286149480
1.2631661 0.74634176 3.0133591 4284436792
2.5497952 0.75621492 3.341908 4281214492
2.571698 0.76686293 3.3457201 4281670656
2.6028206 0.75233501 3.2782598 4280423949
2.6260116 0.81366867 3.3794067 4280686080
2.7786164 0.73163027 3.4034624 4282070314
2.8127592 0.73294765 3.4087679 4281871906
2.8835206 0.63378078 3.4041505 4281210368
2.8882258 0.6848312 3.4127347 4280948224
2.6087873 0.75605553 3.2521362 4279637517
2.6483984 0.74720949 3.2109985 4281479730
2.622679 0.76189077 3.2359173 4279635213
2.6220412 0.75887847 3.1817038 4280689180
2.6904848 0.7417956 3.1852789 4282991936
2.7798169 0.7391336 3.2123401 4281215526
2.6349461 0.75488645 3.1242974 4281675302
2.6492093 0.75612384 3.0907404 4281677109
2.9862964 0.61105418 3.3239601 4279045389
2.8319175 0.73867166 3.2086079 4281214498
2.8569 0.74255013 3.2255831 4280952354
2.6663628 0.76711327 3.0620499 4280689180
2.6855814 0.76310366 3.0448072 4282531896
0.3590073 0.71843868 2.7871766 4288584859
0.35818812 0.74184489 2.7844825 4288519066
0.39495546 0.74097651 2.8113472 4288650642
0.3935723 0.77201748 2.806299 4288716182
0.35742089 0.79018062 2.7853119 4288650907
0.35667279 0.83849043 2.7862699 4288585116
0.39003477 0.83208603 2.7910492 4287400834
0.38952619 0.85601467 2.7907083 4285624425
0.49134567 0.59197462 2.3622279 4288782494
0.48222035 0.63888943 2.3870761 4287925626
0.48184288 0.68044561 2.3895788 4287924319
0.48147759 0.75010556 2.3949609 4288517767
0.53230751 0.55150288 2.0735459 4290229941
0.53163892 0.58690429 2.0744178 4290164148
0.53927714 0.54190874 2.0361865 4289309618
0.53970611 0.57177526 2.0402963 4289046960
0.53145456 0.59873515 2.0748446 4290164404
0.53096849 0.64029711 2.0769076 4289966767
0.5396502 0.61304849 2.0437887 4288849065
0.53990453 0.63104856 2.0462515 4288585638
0.62657475 0.43726254 1.6828575 4289373603
0.63654655 0.43763804 1.6841118 4286676344
0.6262728 0.45618126 1.6836263 4289439397
0.63530427 0.46552613 1.6833806 4286610551
0.68755394 0.45512879 1.7147126 4284503357
0.67458075 0.48103791 1.6879406 4285029451
0.62670135 0.48993766 1.6873004 4289439397
0.63461345 0.48416483 1.6832191 4286544503
0.62803853 0.51485246 1.6924417 4289110684
0.63366657 0.51213312 1.683187 4286347381
0.6731475 0.48968238 1.6854275 4285227345
0.67116141 0.51221764 1.6827569 4285622875
2.2721817 0.9337604 3.292927 4281215526
2.2920456 0.93418938 3.2940507 4280423936
2.3326781 0.93183869 3.2846601 4280423936
2.2907274 0.94332814 3.2928936 4280686080
2.2913041 0.91778082 3.1688108 4279045389
2.3179708 1.0490776 3.2982688 4280028416
2.4521868 0.9183144 3.2670844 4280689174
2.6344275 0.88575512 3.3943791 4280028416
2.6211054 0.91124058 3.3799188 4280028416
2.5008738 0.90651768 3.1893275 4279045376
2.2962966 0.91873795 3.1402116 4279635213
2.3251052 0.92779875 3.1089926 4280690204
2.3310161 0.93813705 3.0838311 4279637517
2.3364987 0.92792857 3.0789886 4281674278
2.4942775 0.91045123 3.1708031 4280689180
2.3477972 0.93459749 3.0716052 4280425494
2.3617802 0.93576795 3.0460224 4280952354
2.5295572 0.90100193 3.1687326 4279042048
2.5688946 0.89921045 3.1613946 4278190080
2.6536815 0.784419 3.0974741 4278190080
2.5104616 0.90376687 3.1465144 4279637517
2.5354993 0.89729023 3.1227829 4279045389
2.3640988 0.93192321 2.9766791 4281215522
2.3728902 0.93375832 2.9281211 4281214498
2.5791714 0.9065963 3.0918493 4279637526
2.5920074 0.91150415 3.0477731 4280032278
2.5343473 0.91833019 3.0133288 4282202936
2.5811245 0.91694689 3.0077844 4281214498
2.6783981 0.78121895 3.0476449 4279637526
2.7014816 0.77595109 3.0256164 4280689180
2.6079366 0.9142797 3.027339 4280032278
2.6690879 0.91754633 3.0372536 4278190080
2.6197762 0.91853803 3.0123999 4280425494
2.6504364 0.92067403 2.9903541 4280032278
0.35549241 0.92735493 2.7893856 4288782493
0.3555018 0.94404536 2.7915683 4288782493
0.39326605 0.89678472 2.7681725 4288914075
0.39254487 0.95293951 2.7703948 4289111456
0.3577798 1.0252573 2.8176236 4288914080
0.36045668 1.0918208 2.8445776 4289045923
0.39211741 0.99323374 2.7725515 4289243297
0.39149722 1.0413239 2.7744389 4289374628
0.48195586 0.8000474 2.4021044 4288846990
0.48185179 0.82102787 2.4037519 4288913040
0.48121193 0.85525501 2.4043531 4289044626
0.48020685 0.88881987 2.4032679 4288979090
0.53347403 0.66054446 2.0669425 4287662455
0.54016465 0.65500563 2.0492651 4288388771
0.62829894 0.54386556 1.6953428 4288847253
0.63270593 0.55433995 1.684237 4287595635
0.63014853 0.57038099 1.69058 4288124311
0.63193864 0.57279927 1.683882 4287332722
0.85472816 0.66913563 2.0886738 4283910965
0.85433954 0.71091032 2.0910234 4283976504
0.62827438 0.62142128 1.6901561 4288320139
0.63109475 0.60545528 1.6844585 4286937967
0.62819326 0.65005583 1.6922107 4288254345
0.63061821 0.63839799 1.6859189 4286674793
0.67275256 0.60417771 1.6933562 4285557085
0.8548075 0.7774756 2.097162 4283976507
2.0000901 1.1220962 3.2407846 4281477666
2.055274 1.0840175 3.236793 4280952348
2.0770833 1.085669 3.2414482 4280689174
2.0153358 1.1347849 3.2505076 4280423949
2.0448439 1.1023331 3.2091649 4279637517
2.0354452 1.1831765 3.2558575 4280028416
2.0351615 1.1384172 3.131681 4279045389
2.0129893 1.2218744 3.2113731 4280028416
2.0216532 1.1731842 3.1536493 4278190080
2.191498 1.0865428 3.2705936 4280425494
2.2611122 1.0832103 3.2880218 4280689180
2.0845811 1.0998451 3.1226199 4280032278
2.1335142 1.0976936 3.1157517 4280690214
2.2998931 1.083792 3.2891824 4280032278
2.2798305 1.0812856 3.2249942 4279042048
2.1783674 1.0937232 3.1037209 4281677109
2.2245972 1.0897894 3.1172338 4280032284
2.0514987 1.1101871 3.1020968 4279637532
2.0530624 1.1064415 3.0669107 4281476642
2.0522223 1.1463881 3.0807309 4279042048
2.0603271 1.1460369 3.0796785 4279045376
2.0633323 1.1029626 2.9859538 4280952354
2.0665083 1.1046337 2.9675264 4280427036
2.0698941 1.1021724 2.9383039 4281477670
2.2844083 1.0888108 3.113538 4280030742
2.3226197 1.0900917 3.1166952 4279045389
2.3368828 1.0897974 3.0902073 4279045389
2.2537005 1.0927765 3.0748553 4281676334
2.3135242 1.0922308 3.0724685 4279637517
2.076508 1.1016654 2.8715081 4281674278
2.08252 1.096716 2.8374703 4282070322
2.3299716 1.0917981 3.0710084 4279635213
2.3334517 1.0892065 2.9912035 4279045389
2.3732133 0.95719028 2.9494154 4279045389
2.3789802 0.93532389 2.9065785 4281873702
2.3845272 0.93602782 2.8572917 4281214498
2.3878987 0.93367714 2.825007 4281214502
2.4020159 0.96270949 2.8159606 4279045389
2.3529248 1.0915462 2.974072 4279045389
2.3717201 1.0900137 2.9466739 4278190080
2.3226919 1.0915161 2.9287999 4280425494
2.3682189 1.0897323 2.9233987 4279045376
2.3618639 1.0905861 2.8602581 4280030733
2.3885579 1.0941744 2.8273325 4279635213
2.3934233 0.9345004 2.7789667 4281675306
2.4089849 0.92881131 2.7615042 4283518797
2.3958521 0.93480492 2.7562661 4281873706
2.3994732 0.93555915 2.7352982 4282200618
0.36065724 1.1009026 2.8471167 4289111459
0.35989082 1.1669089 2.850194 4289243045
0.39082041 1.0727004 2.7739711 4289637799
0.39007586 1.1286582 2.7760243 4289440936
0.35948184 1.1998234 2.8515429 4289309095
0.35936484 1.2507814 2.8572001 4289374889
0.38182965 1.2097689 2.8368516 4289046440
0.39703396 1.1456579 2.7231965 4289966505
0.3819223 1.2440034 2.8416452 4290362300
0.47952947 0.95108533 2.4065216 4289176212
0.48093647 0.99703038 2.3870261 4287069541
0.48046869 1.0310876 2.3883801 4287596146
0.48031494 1.0447741 2.3890741 4287859319
0.53328699 0.87040222 2.085175 4289308581
0.54118782 0.85609686 2.0510557 4288190878
0.53329891 0.87644726 2.0857599 4289308837
0.53246778 0.91132152 2.086035 4289308838
0.54110867 0.86189836 2.051307 4288125342
0.54157603 0.89814693 2.0560861 4288125339
0.6279422 0.66417778 1.6927253 4288188552
0.63039505 0.65726334 1.686872 4286542945
0.62694824 0.70148236 1.6933032 4288123272
0.63024884 0.68097395 1.6883848 4286542690
0.85235918 0.83552468 2.096225 4284108608
1.0116969 1.0239797 2.4462113 4283187761
1.2895367 1.2553802 3.014643 4282071086
0.62679994 0.71090144 1.6936917 4288056967
0.62946409 0.73267025 1.6905899 4286872171
0.62644804 0.73925102 1.6950842 4288188811
0.62934071 0.73731214 1.6906638 4286872171
1.0196186 1.0529468 2.4657569 4283384368
1.236317 1.2648544 2.9192555 4280690214
1.0583938 1.1203669 2.5557334 4283780421
1.2186033 1.264387 2.8809896 4282861378
1.3952825 1.2681918 3.1077256 4282531122
1.4836075 1.2656788 3.1223862 4282728507
1.5453981 1.2628449 3.1367304 4282399530
1.5559554 1.2640572 3.1396341 4282398762
1.5179363 1.2644907 3.1191049 4281869837
1.5461632 1.2655853 3.1215172 4280423949
1.3487267 1.2748553 2.9604955 4281677883
1.3570478 1.274719 2.960108 4282071867
1.4136733 1.2724457 2.9543555 4282203456
1.4864426 1.2680985 2.9630163 4281678648
1.6060612 1.2611405 3.1318638 4280687629
1.6940621 1.2635827 3.1593096 4281869837
1.6384182 1.2676833 3.1257534 4280425500
1.7023253 1.268599 3.1273613 4280427036
1.7294871 1.2630558 3.1576164 4280687629
1.8159802 1.2572852 3.1647418 4280951318
1.6575333 1.2684131 3.0219133 4281215526
1.7546555 1.2671423 3.0384181 4280952354
1.558678 1.269586 2.985487 4281875259
1.5762938 1.2700193 2.9863453 4281875264
1.6362529 1.2678508 3.0006013 4281480501
1.8440402 1.2578818 3.1659458 4281476630
1.9167157 1.2545015 3.1794021 4280030733
1.8036153 1.2679085 3.0605304 4280427046
1.8608799 1.2654233 3.0539773 4280954418
1.999018 1.247146 3.2060907 4280952348
1.9895697 1.2475889 3.138411 4278190080
1.9319474 1.2628992 3.0681348 4280032290
1.9806484 1.2623602 3.0875781 4280032290
2.0488195 1.2073023 3.0801423 4279045389
2.0567963 1.1979016 3.0783124 4279045398
2.0352132 1.2582419 3.0769444 4279637526
2.0336602 1.2596521 3.0383744 4280690210
2.04884 1.2608185 3.0001879 4280689186
2.028373 1.2624109 2.9841523 4281872938
2.0456905 1.2576518 2.9727468 4280427046
2.049397 1.2572672 2.9327984 4280952354
2.0739512 1.1046546 2.8374012 4280032278
2.0903602 1.1009949 2.8073487 4280952358
2.0938804 1.1029308 2.7921293 4281214502
2.1049607 1.1051174 2.7388608 4281478698
2.1064329 1.1060432 2.722151 4280952354
2.0662987 1.263464 2.8903272 4280952358
2.0733826 1.2664026 2.8785341 4281872938
2.0781307 1.2668167 2.8432908 4280952354
2.1195872 1.1094159 2.6748533 4280952354
2.1353981 1.1100593 2.6582906 4282070318
2.3444068 1.0968511 2.8141942 4280951324
2.3852117 1.0939324 2.8061976 4280423958
2.1414924 1.1060222 2.6309233 4282202936
2.1290057 1.11105 2.6255398 4280689180
2.1420467 1.1107601 2.5905612 4281675306
2.1468279 1.1066091 2.5477614 4282070325
2.400121 1.0948021 2.7880378 4279045376
2.3941839 1.094661 2.7482059 4280423958
2.362139 1.0974127 2.6982489 4281674278
2.1479762 1.1074779 2.5335383 4282202165
2.1565621 1.1085374 2.5198834 4282070322
2.1640239 1.1128279 2.4980733 4282200618
0.43786648 1.1876713 2.5359604 4290164922
0.44197568 1.1872352 2.5201163 4289505440
0.45673883 1.1900246 2.4539881 4289901751
0.47958878 1.0852726 2.3899415 4288451974
0.48319381 1.1402187 2.3524702 4287533457
0.46442577 1.1821699 2.4242065 4288650907
0.4755626 1.1811687 2.381897 4288191131
0.4815549 1.1915183 2.3505473 4288782749
0.49694905 1.1934643 2.3046722 4288453531
0.51353431 1.1729755 2.2657006 4288453270
0.62655318 0.78729123 1.6991011 4288189587
0.62895226 0.76553428 1.6919615 4287860105
0.62659031 0.80652708 1.7006978 4288124050
0.62836856 0.79829741 1.6931566 4287728516
0.66867989 0.77727109 1.6872628 4285029715
0.66885632 0.81552941 1.6905873 4284898641
0.626077 0.82990617 1.7013191 4288124048
0.62798077 0.831276 1.694828 4287530623
0.62562174 0.87254512 1.7035882 4287926414
0.62712127 0.87320578 1.6960936 4287266934
0.66922885 0.82071394 1.6918055 4285029713
0.66915357 0.84922642 1.6938276 4285029717
2.113162 1.2729127 2.7047546 4281675306
2.1199265 1.2738776 2.6599016 4282070318
2.1271143 1.2718896 2.6255281 4281872938
2.1197031 1.2691244 2.5760794 4281873714
2.1335833 1.2679871 2.5594721 4281676338
2.1445141 1.2685492 2.5325537 4281872949
2.1664565 1.272212 2.5258937 4281215516
2.1466253 1.2721719 2.5122998 4282202165
2.152859 1.2717322 2.5114095 4282070322
0.50490326 1.1888686 2.2839205 4287992977
0.51726133 1.1738359 2.2554855 4288519064
0.51505303 1.2009655 2.2256219 4288519321
0.53019637 1.1430429 2.0789087 4288979355
0.53357899 1.1381261 2.0701487 4286081874
0.5316081 1.181964 2.0872047 4288979356
0.53161621 1.1879978 2.0877724 4289045148
0.5338943 1.1686087 2.0739305 4286147410
0.53433388 1.1874527 2.0770929 4286344278
0.62557822 0.88209575 1.7042346 4287926414
0.62717378 0.87805331 1.6965959 4287332470
0.62510979 0.91030091 1.7053404 4287926158
0.62701184 0.91609955 1.699194 4287333247
0.67346907 0.8964929 1.6966352 4284307017
0.6731953 0.90569609 1.6967413 4284307017
0.62541997 0.93958014 1.7083701 4287794828
0.6265614 0.93462026 1.6995866 4287333502
0.62922281 0.96045488 1.6968709 4286543213
0.67229432 0.95703024 1.6987016 4284438089
0.66979194 0.9822529 1.6951597 4284438089
-0.25592944 1.2833494 2.008925 4288124568
0.23870486 1.2911973 2.1543334 4288386704
0.24230841 1.2919058 2.1364899 4288056190
0.24219257 1.2936158 2.0932853 4286678929
0.53327787 1.227721 2.0969918 4288979872
0.53427762 1.2662396 2.1038477 4288914336
0.53976315 1.2043092 2.0579596 4287664536
0.53618455 1.257427 2.0895731 4286345049
0.62970185 1.0137275 1.7021462 4286411110
0.63025963 1.0385222 1.705381 4286411368
0.67193204 1.0072815 1.6915789 4282858278
0.89462972 1.2859529 2.1445639 4281673244
0.67144978 1.0208355 1.6915667 4282263319
0.89703941 1.2871839 2.1371074 4280689180
0.63052797 1.0485274 1.7067871 4286411366
0.63029516 1.0865469 1.7092136 4286477676
0.67074263 1.0387934 1.6914029 4282791978
0.77620608 1.2112782 1.9221426 4281673238
0.66848373 1.0638887 1.6884128 4283648829
0.74785179 1.1851764 1.8589568 4281475597
0.90611482 1.293476 2.1193204 4280427036
0.91565722 1.2926432 2.0908318 4281215526
0.92066836 1.2902447 2.04357 4280425494
0.88576424 1.3007112 2.0427399 4279637526
0.92146879 1.2895508 2.0340509 4280425494
0.93084502 1.2886889 2.0411644 4282203451
0.92316604 1.2900661 2.026463 4280427030
-2.3972633 -2.0087163 2.5201154 4288125570
-2.4003477 -2.0035679 2.5236564 4287138432
-2.3919737 -2.0108461 2.5227499 4289834154
-2.3984563 -2.0044572 2.5630765 4288191364
-2.3939676 -2.0063491 2.5752258 4289899949
-2.4032779 -1.9995944 2.57689 4287598980
-2.4118774 -2.0038192 2.6112185 4288520071
-2.420753 -2.0081944 2.6465335 4288585864
-2.4194119 -2.0058334 2.6542435 4288651400
-0.97503519 -1.9975934 2.7322202 4289376433
-0.94725943 -1.9992592 2.7251105 4290759895
-0.88502562 -2.0025253 2.7642541 4290494909
-0.86348408 -2.0026033 2.7763376 4292927454
0.41161981 -2.010392 2.6690845 4288715667
0.38190782 -2.020108 2.7373772 4289506217
0.40408543 -2.0155814 2.7233953 4287534751
0.34547555 -2.0044208 2.8434114 4287663234
0.38567892 -2.017242 2.7648616 4282207833
0.39316854 -2.0206785 2.7589316 4285105819
0.36784658 -1.9020572 2.7224064 4282464041
0.39763722 -1.9426587 2.7513142 4284637274
0.48364487 -1.7321242 2.3566108 4285887079
0.49303916 -1.6929995 2.3139806 4285494657
0.48250642 -1.7152618 2.3544822 4286083946
0.49236318 -1.6781082 2.313715 4285231999
0.48428687 -1.6336926 2.3465242 4286084200
0.48451039 -1.6216873 2.3498049 4286412909
0.56303495 -1.3127958 2.0147016 4285624171
0.5927701 -1.3160137 1.9037062 4284440402
0.58085054 -1.3152003 1.9482495 4285032038
0.59766626 -1.3028542 1.8894584 4285030485
0.59482461 -1.2983419 1.8971003 4285689710
0.57816446 -1.3166022 1.9564868 4287201923
0.58299869 -1.2970293 1.9411945 4285755500
0.56905532 -1.3161497 1.9973269 4285886062
0.63029492 -1.0069101 1.5649931 4290229338
0.63446331 -0.96590203 1.5200146 4284387610
0.62998414 -0.98726016 1.5583119 4286618693
0.63662934 -0.97084695 1.5403477 4288852604
0.63608402 -0.96196789 1.5157634 4290429103
0.65977561 -0.96088809 1.5158125 4286347377
0.64855856 -0.96100968 1.5250823 4291480276
0.6727249 -0.95709485 1.541823 4286807915
0.63729978 -0.96274298 1.5773776 4291546581
0.64330721 -0.96159059 1.5555291 4288651389
0.67064786 -0.95857686 1.5535415 4286807659
0.68200356 -0.78969759 1.3837495 4290295994
0.67815918 -0.79140741 1.4131252 4290295737
0.68104428 -0.78929907 1.4060836 4289439923
0.69096535 -0.7859537 1.3536983 4288979883
0.69896412 -0.78508085 1.324098 4288716199
0.6972602 -0.78478211 1.3318161 4286878625
0.73629355 -0.7809338 1.3461715 4284439121
0.68390143 -0.7831077 1.3761837 4289110954
0.68978721 -0.78546214 1.3573544 4289110955
0.6844551 -0.78481102 1.3826708 4287667370
0.74013174 -0.78613871 1.4101622 4284965709
0.74361992 -0.78597289 1.3826958 4283846983
0.74891138 -0.78254491 1.3701547 4286874511
0.74380171 -0.78474891 1.3994153 4286869831
0.74479735 -0.77976316 1.3799894 4287597199
0.7424643 -0.78019017 1.3209832 4284175951
0.75776094 -0.78267282 1.3285673 4285164109
0.75685555 -0.78336 1.341616 4287267979
0.75802171 -0.78410095 1.3383609 4286738763
0.76570028 -0.76885879 1.3136959 4288058259
0.76288784 -0.76669055 1.3191909 4288255381
0.75100648 -0.78306466 1.3578595 4284966728
0.75875926 -0.76450831 1.3371315 4287860630
0.75094008 -0.76271504 1.3603981 4288254616
2.8381875 -2.4990699 3.3855314 4287334023
1.0384352 -0.86304444 1.4277816 4287331677
2.8821292 -2.5233068 3.3540626 4287662473
2.3717806 -2.0694172 2.8470912 4287465608
1.9620985 -1.7154454 2.4928255 4287202690
2.761586 -2.4370592 3.3482466 4287399553
-2.9578648 -2.03725 2.9040298 4287533190
-2.8919513 -2.0278201 2.8955107 4287862673
-2.979594 -2.0319982 2.9340959 4288780426
-2.9572148 -2.0287542 2.9310966 4288189596
-2.8307531 -2.0192487 2.9003429 4287664775
-2.8112171 -2.0178485 2.8996086 4287598983
-2.868274 -2.0199981 2.9374151 4288255647
-2.8338699 -2.0143251 2.9318757 4288384888
-2.4517665 -2.0197616 2.733417 4288716938
-2.4569178 -2.0230069 2.7481303 4288716938
-2.4697833 -2.0216398 2.7909904 4287862155
-2.7578466 -2.0107706 2.8933921 4288257949
-2.7024477 -2.0088358 2.8939452 4288850091
-2.7731838 -2.0066059 2.9379811 4288255648
-2.7439351 -2.004761 2.9371729 4288450680
-2.704726 -2.0070055 2.9553084 4288846733
-2.6441939 -2.0144036 2.9816484 4289307544
-2.4727945 -2.0277009 2.8332868 4290426547
-2.4887602 -2.02705 2.8918962 4288980367
-2.492914 -2.0292132 2.9068103 4289046159
-2.6251397 -2.0211329 2.991673 4288186217
-2.5040815 -2.0330036 2.9617457 4290426546
-2.4771821 -2.0383067 2.9962487 4289047467
-2.452184 -2.0391238 3.0119371 4288455068
-2.3797135 -2.0305965 3.0179605 4288388756
-2.3584268 -2.0279448 3.0156164 4288849310
-2.3000443 -2.0248992 3.0148158 4289442225
-2.2438014 -2.0238008 3.016489 4290166209
-0.97172344 -1.9576385 2.7711205 4288719538
-0.98086983 -1.9512877 2.796412 4292527506
-0.92016405 -1.9543421 2.769886 4288324778
-0.91208792 -1.9549723 2.7710915 4289573546
-0.92762721 -1.9452333 2.7918167 4290950802
-0.92242247 -1.943805 2.801661 4292662724
-0.86812747 -1.99668 2.7908883 4289638563
0.33388156 -2.0135903 2.887229 4288719023
0.30901965 -2.006216 2.9821362 4289376181
0.32154298 -2.0131519 2.9319654 4290097834
0.36676425 -1.8528 2.7262349 4282859051
0.39508706 -1.9082685 2.7418141 4283128424
0.36731598 -1.8335148 2.7348247 4283253806
0.39205989 -1.8423553 2.7362809 4281742635
0.30966017 -2.0023134 2.9894133 4289439390
0.31337103 -1.970438 2.9492922 4287861390
0.307531 -1.9419184 2.9858985 4288913305
0.36852959 -1.8099222 2.749248 4283845949
0.39273584 -1.7935443 2.7520595 4282071857
0.36821854 -1.7640314 2.757884 4284569930
0.39236572 -1.7621192 2.756732 4282335031
0.49255916 -1.5184971 2.3144121 4286612619
0.49239066 -1.5054108 2.3160777 4286481549
0.48226658 -1.4463141 2.3415051 4287202425
0.48200491 -1.4328252 2.342833 4287465853
0.54829186 -1.3178 2.0802794 4287663501
0.5576455 -1.311175 2.0346048 4285624164
0.55326283 -1.295619 2.0610743 4286084466
0.65562832 -0.78453559 1.4943376 4289506226
0.64829469 -0.78851056 1.5326452 4289835706
0.65383708 -0.78354448 1.4983991 4289440690
0.66982174 -0.78774142 1.4371305 4290164408
0.66404974 -0.78766549 1.467005 4289375158
0.67010838 -0.78448719 1.4380828 4288914605
0.67146689 -0.78505099 1.4339218 4288980653
0.68043679 -0.78608716 1.4115964 4287137131
0.67266357 -0.78295428 1.4363341 4286874989
0.72950971 -0.78655738 1.4640365 4286804555
0.6625967 -0.7870568 1.4713514 4289375414
0.6674183 -0.7833299 1.4669006 4286084976
0.66078937 -0.78230423 1.4971703 4286479991
0.70947546 -0.78373581 1.5296977 4286608210
0.72107327 -0.78542072 1.4883144 4285360716
0.7253018 -0.78325844 1.4699798 4287860882
0.71692836 -0.78316885 1.5013989 4287597196
0.7219165 -0.76675147 1.485716 4288058267
0.7352764 -0.78492457 1.4372231 4287203988
0.73726887 -0.78574055 1.4285755 4286738503
0.73400497 -0.78420478 1.4412014 4287531921
0.73847878 -0.76365906 1.4161472 4288518048
0.74124515 -0.7796607 1.40716 4288650397
0.74896312 -0.76373202 1.3884755 4286675811
0.73271221 -0.7652474 1.4476004 4288453026
-2.642266 -2.0108452 2.9902754 4289900715
-2.6236491 -2.0179875 3.0008731 4289965990
-2.5822918 -2.0216472 3.0080805 4289767837
-2.5576072 -2.0092568 3.0471082 4289374366
-2.482059 -2.0368662 3.0476046 4289240458
-2.5509429 -1.9945767 3.0975766 4289177763
-2.5296531 -2.0216501 3.0936198 4289374612
-2.5576408 -1.9945107 3.1407566 4288980641
-2.4069211 -2.0266056 3.0516357 4289504664
-2.3857193 -2.0242507 3.0496426 4289569680
-2.3067038 -2.0190043 3.0606894 4289703348
-2.2781665 -2.0184588 3.0615511 4289766797
-2.5336137 -2.0029008 3.1839566 4289571990
-2.5415692 -2.002183 3.2440233 4289572248
-2.2128329 -2.0178616 3.0782409 4289568126
-2.1343346 -2.0141084 3.0914769 4290558655
-2.1421161 -2.0122273 3.1025147 4291545284
-2.1253653 -2.0145485 3.092586 4290093950
-2.0064273 -2.017437 3.0754213 4289770673
-2.1140542 -2.0124869 3.1044564 4291479491
-2.0274537 -2.0108244 3.1070547 4290818969
-1.9870273 -2.0166831 3.0754871 4290427560
-1.9285419 -2.0148563 3.0901318 4289902517
-2.0159397 -2.0086246 3.1046743 4290819228
-1.9563164 -2.0059884 3.1185689 4291282635
-1.8891368 -2.0127769 3.0895114 4290692294
-1.8364849 -2.0074224 3.0990944 4290494397
-1.9081175 -2.0050931 3.1200552 4290883720
-1.8579239 -2.0030534 3.1343513 4291080842
-1.7468877 -2.0033576 3.1126056 4290757827
0.37133923 -1.6596663 2.7467484 4284372291
0.39926463 -1.6893402 2.7650595 4286940545
0.37013322 -1.6174129 2.7480812 4284898636
0.39489585 -1.6265138 2.7501264 4285098597
0.36999798 -1.6020156 2.75073 4285095501
0.3936387 -1.5991008 2.747942 4283387721
0.36915115 -1.5539176 2.7559867 4285622361
0.39657125 -1.4973893 2.7373133 4288059281
0.48231199 -1.4019303 2.3499866 4287729027
0.49266437 -1.3295248 2.320508 4289636246
0.49268135 -1.2665534 2.3321095 4285100673
0.48673782 -1.2674601 2.364624 4288518285
0.62489885 -0.7884239 1.6300844 4289901756
0.61651117 -0.78979594 1.6798085 4287860339
0.61602807 -0.78534448 1.6590806 4289835705
0.64193243 -0.78753847 1.5603281 4289769913
0.63498402 -0.78773218 1.5972086 4287663476
0.63780731 -0.78670138 1.5771823 4289572790
0.64684629 -0.78805929 1.5377291 4289704378
0.68800646 -0.78281248 1.5564722 4285426274
0.6907236 -0.78913248 1.6087317 4285031258
0.69996595 -0.78545511 1.5789722 4287663764
0.62875652 -0.79017699 1.6196309 4290098365
0.68486154 -0.78928024 1.648216 4286347354
0.68389165 -0.78935617 1.6550963 4286413144
0.68653691 -0.79009736 1.6427363 4286544218
0.69290996 -0.78239501 1.6057388 4288255901
0.69030374 -0.77011001 1.6272966 4289045419
0.70627141 -0.78284222 1.5456983 4288059033
0.70787883 -0.78378117 1.5412091 4287730329
0.70054603 -0.78508115 1.57236 4287068244
0.70781523 -0.76403689 1.5437782 4287140771
0.71514076 -0.76748109 1.5140072 4287730332
-3.7995243 -2.0428374 3.7023487 4293257966
-2.5831809 -2.0126848 3.3881574 4289769113
-1.6837937 -2.0358794 3.883976 4293518028
0.36854061 -1.5067623 2.7627025 4286346599
0.39606988 -1.4806781 2.7377753 4287993750
0.36776066 -1.4588755 2.7683854 4287860104
0.37147197 -1.4047651 2.7506356 4286082911
0.36606488 -1.4074662 2.7683825 4290163890
0.3699654 -1.3768693 2.7466145 4286214498
0.36434069 -1.3561317 2.7681603 4290427319
0.36868945 -1.3425168 2.7456942 4286543206
0.49334511 -1.2070804 2.3173227 4288783010
0.49188378 -1.1658533 2.3185439 4289178030
0.48443511 -1.1105582 2.3536677 4289176213
0.48350903 -1.0829269 2.3546677 4290031526
0.49422303 -1.1243685 2.3081961 4289768615
0.49346021 -1.0851579 2.3120542 4289900975
0.4920207 -1.0507079 2.31218 4290164406
0.56679744 -0.80579931 1.9075484 4291808976
0.58994681 -0.79808384 1.8071251 4290493376
0.57492244 -0.79667294 1.8738841 4290427325
0.58079058 -0.79734313 1.8484097 4290427841
0.6066215 -0.79454064 1.7306209 4290361792
0.59677541 -0.79377908 1.7759038 4288255099
0.60121 -0.79336578 1.7516347 4290361535
0.61473644 -0.79122555 1.6962621 4287860852
0.62546444 -0.78094578 1.6813613 4289637037
0.61574316 -0.77874994 1.7218959 4290756541
0.63412172 -0.74270183 1.6667395 4289899167
0.59371895 -0.79403353 1.7924757 4288189049
0.60396159 -0.7743516 1.7613403 4290953922
0.63510287 -0.70829558 1.6641761 4289503888
0.63528132 -0.68277138 1.6682246 4289568909
0.6370731 -0.71381289 1.6581707 4287861649
0.63625467 -0.70001298 1.6583393 4287861650
0.63486427 -0.66423678 1.6603872 4288649360
-3.4213762 -2.0205946 4.3129783 4286672969
-3.4106007 -2.0167694 4.334291 4283257913
-3.3060262 -2.0141022 4.3076301 4282667871
-3.2875698 -2.0315287 4.3719754 4290097321
-1.6916291 -2.0368252 3.9290438 4293517771
-1.7002077 -2.0385079 3.9764099 4293783277
-1.7198325 -2.0443156 4.0787811 4294111725
0.36252877 -1.3046699 2.767344 4290558906
0.39695168 -1.2702537 2.7389321 4290033075
0.36206126 -1.2580868 2.7749424 4290822077
0.39548591 -1.2284235 2.7387981 4290098353
0.36088952 -1.2090397 2.7781119 4290953663
0.39421579 -1.1873163 2.739758 4290757055
0.36023355 -1.1617284 2.7845411 4291216836
0.39142394 -1.1046615 2.7401628 4289506475
0.48285791 -1.06233 2.3555861 4290360749
0.48291501 -1.024189 2.3628616 4290953144
0.48289046 -0.93992525 2.3492498 4290426025
0.48320755 -0.90244001 2.3574929 4291347644
0.49194452 -1.0380492 2.3141475 4290428093
0.48969045 -0.99573725 2.3122387 4291151561
0.49996677 -0.90864903 2.215121 4290096803
0.54062742 -0.80414581 2.0242209 4291414479
0.48793492 -0.92345387 2.3178697 4288126116
0.49995956 -0.90268749 2.2161369 4290294181
0.49133435 -0.87989861 2.3128519 4291348939
0.49815419 -0.85769385 2.2169137 4291347903
0.54054213 -0.7986353 2.0248387 4288648567
0.52145523 -0.79059952 2.1358671 4291810521
0.53823084 -0.7606163 2.0416119 4290094472
0.55431187 -0.80524397 1.9643532 4291874768
0.55659926 -0.8003974 1.9558542 4290822342
0.55408025 -0.79968733 1.9645239 4290822599
0.55645925 -0.79501015 1.9562814 4287990640
0.56971639 -0.797261 1.9024457 4288516985
0.5470314 -0.78269804 1.9955558 4290624705
0.54224163 -0.76041305 2.0187073 4290757834
0.63643372 -0.64969325 1.6755137 4290821048
0.63787192 -0.61673641 1.6834192 4291084992
0.63824898 -0.61281317 1.6848165 4291084992
0.63885683 -0.58743781 1.6897959 4291216579
0.63430399 -0.64652973 1.6616825 4289963667
0.63476694 -0.62996495 1.6650684 4289766288
0.63511401 -0.59181881 1.6712816 4290161565
0.63567793 -0.57953614 1.6742779 4290623666
-3.442663 -2.0231237 4.3735847 4285632419
-3.33483 -2.0224557 4.3793616 4286476625
-3.7152846 -2.0676951 5.1619534 4286943392
-3.6407299 -2.07024 5.1732564 4286349440
-3.597578 -2.0661116 5.2064672 4284573287
-3.5612638 -2.0763509 5.2740731 4283717721
-0.48282117 -2.0387597 4.9527311 4290692297
-0.43740949 -2.0383949 4.9550471 4286679947
-0.37745669 -2.0417216 4.9664192 4287207071
-0.48614788 -2.0379808 4.9855218 4287598729
-0.44491234 -2.0273488 5.0355892 4287858309
-0.38485476 -2.0358999 5.0588388 4289108601
-0.441093 -2.0197577 5.1659017 4289371784
0.39126214 -1.0893098 2.7425246 4288519576
0.39461407 -1.0099388 2.7315755 4292204246
0.39285424 -0.97571057 2.7280121 4292270038
0.39170891 -0.93575829 2.7295661 4292270039
0.48321667 -0.89609188 2.3586946 4291479488
0.4825677 -0.82468802 2.3689384 4291546057
0.44215655 -0.83400619 2.5685735 4292204245
0.4821718 -0.81758076 2.3685145 4288254074
0.45316625 -0.80631298 2.5211406 4291413437
0.48427895 -0.75861776 2.359962 4292071368
0.49117056 -0.87335724 2.3133426 4291414988
0.5168252 -0.79365534 2.2059522 4290164145
0.48968217 -0.80201799 2.3199439 4287927700
0.5161894 -0.78079426 2.2057743 4290493627
0.52354968 -0.79630142 2.185595 4290558130
0.48917153 -0.79488462 2.3190885 4290559162
0.50037467 -0.74971193 2.2205257 4290951852
0.49159941 -0.719495 2.3160243 4292072918
0.49870339 -0.6995011 2.2227783 4292071108
0.63441163 -0.55694681 1.6843036 4291348166
0.63215679 -0.52885872 1.683324 4291611337
0.63672531 -0.55479723 1.6801186 4291018943
0.63297576 -0.49986479 1.6702524 4290820789
0.63288438 -0.49551615 1.6706723 4290820789
0.63473439 -0.45490101 1.6711448 4289700495
-5.0280614 -2.1042149 5.4942374 4290492593
-5.0147424 -2.1057377 5.4990478 4290558385
-5.1699729 -2.0774643 5.6488767 4293583285
-5.1748381 -2.0762179 5.6940532 4293583542
-5.1962852 -2.0819373 5.7573647 4293583543
-4.8889179 -2.0943558 5.4796715 4290756022
-4.7388091 -2.0867486 5.4715767 4290953144
-4.9382391 -2.0967698 5.5737524 4293123011
-4.7653499 -2.0875862 5.5630851 4292859580
-4.6110563 -2.0815434 5.4678812 4291018936
-4.5401731 -2.0795159 5.4679952 4291018938
-4.7440081 -2.0855484 5.5594549 4292859581
-4.604166 -2.083549 5.5647173 4292925636
-5.2059498 -2.0791276 5.8511472 4293649338
-5.239584 -2.0748682 5.9965129 4293649340
-5.2601151 -2.072026 6.041986 4290690746
-5.2587709 -2.0675285 6.2002234 4293649340
-5.2255611 -2.0616 6.3046112 4292928226
-4.3052635 -2.0961246 5.5270562 4290821557
-4.5167828 -2.0801883 5.6568489 4292273648
-3.9561951 -1.7988826 5.008626 4288522851
-4.4310699 -2.0616724 5.7117271 4294044616
-4.2485805 -2.0934308 5.7114043 4292793265
-4.5978241 -2.0651021 5.7578073 4294243573
-3.5395763 -1.6017334 4.5996609 4286610267
-5.1293597 -2.0533204 6.2878103 4293980659
-3.5570977 -1.4908558 4.5754542 4284704357
-3.6506612 -1.6308193 4.8347402 4286941065
-4.0512066 -1.8215443 5.3803716 4294042516
-3.6407568 -1.6028802 4.8440151 4286610009
-3.6930907 -1.5885556 4.933147 4286675801
-3.8219452 -2.0803821 5.3063493 4289703334
-3.711307 -2.0204463 5.2519388 4287464047
-4.255981 -2.1068254 5.8445787 4292726945
-4.0585904 -2.0954332 5.7796636 4288253819
-3.6645582 -2.0161321 5.3295369 4287589645
-3.6061275 -2.0368083 5.3422179 4285158172
-3.7796104 -2.0202503 5.4190378 4286421419
-3.8475375 -2.0639267 5.6646295 4290032298
-4.2383027 -2.097784 5.8724566 4291283115
-4.2232542 -2.0716071 6.0120258 4291480238
-4.2894125 -2.0674524 6.1049728 4294177781
-3.7100594 -1.8222859 5.4089866 4290221090
-3.9365401 -2.0597355 5.7936726 4290358679
-3.6640513 -1.6986096 5.3045077 4283256652
-4.377748 -2.0810318 6.4302258 4294177780
-2.2089007 -2.0810363 6.2495441 4294045931
-2.0605931 -2.0841238 6.1595116 4292990902
-2.2457473 -2.0780427 6.3520651 4293254072
-1.8843464 -2.0762789 6.1515441 4293123013
-1.8468567 -2.0764151 6.1548057 4293188808
-1.7330528 -2.0800385 6.2281585 4293452237
-1.5964279 -2.0755272 6.2262311 4293254340
-1.5181229 -2.0724082 6.2236485 4293123014
-1.383193 -2.0697994 6.2268643 4293189064
-1.3449603 -2.0734913 6.4098887 4294309366
-1.3018863 -2.0739422 6.3002634 4292990902
-1.3188965 -2.0754247 6.4762068 4294046452
0.38999185 -0.88710386 2.7294321 4292270295
0.3881363 -0.83831674 2.728457 4290493884
0.38657412 -0.76808804 2.7340236 4286545531
0.38628721 -0.74517411 2.7372403 4286808703
0.39488378 -0.84332216 2.7212696 4292861658
0.44523886 -0.80492926 2.5531416 4291874248
0.39334583 -0.79556525 2.7221422 4290361785
0.44904402 -0.80527264 2.5361633 4291676868
0.48353925 -0.73193902 2.3616371 4292269262
0.48155352 -0.69060588 2.3606234 4292598229
0.39334413 -0.78815609 2.7237382 4291151300
0.39301607 -0.73552555 2.7331295 4292401625
0.48220977 -0.60218507 2.3795352 4292861657
0.49142322 -0.71298736 2.3164601 4292072662
0.51208365 -0.63856059 2.2147946 4290691781
0.48943648 -0.67257947 2.3154736 4292533213
0.51195711 -0.63246429 2.2153673 4290296507
0.48332116 -0.61361873 2.3543553 4291873731
0.49953267 -0.57898593 2.223428 4291478712
0.48328766 -0.57550859 2.3611088 4292466642
0.51428324 -0.54465944 2.2165501 4292270296
0.63201624 -0.42289367 1.6697911 4290755509
0.63181967 -0.41423878 1.6705954 4290887355
0.63263422 -0.36486301 1.6701559 4290162078
0.63289422 -0.356563 1.6718963 4290359716
-7.334125 -2.1230574 7.0722919 4287068767
-7.3986406 -2.1331189 7.177917 4286873975
-7.6377182 -2.1387508 7.3369823 4285425238
-7.679749 -2.1367772 7.4942904 4284502843
-7.5127392 -1.8721417 7.2407618 4284503111
-7.5374293 -1.8902109 7.3082581 4282793010
-7.6875043 -2.1350269 7.574101 4284633917
-7.6322522 -2.1350474 7.6677518 4286413171
-7.7197628 -2.129359 7.7298684 4283515435
-7.7102618 -2.1333826 7.7453513 4284897861
-7.7041283 -2.122978 7.8947668 4285029191
-7.7178125 -2.1133509 8.1534691 4285950549
-7.6801224 -2.123826 8.1974792 4287136891
-5.2229605 -2.0565267 6.3508391 4291413954
-5.1704125 -2.0506694 6.3375592 4291940556
-4.3623071 -1.7679754 5.5571666 4291155167
-3.6284127 -1.3696578 4.6923666 4286356402
-3.5895879 -1.4895242 4.7866082 4280427042
-3.9875298 -1.68211 5.3305678 4293319292
-3.4109623 -1.238374 4.5197268 4281480504
-3.8061366 -1.4829569 5.1954823 4287788572
-3.505898 -1.1893407 4.5894017 4285697441
-3.6286595 -1.2058231 4.7429957 4284315018
-3.4088542 -1.1443477 4.4882941 4282400315
-3.6528435 -1.3198099 4.9836283 4279045398
-3.6838028 -1.1566586 4.8356643 4285894818
-3.725147 -1.2753286 5.1039481 4280689174
-4.829772 -2.0865953 6.5358186 4291216571
-4.1316328 -1.7833549 5.9055209 4287802814
-3.6327798 -1.4008555 4.9926744 4281677366
-3.6442876 -1.4478334 5.202354 4285305261
-3.6889091 -1.684536 5.4137297 4293449823
-4.4510531 -2.0766723 6.5365782 4293059298
-3.6515443 -1.4712582 5.2803192 4284171023
-3.67821 -1.3719847 5.1644855 4285490002
-3.6484966 -1.4269171 5.1869888 4282203707
-3.8443694 -1.364429 5.2999644 4288709176
-3.6561861 -1.4568707 5.2879348 4288774678
-3.6391172 -1.2881542 5.3479114 4287853855
-4.1314654 -2.0471699 7.019908 4289045140
-5.2020836 -2.084142 8.2766781 4292926156
-4.3524084 -2.047703 7.3115172 4288847246
-5.0609612 -2.0816126 8.1787643 4291940298
-4.8407736 -2.0830796 8.2048645 4291742919
-4.1080518 -2.0460758 7.0183082 4289439381
-3.9162838 -2.0463414 7.0354996 4289110162
-3.8534341 -2.0471065 7.0433593 4289373848
-3.7393312 -2.048584 7.209682 4288320645
-4.1678863 -2.0444021 7.4809327 4289176213
-4.8442764 -2.0814338 8.2997894 4292794828
-4.7194695 -2.0819576 8.3135233 4292003229
-4.0862689 -2.0373163 7.4632897 4288912779
-3.730016 -2.0460114 7.2801032 4288451968
-4.2808385 -2.0649557 8.1878471 4289113779
-3.70771 -2.0459175 7.2817192 4290031515
-4.168077 -2.0837102 8.1702223 4289436535
-2.3331943 -2.0959873 6.8327909 4294309365
-1.3786515 -2.0907018 6.7633629 4294111988
0.38525674 -0.69841641 2.7410073 4287071874
0.38452542 -0.65223986 2.7465267 4287268999
0.37039188 -0.61010975 2.7647171 4289767062
0.36861822 -0.56189781 2.7639103 4289635993
0.39214978 -0.69663078 2.7362218 4292467418
0.39102307 -0.64983463 2.7394218 4292335831
0.38944209 -0.56496012 2.7480788 4288650908
0.3946763 -0.51612937 2.7435784 4292401624
0.49090031 -0.54122806 2.3187714 4292138455
0.51243436 -0.48926148 2.2191598 4290823110
0.48923627 -0.51432616 2.3167624 4292270041
0.50248206 -0.47405931 2.2297153 4290622887
0.51803398 -0.48865828 2.2177267 4292796124
0.51840764 -0.45942351 2.2240775 4292336089
0.50156951 -0.44928607 2.2305255 4291017904
0.48250166 -0.41460738 2.3595729 4292466383
0.50004673 -0.41205332 2.231168 4291741886
0.51762855 -0.44676653 2.2233715 4292402140
0.51538002 -0.40902326 2.2215414 4292467676
0.63440138 -0.32071826 1.6710911 4290029716
0.63444752 -0.29956478 1.6741892 4290029202
0.78333008 -0.36412111 1.8799186 4289046697
0.63277841 -0.26892534 1.6749521 4290952375
0.6362837 -0.2575528 1.6660544 4288255636
0.63336074 -0.24148753 1.6710534 4289898132
0.63559979 -0.24457133 1.6664395 4288190099
1.3950948 -0.66902369 3.0534635 4289179058
1.3830832 -0.59501702 3.0396938 4289179057
-7.5082054 -1.853659 7.2606425 4286742138
-7.5281076 -1.8703305 7.3239942 4284568648
-7.5937901 -1.8813572 7.552299 4284766027
-7.5963144 -1.8817726 7.6531315 4284831818
-7.6225204 -1.8819797 7.858119 4284368951
-7.7387094 -2.1075201 8.232173 4284369965
-7.5860081 -1.8659118 7.9011879 4285884248
-7.6309309 -1.8704095 8.1382637 4284962110
-7.8001423 -2.1152043 8.4713869 4284238380
-7.8113008 -2.1206272 8.604001 4285753686
-7.6567206 -1.8630887 8.3378963 4286147421
-7.7712364 -1.8918645 8.5789528 4284764217
-7.6331182 -1.8044109 8.3173313 4287333754
-7.7561374 -1.8739356 8.6252975 4285894570
-7.8168616 -2.1170292 8.7034636 4285688150
-7.8085699 -2.1321568 8.8851643 4285689189
-7.9125853 -2.1258478 8.9698 4283778350
-7.8964791 -2.1289234 8.9844294 4285227347
-7.606638 -2.1199574 8.8540926 4286873462
-7.9537702 -2.1338091 9.2528343 4284898639
-8.0052509 -2.1363797 9.5268183 4284438603
-7.8212976 -1.8896184 8.821907 4285358164
-7.896172 -1.899714 9.1367149 4284569420
-7.7061243 -1.7602904 8.897583 4287335048
-7.8737803 -1.8858278 9.2151413 4284174921
-8.0776615 -2.119652 9.7256279 4281870876
-7.7053137 -1.668241 9.1755199 4284181891
-7.8576679 -1.8578513 9.3750658 4283259502
-6.2513824 -2.0094666 7.9891648 4289770418
-7.9394903 -2.1361306 9.6723099 4284899930
-3.4016497 -1.0224445 4.5065894 4284641402
-3.7516627 -1.2217351 5.1432681 4280952348
-3.601496 -1.0308738 4.7601714 4283985536
-3.6346326 -1.0218868 4.9825096 4279045376
-7.9938369 -2.1206648 9.7391167 4284306242
-7.9511418 -1.9246447 9.7031174 4285161810
-4.0156007 -1.0694338 5.3053021 4282865504
-3.4893339 -0.93875855 4.7574868 4279045398
-3.6070063 -0.81319076 4.8615975 4282207066
-3.7854974 -0.88211209 5.2143073 4285947189
-3.9708743 -1.2436355 5.4786229 4288052810
-3.9745274 -1.210983 5.4860201 4287985970
-3.7301338 -1.1065639 5.2781544 4286276129
-3.6994607 -1.2885337 5.4095807 4287079607
-5.8472195 -2.1115527 8.7574244 4293649342
-3.7106848 -1.0169106 5.1693845 4284697372
-3.8152997 -0.96723908 5.3138866 4284567090
-6.6014271 -1.9624271 9.8855991 4288517514
-6.592536 -1.8266234 9.8356504 4287925631
-5.9267406 -2.1264362 9.046752 4293649085
-5.8367348 -2.1233926 9.0429068 4294243573
-5.9505835 -2.1274962 9.1718712 4292202161
-5.8515563 -2.1243491 9.2946739 4291019455
-5.747963 -2.1203439 9.4174843 4291085245
-5.7081203 -2.1158943 9.4021378 4291150782
-5.9647198 -1.7803704 10.000769 4289109648
-4.8316832 -2.0839808 8.4149961 4293914347
-4.7810469 -2.084168 8.4205179 4293650657
-5.5366483 -2.1155787 9.4181194 4291282625
-5.3948269 -2.1277528 9.4855022 4291414211
-4.1870818 -1.9912691 8.1131897 4288321161
-5.2634039 -2.1453824 9.5755939 4291348162
-4.2537556 -2.0921359 10.792368 4287202424
-4.2518744 -2.0573008 10.789553 4287662719
-3.0857012 -2.150476 10.097358 4291479748
-3.0143831 -2.1904588 10.283912 4291940556
-3.5436063 -2.1064928 10.607539 4287465599
-3.074621 -2.1950102 10.599488 4291150781
-2.9180849 -2.1813571 10.400833 4291808712
-2.9273078 -2.1809855 10.550241 4291545540
-0.071143612 -2.2603438 11.056482 4293454312
0.1300578 -2.205339 10.827279 4294177780
0.098766044 -2.2215304 11.055552 4290032044
0.4112941 -2.1163754 9.6294537 4290492072
0.22824527 -2.1864302 10.75151 4294178036
0.36308086 -2.1979499 10.817939 4294112244
0.55739176 -2.1068649 9.6041126 4290491815
0.67564267 -2.105758 9.6111431 4290426022
0.65895629 -2.1200104 9.79737 4292728515
0.74647069 -2.1440494 10.612729 4294309622
0.30043477 -2.198009 10.96819 4290098092
0.43844292 -2.2098317 11.03727 4291019454
0.69964945 -2.1719694 10.889976 4293454312
0.75955963 -2.1506748 10.797987 4292730331
0.88204563 -1.9599683 11.604935 4288518287
0.36699486 -0.51412445 2.763988 4289768097
0.36571625 -0.45948258 2.7678566 4290031529
1.0099046 -2.0970821 11.399842 4288979865
1.0837289 -1.9683738 11.480363 4287926667
0.37053728 -0.38006589 2.7667112 4288715929
0.37035665 -0.37230477 2.7672715 4289044894
0.39401233 -0.47777012 2.747797 4292467161
0.39369383 -0.46235284 2.7491794 4292401624
0.39272577 -0.41609928 2.753252 4292467161
0.39149919 -0.36205801 2.7574325 4291348937
0.42647654 -0.33535692 2.623826 4291742659
0.45382905 -0.33451357 2.5135889 4291742916
0.47129217 -0.33254892 2.4389148 4291677123
0.43836418 -0.33284059 2.5748763 4291084471
0.46005076 -0.31415305 2.482594 4290623669
0.48908791 -0.36458251 2.3171248 4292401627
0.49992242 -0.35233173 2.2410078 4292531921
0.48889044 -0.34578562 2.3196559 4291414731
0.5012812 -0.31856534 2.2292092 4290491558
0.51189709 -0.34679389 2.2193472 4291612367
0.51874685 -0.30133897 2.2087188 4291151044
0.48322085 -0.33259496 2.3773417 4292137677
0.50137126 -0.28893232 2.2346401 4291347644
0.48471627 -0.25853449 2.3700414 4292202696
0.50047117 -0.25259763 2.2375031 4291676351
0.51405144 -0.29650483 2.2140045 4290822595
0.51236725 -0.24824625 2.2160692 4292401883
0.63440722 -0.21243313 1.6773962 4290096543
0.63373899 -0.20581761 1.6679723 4288386961
0.63522547 -0.19586584 1.6814851 4290821303
0.63516611 -0.18120036 1.674473 4290029715
1.3462207 -0.49889955 2.9628663 4289113522
1.3429632 -0.48112497 2.9588475 4289113265
0.63220143 -0.16069064 1.6800163 4291150529
0.63464189 -0.164112 1.6757767 4289897616
0.63177162 -0.1436002 1.6815187 4291150014
0.63406533 -0.13435537 1.6787592 4290029979
0.9062143 -0.25577313 2.1203179 4289244592
1.3894904 -0.37097755 3.0501256 4289113263
1.4100229 -0.3748478 3.0735149 4290426800
-7.6330776 -1.4798064 9.1057386 4284182148
-7.8779268 -1.6848521 9.4127321 4282332465
-7.6512947 -1.3975768 9.1336899 4284181890
-7.9491191 -1.5215435 9.5096626 4282135343
-7.7021585 -1.1437566 9.1789017 4284116612
-7.87008 -1.3277125 9.4319506 4281870886
-7.685339 -0.96917325 9.1731739 4283656319
-7.8188114 -1.0027374 9.4693155 4285422131
-7.925983 -1.7348521 9.6877842 4285886050
-7.8657579 -1.5390303 9.6306152 4286478190
-6.6495075 -1.5390452 8.7414503 4285031775
-3.750103 -0.84120232 5.1704712 4284302621
-6.2813091 -1.2724719 8.4972458 4287926423
-7.791409 -1.2236686 9.5658674 4286347121
-7.5886211 -1.0040774 9.5233269 4283847241
-7.3544579 -0.98910135 9.4224672 4283517505
-7.0897226 -1.2410159 9.5727625 4288056961
-7.1812277 -1.0205436 9.4695606 4289438612
-7.1069674 -0.99609154 9.5334558 4285293657
-3.7842743 -0.8537212 5.2366772 4287265885
-3.9473848 -0.79513681 5.4586353 4285952113
-6.5061917 -1.6486824 9.7215719 4288254080
-6.4773207 -1.4588201 9.6931 4288714375
-7.015111 -0.99433964 9.5332031 4282726961
-6.7820673 -0.98718828 9.5067558 4285425500
-6.4519324 -1.1810265 9.6762838 4288583563
-6.5528998 -0.98946923 9.5695562 4282661682
-6.527523 -0.99436206 9.6207581 4282398509
-5.9454513 -1.7429835 9.9715033 4289175699
-5.946094 -1.4853265 9.9383221 4288649099
-6.3226371 -0.99684793 9.6811628 4282727987
-6.0608411 -0.99447292 9.70541 4286675308
-5.8787251 -1.2591577 9.8952398 4290031525
-6.0612693 -1.0047443 9.8032751 4285885536
-5.8118691 -1.0054035 9.8542356 4285951842
-5.7537279 -1.0050808 9.8615723 4287136116
-5.6123815 -1.0724814 9.9371033 4288321685
-4.982264 -1.6151644 10.281765 4288387992
-5.1103783 -1.4246018 10.289498 4288127917
-5.045001 -1.4552855 10.287077 4288193966
-4.7789354 -1.6631721 10.4017 4288517772
-4.7404928 -1.4334943 10.403858 4289374114
-4.7570801 -1.4490904 10.510651 4289966251
-5.1403069 -1.3924196 10.286346 4288128174
-5.1408629 -1.0657418 10.244874 4288390829
-4.6832647 -1.3828148 10.283128 4283651677
-4.5676446 -1.2157606 10.252833 4287463012
-4.555903 -1.1806188 10.229009 4286409015
-4.418601 -1.6816698 10.559312 4288585373
-4.4117737 -1.5473018 10.550947 4288519836
-4.1720405 -1.651686 10.611284 4288254857
-4.1656313 -1.5828836 10.598961 4288386443
-4.3667078 -1.3352286 10.456813 4288322199
-4.3602905 -1.2034159 10.449266 4288124563
-4.1664786 -1.2533236 10.619154 4288583821
-4.1678386 -1.2208225 10.624352 4288583821
-4.3143501 -2.0068002 15.499762 4290099128
-4.2514086 -1.7369897 15.284926 4290757314
-1.7802112 -2.1395655 12.699565 4292203986
-2.1412475 -2.210279 14.602709 4293717487
0.27656612 -1.7512209 11.797319 4288386703
0.49010459 -1.7342627 11.720115 4288913562
0.27345967 -1.6367835 11.76734 4288452753
0.48799995 -1.6265209 11.728857 4288781976
0.86863124 -1.7278576 11.508926 4289505440
0.87423837 -1.6712236 11.602483 4289439647
0.26818562 -1.3823209 11.770793 4288715924
0.48273322 -1.30641 11.778378 4288716183
0.26536304 -1.2709198 11.750255 4288847254
0.48024651 -1.2317064 11.759912 4288716183
0.89205813 -1.333905 11.493285 4288518544
0.89075309 -1.2300491 11.511877 4288649873
1.0856375 -1.6764495 11.22532 4289308577
1.0864875 -1.544704 11.272664 4289374370
0.37622279 -0.28701219 2.774354 4287203462
0.37597129 -0.25645584 2.7794676 4287532426
1.0882992 -1.3462512 11.349422 4289242784
1.0752833 -1.1960784 11.259985 4289176992
0.37545717 -0.22563711 2.7829881 4287532169
0.37428197 -0.16387406 2.7891321 4287729290
0.39660972 -0.28406504 2.7587876 4292270039
0.39650482 -0.2764391 2.7597861 4292335575
0.395318 -0.23021653 2.7625642 4292203989
0.39464846 -0.18441579 2.7683253 4292138196
0.48386654 -0.21980643 2.373457 4292532178
0.50003701 -0.22253671 2.2410383 4292005834
0.49118522 -0.19349065 2.3305626 4292138455
0.50081182 -0.16007879 2.232305 4290426023
0.50948429 -0.19357416 2.2148676 4291019973
0.50927162 -0.17582116 2.2171049 4289967284
0.48913196 -0.16746965 2.3269634 4292335835
0.50079626 -0.15414295 2.2332625 4290623145
0.48298773 -0.10171255 2.3646779 4291610298
0.5013299 -0.1187463 2.2412999 4291083958
0.51333117 -0.15128312 2.2145932 4292204504
0.51229548 -0.10383443 2.2188814 4292007381
0.63019061 -0.12611333 1.6806231 4291281600
0.63240409 -0.11690711 1.677705 4290689461
0.62963742 -0.10056966 1.6830587 4291348422
0.63230914 -0.098639481 1.6712563 4289701263
1.3690687 -0.34751558 3.0129495 4289047470
1.4112737 -0.3582435 3.0782762 4290361265
0.71044296 -0.10388311 1.7428032 4288717732
1.4023278 -0.27068272 3.0727935 4290163629
0.62905991 -0.075025253 1.6854424 4291479495
0.63134921 -0.06063766 1.6745946 4290030235
0.63123506 -0.048024304 1.6761332 4290557618
1.4093094 -0.25546882 3.0886407 4288850605
1.3709247 -0.1960578 3.0213218 4288718763
-7.6975436 -0.88487899 9.1941824 4283261561
-7.8581133 -0.82697535 9.4937315 4284105238
-7.6635432 -0.64993757 9.1388922 4282867575
-7.8640418 -0.79807681 9.5030489 4284434198
-7.6760039 -0.45215967 9.1692257 4282407025
-7.8378754 -0.61811703 9.4864149 4285419804
-7.6588173 -0.36586896 9.1561003 4282209902
-7.7759204 -0.28989086 9.4036856 4283118870
-7.2998233 -0.93762666 9.5111361 4287197501
-7.1677775 -0.96748465 9.5353184 4282730826
-7.195344 -0.6386342 9.5174427 4284710023
-7.1779537 -0.6690318 9.53197 4283192922
-7.206851 -0.46251109 9.545989 4284643714
-7.1833062 -0.58084238 9.5457554 4281940538
-7.1896629 -0.28442362 9.5375652 4284117369
-7.2000299 -0.31576315 9.5880136 4280821798
-6.8502445 -0.81186056 9.5302277 4283973660
-6.7359099 -0.95879215 9.5291395 4285223463
-6.9729471 -0.78794515 9.574358 4283258208
-6.7731981 -0.6343478 9.5632458 4283913031
-6.6246262 -0.96697396 9.6300068 4284376168
-6.4455738 -0.8109014 9.6043243 4281870114
-6.6460452 -0.78669947 9.6303596 4286155151
-6.3869548 -0.69433796 9.6618347 4283783519
-6.879539 -0.60786808 9.5857105 4282991146
-6.7588825 -0.45756432 9.5990114 4287129902
-6.9747267 -0.28327224 9.6154108 4281476636
-6.7633739 -0.42826536 9.6074629 4287064366
-6.6198187 -0.60471892 9.6068144 4285299071
-6.376555 -0.60347003 9.6531591 4282071093
-6.6041374 -0.4251878 9.598053 4284507750
-6.4961557 -0.27860507 9.7178087 4282858278
-6.2079015 -0.96120113 9.6497526 4283382823
-6.1744866 -0.90027279 9.6500187 4288316253
-6.2050915 -0.66147536 9.6674166 4282793272
-6.1039348 -0.78599709 9.7396879 4285494644
-6.0985479 -0.97597104 9.8150387 4282858798
-5.7947369 -0.97689277 9.8798733 4282398762
-6.0712442 -0.76673722 9.8860235 4285946666
-5.8317757 -0.79456341 9.9022741 4286279522
-6.1930242 -0.60031164 9.653491 4284304432
-6.1703229 -0.54097348 9.6698999 4287393066
-6.1831937 -0.42060187 9.6516581 4285356078
-6.1619315 -0.4208881 9.6658144 4287594596
-5.7244782 -0.82135475 9.8778496 4287523362
-5.5197229 -0.88608527 9.9530268 4285357376
-5.729115 -0.66920727 9.8963642 4287918118
-5.5069437 -0.79158479 9.9368992 4285159995
-5.4672966 -0.92454094 10.380284 4289109906
-5.4343138 -0.75861281 10.329847 4289044114
-5.7317953 -0.60842472 9.9051628 4287984946
-5.5210261 -0.54768854 9.9785709 4285161035
-5.7089438 -0.42300847 9.8794861 4287984949
-5.5626736 -0.33392295 10.011271 4285553981
-5.4655747 -0.47203049 10.346647 4287596928
-5.420414 -0.47013995 10.323208 4288846737
-5.4703093 -0.28137931 10.368217 4287399289
-5.4239631 -0.40694174 10.334056 4288846993
-5.0447001 -0.96258336 10.189015 4288521644
-5.0071564 -0.90375179 10.246388 4289572268
-4.9929466 -0.81147718 10.288805 4288585631
-4.6260629 -0.98597187 10.183676 4286870602
-4.6473479 -0.99810559 10.299059 4289637027
-4.7293963 -0.77967626 10.34965 4289110423
-4.5141973 -0.64520758 10.311888 4284771422
-5.0065498 -0.52751935 10.334484 4288256665
-5.0032043 -0.40005741 10.335864 4287598735
-4.5177546 -0.55056041 10.325525 4284968810
-4.4921136 -0.71536303 10.404275 4286087517
-4.2636023 -0.67380005 10.327795 4283526690
-4.1469302 -0.88684374 10.590149 4288846994
-4.1439238 -0.69035769 10.593369 4288452237
-4.2733655 -0.47688362 10.210829 4286811799
-4.2216702 -0.47747847 10.239333 4284637796
-4.2163577 -0.28622356 10.16245 4286090782
-4.17981 -0.31629732 10.149028 4287662997
-4.1496949 -0.59358448 10.613169 4288386701
-4.1528745 -0.43104252 10.630063 4288255115
-3.499676 -0.50646245 11.740431 4291873986
-3.3953965 -0.31358859 11.403723 4291676349
-4.7746258 -1.136434 17.562923 4292664280
-5.0661588 -1.0271622 18.41927 4290029192
-4.926271 -0.78304631 18.127745 4292664279
-6.1487465 -1.4674072 28.838928 4287796109
-6.0741067 -1.2168922 27.296999 4289768873
-5.8720007 -1.5081245 29.720682 4285494123
-5.9126878 -1.5695494 30.90065 4287270022
-5.6002445 -0.91965777 28.809826 4287007094
-5.74195 -1.3566946 30.510187 4288583818
-3.9810174 -1.2799762 27.571251 4289637799
-3.9456153 -0.92847782 27.317783 4287334787
-1.3293484 -0.98404044 16.187454 4286873981
-1.2319297 -0.94181925 15.583717 4291150782
-3.3377626 -1.1596942 25.306637 4289110681
-2.5601885 -0.98732895 22.011419 4291611848
-3.4358439 -0.87414628 26.03537 4289374110
-2.6825969 -0.75456303 23.045055 4291743176
-1.3327953 -0.88612437 16.217031 4286611066
-1.2506307 -0.81081748 15.801811 4291216831
-1.3331109 -0.6355437 16.189632 4288979869
-1.2766004 -0.63077122 16.104927 4290624694
0.49995914 -0.65098017 11.700469 4290032045
0.8919822 -1.0266117 11.596212 4288978838
0.49967149 -0.61608881 11.712109 4290032301
1.0691272 -0.98886317 11.257611 4289308577
1.0659567 -0.68400639 11.314481 4288782233
0.3736082 -0.13294432 2.7916737 4287860877
0.37069768 -0.070446663 2.7870703 4288255116
1.0734568 -0.58743817 11.4197 4288782233
0.36867437 -0.023976497 2.7845335 4288452496
0.36827067 -0.0010024831 2.7870288 4288518290
0.39300719 -0.10014302 2.7764955 4290559420
0.39308447 -0.077389888 2.7817936 4288716699
0.3972626 -0.022859655 2.7729735 4291414729
0.39568433 0.023006029 2.7734265 4291217350
0.48289117 -0.063663937 2.3710556 4292203469
0.4893733 -0.059349991 2.3222351 4292006868
0.4832671 -0.057437308 2.3736992 4292269005
0.48931238 -0.028333448 2.3274302 4291809490
0.51078027 -0.050385736 2.2224603 4290559422
0.50976676 -0.026580863 2.2228379 4289046181
0.48224357 -0.019028798 2.3763547 4292269262
0.49005559 -0.0098652542 2.3335929 4291743954
0.46459559 0.053648047 2.2923675 4292444246
0.47550586 0.055343665 2.2411118 4290613386
0.51263136 0.015258782 2.2191486 4290624701
0.50683057 0.03448987 2.1813912 4291255372
0.51477486 0.052903987 2.1529155 4288768367
0.63146812 -0.001098983 1.6745127 4289568905
0.63126105 0.003115505 1.674673 4289568906
0.80418557 -0.039786898 1.9275639 4288519838
0.63416952 0.049348898 1.6785998 4289634443
0.63399041 0.053547777 1.6788176 4289568649
-7.6671786 -0.19553545 9.1454487 4283588204
-7.7368569 -0.11432018 9.3716364 4284302614
-7.6403913 -0.025690757 9.1279535 4281880424
-7.6850953 -0.084128045 9.3130322 4284170774
-7.661272 0.086710669 9.1611862 4281879909
-7.7127509 0.088058628 9.359354 4280425494
-7.7010932 0.34011945 9.1938219 4282798432
-7.4706144 -0.11356404 9.6755934 4282071099
-7.4495234 0.0055474415 9.3221645 4282398761
-6.951139 -0.014799975 8.8509569 4284438860
-7.2244391 -0.25673124 9.5847034 4284114021
-7.2261281 -0.25786528 9.6264067 4280425494
-7.339931 -0.082287036 9.7476473 4283913559
-7.1981406 -0.079607509 9.6837072 4280952362
-6.4168391 0.21923861 8.1770458 4283383850
-5.7782388 0.11829583 7.4116039 4283843118
-6.2284622 0.24007699 7.946774 4283515434
-5.5579576 0.24790791 7.1495066 4283848278
-6.9617195 -0.16487423 9.6481323 4282534742
-6.7612767 -0.10164281 9.5872231 4282463010
-6.8505282 -0.073187374 9.5457716 4281544496
-6.7697682 -0.072058402 9.5594282 4282926662
-6.6529951 -0.21931431 9.6395826 4285497219
-6.5033035 -0.21911988 9.7326746 4283974946
-6.6952734 -0.072808705 9.7979021 4283189831
-6.5864153 -0.070958517 9.7749224 4280887332
-6.202147 -0.15387955 9.700099 4286475292
-6.1661711 -0.15317479 9.6918802 4287924336
-5.6457882 -0.23961684 9.8906889 4283979866
-5.5988603 -0.24392256 10.081149 4285093947
-4.0460072 -0.013885878 7.4867949 4284702039
-3.9607732 -0.036343835 7.5852103 4285429133
-4.096087 -0.067569397 8.0186949 4286407203
-3.943644 -0.012516819 7.5119185 4284833877
-3.8062432 -0.010798119 7.5606341 4285096274
-3.8904498 0.37150571 7.4821553 4283383086
-3.8073776 0.37338868 7.4993911 4283250730
-4.4708338 -0.059188806 8.9427929 4288781979
-4.5146499 -0.063916765 9.3101454 4287139220
-3.7759995 -0.010589741 7.5927825 4285162324
-3.729862 -0.011017345 7.7357974 4284899411
-4.5456886 -0.07272967 10.065742 4288848030
-4.5957322 -0.07622721 10.312828 4289637547
-3.5690205 -0.010300659 7.9561214 4285293141
-3.5524652 -0.010185264 7.9735513 4285227860
-3.6550267 0.37829188 7.5636363 4282396194
-3.6370852 0.37900725 7.5743079 4282198562
-3.4549463 0.365343 7.7323017 4283383090
-3.3609767 0.37113461 7.8415246 4283251502
-3.8184526 -0.08044263 9.2352304 4286612886
-3.6700947 -0.10130634 8.9492464 4283452753
-3.4512255 -0.0094695911 8.078867 4285227860
-3.2990999 -0.0075598583 8.1319475 4284110157
-3.3429801 -0.039691173 8.7530718 4285952366
-3.2367704 -0.037324391 8.6870852 4285886572
-3.2128253 -0.0085431561 8.4225492 4284175438
-3.2038319 -0.011521421 8.8153811 4284633666
-3.3376601 0.3715187 7.8431654 4283119658
-3.1927562 0.36127868 8.1370506 4283777077
-3.1754723 0.36224487 8.1561117 4283514933
-3.2345793 0.44755879 8.9955492 4284700747
-3.5537548 -0.064774714 10.732363 4285952360
-3.4209321 0.067314006 10.345147 4283979085
-3.3764422 -0.20727906 11.345374 4291544760
-4.1152396 0.14911249 14.237207 4286150771
-3.4278443 0.16159371 10.369992 4284110415
-3.5609539 0.49404147 10.878738 4284833105
-4.1853771 0.19247177 14.326632 4285165175
-4.0584526 0.66825432 14.21292 4284375385
-4.8810606 -0.16751549 18.190226 4288715145
-4.7959967 -0.16737923 18.296885 4286741615
-4.9142232 -0.11307582 18.314344 4287926662
-5.3852086 -0.077042781 21.020216 4287464045
-6.0444331 -0.70478278 27.173708 4290952630
-5.3201056 0.1863859 21.555136 4286873718
-5.1162162 0.24413851 20.481905 4288125334
-3.1655238 0.52486712 11.494394 4280624675
-2.9831488 0.55514365 11.341191 4286416772
-5.2793093 0.60852748 22.52717 4287268993
-6.0922771 0.45931628 26.666571 4290689969
-4.8628569 0.69543988 20.767023 4287069546
-5.3208098 0.84242922 23.320606 4290690485
-5.7698298 -0.74248284 28.759256 4289178512
-4.0045133 -0.67114562 27.135048 4292467157
-3.8567154 0.24651363 26.673403 4286742650
-3.2547359 0.63675171 22.514109 4286282612
-2.5629754 0.84509927 17.740961 4287598441
-3.2089756 -0.59899276 24.896099 4290756021
-2.6828473 -0.54117233 23.034815 4291743176
-2.6976056 0.16615751 23.120026 4290295728
-1.355703 -0.34455106 16.427202 4289176476
-1.3013291 -0.29213545 16.371233 4291084988
-1.602066 -0.046646439 16.337318 4288782747
-1.3150316 0.20732477 16.477165 4289703076
-2.6561065 0.59472424 20.573551 4288387211
-2.6632907 0.44413331 22.810352 4290032555
-2.6451991 0.92397815 20.973518 4288782489
-2.6021576 0.70747143 22.272114 4288848025
-1.3536245 0.35407558 16.314955 4287531908
-1.3029972 0.45315769 16.292742 4289637026
-1.348135 0.74412638 16.199816 4286939513
-1.2840185 0.73738152 16.015713 4289308318
0.40601978 0.47929552 11.769392 4288782752
0.36730441 0.044978119 2.791029 4288715669
0.36608639 0.090942435 2.7934432 4288781978
0.36387727 0.13674244 2.7895908 4288913565
0.36228672 0.18234983 2.7895846 4289966511
0.39531896 0.045822226 2.7761021 4291085507
0.39332539 0.091513254 2.7740946 4290888384
0.3916007 0.14456579 2.7752066 4288651418
0.39467627 0.18939868 2.7588172 4290757059
0.47109398 0.18131238 2.4743338 4289174672
0.46357962 0.072006129 2.2915192 4291852610
0.47556415 0.061273582 2.2423649 4287123009
0.4646475 0.12084065 2.3044722 4291656781
0.48179862 0.10309281 2.2284875 4286217580
0.49268457 0.063291796 2.1766477 4288555301
0.51416624 0.06427034 2.1527219 4287639606
0.49193111 0.097738512 2.1797552 4288617757
0.51372135 0.098254271 2.1568244 4287441712
0.46450809 0.1392169 2.3071628 4291983178
0.48109415 0.15562668 2.2130799 4291836991
0.48676762 0.18479446 2.3795829 4290163885
0.50430012 0.18848094 2.3048863 4289308844
0.49264303 0.16107902 2.1930032 4289602070
0.51547164 0.15517783 2.1721954 4287311664
0.50805789 0.18058187 2.2516656 4285487184
0.51714289 0.16678315 2.1798058 4287111972
0.53281111 0.12077893 2.0620022 4291414214
0.63137394 0.087124325 1.6780974 4289964184
0.63229805 0.10806201 1.6744148 4289503113
0.63167048 0.12885234 1.676035 4289305477
0.63029414 0.15373453 1.6766825 4289503890
0.63546306 0.17433107 1.6733661 4287465604
-7.488945 0.89806587 7.7534108 4286675314
-7.5109429 0.90329689 7.8000031 4287465865
-7.5696964 0.94288611 8.1426697 4286740848
-7.5750408 0.95299691 8.2292938 4283645990
-7.5710993 0.93081582 8.4740477 4285358936
-7.5743322 0.93440974 8.5066423 4283251491
-7.7103519 0.4814727 9.2158537 4281485149
-7.7344398 0.68060768 9.2596617 4281221723
-7.6487532 0.87167031 8.9158506 4285031784
-7.7044206 0.83783317 9.1375151 4281410842
-7.6385021 0.92146522 8.8769579 4284240459
-7.6767035 0.91161376 9.0465279 4282996072
-7.7444324 0.81975013 9.2485962 4281483866
-7.8619728 1.0022259 9.3986254 4281874488
-7.7464838 1.1191491 9.6604939 4282071090
-5.327126 0.42718729 6.8518639 4284109125
-5.2996988 0.43028352 6.8977857 4283780416
-5.4184833 0.59323692 7.1417484 4284631846
-5.3066392 0.43725583 7.0160422 4283381027
-5.3457284 0.45001689 7.238183 4282986271
-5.4022646 0.59869277 7.2066364 4288320907
-5.3513541 0.60342306 7.2573743 4290361008
-5.3822527 0.69671839 7.1041255 4285354274
-7.4282475 1.0899013 9.3819513 4281479726
-5.3521371 0.79947358 7.0741601 4285551394
-5.3999171 0.62016791 7.2053094 4292861647
-5.2921681 0.66799325 7.2439561 4288649097
-5.3774953 0.74171895 7.1295762 4286805341
-5.2316866 0.45319459 7.2667542 4282855199
-4.9216747 0.43042603 7.1790276 4284900187
-5.2293687 0.58447379 7.2737494 4285950303
-5.0805445 0.58731043 7.2867408 4284898639
-4.8408198 0.43580934 7.255466 4284438605
-4.7958813 0.43827197 7.2886081 4284438603
-4.8853703 0.59318316 7.331377 4289176474
-4.8575945 0.59294993 7.3240228 4289636770
-5.2131214 0.64843965 7.2570019 4288451718
-4.8783422 0.65845555 7.3261442 4289899680
-4.8515739 0.65825629 7.3201933 4290228647
-4.8023167 0.84743476 7.0739541 4286938218
-4.7109175 0.43984058 7.2967782 4284109125
-4.6000609 0.44344476 7.3349261 4283053862
-4.7094021 0.59334928 7.3058705 4290163370
-4.5904164 0.59679455 7.3313513 4290163113
-4.4355011 0.44713053 7.3621817 4282197789
-4.3506126 0.44880304 7.3722034 4282000918
-4.3686347 0.58085167 7.3739452 4284832587
-4.3440585 0.58093005 7.3709383 4284898637
-4.7000871 0.65802366 7.2967873 4290491821
-4.5701447 0.66332483 7.3398499 4290425768
-4.4318724 0.87565899 7.2801657 4288912010
-4.3996668 0.87416852 7.2644954 4288977804
-4.2425275 0.8800081 7.2997241 4288912009
-4.2244697 0.45144191 7.3898048 4281868822
-3.989011 0.43378767 7.4153252 4283123522
-4.1856489 0.5858677 7.4106903 4289044887
-4.0989981 0.56532347 7.4171362 4284172348
-3.8744187 0.43751773 7.4568553 4281480501
-3.8481219 0.43752548 7.450563 4279635200
-4.1444478 0.65357673 7.4229646 4288253560
-4.0680289 0.67546415 7.41046 4285360479
-4.0668983 0.8522737 7.4206882 4284702037
-3.6680365 0.44758227 7.5940866 4280028429
-3.5507534 0.45163539 7.6409879 4280028429
-3.4334211 0.43283793 7.6898613 4281480498
-3.4210055 0.4342331 7.7142162 4279635200
-3.2555466 0.44769284 7.9371824 4280423949
-3.2117918 0.42784658 8.0062389 4281677106
-3.1689534 0.4379324 8.2065954 4280423949
-3.2747982 0.47923073 9.1060219 4285226321
-3.2233043 1.0992357 9.0730705 4282397994
-3.3427103 0.53540367 9.6952372 4283646514
-3.5466738 0.59059328 10.840477 4284701519
-3.5342357 0.91406947 10.818137 4284898643
-3.9501898 0.69505399 13.84071 4285428598
-3.5112383 1.0642571 10.377185 4281214498
-3.5535247 1.0852181 10.59327 4282333741
-3.3020267 1.1329509 9.3675432 4284043327
-3.5872152 1.1265833 10.693163 4285492587
-3.0487971 0.58776647 11.328136 4286349426
-3.2449472 0.69168872 12.76153 4284903015
-3.0389559 0.96986979 11.432444 4288388751
-2.9643676 0.80702454 11.542711 4285632169
-3.5823972 0.79843932 14.961778 4286082884
-3.385139 1.0460757 13.978294 4287466889
-3.0619624 1.1024194 11.393447 4287401869
-3.002075 1.0723121 11.428391 4284571995
-2.5414951 0.89196676 17.591656 4287730541
-2.2424424 0.96837324 16.960384 4287927954
-1.6621674 0.99245471 16.349421 4288519576
-1.5622874 0.99367303 16.347986 4288520093
-1.2875854 0.83537143 16.047562 4289176733
-0.165829 1.1439184 11.122837 4289900718
0.073600098 1.1338816 11.708189 4288190614
0.30117634 1.0385474 12.226328 4285886311
0.48949912 0.98790139 11.547474 4287794304
0.6571908 0.98392338 11.470141 4288846998
0.88291883 0.97378808 11.304758 4288913300
0.25890028 1.1348685 12.091327 4287138183
0.49960336 1.1140525 11.819454 4287199330
0.68216467 1.1248928 11.918892 4287401613
0.75072384 1.1223785 11.880648 4287598736
0.9123621 0.97031683 11.255632 4288913557
1.1649255 0.98655945 11.424196 4288914076
0.36193648 0.23584443 2.7991033 4289769391
0.36102566 0.28925145 2.8050785 4289637805
0.95409322 1.1155051 11.773917 4287730836
1.1729709 1.1252954 11.856332 4287137925
0.3607949 0.31993994 2.8103518 4289572011
0.35930219 0.36530563 2.8109078 4289440424
0.39449638 0.24980503 2.7703967 4289901231
0.3938913 0.27231416 2.7716274 4289703850
0.39338043 0.33283624 2.781333 4289243299
0.394162 0.40208563 2.8002696 4287268476
0.48797485 0.2423704 2.3945341 4290229161
0.49147227 0.24015206 2.3584805 4287862938
0.48619005 0.28015441 2.3940763 4290623920
0.49036363 0.27749836 2.3606787 4286546303
0.48506853 0.29890034 2.392909 4290558127
0.49231616 0.31359795 2.3505487 4289769391
0.48451713 0.32420897 2.3951693 4290426540
0.49180833 0.33212546 2.3518105 4289506734
0.53297323 0.1953418 2.0579329 4290293398
0.54066014 0.19426861 2.0331731 4288258992
0.53317893 0.2529628 2.0515256 4290227607
0.54054379 0.28245392 2.0311797 4287796376
0.54035085 0.3086437 2.034724 4287271838
0.63198638 0.19093835 1.6769431 4289042307
0.63020504 0.22386 1.6778967 4288450426
0.63527256 0.1784538 1.6735538 4287465860
0.63420689 0.20317188 1.6748352 4287006083
0.62963223 0.24034238 1.6790291 4289308066
0.62925476 0.25270715 1.6799859 4289636518
0.63307244 0.24854901 1.678865 4288910465
0.63266522 0.2526044 1.6786011 4288713599
-7.2277985 0.94747996 7.2287927 4285094220
-7.2871833 0.94694591 7.396359 4285424215
-4.2152696 0.68161207 4.3257513 4282656019
-4.173974 0.6691168 4.3230829 4282984986
-7.4489274 0.9578228 7.6708817 4285555802
-7.5534744 0.96469724 7.9218483 4283711012
-3.9009857 0.66072696 4.1700969 4284436778
-7.4859648 1.1871117 7.8232465 4286080319
-4.5132256 0.80632138 4.6324668 4284499242
-4.8736105 0.81842464 5.0657797 4285947164
-4.5487328 0.82557082 4.6678882 4285618752
-4.5457544 0.8275097 4.6788568 4286474306
-4.0735121 0.69003028 4.2912006 4284305186
-7.2400532 1.1704962 7.5532403 4285757301
-7.5634069 0.95730877 8.058795 4285160784
-7.5971837 0.97397411 8.2002153 4282005037
-7.4200339 1.1806468 7.9310365 4286413943
-7.5323701 1.1793966 8.2575836 4285821807
-7.7788687 1.0257488 8.6464052 4283583041
-7.9492354 1.0569633 8.9208345 4283980123
-7.4917297 1.1765282 8.4088449 4286544246
-7.5661535 1.1737157 8.5755062 4285823095
-7.1642776 1.1857493 7.6461535 4287202428
-6.9742351 1.1799731 7.5977616 4287794825
-7.5463223 1.1513181 8.7924881 4285756532
-7.755827 1.1268175 9.2528067 4284637277
-7.3941956 1.1655753 8.5041857 4286610550
-7.8292041 1.1333491 9.5445223 4281219904
-7.5438132 1.1167563 9.3812733 4283255111
-5.8106709 1.0116345 7.436307 4284708745
-5.3042493 0.91927671 7.0231071 4285880358
-5.4322448 1.0813304 7.0061126 4283324772
-5.3080864 0.98290056 7.0329199 4283643170
-5.2530165 0.96423703 7.044435 4292199578
-5.1874132 0.96873146 7.0726743 4291545247
-5.2152252 0.98669982 7.0535917 4286146907
-5.1777921 0.98819786 7.0616822 4285094218
-5.389689 1.1609843 6.9866548 4285947424
-5.3897181 1.1654574 7.0136967 4286084986
-5.3242583 1.1585958 7.0946708 4283189573
-5.1540427 1.1612055 7.1010623 4284834919
-4.938436 0.948578 7.0589728 4287267696
-4.849081 0.96599531 7.0270057 4288517002
-4.9350739 0.99007541 7.0575552 4283776309
-4.8108644 0.98410231 7.0053673 4286015842
-4.7405043 0.96286398 6.995717 4289043862
-4.6346674 0.96853954 7.0296497 4288978069
-4.7508435 0.98562312 7.0119772 4286213736
-4.6345911 0.98944426 7.0311007 4286147686
-5.0762959 1.164057 7.1141977 4285690999
-4.9327536 1.1675656 7.1276379 4287137929
-4.8637547 1.1818347 7.3443103 4283650124
-4.6754398 1.1709278 7.2648778 4286019709
-4.4532504 0.96090198 7.1142702 4284304702
-4.3824 0.97425044 7.2095342 4286608489
-4.5455308 0.9987672 7.0919404 4283251502
-4.4361906 1.136847 7.3058543 4282399549
-4.3633881 0.97509956 7.2144656 4286674538
-4.2481408 0.98007244 7.2430425 4286674540
-4.3227968 1.1431389 7.3397913 4281871922
-4.1950212 1.1461241 7.3512897 4282004790
-4.6046176 1.1706185 7.2587905 4287598740
-4.4561238 1.15223 7.2684011 4282860355
-4.3011503 1.1595559 7.3058648 4282992453
-4.2725439 1.1582069 7.2955155 4282795333
-4.1665597 0.97069651 7.3288221 4286279780
-4.0674415 0.91867208 7.4262223 4283846998
-4.1040425 1.1587002 7.4275732 4282267190
-4.0063696 1.1702406 7.4966903 4282400316
-3.980371 1.16961 7.4909635 4282399545
-3.791652 1.1674089 7.610096 4281873720
-4.1557183 1.1637897 7.3241448 4285756535
-4.0277953 1.1728606 7.3743968 4286020224
-3.9151783 1.1738403 7.3738585 4287203981
-3.778327 1.1744721 7.3696346 4287006858
-3.7105551 1.1716361 7.6329827 4282005557
-3.5530701 1.1592705 7.6903276 4281676341
-3.5085316 1.1603844 7.6949306 4281741875
-3.4044046 1.1577634 7.8256769 4281544752
-3.6605365 1.1806501 7.4020066 4287926667
-3.4722521 1.1796584 7.3843002 4287860875
-3.2276216 1.1505141 8.2670822 4281677112
-3.281574 1.1582358 7.9824619 4282071093
-3.2228982 1.1563848 8.1338587 4282465340
-3.1907737 1.155448 8.3007298 4282269246
-3.2215977 1.1433125 8.9960203 4284109116
-3.1670926 1.16326 8.1794434 4285952880
-3.3324337 1.1706247 9.4531775 4286742395
0.39924788 0.44629818 2.7954679 4289111456
0.40292284 0.44336066 2.7735062 4290031523
0.39846721 0.49160859 2.8004451 4288848540
0.39861071 0.49941346 2.8028679 4288914332
0.39649945 0.54340118 2.8000755 4288387472
0.39942628 0.57682365 2.781518 4289571229
0.48373774 0.36218128 2.3987508 4290294696
0.49056187 0.35653546 2.3512535 4289243563
0.48326936 0.40032232 2.4036021 4290163110
0.48489019 0.4294818 2.3902421 4289308057
0.48344275 0.46031579 2.3899465 4289439386
0.48294178 0.47267547 2.3901401 4289373593
0.54016846 0.31908768 2.0358243 4286877083
0.62914509 0.27758947 1.6832453 4289834153
0.62895316 0.30663303 1.6869187 4289900203
0.63131607 0.29785484 1.6821748 4288648581
0.63068938 0.31010342 1.6826087 4289044637
0.62681627 0.34748858 1.6882535 4289900463
0.62684309 0.35165507 1.6888922 4289966256
0.62923092 0.34277022 1.6842002 4289505704
0.62993658 0.36635241 1.6806762 4288451717
0.66989112 0.37063831 1.6803373 4286083685
1.0800285 0.52412295 2.4733248 4285161553
-4.6004686 1.2311001 4.7374835 4287333479
0.39307186 0.62387723 2.7974172 4286940286
0.39748245 0.6202333 2.7796574 4289439642
0.39285624 0.63127536 2.7977328 4286677113
0.39601126 0.66402632 2.7804933 4288850344
0.39108121 0.69029313 2.7999444 4283321419
0.39564696 0.68637872 2.7830606 4290098870
0.3903833 0.72000772 2.8021612 4284769118
0.39588135 0.75549704 2.7985363 4288058765
0.4902809 0.50229448 2.3519382 4288848803
0.48335269 0.54419798 2.3799052 4287201129
0.48284927 0.60702103 2.3889003 4288715148
0.48248854 0.6320318 2.3918576 4288846991
0.53279996 0.46886596 2.0686293 4290295734
0.53706688 0.47224513 2.0354059 4288980655
0.53142631 0.56522393 2.0639791 4289966510
0.62969172 0.38276908 1.6824712 4289044122
0.66948891 0.39520824 1.6829448 4286149481
0.62898648 0.4113768 1.6850338 4289307811
0.66883367 0.40317646 1.6827869 4286149482
0.62687612 0.43512845 1.6840695 4289044119
0.66684049 0.42288306 1.6816844 4286215790
0.63014084 0.44713315 1.6841859 4287992981
0.67851001 0.39729825 1.6927047 4285160777
0.6713627 0.41902176 1.6820996 4285688415
1.3987092 0.79142183 3.1002479 4284437307
0.70717299 0.47626105 1.7500149 4285030221
2.5591104 0.75148046 3.3337331 4280952348
2.5611849 0.76985973 3.3383565 4281873706
2.5401826 0.91434067 3.3619041 4280032269
2.5690203 0.74088544 3.3240619 4280030733
2.5988791 0.74687874 3.3100433 4280030733
2.5591397 0.76718569 3.3258729 4281472512
2.6134062 0.75521159 3.3081651 4279637526
2.5976884 0.85104519 3.3504095 4280423936
2.5961797 0.86604089 3.3408494 4280423936
-4.5369506 1.2561439 4.6793041 4286152326
-4.5514722 1.2399473 4.7189131 4286409788
0.38899678 0.77169621 2.8050447 4283058759
0.39419827 0.79883438 2.7981052 4288190352
0.38765681 0.80796355 2.8049998 4283057989
0.39172345 0.84060663 2.7929678 4287861385
0.38557705 0.85048157 2.8020802 4282861381
0.38999054 0.87574798 2.7905793 4285492841
0.36851001 0.93081164 2.8061066 4284635464
0.39322376 0.92138034 2.7772722 4288651159
0.4763377 0.68363488 2.4258776 4289310132
0.48493591 0.68505841 2.3866243 4287797404
0.48486659 0.69130504 2.3874412 4289965479
0.49611655 0.67684776 2.3357081 4287135328
0.51037157 0.684443 2.2619889 4286742645
0.48279086 0.75842077 2.3911057 4288254338
0.4826819 0.77728659 2.39396 4288517768
0.53113717 0.58623022 2.0664248 4289900975
0.53770912 0.59448332 2.0413818 4288191391
0.5318951 0.6564675 2.0642695 4288979096
0.53165048 0.68272448 2.0676708 4289308063
0.53933811 0.64883542 2.0397563 4288585638
0.53892481 0.67976439 2.0433779 4288125344
0.62876093 0.49172813 1.6876189 4289044639
0.63034695 0.51087707 1.6853874 4287727739
0.63040292 0.52325642 1.6872216 4288255379
0.63050359 0.54803944 1.6908714 4287925380
0.96357316 0.64891225 2.2476072 4284107570
0.87916982 0.62916023 2.0862744 4283777826
0.6742633 0.52738893 1.687242 4284832585
0.67240018 0.54266602 1.6858305 4284832589
2.3025751 0.95055985 3.3094287 4280421632
2.3064473 0.95771927 3.3045082 4279635200
2.1156199 1.0827889 3.249609 4280689174
2.1805229 1.0894862 3.2692728 4280030733
2.2735224 1.0920305 3.3015714 4280030742
2.3249943 0.92308348 3.3019695 4279637517
2.3366787 0.9301123 3.2351499 4279045389
2.3110702 0.9651311 3.3005877 4279637526
2.336257 0.9356783 3.2254124 4279045389
2.3426375 0.92086917 3.2017479 4280030733
2.5227885 0.92048204 3.3526225 4279635213
2.3255785 0.92625278 3.1631832 4279637517
2.323118 0.93090409 3.1234479 4280030733
2.3336873 1.0289803 3.3153367 4279635200
2.3423805 1.0766768 3.3319249 4279631872
2.5691979 0.91904074 3.3461471 4279042048
2.4677477 0.90653676 3.1478176 4280032278
2.3354526 0.9297139 3.0919523 4280690210
2.3525929 0.92765623 3.0580902 4281478694
2.3455997 0.93594581 3.0599933 4279637517
2.3507905 0.9324047 3.0480342 4280689186
2.4938147 1.0494885 3.1939292 4278190080
0.3671442 0.96647745 2.8056507 4284767052
0.39249429 0.95036203 2.7791948 4288716953
0.36676407 0.98107409 2.8065076 4284832590
0.39091393 0.98515415 2.7776656 4288717212
0.36594644 1.0255659 2.8111095 4285096275
0.38986757 1.0133427 2.7777014 4288848798
0.3644166 1.083802 2.8144512 4285490780
0.38613763 1.0884724 2.7726712 4287726959
0.4822202 0.80203789 2.3964791 4288781197
0.49065015 0.83872098 2.3654232 4288388509
0.48101017 0.89883655 2.38518 4287860094
0.48026916 0.92287081 2.3865142 4288583817
0.49279729 0.88911819 2.3596649 4288584336
0.49239305 0.9258188 2.3644304 4288387733
0.53144795 0.69312412 2.0687039 4289505959
0.53094608 0.7244373 2.0721352 4289506218
0.53864866 0.68470943 2.0433483 4287994015
0.53800899 0.71540445 2.046278 4287730840
0.53213125 0.8046934 2.0729709 4289111202
0.53833365 0.79873449 2.0455379 4287862171
0.62918282 0.58009928 1.6926855 4287793278
0.63030118 0.59856182 1.6894772 4287663247
0.62774491 0.63351709 1.6892413 4287924865
0.62777722 0.63764429 1.6898791 4287859329
0.63136309 0.65043831 1.6830039 4286543203
0.69087011 0.59773028 1.7203989 4284502594
0.67387009 0.59019965 1.6875983 4284437057
0.66991788 0.61192608 1.68318 4284898129
0.66940325 0.63601893 1.6855096 4285030225
2.0078447 1.1308055 3.245965 4280030720
2.0233691 1.1430714 3.2573433 4279637517
1.8963168 1.2646136 3.2115288 4281214498
2.0514784 1.2139665 3.2702894 4280423936
1.9407297 1.266526 3.2162375 4280425494
2.0393555 1.2506576 3.2585049 4280421632
2.0475345 1.1006845 3.2057462 4280032278
2.0969028 1.0866266 3.2364554 4280030720
2.0511818 1.1748075 3.2535472 4278190080
2.0319073 1.1027505 3.1420889 4279045389
2.1511335 1.0886889 3.2421398 4279045376
2.1898329 1.0851247 3.2066107 4279635213
2.0323665 1.1013496 3.0504608 4280032278
2.0438228 1.0994229 3.045064 4281214498
2.0464911 1.2241117 3.253468 4278190080
2.0287287 1.2487451 3.232595 4279042048
2.0543599 1.1441152 3.1038828 4279045389
2.0505207 1.1001693 3.0054698 4280690210
2.096616 1.2027627 3.1346455 4278193421
2.1365943 1.2067443 3.1652961 4279045389
2.3125005 1.1010429 3.27774 4279045389
2.229739 1.083317 3.1074886 4279635213
2.1087463 1.0839726 3.0658565 4280690214
2.1974967 1.0842383 3.0880041 4280032290
2.2773762 1.0902326 3.127048 4279045389
2.3114548 1.0946074 3.1393914 4278190080
2.2794237 1.0925682 3.1112094 4279637526
2.2872932 1.0925702 3.1111584 4279637526
2.0504274 1.1007282 2.9866724 4280425494
2.0688436 1.1042295 2.9367995 4280425494
2.109154 1.1690654 3.0673666 4279635213
2.0760851 1.1424741 2.9413371 4279635213
2.0770111 1.1052455 2.9203005 4280690210
2.0815849 1.1080551 2.90874 4280689186
2.0874815 1.1086874 2.8733921 4280425494
2.3493454 1.1004077 3.1107731 4279045376
2.3534768 1.1083716 3.0469422 4279637517
2.3364208 1.1090982 3.0282927 4280427036
2.0967195 1.1109629 2.8432555 4280425494
2.1152411 1.1070826 2.8159142 4281477670
0.36690745 1.1408789 2.7982564 4284503620
0.38593188 1.0955756 2.7729955 4285624942
0.3649264 1.166365 2.7922201 4284700743
0.38507834 1.1543118 2.7802944 4281939767
0.36404392 1.1869898 2.7914667 4284898125
0.37715352 1.1983639 2.7856646 4288783783
0.36971557 1.2285252 2.7909431 4283650641
0.37672696 1.2277915 2.7893386 4290033853
0.42171934 1.182496 2.6180563 4288980128
0.4802303 0.94172597 2.3896222 4288715404
0.48074839 0.98052496 2.3982906 4289044627
0.49184218 0.94985193 2.3664999 4288585886
0.49142829 0.96786934 2.3680477 4288914596
0.48305187 1.0433669 2.3947883 4287464302
0.4828957 1.0810077 2.4006705 4288781197
0.49011913 1.0030566 2.3692317 4288257436
0.48923299 1.0701451 2.3774023 4284835419
0.53170407 0.82006431 2.074121 4289177252
0.53288138 0.84668362 2.0666881 4287661686
0.53782088 0.82417899 2.048018 4287599252
0.53786802 0.83468014 2.0497844 4287401873
0.5317533 0.88737559 2.0697508 4288650392
0.53171831 0.90317273 2.0721173 4288781979
0.5393666 0.88731557 2.0477891 4287599513
0.53321916 0.91909206 2.0641384 4287530623
0.62898636 0.65992922 1.6874639 4287004276
0.63101125 0.65829909 1.6833999 4286345568
0.62878227 0.70068389 1.6927117 4287596153
0.62946737 0.70179814 1.6863843 4286411362
0.62838733 0.71261555 1.6935847 4287595641
0.62957108 0.71821028 1.688861 4286741893
0.62775803 0.73251522 1.6950985 4287794308
0.62750673 0.74886912 1.6890432 4287267190
0.6683858 0.67686749 1.6818159 4284503623
1.4160951 1.2761402 3.1231976 4282398766
0.80114728 0.8106389 1.9381258 4282725666
1.3938526 1.2663051 3.080976 4281476630
1.515949 1.2763286 3.1425791 4282400059
1.542243 1.2694488 3.1450205 4282201382
1.5153282 1.270337 3.0722408 4280691246
0.75677878 0.77751249 1.8516091 4283318831
1.321865 1.2697849 2.9491296 4280690214
0.67020249 0.72782004 1.6848249 4284175687
1.2710999 1.2635068 2.8549647 4283648320
1.4084991 1.2726814 2.9558382 4280691250
1.4162076 1.2728002 2.9561205 4281216565
1.6079749 1.2643547 3.1325336 4280423949
1.6341282 1.2657371 3.1358805 4280951318
1.539645 1.2685335 3.0862718 4280032284
1.5731927 1.2703552 3.0014639 4280030742
1.6844488 1.2642105 3.1513863 4280687629
1.7291353 1.2669874 3.1581535 4280949773
1.6177675 1.269363 2.9992142 4280690214
1.625921 1.2697165 3.0000391 4280427046
1.4923528 1.2712761 2.9694705 4280954414
1.5613379 1.2695781 2.9825602 4280954418
1.5692679 1.2698097 2.9831014 4281217589
1.6134174 1.2687476 2.9807153 4282400056
1.8081564 1.2676067 3.1791663 4280687629
1.8522916 1.2663014 3.195714 4280689174
1.7055364 1.2639579 3.0040188 4281215530
1.7572008 1.2598249 3.0118179 4280952358
1.915834 1.2651104 3.1926379 4280028416
1.9457935 1.265974 3.1554046 4279045389
1.8082229 1.2599249 3.029686 4280689186
1.8947123 1.2670114 3.064364 4280032278
1.9994241 1.2662034 3.1952162 4279045376
2.033083 1.2645454 3.132597 4279045389
1.9209195 1.2687036 3.0683808 4280032284
1.9741322 1.2689269 3.0871243 4280032278
2.0511503 1.2688372 3.1053467 4278193421
2.0774999 1.2621778 3.1079125 4278190080
2.0431395 1.2680671 3.0850568 4279637526
2.0499415 1.2668408 3.0639653 4280032284
2.0511255 1.2655938 3.0080829 4280689180
2.0991328 1.148584 2.8669043 4279042048
2.0503757 1.2639501 2.9702229 4280425500
2.065871 1.2631806 2.9353786 4279637526
2.0638995 1.2656201 2.9246526 4280427036
2.0838354 1.2675453 2.8971143 4280030733
2.0787947 1.268259 2.8830352 4280690210
2.1055908 1.1490736 2.8339214 4279045376
2.1174219 1.1127821 2.7957859 4280689186
0.3671501 1.2671096 2.7844739 4285557600
0.37387094 1.2655981 2.7812772 4288320643
0.42099768 1.1878251 2.6156945 4290230458
0.42781296 1.1861938 2.5852299 4289242009
0.44277313 1.1873811 2.535677 4288848282
0.45542064 1.165741 2.5037398 4288318835
0.48287728 1.0873036 2.4016838 4288912784
0.45986065 1.1873317 2.4739714 4288256149
0.48127314 1.1221557 2.4016471 4289110678
0.48898003 1.08218 2.3785229 4284440918
0.48804328 1.1116703 2.3801041 4284111954
0.46333566 1.187713 2.4628453 4288255892
0.48204216 1.1807452 2.3919611 4283912771
0.48124161 1.1853464 2.3897748 4286415758
0.48909023 1.1704292 2.3720379 4286941058
0.49130705 1.1689765 2.3583236 4288190619
0.50135761 1.1723568 2.3119493 4286937178
0.53333628 0.93504167 2.0669627 4288188536
0.5331642 0.96111625 2.0705266 4288254336
0.62735373 0.76903063 1.699362 4287926671
0.62834871 0.77011186 1.6936415 4287399295
0.63021421 0.78837168 1.6920694 4286872949
0.6304183 0.81306756 1.6958829 4287069558
0.62973118 0.82865518 1.6966935 4287004022
0.66902053 0.75109237 1.6858108 4284635723
1.0706587 1.1230826 2.4674335 4283516733
0.66576779 0.78445935 1.6843442 4284635725
0.71006298 0.82794732 1.764477 4283977538
0.6630857 0.81410605 1.6834258 4284833621
0.66853142 0.81565833 1.6864666 4284175173
0.66257119 0.81761378 1.6829526 4284833621
0.66791373 0.81907135 1.6857953 4284306757
0.17043176 1.28853 2.3981094 4288388513
0.17432746 1.2893134 2.3795133 4288651682
0.19131418 1.2901163 2.3712173 4288386962
0.18655103 1.2904477 2.3332739 4288059294
0.49705598 1.1874757 2.3196039 4288189839
0.5090884 1.1713579 2.2797661 4287597963
0.51067704 1.1868333 2.268795 4285166211
0.51753932 1.172307 2.2521622 4288320399
0.5224179 1.177497 2.2330043 4286345811
0.5344249 1.0988615 2.0664842 4286740586
0.52058572 1.186071 2.2112384 4285560969
0.53210348 1.135314 2.0799298 4288452755
0.53233087 1.151565 2.0831068 4288453011
0.62943822 0.84875113 1.6988984 4286937456
0.6292311 0.86844355 1.6935298 4286411369
0.62973404 0.91382807 1.7007731 4286674544
0.62883705 0.91680104 1.6994385 4286740341
0.68218488 0.86243492 1.7106249 4283845954
0.66818446 0.8636567 1.6851975 4283977536
0.66744065 0.89105284 1.6875597 4284175173
0.75142866 1.0032849 1.8484052 4283517243
-2.3954866 -1.9963535 2.5566082 4288125571
-2.4004815 -1.9988657 2.5858021 4288322437
-2.4025652 -2.0000815 2.596035 4288322694
-2.4243321 -2.0100377 2.6420202 4288454278
-2.4320285 -2.0148139 2.6752815 4288520073
-2.4432154 -2.0135951 2.7226052 4288717194
-2.4438396 -2.0124636 2.7416453 4288717195
-0.96554983 -1.9998816 2.7282982 4290299857
-0.95767975 -2.0000112 2.7290573 4290365651
-0.90923423 -1.9977509 2.730545 4291482073
-0.97635239 -1.9983944 2.7353067 4289244848
-0.95722914 -1.9763457 2.7517295 4291083174
-0.98010087 -1.9504963 2.7708879 4287928215
-0.9331398 -1.9366497 2.7793741 4290754719
-0.90456009 -1.9761487 2.7653823 4290886826
-0.87193817 -1.9915897 2.7650628 4289638568
-0.91340721 -1.9529551 2.7690296 4288784283
-0.87794667 -1.9395939 2.7870145 4292401366
0.335098 -2.0164945 2.8874378 4288390831
0.3231506 -2.0144095 2.9240651 4290229163
0.36354318 -1.9799062 2.7578797 4286216567
0.36943725 -1.9769961 2.7464557 4283715398
0.36345068 -1.9725839 2.759407 4286347894
0.36632332 -1.9135126 2.7439599 4284702035
0.36121088 -1.9200183 2.7594776 4287071619
0.36609796 -1.9055768 2.7447577 4284767828
0.36794743 -1.8159615 2.7323637 4283515438
0.40362266 -1.797961 2.7249365 4286478963
0.49165192 -1.5430421 2.3239465 4283521385
0.48499069 -1.5504092 2.345427 4285886566
0.49402317 -1.4679235 2.3263903 4285628305
0.48541149 -1.4393266 2.3478045 4286280807
0.53572303 -1.3170878 2.1360488 4286740860
0.54421026 -1.3136244 2.0949049 4285556063
0.5418033 -1.3111151 2.1046972 4285492565
0.53053486 -1.3168457 2.1551604 4287793021
0.54001057 -1.2948182 2.1196375 4286479996
0.61277288 -0.87189329 1.701815 4290032305
0.62003863 -0.87457085 1.677128 4289242521
0.6222477 -0.86836541 1.6528951 4289900463
0.63672227 -0.79200661 1.5927911 4289177522
0.62323171 -0.79059625 1.6478863 4289308594
0.63096815 -0.79074097 1.6213689 4288712554
0.63556373 -0.79379356 1.6030927 4289243315
0.62971711 -0.79073811 1.6257306 4289242800
0.6408546 -0.78954422 1.5698339 4288979886
0.64386076 -0.78717911 1.563619 4286546279
0.63953257 -0.78931034 1.5735776 4288980143
0.70481229 -0.78931653 1.5746558 4286743181
0.69973022 -0.78883743 1.5944973 4287136910
0.70117033 -0.78946543 1.5910546 4287071633
0.6900304 -0.79003322 1.6253164 4285755736
0.68562436 -0.79110992 1.6487989 4285558605
0.68801206 -0.78787255 1.6408671 4288058272
0.69702733 -0.78783441 1.6017369 4287596426
0.70399117 -0.77349401 1.587288 4287663254
0.69625056 -0.77179182 1.6151229 4287728791
0.71155024 -0.7698884 1.5514596 4287400082
0.71317339 -0.76756763 1.5492383 4285295698
0.70974666 -0.76971698 1.5591314 4287662994
0.87617558 -0.78741002 1.6112416 4285755753
0.89466757 -0.79493952 1.6162797 4281940255
0.88310695 -0.79676497 1.6478837 4285492581
0.90562218 -0.82268703 1.7056377 4281879896
2.1495664 -2.0873401 3.1910443 4281283619
0.93717963 -0.844661 1.6940081 4281940255
2.1887431 -2.094667 3.0972991 4281745189
2.1582825 -2.0858912 3.1686258 4281349412
2.2626841 -2.1726832 3.2383618 4285426030
0.89264923 -0.78772032 1.5878742 4281742879
2.3774202 -2.2641656 3.205935 4284237591
2.286329 -2.1824553 3.1457281 4281351463
2.1831629 -2.0774531 3.0198755 4281416998
2.4482908 -2.3167391 3.2545385 4287333240
2.1096346 -2.0136147 2.99616 4281414175
-3.0063162 -2.0130417 2.8944979 4288384375
-2.9837406 -2.0092301 2.8918037 4287923298
-2.999507 -2.0055244 2.897893 4289439904
-2.9899385 -2.0049138 2.8979411 4289374113
-2.8829317 -2.009902 2.8774648 4287730568
-2.8274186 -2.0120311 2.8960853 4287467653
-2.9193859 -2.0045033 2.9031758 4288714113
-2.8463471 -2.0000551 2.9156418 4288846476
-2.7939632 -2.0131886 2.9001627 4287533447
-2.7407701 -2.0107341 2.9132876 4287598982
-2.8337536 -2.0039682 2.9213519 4288648061
-2.759002 -2.0056896 2.9414625 4288387231
-2.7015738 -2.014576 2.9210258 4287664518
-2.6775353 -2.0165141 2.9252748 4287994003
-2.7428777 -2.0069714 2.9443154 4288516473
-2.6878667 -2.0111182 2.9658885 4289175183
-2.4443779 -2.01123 2.7608681 4290029709
-2.4476302 -2.0106838 2.8021903 4290360497
-2.4616411 -2.0072272 2.8079109 4287927690
-2.4584513 -2.0091698 2.843102 4290360755
-2.4695711 -2.0085845 2.8750491 4288980111
-2.6528866 -2.011693 2.9694295 4288779388
-2.6068118 -2.0089617 2.9820805 4289438613
-2.4721148 -2.0088825 2.8979836 4290161810
-2.5671678 -2.0120945 3.001442 4289833887
-2.4488971 -2.0230472 2.9754605 4289574071
-2.4079037 -2.0256536 2.9940233 4289309076
-2.3832428 -2.0271094 3.0100017 4288388756
-2.3537364 -2.0247324 3.0095282 4288849311
-2.278065 -2.0208449 3.0232782 4288520600
-2.2091336 -2.014997 3.0341568 4288783515
-2.1535618 -2.013694 3.0370946 4289310121
-2.1355875 -2.0138333 3.0387287 4289835423
-2.0923769 -2.0160737 3.0449839 4290429123
-0.9876579 -1.9425009 2.7914553 4292594855
-0.97894979 -1.9410886 2.7905974 4293057221
-0.9096967 -1.9299184 2.7838454 4291477651
-0.87876499 -1.9332136 2.7899475 4291548124
0.30109829 -2.0132387 3.0258479 4290492851
0.31292501 -2.0174174 2.9779944 4290163627
0.30232289 -2.0134251 3.0370865 4290427059
0.30862358 -1.999004 3.0213003 4289044631
0.30899402 -2.0091906 3.1001277 4290689713
0.36779681 -1.7948933 2.7374697 4283713330
0.36777788 -1.7539604 2.7492061 4284438083
0.40373883 -1.7506528 2.7387252 4287202426
0.40166032 -1.7008398 2.7399712 4287400064
0.37069923 -1.6577322 2.7465448 4284503360
0.37020189 -1.641932 2.7478447 4284766788
0.40000963 -1.6529634 2.7432609 4286546304
0.39846319 -1.6056222 2.7470307 4287138439
0.49477521 -1.388847 2.3235517 4286678922
0.49275157 -1.3430886 2.3261342 4286613651
0.49563292 -1.3282932 2.3172007 4287667372
0.48563847 -1.3176618 2.3522096 4287664273
0.49425676 -1.2904011 2.3205504 4287402128
0.48547825 -1.3114334 2.3530147 4286081358
0.49347654 -1.2769247 2.3206043 4287599767
0.50108117 -1.3010404 2.2117205 4288057474
0.61237597 -0.79875827 1.7149203 4289769400
0.59465772 -0.79940128 1.7791255 4290822081
0.60305232 -0.79804528 1.7449578 4290690495
0.60626203 -0.79448175 1.7356313 4289571764
0.59796482 -0.79167056 1.7699606 4287465577
0.60635543 -0.78118634 1.746791 4287597942
0.61848915 -0.79535198 1.6814145 4289572021
0.62172085 -0.79221177 1.6589253 4289308336
0.61418533 -0.7955004 1.711303 4287334251
0.62435889 -0.78324652 1.6879127 4289176748
0.62665319 -0.78641915 1.6482321 4286019442
0.67698795 -0.78682017 1.6668802 4284769088
0.63182211 -0.75726855 1.6636475 4289702822
0.61781645 -0.78532565 1.7049412 4287597944
0.63114417 -0.75430191 1.6700184 4290294961
0.63206106 -0.74660873 1.6661035 4290097841
0.63304394 -0.72446692 1.6650742 4289768614
0.68218535 -0.78938937 1.6559453 4285493069
0.69073635 -0.77084529 1.6362196 4288320926
0.68460405 -0.77064121 1.6637238 4287072660
2.1103494 -2.0672865 3.1985688 4285487420
2.1212311 -2.0693128 3.2016902 4285487937
-2.5596058 -2.0120351 3.0144181 4290032306
-2.5730419 -2.017015 3.0833268 4289243815
-2.5764093 -2.0171628 3.1095705 4289046437
-2.4534123 -2.0225594 3.0359817 4289570716
-2.4268186 -2.0232131 3.0389519 4289437835
-2.5253541 -2.0145283 3.097209 4289308820
-2.5480094 -2.0198526 3.1694412 4288585620
-2.3479531 -2.0168452 3.0501552 4289833371
-2.3286285 -2.015801 3.0504456 4289701009
-2.5827959 -2.0155458 3.1748118 4288520096
-2.5507674 -2.0209544 3.1844764 4289506198
-2.5652406 -2.0168195 3.2634077 4288717205
-2.2351422 -2.0133801 3.0677671 4289567612
-2.224719 -2.0120981 3.0670319 4290029457
-2.1343291 -2.0136395 3.0891137 4290358677
-2.1256065 -2.0141551 3.0904679 4290490006
-2.0523579 -2.015362 3.1108727 4290291583
-2.0039418 -2.0205719 3.0828238 4289309862
-1.9412655 -2.0059824 3.1212211 4291148191
-1.8958517 -2.0135808 3.0957322 4290165689
-1.9394406 -2.0051122 3.1333618 4292071885
-1.8760628 -2.0072951 3.1413116 4291741626
-1.845435 -2.0099542 3.1081505 4290033842
-1.7749915 -2.0142481 3.1192498 4291085751
-1.8490678 -2.0085015 3.1450462 4291146894
-1.7881883 -2.0164464 3.1733365 4291348158
-1.7502444 -2.0206628 3.1422186 4290231479
-1.7707999 -2.0183001 3.1771131 4291541651
0.36914751 -1.6032811 2.7520781 4285424464
0.36776632 -1.556469 2.7565284 4286017374
0.39827245 -1.5980073 2.7479873 4287138439
0.39657524 -1.522704 2.758584 4286019441
0.37102488 -1.4638211 2.7557511 4285950809
0.36926457 -1.4159905 2.7581172 4286543205
0.39632091 -1.507967 2.7611275 4285624684
0.39982244 -1.4310236 2.7586117 4287993749
0.48540244 -1.2309715 2.3469563 4287004012
0.49207327 -1.2390797 2.3238378 4287271840
0.48541364 -1.2137358 2.3510082 4287530357
0.49319896 -1.1696185 2.3209968 4288060061
0.48516151 -1.1900295 2.3555095 4288649614
0.49185166 -1.1322943 2.3243527 4287995561
0.48585173 -1.1130806 2.352066 4287529582
0.49133065 -1.1196957 2.3252294 4287206047
0.57942867 -0.80699801 1.8594258 4291217095
0.58017969 -0.79966009 1.8627028 4289834675
0.56375515 -0.80270922 1.9325498 4290164412
0.57137454 -0.7998966 1.8950448 4290164157
0.58760917 -0.80361772 1.8187883 4290953924
0.59088045 -0.79533339 1.8086554 4287531367
0.58623338 -0.79837847 1.836383 4287596904
0.5895853 -0.79585195 1.8151785 4287465835
0.59700876 -0.79256272 1.7766348 4287334766
0.58163655 -0.79921389 1.8558657 4288778606
0.63226211 -0.68565357 1.6638448 4290162859
0.63365608 -0.65718246 1.6648875 4289832343
0.63319236 -0.64934933 1.6654694 4290358940
0.63203716 -0.61084151 1.6636161 4289833371
-3.6833205 -2.0299964 3.5102196 4292929005
-3.6886537 -2.0243139 3.5369821 4293060336
-3.8695035 -2.03336 3.6663051 4293323503
-3.8455207 -2.0324454 3.6669288 4293323503
-3.6869209 -2.0228939 3.5898161 4293121959
-2.611268 -2.0189669 3.4648094 4288914328
-2.6177773 -2.0228815 3.4865136 4289703322
0.36766466 -1.3757534 2.7593484 4287069808
0.36698785 -1.3595585 2.759634 4287398775
0.39820364 -1.3977624 2.7581468 4288125338
0.39369664 -1.3341339 2.7489042 4288717728
0.37051669 -1.2837421 2.7565765 4287003242
0.37001956 -1.2615016 2.7597284 4287332464
0.39559469 -1.2611109 2.7369041 4289309350
0.39451879 -1.2440426 2.7352862 4289441454
0.48550478 -1.100755 2.3535461 4288385923
0.49291798 -1.0526392 2.3239412 4289376181
0.48506245 -1.0709505 2.3586938 4289571232
0.49242434 -1.0345557 2.3261869 4289508282
0.48347935 -1.0327595 2.3612688 4290229163
0.48480794 -0.99335253 2.3520489 4288977801
0.48320922 -0.99757397 2.3683434 4290689970
0.49119845 -0.93436325 2.3220689 4290494662
0.53646201 -0.79086661 2.0422554 4291676870
0.53615957 -0.78079712 2.0434742 4291677129
0.55623662 -0.80322528 1.9613124 4290558656
0.54469383 -0.79984367 2.0083113 4289041264
0.55031043 -0.7988553 1.9843462 4287727977
0.56168807 -0.78453493 1.9427811 4290098618
0.56153584 -0.77530932 1.9442493 4291151815
0.54753006 -0.77911282 1.9938021 4290361533
0.54960322 -0.77461898 1.9873712 4291216837
0.53749615 -0.77475464 2.0344067 4289568386
0.63148844 -0.59936368 1.6647199 4290163114
0.63415259 -0.57583857 1.6606009 4287926409
0.63251448 -0.56377995 1.6664975 4290162858
0.6331113 -0.55672789 1.6622108 4289568647
0.63227654 -0.55269551 1.6681137 4290228654
0.63325977 -0.53171396 1.6671364 4289833116
0.63075006 -0.52581739 1.6702529 4290821564
0.63320172 -0.52805352 1.6677084 4290029445
-3.8899128 -2.0336819 3.6845737 4289703847
-3.8683624 -2.034256 3.687324 4289704361
-3.7748327 -2.0189171 3.6712322 4292007639
-3.3675098 -2.0476234 4.2691426 4290164144
-3.3327117 -2.0504384 4.2773147 4290295472
-1.6962066 -2.0309649 3.9702072 4293783277
-1.7047582 -2.0302534 3.9893374 4293451978
-1.7043059 -2.0323541 4.1015077 4294309365
-1.7121675 -2.030256 4.1197557 4294309365
0.36925611 -1.2109267 2.7691932 4288056959
0.36834979 -1.1735833 2.7740369 4289242012
0.39001933 -1.1552945 2.7332449 4288915107
0.38882163 -1.1245555 2.7346373 4287335304
0.37036854 -1.0879127 2.764966 4288056445
0.3695479 -1.0511696 2.7701793 4288649355
0.39286491 -1.060788 2.7335839 4291283400
0.39163527 -1.0234637 2.7366238 4291612109
0.490554 -0.92741263 2.3212156 4290560712
0.48361161 -0.88107526 2.3501425 4290096285
0.49003795 -0.8361578 2.3181686 4291415505
0.47985342 -0.82847941 2.3942013 4291545804
0.49132845 -0.7992636 2.3313537 4287599513
0.50087374 -0.83025348 2.2168345 4289768352
0.52225971 -0.81862032 2.1998553 4288384862
0.49976131 -0.80703092 2.2181044 4290425767
0.52498525 -0.80327129 2.1944466 4288913303
0.52196491 -0.78982067 2.1532269 4288979097
0.53531802 -0.75071049 2.0472989 4292006350
0.5245772 -0.79837775 2.1767974 4289176736
0.49639168 -0.82046938 2.3026495 4290096536
0.5121727 -0.78355479 2.2099257 4289967798
0.49764577 -0.80607617 2.3104715 4288914080
0.49925581 -0.72779334 2.2150681 4290097316
0.53677523 -0.74503899 2.0385089 4290028417
0.62968135 -0.5066843 1.6718094 4291018431
0.63254571 -0.4984087 1.6653439 4289964441
0.63339728 -0.48131165 1.6700971 4290360750
0.63295299 -0.45580634 1.667417 4289832600
0.63255084 -0.41279408 1.668126 4289898904
-3.3813355 -2.0389709 4.3039002 4285231468
-3.3506501 -2.0445135 4.3698063 4282799972
-3.449405 -2.0111611 4.4074249 4283793571
-3.4702313 -2.0056963 4.4512105 4287068766
-3.327661 -2.0469422 4.3763638 4286805039
-3.3740993 -2.0372128 4.4359055 4289768610
-0.4707475 -2.0379 4.9663858 4285955194
-0.46479118 -2.0361977 5.0603261 4289504395
-0.37281397 -2.0410016 5.0458431 4288449642
-0.35605353 -2.0451038 5.0233355 4289505430
-0.38917914 -2.0331955 5.0610757 4288910967
0.36835012 -1.0270908 2.7695417 4289110164
0.36758295 -0.9836818 2.7769442 4290031786
0.38933063 -0.96979618 2.7379255 4289244851
0.38919631 -0.96265781 2.7390833 4288585629
0.36720493 -0.94128132 2.7864552 4291348165
0.36546835 -0.87449527 2.7944274 4291743437
0.39327022 -0.91384685 2.7347112 4292072660
0.39143217 -0.8687346 2.7364559 4292138711
0.39951313 -0.82715976 2.7138939 4292072403
0.46132872 -0.82406199 2.470336 4289832311
0.45853063 -0.82515419 2.4850068 4290226813
0.47730967 -0.82374477 2.4092221 4288713835
0.49267009 -0.74624729 2.3268213 4291547346
0.46650276 -0.80348933 2.4447103 4290492077
0.49236622 -0.7401247 2.3270807 4291744726
0.42748913 -0.80177104 2.616838 4292203729
0.4913089 -0.70472145 2.3311653 4291810780
0.48580638 -0.65278065 2.365772 4292202953
0.49585131 -0.72081208 2.2235813 4292269780
0.49787095 -0.69916975 2.2166123 4291149746
0.50117606 -0.65349996 2.2194908 4289900196
0.49234578 -0.66897607 2.3219271 4292007125
0.49961129 -0.63534772 2.218154 4290360232
0.49104026 -0.63351262 2.325129 4292007641
0.49951103 -0.60359132 2.2247763 4291478712
0.63260049 -0.40927288 1.6688693 4290096285
0.63324916 -0.37463221 1.6700075 4289898647
0.63305944 -0.36380401 1.6716644 4290426543
0.63303781 -0.33247283 1.671016 4290096545
0.63295943 -0.34020528 1.6631109 4287729806
0.63305157 -0.31910619 1.6671718 4290029456
-5.009119 -2.0836637 5.5000505 4292661938
-4.9558878 -2.0824761 5.5022974 4292662199
-5.2165604 -2.0882883 5.7194657 4293583543
-5.2300472 -2.0916114 5.774416 4293649338
-4.8226438 -2.0753708 5.4980011 4291481022
-4.8074474 -2.0748744 5.5423012 4293123270
-5.2400432 -2.0879059 5.9124565 4293649340
-4.2935266 -2.0706635 5.4091668 4289441713
-4.300199 -2.0919931 5.4584985 4290294961
-4.6738129 -2.0677168 5.5378065 4292727995
-4.4859571 -2.0585122 5.5335622 4292925635
-3.745358 -1.6756128 4.7521906 4288522345
-3.4882076 -1.5938724 4.5399413 4287396160
-3.9016211 -1.7392148 4.9330425 4290495691
-3.5363915 -1.5763892 4.6380591 4292332400
-3.6410744 -2.041863 5.1287928 4283914842
-3.6216743 -2.0492597 5.1470051 4283783256
-3.7559354 -2.0472634 5.2839046 4285224227
-3.6607316 -2.005296 5.2758355 4285763491
-4.3091288 -2.1008916 5.6985064 4292859581
-4.2590485 -2.0926321 5.6831665 4291808190
-3.564219 -1.5755304 4.7485623 4286675802
-4.2211699 -2.0836644 5.7572031 4293455089
-4.1690655 -2.0826626 5.7132583 4290756772
-3.8420246 -2.0194988 5.5009527 4286881713
-4.2592978 -2.0892394 5.9615417 4293520625
-3.7690039 -1.859265 5.418541 4287077803
-3.5277882 -2.0637212 5.2258086 4287599507
-3.5044937 -2.0692747 5.2403984 4288324003
-3.5672808 -1.9773427 5.2197404 4284827405
-3.5513492 -2.0606494 5.3338318 4287459356
-3.5529921 -1.9106385 5.1837072 4286669325
-3.6694813 -2.0678744 5.5041332 4290163627
-3.5563262 -1.7840289 5.2028961 4288183324
-2.1938787 -2.1054764 6.2568192 4293914086
-2.0586882 -2.1001639 6.2048779 4292859316
-2.0013807 -2.0988696 6.2071571 4292925373
-1.929219 -2.1022713 6.2229576 4292991426
-1.7400775 -2.1068072 6.3047848 4293386444
-1.7035626 -2.1089015 6.3137956 4292925367
-1.59501 -2.1086898 6.2721429 4291545539
-1.4337465 -2.1039219 6.327354 4293123015
-1.3776706 -2.1057796 6.3376708 4293189064
0.3643671 -0.84402621 2.7961664 4291875024
0.3628616 -0.80571783 2.7976093 4292203988
0.39310053 -0.78846288 2.7276201 4292204503
0.39821377 -0.79743445 2.7146673 4292072144
0.39147389 -0.73774028 2.7321033 4292204246
0.39735195 -0.76200104 2.7193255 4292927453
0.39108342 -0.73017633 2.7319536 4292204247
0.38931054 -0.65224648 2.7428584 4290625214
0.39380017 -0.64722431 2.7302799 4292993245
0.48639581 -0.62748718 2.3518541 4289170771
0.48546973 -0.60349143 2.353832 4290026858
0.48575553 -0.56424522 2.3637953 4291807676
0.48663262 -0.51214242 2.357358 4289894751
0.490872 -0.62768292 2.3258252 4292073434
0.51156902 -0.5605284 2.2206235 4288914594
0.48955104 -0.59227335 2.328959 4291416279
0.50096554 -0.54530585 2.2242875 4290425767
0.4886553 -0.5218699 2.3208575 4292007642
0.51021242 -0.47860774 2.2164476 4289704369
0.48821869 -0.50467777 2.3231301 4292402143
0.50291711 -0.45142433 2.2333913 4290688938
0.51493245 -0.47773775 2.2147617 4292073433
0.5149315 -0.46207336 2.2181375 4292073433
0.63366979 -0.31874606 1.6747001 4290623928
0.63255084 -0.29662117 1.6767565 4290953409
0.63244772 -0.27166608 1.6811806 4291281858
0.63289875 -0.30486679 1.6695238 4290160270
0.63320488 -0.29447886 1.6719944 4290359458
0.67621094 -0.30072144 1.6728717 4288389027
0.69024074 -0.29326454 1.6920907 4288456366
0.63467997 -0.25762835 1.6751627 4290096543
0.63580096 -0.2477304 1.6790026 4290426291
0.77955449 -0.31635144 1.8324459 4288588210
0.70400697 -0.25964609 1.7154537 4288588466
-7.4803786 -2.1331458 6.8930621 4286873719
-7.373302 -2.1348038 6.8390598 4287268478
-7.5761199 -2.1248991 7.0016351 4283909673
-7.5669665 -2.1287405 7.0146666 4285226313
-7.2612371 -2.1175785 6.8679342 4287531649
-7.5979667 -2.121098 7.2927318 4285160775
-7.5864887 -2.1244731 7.3050241 4285820772
-5.2689676 -2.086895 6.0100555 4293649341
-5.2894735 -2.0868993 6.1693592 4293649342
-5.361969 -2.087111 6.2750034 4290295987
-5.2983336 -2.0876756 6.226265 4293649598
-5.3173609 -2.0812426 6.3207731 4293649342
-5.2572541 -2.0772948 6.3742719 4292927971
-3.745306 -1.5799731 4.7821245 4290495152
-3.4516685 -1.41635 4.533803 4280953394
-3.500263 -1.386528 4.525938 4288653228
-3.4357278 -1.314746 4.4907765 4282203451
-3.4931681 -1.2517658 4.5509138 4286553006
-3.4411631 -1.2219278 4.5084372 4282729284
-3.5344622 -1.2412171 4.6025791 4285499030
-3.4489477 -1.1434438 4.5272799 4285631131
-3.5642262 -1.5388614 4.772234 4286675803
-3.6442084 -1.5254074 4.8952088 4286675803
-4.933845 -2.0662668 6.5571651 4291412401
-3.7047269 -1.7743363 5.3395391 4283389015
-4.7433205 -2.101615 6.6163802 4291018422
-3.6060584 -1.6087552 5.269001 4285228092
-3.8029265 -1.5211395 5.140049 4289169442
-3.9230831 -1.5319061 5.3598013 4288248348
-3.6488187 -1.3451679 4.9626446 4279047702
-3.8175333 -1.3859392 5.2835145 4284105498
-3.7972791 -1.523791 5.4005017 4286225333
-3.709389 -1.5144439 5.3287411 4281877840
-3.7525902 -1.4869952 5.3441653 4281745998
-3.6505885 -1.415886 5.2367692 4285687126
-3.5217793 -1.7168837 5.1622043 4285028633
-3.7288139 -1.6622893 5.4584684 4291080836
-3.7615495 -1.6448507 5.5063233 4290355826
-4.0372963 -1.6355158 5.8936472 4290492591
-4.3579168 -2.0519493 7.3330832 4288650123
-3.9383454 -2.0535827 7.0164576 4289900456
-3.9167476 -2.0534267 7.0182223 4290032042
-3.977988 -2.0543585 7.0850973 4289176471
-3.9319925 -2.052676 7.0846648 4289044368
-3.7257323 -2.0411558 7.0003147 4290624694
-3.7410789 -2.0454781 7.1537962 4288715661
-3.7164404 -2.0437021 7.1507959 4288846733
-2.2510743 -2.0871191 6.4167871 4293914603
-2.2951083 -2.0718603 6.5400391 4292926141
-2.2603383 -2.0968809 6.4979563 4294309365
-2.2927961 -2.0895987 6.5892773 4293980396
-1.7541142 -2.1061587 6.354249 4294309365
-1.6990521 -2.10955 6.3685355 4294309364
-1.6027526 -2.1091652 6.3770027 4294309365
-1.4271363 -2.1049514 6.3832574 4294243572
-1.342399 -2.0994205 6.5400229 4294309622
-1.355765 -2.0961406 6.7012019 4294112244
-1.2565624 -1.9947399 6.3208728 4290559155
-1.2637206 -1.9681767 6.3568897 4290690740
-1.456784 -2.1028912 7.0822163 4294112244
0.63201249 -2.104569 7.2347426 4292597181
0.68425024 -2.1049075 7.1131134 4294111985
0.76069289 -2.1392846 7.0323768 4294309366
0.61804748 -2.1110849 7.3181219 4292597181
0.38928974 -0.64542782 2.7445555 4290033851
0.3939313 -0.60692251 2.741622 4292270297
0.38892308 -0.60399604 2.7535367 4286545529
0.39329445 -0.58548236 2.7438135 4292270296
0.38720867 -0.56016982 2.755703 4286940031
0.39207956 -0.54952991 2.7466879 4292204503
0.38529471 -0.51616955 2.7568121 4287269254
0.38884601 -0.48339686 2.7465434 4290362557
0.48578236 -0.46585199 2.364666 4291807160
0.48591539 -0.45468733 2.3676782 4292136644
0.48538432 -0.42571977 2.3722553 4292795607
0.48508677 -0.39131019 2.3789239 4292927194
0.49202469 -0.45231125 2.3282268 4292270555
0.50219834 -0.42953989 2.2357633 4291347384
0.49203035 -0.43566117 2.3319633 4292073434
0.50058675 -0.40145156 2.2365131 4292071111
0.51530331 -0.41536233 2.2294173 4291217609
0.51374811 -0.39276251 2.2292607 4289769906
0.49148068 -0.41281 2.3350968 4292402656
0.50152647 -0.36002669 2.2310269 4290623402
0.48601052 -0.35775533 2.3687549 4292004798
0.50312132 -0.31453213 2.2287903 4289505441
0.51129764 -0.36935899 2.2263813 4289046182
0.52186036 -0.32747617 2.2187603 4291676090
0.52948308 -0.31482658 2.1967485 4288388513
0.63460076 -0.2129555 1.6770167 4290427058
0.63445842 -0.19670817 1.6735783 4289832334
0.71738225 -0.22829708 1.7375741 4288719797
0.98037171 -0.33794972 2.150568 4288720054
0.63419813 -0.18252257 1.675725 4290227874
0.63396996 -0.14547184 1.6760185 4289832859
0.70229441 -0.18194982 1.7147446 4288720054
1.2096432 -0.3851721 2.5148222 4288983484
1.5916281 -0.55485427 3.1058998 4290362814
-7.2660761 -1.8143932 6.7616067 4284313225
-7.274858 -1.8225776 6.7893739 4284832075
-7.2052274 -1.7761799 6.7116456 4287138186
-7.3469782 -1.8382674 6.9165788 4284700750
-7.5867157 -2.0943363 7.2855463 4282396196
-7.6336861 -2.1264477 7.4692945 4285687894
-7.3126931 -1.824298 6.9519982 4284569161
-7.3273764 -1.8192111 7.0998702 4284503370
-7.6433487 -2.1194582 7.5285959 4284633915
-7.6834292 -2.1255774 7.7185764 4285555533
-7.3845901 -1.8254195 7.2926631 4284699976
-7.7975082 -2.1390104 7.9351487 4282858798
-7.6576333 -2.1292067 7.8238111 4286676342
-7.7217679 -2.1308668 7.9145389 4285885530
-7.8044572 -2.1269977 8.2802305 4285028414
-7.3608103 -1.81398 7.343008 4284831563
-7.4910879 -1.8508641 7.5639577 4284897613
-7.5632324 -1.8547364 7.8699975 4285158723
-7.543364 -1.8438338 7.9327631 4285884507
-7.4754119 -1.7814747 7.7901497 4287464308
-7.5023651 -1.8271338 7.9756112 4285884764
-7.8793383 -2.1456175 8.4449949 4285357381
-7.7564149 -2.139812 8.4369087 4287400063
-7.8971214 -2.1470907 8.5548849 4285555273
-7.9024277 -2.1447587 8.6542006 4285687377
-7.5922904 -1.8465616 8.2683201 4286147936
-7.7227106 -1.8695098 8.5881739 4285556058
-7.9279089 -2.1442304 8.8750286 4285885018
-7.9973054 -2.1480134 9.1198053 4284700221
-7.7745099 -1.8770429 8.7392111 4285358935
-8.0443993 -2.157352 9.2764034 4284831810
-4.8695211 -1.6738018 6.181191 4289177765
-3.4488249 -1.129784 4.5287476 4285169807
-5.7515378 -1.8782955 7.2337551 4287996071
-3.4889915 -1.0400237 4.6064663 4285367445
-7.6370049 -2.1385055 8.8856926 4287663494
-7.6415172 -2.1504159 9.1708879 4287531650
-8.0092373 -2.1424446 9.3453941 4284832327
-8.0123158 -2.1338518 9.5712805 4284438091
-3.4253898 -0.94039237 4.557601 4286026407
-8.0324621 -2.1210897 9.7892113 4284437829
-3.3956003 -0.88069832 4.5454516 4282928464
-3.8278303 -1.367602 5.2769823 4284038942
-3.4650736 -1.0836432 4.6626339 4280427042
-4.1445231 -1.3759779 5.6901827 4288708646
-5.2431059 -2.0052719 7.2406077 4290097576
-3.6121182 -1.2076656 5.3235016 4289036831
-3.5493779 -0.97113717 4.8395 4279045389
-4.8122807 -1.4962612 6.5773997 4289173359
-3.6113658 -0.95198357 4.9405732 4279637532
-3.7508471 -1.0574728 5.2342029 4287067212
-3.794512 -1.131021 5.3274975 4288840500
-3.8701203 -1.0918857 5.4322643 4284250768
-5.1064115 -2.0095046 7.3483257 4289899422
-5.4950886 -2.0049233 7.8932924 4289440673
-5.8712602 -2.109035 8.8576078 4290888123
-5.9158492 -2.1062753 9.1912642 4292991415
-5.8766432 -2.101872 9.1778688 4293059041
-6.0076809 -2.1128578 9.3303442 4289704626
-5.826633 -2.1087503 9.3345079 4291150781
-4.8614364 -2.081785 8.24298 4291874505
-4.8021927 -2.0859404 8.4629717 4293585121
-4.8200808 -2.0926623 8.5890388 4293718002
-5.6824293 -2.0912192 9.1569901 4294112244
-5.3444128 -2.0661712 9.0941334 4294178036
-5.7447805 -2.0987163 9.3026142 4291216831
-5.5590444 -2.0805826 9.2493887 4291413954
-5.1740742 -2.0643041 9.1062927 4294112243
-5.1165333 -2.0633464 9.1090679 4294177780
-5.3821292 -2.0772202 9.2561493 4291545540
-5.1991153 -2.0710983 9.252224 4290558389
-4.9514308 -2.0638931 9.1304569 4293190884
-5.0375056 -2.0744181 9.2848015 4290229680
-4.0626693 -2.0839393 10.102389 4287400313
-3.1154327 -2.2020099 10.44665 4291414210
-3.0278566 -2.1899295 10.265223 4292006092
-2.8148637 -2.1680038 10.197294 4291348418
0.011895936 -2.1722751 10.148211 4293980400
-0.018447954 -2.2836447 11.31781 4291084988
0.15231834 -2.2950156 11.235393 4294177780
0.33677867 -2.1195378 9.8467102 4293716707
0.48725519 -2.1268239 9.8933802 4292926674
0.35072073 -2.256361 11.092552 4294112244
0.57332259 -2.3080633 11.4952 4291611593
0.5561282 -2.1619749 10.042702 4292926673
0.75491577 -2.2111189 10.263293 4292860879
0.64892495 -2.3288608 11.595054 4293059297
0.83830607 -2.2999854 11.338309 4293980397
0.37123176 -0.45521149 2.7732778 4289307807
0.38817224 -0.46883699 2.7467194 4289111716
0.36951452 -0.41161886 2.7752199 4289701786
0.39111409 -0.41560802 2.7390757 4292204504
0.36852327 -0.38969842 2.775466 4289768096
0.38876405 -0.3653281 2.739665 4292204504
0.37147203 -0.3432155 2.7649369 4287926669
0.39087614 -0.29899612 2.7316651 4292072918
0.44880745 -0.33074585 2.5344324 4290228384
0.48475417 -0.32827726 2.3919251 4288517759
0.46500036 -0.33322427 2.4739671 4291676605
0.47700045 -0.33250245 2.42766 4291544504
0.42844942 -0.3318505 2.6130161 4290821038
0.44231632 -0.33123395 2.5604715 4290294435
0.42043793 -0.31195268 2.6415124 4291216835
0.46041039 -0.31095895 2.4850669 4290624184
0.48621985 -0.32967648 2.3758347 4290886051
0.49948338 -0.31512073 2.3066442 4288849324
0.49114564 -0.30113974 2.338768 4290231230
0.50009066 -0.25453395 2.231874 4291281074
0.52020991 -0.30526024 2.2183185 4290294701
0.51140529 -0.24547067 2.2197704 4291086280
0.48675784 -0.25141233 2.3745859 4292005055
0.49981758 -0.23866126 2.234417 4291544509
0.49112877 -0.22438169 2.3360868 4292138972
0.50049573 -0.21301845 2.2421808 4292071624
0.51036292 -0.21879879 2.2221797 4289835956
0.51006967 -0.20822909 2.2235146 4288585374
0.6327107 -0.12570855 1.6713754 4289897354
0.63252461 -0.11704412 1.6666553 4287532940
0.63254207 -0.11170921 1.6736487 4289833113
0.63194144 -0.09947598 1.6688552 4289898381
0.76579374 -0.17196062 1.8161542 4288785589
1.4453233 -0.44600806 2.8837204 4290362040
0.67678213 -0.11538354 1.6785469 4288719284
0.68446976 -0.099484533 1.6884938 4288457395
0.63341647 -0.094648838 1.6783209 4290427061
0.63345093 -0.075791538 1.6758444 4290029977
0.63429719 -0.070527703 1.6843007 4290821564
0.63413239 -0.072572857 1.677629 4290161564
0.67347372 -0.09314099 1.6770859 4287465857
0.72086769 -0.09013176 1.7444352 4288062122
0.68052864 -0.065180898 1.6825668 4288391347
-7.6829076 -1.7709574 8.525897 4286804047
-7.8059187 -1.8789159 8.871685 4285095249
-7.7726774 -1.8634144 8.9366693 4284766542
-7.9164038 -1.8950931 9.3406696 4284043592
-8.0168915 -1.9144489 9.5653105 4282265384
-7.6932349 -1.6480237 9.1836796 4283851123
-8.0371532 -1.8286816 9.5992308 4282266409
-7.9899049 -2.0159874 9.7508392 4285358675
-3.4311886 -0.7766819 4.6379495 4283393399
-7.9262505 -1.8756605 9.6914339 4285885792
-7.5036249 -1.8484603 9.6108503 4287203200
-7.7479773 -1.6029106 9.2527285 4283520092
-7.9917464 -1.6663173 9.5656786 4282200614
-7.8233967 -1.3797082 9.3310852 4284180345
-7.9901581 -1.4061131 9.6700935 4283518279
-3.539501 -0.78301156 4.7916393 4283656830
-3.8921816 -0.94831645 5.3877449 4283910978
-3.9035523 -0.85700941 5.2616653 4283853437
-3.7350521 -0.84674847 5.1527429 4284106535
-5.2525244 -1.3986917 7.2288857 4287663238
-3.9899583 -0.81148028 5.4414301 4284705131
-7.5274224 -1.7556785 10.113893 4287266928
-7.4167752 -1.4073352 9.9660339 4286938220
-6.8066225 -2.0058715 10.152398 4287661944
-6.7526731 -1.7983146 10.097002 4288648840
-6.7450399 -1.7328314 10.093258 4288912270
-6.7392597 -1.4085652 10.073467 4288582789
-6.0726199 -1.6052014 10.192695 4289570715
-6.092905 -1.5388647 10.179143 4288649356
-5.0344853 -1.7800627 10.398248 4287729805
-5.1862817 -1.3734292 10.281902 4290033074
-5.0314226 -1.574335 10.345964 4289111975
-5.000453 -1.5743268 10.35022 4287860876
-5.0763006 -1.4409171 10.317315 4288456109
-4.999156 -1.5418558 10.350878 4287795339
-4.8753247 -2.0162921 10.603635 4287925634
-4.1990428 -2.0499952 10.687682 4287991942
-4.2024055 -1.9852873 10.70196 4287860099
-4.7493334 -1.401848 10.538219 4289768614
-4.3966317 -1.5945176 10.554624 4287663754
-4.1552143 -1.665186 10.612972 4288912788
-4.3919725 -1.5600688 10.546921 4287663753
-4.1347332 -1.5255998 10.574412 4289176217
-4.2080774 -2.0725341 10.794145 4288913560
-4.2054043 -2.003967 10.793595 4288847509
-2.1305101 -2.2100575 14.276946 4293190625
-2.2080634 -2.3597224 15.42522 4290098866
-2.4218819 -2.2422464 15.87954 4291348934
-2.4818349 -2.409657 16.952509 4291216834
0.53586239 -2.2346718 11.481072 4290295213
0.50737149 -2.0397491 11.743649 4288716697
0.25013354 -1.7122933 11.689865 4289571490
0.49197611 -1.6620269 11.63686 4288979869
0.28354815 -1.6407684 11.694235 4288321167
0.49234256 -1.6311162 11.664821 4288979612
0.68113983 -2.254343 11.587081 4290426799
1.0033214 -2.1336293 11.734637 4287137404
1.0730615 -2.1307688 11.729665 4287203197
1.1129284 -1.8404278 11.529749 4288848026
0.90535235 -1.6785152 11.582242 4288189067
0.8645637 -1.5683538 11.5488 4289899941
1.1151184 -1.7449117 11.586671 4288913819
1.1056083 -1.5972242 11.544713 4288913819
0.36920646 -0.27920553 2.7693367 4289110685
0.39115518 -0.28585908 2.7365499 4292204504
0.3689729 -0.25847855 2.7735729 4288978580
0.39027157 -0.25129563 2.7408819 4292138454
0.36780897 -0.21628997 2.7783246 4289373597
0.38889882 -0.17579785 2.7532811 4290230456
0.37164518 -0.17233214 2.7727046 4287795083
0.3887544 -0.16214436 2.7560706 4288914338
0.49072763 -0.20197961 2.3396449 4291349711
0.50056696 -0.18159413 2.2492142 4292401109
0.48505649 -0.15027043 2.3707061 4291807418
0.50002235 -0.14970616 2.2543354 4292467162
0.50108087 -0.16268244 2.2379112 4290689455
0.51074266 -0.13277766 2.2254117 4289770162
0.48984465 -0.12052149 2.3352866 4291810520
0.49286315 -0.10256231 2.3306866 4292861143
0.48502955 -0.079791009 2.3663347 4290488450
0.49275276 -0.069582134 2.3375638 4291414989
0.50136685 -0.092093349 2.2372642 4290426024
0.51232535 -0.053362235 2.2311611 4289441197
0.63411415 -0.045943201 1.6884918 4291018167
0.63343394 -0.032828286 1.6777488 4289568132
0.63399059 -0.011102885 1.6768069 4289569159
0.82115096 -0.083244264 1.9040728 4288325554
0.69428504 -0.029720932 1.7059417 4288192420
0.63415307 0.0026912838 1.6796135 4290030236
0.63350695 0.031401783 1.6779104 4289830789
0.72602814 -0.0157682 1.7545898 4288127919
1.0958443 -0.062312305 2.3405659 4287930538
-7.7509756 -1.0998528 9.2453594 4284313220
-7.9482574 -1.3018063 9.5957756 4282726434
-7.7494206 -1.0419344 9.2505198 4283851379
-7.8282952 -0.94987524 9.4607029 4285091618
-7.7201395 -1.0093049 9.7401915 4284241484
-7.6678772 -1.0099269 9.754734 4284241484
-7.7563796 -0.75159395 9.2582378 4283262332
-7.8366175 -0.92163002 9.4737997 4285552162
-7.7468081 -0.69311643 9.2542686 4283261561
-7.8354645 -0.74481475 9.4936304 4286211650
-7.4604912 -0.93483484 9.6645699 4284766276
-7.3666525 -0.59530342 9.5871048 4286739801
-7.4044018 -1.2492239 9.9683037 4287398771
-7.2473526 -0.95748484 9.6321726 4283652701
-7.1169872 -0.975034 9.5428276 4285227605
-6.7994061 -0.96792579 9.5352688 4285424728
-6.7572632 -0.96541297 9.5204353 4285424728
-7.2616811 -0.92557466 9.613904 4285300614
-7.1503353 -0.77270889 9.6097193 4283645212
-7.2534246 -0.59736335 9.6418467 4282863183
-7.1508408 -0.74310875 9.6138363 4283381789
-7.0042467 -0.77132535 9.6236792 4283389539
-6.6979742 -0.90582502 9.530942 4287918638
-7.0149679 -0.71335661 9.6446323 4283191129
-6.6649632 -0.5880357 9.6508217 4286286994
-6.7176266 -1.2471719 10.060292 4288912269
-6.5545144 -0.97849715 9.6708736 4285227350
-6.3934574 -0.98499846 9.7560816 4283252530
-6.3686771 -0.98564422 9.7660685 4283253298
-6.057982 -0.98592889 9.8224516 4283779385
-6.6937256 -0.92815828 9.7400541 4283848277
-6.4810643 -0.77513671 9.7695036 4285555022
-6.7032294 -0.71537983 9.7334747 4285165680
-6.4441824 -0.71376693 9.7686415 4283519837
-6.1947045 -0.79066479 9.6684799 4286473259
-6.1155987 -0.79574335 9.7375593 4287075482
-6.1815891 -0.58139384 9.672224 4287590965
-6.1256542 -0.73752344 9.7595291 4286811796
-6.0702896 -1.2561036 10.227094 4289899683
-6.0276375 -0.98556495 9.8245049 4283910458
-5.783927 -0.98245895 9.8394003 4286477673
-5.724277 -1.0810171 10.160486 4287855171
-5.6922312 -1.0872018 10.21748 4288782492
-6.0792356 -0.78236127 9.9284811 4286411364
-5.676343 -0.91764116 9.8247385 4288576827
-5.7406921 -0.68233514 9.9051838 4287195178
-5.7140665 -0.84443378 10.003116 4284242517
-5.6421366 -0.79570591 10.161385 4285685826
-5.7323112 -0.75554228 10.043655 4284110417
-5.6387568 -0.76403773 10.158888 4285554498
-5.1794491 -1.308008 10.275441 4288456623
-5.1594491 -1.0816015 10.260126 4288456365
-5.1442528 -1.3382524 10.267661 4286480768
-5.0437117 -0.97418225 10.172328 4288390572
-5.4960227 -0.88103735 10.419121 4288715406
-5.460741 -0.684039 10.374948 4288517513
-5.0173264 -0.94378293 10.18703 4288325292
-4.9663687 -0.73279858 10.300597 4287466375
-4.6773062 -1.1950396 10.474304 4287727217
-4.6616554 -1.2318788 10.509163 4289966250
-4.6744266 -1.1620753 10.471242 4287727214
-4.6472158 -1.1631422 10.484128 4290031786
-4.4006824 -1.2601887 10.517612 4288980388
-4.1550488 -1.3053402 10.645194 4289439646
-4.405067 -1.1325654 10.539878 4288651165
-4.1732955 -1.138024 10.622546 4288386187
-4.7294931 -0.96067357 10.39632 4289308318
-4.7312117 -0.76455903 10.349732 4288913043
-4.6102791 -0.61177874 10.456634 4288061348
-4.4095211 -0.97263026 10.565357 4288387992
-4.1422071 -0.80628538 10.575657 4288518029
-4.4299316 -0.7705406 10.47884 4289505955
-4.2655549 -0.61430216 10.571749 4286216306
-3.7432168 -0.79361439 13.159719 4290888643
-3.1842279 -2.2251015 17.036142 4294309365
-3.1354997 -2.2274642 17.060183 4294243829
-2.8123171 -2.263119 17.360352 4292861918
-1.5520712 -1.0462298 16.456911 4290163887
-1.2416596 -0.93521297 15.690668 4291150782
0.27986899 -1.4358985 11.754306 4288715667
0.48566595 -1.4164038 11.650938 4288913563
0.27131048 -1.2089963 11.647882 4288781460
0.47650221 -1.1967373 11.584086 4288848026
0.26817581 -1.0069666 11.72616 4289110681
0.50423455 -0.85462439 11.648759 4290229424
0.49905154 -0.7137413 11.624627 4289966509
0.89232934 -1.3914818 11.540345 4288649872
0.88030958 -1.1426641 11.494999 4288781201
1.1029514 -1.361109 11.604083 4288716183
1.0866753 -1.1084613 11.532234 4288716183
0.87936366 -0.97654331 11.552155 4289307802
1.1055166 -0.82797551 11.484165 4289506213
1.1048249 -0.69491804 11.525081 4289571751
0.36917859 -0.11583135 2.7740803 4288583566
0.39296344 -0.11944664 2.7533321 4291875795
0.36751792 -0.080607325 2.7742577 4288780947
0.39214274 -0.07831645 2.759697 4291875795
0.36677006 -0.046039343 2.7793078 4288913304
0.39054409 -0.023214251 2.7656364 4289901748
0.36502001 -0.0041646957 2.7807584 4289176479
0.38968143 -0.0024631172 2.7665224 4287993493
0.48652169 -0.052504137 2.3776855 4291609782
0.4921762 -0.036335796 2.3428998 4291810263
0.48605016 -0.035460204 2.3798068 4292071111
0.49202862 -0.030772299 2.343617 4291875800
0.50166583 -0.022402778 2.2366765 4289570456
0.51691669 0.0090668797 2.2427027 4290691010
0.52141255 0.0093699396 2.2407494 4292532179
0.48609874 0.00032088161 2.3682501 4289236297
0.48968616 0.0030936003 2.3430276 4290033854
0.46526387 0.066646993 2.3099442 4292577875
0.47874805 0.062187105 2.2306962 4286598725
0.49702874 0.035345137 2.1868787 4290277490
0.50938159 0.036313087 2.1793311 4290201405
0.47987583 0.063206322 2.2180357 4288370765
0.51847863 0.072691835 2.1701014 4288506221
0.52158374 0.078067929 2.1660054 4291084744
0.53530049 0.081276529 2.0607009 4291413700
0.54161006 0.082807034 2.0419459 4289837507
0.63343155 0.034866154 1.6784136 4289963925
0.63340431 0.070027292 1.6790121 4289963925
0.87594754 -0.0056596845 1.9939119 4287930023
1.4905148 -0.088652402 2.9649076 4289309094
0.6336419 0.076865487 1.6806694 4289633665
0.63452357 0.1013357 1.6809138 4289568386
0.63369817 0.095094711 1.6726898 4287334275
1.0299767 0.024404407 2.2412953 4287996074
0.63271654 0.11226136 1.6741489 4287925636
1.5770907 -0.079825103 3.0943985 4289374886
1.578433 -0.049511716 3.1020217 4289769386
-7.7390585 -0.23121598 9.1973124 4286018671
-7.7393622 -0.17477825 9.2044554 4286018671
-7.7964621 0.10662308 9.3031797 4283784551
-7.763391 -0.40625057 9.2728863 4282735217
-7.8240457 -0.56722856 9.5015717 4286411358
-7.7666903 -0.23393765 9.262742 4284179310
-7.8804474 -0.39725009 9.6245508 4284176463
-7.3735938 -0.50735128 9.6061678 4286540354
-7.4769859 -0.30583552 9.7198362 4285620032
-7.7789106 -0.20612589 9.2800188 4283785326
-7.8013086 -0.06813547 9.5348053 4284111444
-7.8175592 -0.036458105 9.3444901 4282077030
-7.8489704 -0.010985464 9.5972805 4282332969
-7.4737315 -0.21623126 9.7263546 4285885793
-7.3893008 -0.0015500486 9.2725782 4282595626
-7.2009277 -0.44207272 9.5532084 4283982690
-7.2296472 -0.38572374 9.5964117 4282402633
-7.1880722 -0.24325809 9.7614956 4283514918
-6.8340454 -0.41184083 9.6465483 4281872934
-6.6492872 -0.43859968 9.6461248 4285562240
-6.8413053 -0.264761 9.6734009 4284434987
-6.675324 -0.38184115 9.688942 4284705644
-6.9271507 -0.10888335 9.2817183 4281742129
-7.1633277 -0.1209248 9.6623468 4281413164
-7.0660486 -0.12331614 9.822937 4281873972
-6.8022275 -0.15152821 9.8923111 4283718233
-6.730999 -0.53890586 9.7926102 4282334518
-6.7320714 -0.38895509 9.8113089 4282268209
-6.5430794 -0.23632404 9.8292265 4285096010
-6.1679277 -0.5206722 9.6584578 4287458858
-6.1049461 -0.55557919 9.7479935 4285888113
-6.1448402 -0.37114432 9.640461 4287461977
-6.1197429 -0.37597576 9.742938 4286745741
-6.7389302 -0.12158236 9.9409304 4283321420
-6.5596976 -0.20740268 9.8564739 4285029961
-6.11695 -0.19337067 9.6183977 4288780422
-6.1113887 -0.19755849 9.7501078 4286611317
-5.720789 -0.52858424 9.8887577 4287853362
-5.7352443 -0.37949583 9.9290791 4287919677
-5.7301383 -0.5062809 10.012988 4286547075
-5.6046371 -0.44979605 10.133086 4284832072
-5.7245736 -0.38380429 10.016896 4285954681
-5.651495 -0.39306232 10.220868 4285161554
-5.7485256 -0.20123932 10.023556 4286942094
-5.7630825 -0.20396575 10.101296 4284045403
-3.9652052 -0.0054257214 7.5251379 4285030483
-5.455894 -0.58841646 10.376084 4288649099
-5.4967642 -0.27628586 10.484056 4288781459
-4.9840622 -0.57431889 10.287089 4288322459
-4.9908876 -0.38785103 10.319675 4287532684
-4.0036287 -0.035864919 7.8528209 4291470626
-3.8536694 -0.0058421195 7.6205468 4287199830
-3.7242873 0.04123047 7.6021495 4283514936
-3.7405245 -0.0054016411 7.6743703 4285622359
-3.7270498 -0.010412484 7.9328136 4285820519
-3.6663742 0.041651696 7.6260977 4283383861
-3.5272818 0.041386873 7.7750807 4283514933
-4.5835414 -0.54881811 10.476156 4284310619
-4.5916352 -0.22768304 10.381892 4287929251
-4.5730906 -0.22849104 10.412229 4285164123
-4.3822417 -0.47700801 10.397293 4287203204
-4.2619443 -0.54967415 10.569071 4286216306
-4.2895918 -0.31917337 10.423166 4287465360
-4.1232238 -0.35516062 10.569675 4288123530
-3.6061969 -0.011961907 8.0908451 4285490772
-3.5377786 -0.015780717 8.326745 4285425239
-3.474436 0.040806621 7.8660669 4283646520
-3.3637507 0.039658159 8.0518417 4284107069
-4.1801062 -0.087322205 9.9703331 4287203466
-3.2858782 -0.017647177 8.5882978 4285490777
-3.2185495 -0.017326862 8.6174278 4285556828
-3.3026581 -0.028517455 9.1181526 4285688925
-3.1891625 0.031182915 8.822485 4283448875
-3.3816581 -0.021690816 10.245489 4284702550
-3.5321982 -0.032815903 10.78199 4286807668
-3.2956426 0.043088585 9.9990578 4284176465
-3.4808993 0.12869158 10.643502 4285622619
-3.5614707 -0.51936209 11.919585 4291940038
-3.7200727 -0.54939568 13.097162 4290822850
-3.6018569 -0.45477542 12.05617 4291874244
-3.6178 -0.29806015 12.762639 4290757056
-5.3126125 -0.90300107 19.176783 4291083179
-5.3162713 -0.55154538 19.21357 4289700230
-3.5429945 -0.22993335 11.880727 4291545019
-3.5435052 -0.21275231 12.512805 4290691518
-3.6041598 0.16095439 12.231721 4289770160
-3.6398914 0.12317517 12.733713 4287598733
-4.9413438 -0.39004192 17.889446 4289437056
-5.2499785 -0.21850047 20.355263 4290359195
-4.0211229 0.07050088 14.806411 4284767053
-6.3966713 0.14634147 26.328604 4288518288
-5.9687815 -1.3111745 26.538334 4292203212
-5.6664314 -1.3353585 27.073725 4285954157
-5.9555197 -1.144842 26.488012 4292532433
-6.0927525 -1.2983211 27.855871 4287336331
-5.4569263 -1.367195 27.723705 4285756521
-5.2192554 -1.3950473 28.308165 4291807939
-5.3056035 -1.3087379 28.299959 4288255370
-5.2422447 -1.2271651 28.436668 4292268746
-5.7300816 -0.76392949 27.399433 4288125573
-6.3235321 0.14726987 26.365294 4289900712
-5.3379021 -0.7785908 28.024717 4290164656
-5.1448078 -0.77258623 27.924431 4292466125
-3.7056644 -0.76062763 25.763222 4287203458
-2.3148363 -0.89896286 19.973738 4288321682
-1.5436734 -0.93925333 16.359154 4287400840
-2.4278238 -0.57061136 20.929392 4289506213
-1.6238847 -0.4565309 16.631641 4289243298
-4.0367846 -0.74184668 27.463711 4292467156
-4.0520101 -0.24157152 27.565578 4290493361
-2.487509 -0.45952591 21.436815 4290032301
-1.6261164 -0.25680801 16.638958 4289045919
-2.6031523 -0.15083155 22.416075 4289176471
-1.6282219 -0.057600349 16.645021 4288782746
-1.3339866 -0.87730563 16.226225 4288519320
-1.3518714 -0.54246104 16.403563 4288979868
-1.3561517 -0.3461822 16.432095 4289045404
-1.0443252 -0.099505991 14.163675 4288452231
0.49423048 -0.57441545 11.607195 4289900459
1.0994154 -0.55828869 11.521141 4289440421
1.1015043 -0.35925147 11.612888 4289308578
0.36353377 0.037448347 2.7835979 4289374115
0.39357969 0.039431259 2.7623372 4290954693
0.36214861 0.07891953 2.7869582 4290427063
0.3921499 0.080474749 2.765564 4290822594
0.3602913 0.14092106 2.7931643 4290098612
0.39072385 0.12141913 2.7687855 4289046181
0.35963246 0.16155708 2.7950044 4290098354
0.39406395 0.18274975 2.7671514 4291151561
0.39880598 0.15594411 2.7504759 4290953140
0.39837137 0.17613256 2.7534342 4291150528
0.43807185 0.18403971 2.6112442 4289769652
0.45562324 0.16008991 2.5511036 4291150264
0.47236416 0.16117787 2.5002058 4291084727
0.45650658 0.18462601 2.5362988 4289572275
0.47493562 0.18516362 2.47155 4288716967
0.46816143 0.071384072 2.321146 4292513888
0.46829823 0.076321334 2.2502334 4284111441
0.46779206 0.12105222 2.3121486 4291855175
0.46349475 0.13291645 2.2816885 4290201408
0.47944048 0.10417022 2.2254639 4287007096
0.51783901 0.082712367 2.1703229 4287509044
0.47883353 0.10937728 2.2246234 4284044609
0.51732886 0.11745495 2.1760912 4287573299
0.46812752 0.1371652 2.3168695 4292051010
0.47509906 0.16562292 2.2411602 4291509299
0.49484828 0.18565562 2.420238 4286677378
0.50126547 0.1861603 2.3310773 4289835446
0.49171802 0.16155581 2.1973009 4290856238
0.5191161 0.14211735 2.1864786 4286906381
0.50552958 0.18623003 2.3275704 4291283406
0.53403032 0.18686026 2.2696505 4289045413
0.52063167 0.088107511 2.1653347 4290953159
0.53489017 0.090571314 2.0614991 4291348165
0.52191669 0.13739385 2.1793394 4288772733
0.53540689 0.11422689 2.0556607 4290095509
0.53537595 0.11881872 2.0565095 4290096022
0.52230746 0.14232412 2.1815019 4288641921
0.5238058 0.17230734 2.1779337 4287790981
0.53701025 0.19704755 2.0530624 4290489493
0.63403851 0.12199132 1.6838535 4289965739
0.63406599 0.13917209 1.6870354 4290163633
0.63227141 0.12935187 1.676507 4289436289
0.6329512 0.13953769 1.6795202 4289437582
0.63205922 0.15989904 1.6873864 4290426293
0.63284057 0.17044201 1.679342 4289173117
0.63262892 0.18066184 1.6808447 4289041788
-7.8412681 0.13470164 9.3574314 4283193190
-7.8003759 0.44577172 9.3142595 4283126883
-7.8132524 0.5027703 9.3356934 4281682271
-7.9171886 0.76227641 9.4500713 4282667102
-7.9912763 0.1338326 9.5629845 4279635213
-8.0007553 0.30911866 9.5948858 4280030742
-5.5117159 0.17328343 7.0748391 4283974958
-5.5281892 0.27838305 7.0802331 4283514922
-7.8422546 0.48126295 9.5050364 4280423949
-5.3701468 0.41771117 6.8819275 4283584594
-7.8045006 0.651806 9.4821596 4280423949
-5.3595538 0.44248673 6.9768801 4282790171
-5.3028088 0.44352123 6.9880819 4283053088
-5.2961617 0.60613 6.972446 4283118114
-5.219305 0.58708739 6.983077 4288518800
-5.2031984 0.44631186 7.0285611 4282987810
-5.006897 0.43001994 7.0866933 4285360223
-5.1591249 0.58800197 6.9898291 4290295472
-5.0411601 0.59197319 7.0351739 4290032043
-4.9059525 0.43284521 7.130003 4284504911
-4.8879695 0.4332653 7.1358228 4284439115
-4.9061604 0.57783306 7.1170683 4284832591
-4.875349 0.5792681 7.1354985 4284832589
-4.7883806 0.43626073 7.1833091 4284306759
-4.661427 0.43787149 7.193449 4284175170
-4.6709719 0.58451223 7.1918297 4289110938
-4.6028905 0.58703732 7.2225928 4289899943
-4.5504746 0.44038466 7.2275424 4283315748
-4.3957305 0.44497684 7.2999086 4282723874
-4.5398269 0.58790338 7.2283807 4290031530
-4.3379989 0.59389198 7.2964988 4290097322
-3.9316826 0.28276029 7.4955211 4284435261
-3.9138515 0.36989716 7.4727511 4283251498
-4.2369657 0.44795349 7.3345518 4282263834
-4.2155504 0.44823363 7.3364534 4282197526
-4.3223701 0.59471512 7.3073149 4290031528
-4.1050043 0.57815802 7.3541918 4284635207
-4.0897164 0.45009127 7.3524675 4282065430
-3.8996987 0.4329448 7.4133244 4282860861
-4.0274091 0.6631664 7.3461723 4285096534
-3.9045653 0.37077239 7.4974117 4283514158
-3.7193968 0.37532023 7.5824065 4283251502
-3.6751606 0.37589017 7.5864353 4282988586
-3.5404849 0.3805131 7.6897078 4282725670
-3.8679388 0.43594113 7.4794645 4282860093
-3.7684467 0.43977717 7.5505981 4281677106
-3.5954759 0.44609717 7.6657 4280030733
-3.4813714 0.44937077 7.7196808 4280028416
-3.3932929 0.42817309 7.7296371 4282991165
-3.2770574 0.42936423 7.7316613 4281873714
-3.2458432 0.37274507 8.0947647 4283383090
-3.0916083 0.43991068 7.9637494 4280686093
-3.4140704 0.45232883 7.7766991 4280028416
-3.3571146 0.4541035 7.8070931 4280423936
-3.0463295 0.43282321 8.4116211 4282067484
-3.3135154 0.48417452 9.1917562 4284766281
-3.4136572 0.34470466 10.368959 4284110415
-3.4943709 0.35034838 10.701213 4285359706
-3.3973978 0.5164324 10.066928 4283385666
-3.5130405 0.54195416 10.77185 4285426015
-3.0500348 0.48222414 8.425703 4282330400
-3.3162556 0.53830779 9.2037544 4284700235
-3.5433915 0.69486141 10.682118 4282860864
-3.506017 0.57291389 10.753603 4285426015
-3.5404594 0.91363871 10.691563 4283387207
-3.4957354 0.76100636 10.738433 4285886568
-3.5618465 0.1973044 12.094838 4289441710
-3.5385711 0.19778135 12.140762 4284572254
-3.3354158 0.5184871 11.973083 4283652960
-4.277205 0.39379326 15.750316 4285362804
-4.5469246 0.21414128 18.57345 4286018154
-3.0010066 0.57114887 11.414654 4285956222
-4.4609256 0.75350225 18.036453 4285364610
-3.2886901 0.61835063 11.817326 4283783247
-3.3548906 1.0078001 11.948979 4285427565
-2.9287653 0.63839734 11.406981 4287404690
-3.4703777 0.91859007 14.117819 4284047958
-2.9405017 0.80813241 11.461969 4286486441
-3.7218671 1.0064214 14.939914 4287401867
-4.6776056 0.21704426 19.585117 4285625204
-4.9256659 0.78602493 20.904783 4284963922
-3.7952452 0.97319853 15.990146 4285426015
-3.3906662 1.0572037 14.327237 4289242522
-3.3230371 0.4569706 23.113188 4285887342
-3.197576 0.94443095 21.345419 4290164142
-2.8345129 0.65237415 19.737034 4286216269
-2.8939722 0.58868396 22.52412 4289045146
-2.8191202 0.70913422 21.941347 4287926663
-3.0175831 0.96098983 20.153595 4290032298
-2.8745725 0.93978727 19.600962 4287530595
-2.3988502 0.90670478 18.680576 4286610796
-1.5442281 1.0036138 16.199993 4288191127
-1.3528721 0.33868161 16.310175 4287334786
-1.3240151 0.779652 16.508066 4289242526
-1.489895 1.0007268 16.136528 4286347894
0.40238902 0.4810411 11.753695 4287861651
0.32516006 0.99684644 11.902181 4287728771
0.5534482 1.0647115 12.339439 4287595636
1.0048679 0.51786542 11.640387 4290362302
0.69836956 1.0283912 11.83335 4288386187
0.75284141 1.0147343 11.643057 4288584337
0.94970143 1.0127712 11.597304 4288386442
1.1359316 1.0049554 11.473305 4286675567
0.35875317 0.20278209 2.8010969 4290032562
0.39334476 0.20982093 2.7704329 4290033073
0.39158234 0.27743733 2.7788 4288059025
1.3712724 1.0290297 11.776502 4288123265
0.39064011 0.29081315 2.7774706 4287400063
0.38976708 0.3245368 2.781673 4284505434
0.39747176 0.22324985 2.7609062 4291084471
0.39604884 0.27705246 2.7674794 4290558128
0.39537537 0.31747881 2.7743778 4289375401
0.39504379 0.33770767 2.7778563 4289243559
0.49242726 0.20266724 2.4155984 4290886059
0.49067709 0.22493234 2.395237 4289305990
0.48898211 0.23643139 2.4111056 4291150264
0.48991916 0.23607862 2.3950877 4289767320
0.49109033 0.28947774 2.3553672 4287994785
0.48646763 0.3237983 2.3837981 4288779393
0.54297864 0.22410387 2.039567 4287797668
0.54488266 0.22399974 2.0332079 4289967803
0.54298401 0.23311946 2.0413876 4286417563
0.54464114 0.23744522 2.0352898 4289836733
0.53591704 0.27848685 2.0551162 4286085502
0.54322648 0.27769166 2.0397809 4287404973
0.53545713 0.28749174 2.0557451 4289570971
0.5432623 0.28218949 2.040771 4287601836
0.63219732 0.21464847 1.6807332 4288384120
0.63170141 0.22480737 1.6817459 4289110686
0.63261473 0.24840243 1.6820536 4288515445
0.63302356 0.27855551 1.6827419 4288516734
-7.5322976 0.91322398 7.4744644 4286676348
-7.492763 0.91930711 7.5282869 4287137416
-7.5172429 0.91158342 7.6652479 4287793799
-6.6949353 0.89705062 6.5881348 4284444295
-7.2853708 0.95406377 7.2530308 4284443782
-4.8020968 0.75064325 4.8662834 4284105014
-4.7894974 0.75098848 4.8685727 4283048977
-7.3480616 0.9659332 7.355557 4285226062
-7.5318489 0.97913277 7.6641059 4285226061
-4.5615063 0.75372732 4.782999 4283319619
-4.5449276 0.74367189 4.8076386 4282726707
-7.6375389 0.97095704 8.0063772 4285621851
-7.6446357 0.97449374 8.0389862 4285226062
-7.5990176 0.86830914 8.4342756 4285885543
-7.6198235 0.96463346 8.1680355 4285357648
-7.613502 0.9564091 8.321291 4285226063
-7.6036768 0.98002374 7.875618 4283974177
-7.7358294 1.0569377 8.1383324 4284175944
-7.2179933 1.188508 7.5541382 4287070842
-7.3432446 1.1680692 7.8919697 4286216821
-7.7291036 1.0502173 8.2876453 4284110937
-7.7759204 1.04924 8.4982328 4284506467
-7.3258953 1.1692137 7.8999977 4285955451
-7.2930555 1.1523989 8.124732 4285560183
-7.5711975 0.87369478 8.491188 4286544506
-7.6845822 0.90909541 8.8846254 4286281072
-7.573916 0.94454122 8.4457617 4283514146
-7.6856861 0.93586791 8.8890762 4283844928
-7.740356 0.92909467 9.1063509 4283055926
-7.9429789 0.82136536 9.4862537 4281681755
-7.6903601 0.93930495 8.9256687 4282527008
-7.893208 1.0094767 9.3849926 4281476630
-7.4216094 1.1450782 8.4525738 4285427050
-7.3956947 1.1381679 8.5992193 4285625975
-7.2639546 1.1556392 8.1488657 4286610547
-7.079227 1.1522285 8.1177826 4287071357
-7.4241323 1.1306951 8.7504539 4285558892
-7.5389452 1.1217192 9.1330948 4285098342
-7.6041718 1.1173837 9.3422632 4283584067
-7.5022707 1.1162704 9.3276205 4283387723
-5.3003449 0.7500633 6.9946227 4283249186
-5.1864314 0.64995909 7.0039868 4288715147
-5.2960653 0.87245333 7.0039134 4285880874
-5.2817144 0.77104771 7.0010271 4286146641
-7.4554014 1.1226224 9.1376991 4284638568
-5.4688587 0.99760902 7.0425239 4283782747
-5.4343319 1.1149096 7.0155692 4283258721
-5.291472 0.89229834 7.0006595 4285880874
-5.1641922 0.9750402 7.0144706 4286739554
-5.4290781 1.1216702 7.0621748 4281672214
-5.088645 0.65177715 7.0187626 4288846732
-5.0480356 0.65237308 7.0228252 4288780683
-5.0840731 0.87427211 7.0112157 4288846733
-4.9603214 0.87581575 7.0198808 4288715147
-4.9078393 0.87792349 7.036828 4288714889
-5.1385517 0.97451901 7.0094891 4286870885
-5.0057316 0.97458732 7.00595 4286936936
-5.1812258 1.1414597 7.1946607 4281868828
-5.015451 1.1398356 7.1806335 4282197532
-4.8940182 0.97802138 7.0301518 4286870630
-4.7839632 0.96138024 7.055161 4285356612
-4.9160895 1.1466918 7.2263064 4282859591
-4.7530603 1.1409417 7.1838279 4282201403
-4.6364222 0.66512883 7.1514497 4288517252
-4.5856233 0.66722119 7.1740704 4288912267
-4.5618978 0.88315046 7.0693784 4288122233
-4.4709425 0.88290095 7.0631056 4289043596
-4.4314694 0.67094958 7.2085862 4289175182
-4.2959647 0.67426324 7.2394028 4288912010
-4.4158735 0.88478005 7.0778503 4289175182
-4.2366996 0.88829601 7.1020956 4289043854
-4.556078 0.96412706 7.0702553 4286607715
-4.5167365 0.9649905 7.0760698 4288319624
-4.597405 1.1363044 7.1491604 4282332986
-4.4908218 1.1371058 7.1528893 4282728769
-4.3990817 0.96373618 7.06183 4289109912
-4.2071519 0.96485543 7.0646949 4288978325
-4.365109 1.1433957 7.1942039 4283123527
-4.3457556 1.1489612 7.2323174 4283321161
-4.2766976 0.67475677 7.2440748 4288911753
-4.1852646 0.89090538 7.1236687 4288254079
-4.011189 0.90364254 7.2323575 4286016863
-4.0164676 0.76827145 7.3388839 4284701521
-4.0145707 0.83175159 7.3425107 4284438603
-4.1604276 0.96848238 7.0930505 4287135609
-4.0796633 0.95784974 7.1708093 4283581494
-4.1685519 1.1594542 7.3017883 4284111451
-4.1359148 1.1623261 7.3210726 4284637795
-3.9869249 0.93268061 7.306304 4282728517
-3.9700487 1.1555543 7.4161434 4281938740
-3.8877468 1.1633608 7.4696398 4282203704
-3.8340015 1.1671029 7.4950156 4282269244
-3.7233698 1.1679621 7.4990067 4284638051
-3.6309469 1.1710733 7.6717939 4281676335
-3.4715111 1.1632727 7.7701659 4281609517
-3.2875891 1.1250036 7.981988 4280030733
-3.4469221 1.1629627 7.7673354 4281742131
-3.3199079 1.1587873 7.8976536 4281742899
-3.210932 1.1456389 8.1420527 4281873720
-3.1855285 1.1529629 8.1989155 4283189833
-3.2101455 1.153657 8.0267391 4283453260
-3.1662657 1.1626499 8.0946941 4285559154
-3.3867126 1.1463881 9.6752796 4283911739
-3.5546825 1.0650952 10.651858 4283056694
-3.5409746 0.95980263 10.888139 4286281841
-3.5084636 1.1191697 10.25704 4283122225
-3.136224 1.1527896 8.382762 4283913555
-3.3048692 1.1602254 9.3019466 4284438341
-3.0402946 1.1692874 8.1423836 4288123789
-3.2757647 1.0905181 11.682329 4285231993
-3.0864322 1.1001323 11.385205 4286152317
-3.1138515 1.0914943 12.56377 4286215269
-0.091518179 1.1261723 11.09853 4289506217
0.11363797 1.1261402 11.84288 4286743169
0.28301969 1.1209998 11.767295 4287467150
0.51874405 1.1186818 11.720526 4287858032
0.67888731 1.1086978 11.587166 4287533200
0.76647383 1.095595 11.421904 4287533716
0.92656809 1.0931336 11.379424 4287598734
1.1132476 1.0876077 11.297813 4287400840
0.99979913 1.1188226 10.289857 4290229683
1.2981046 1.1156062 11.238919 4288782749
0.3884379 0.36486444 2.785265 4284571998
0.38677993 0.40494695 2.7871418 4284637535
0.36531469 0.44496083 2.7904668 4287070841
0.36817995 0.51725602 2.7892404 4286083174
0.39419225 0.36453331 2.7804303 4289178022
0.3918204 0.41774186 2.7821517 4287796111
0.39514747 0.47684801 2.780664 4288585369
0.39387146 0.50984687 2.7827377 4288256660
0.48635802 0.33486921 2.3858531 4289307285
0.49130675 0.37550461 2.3569975 4288586664
0.48530957 0.41568515 2.3816204 4288055666
0.48529848 0.43225276 2.3852038 4288714374
0.49390021 0.45362777 2.3476291 4289834145
0.53757429 0.30975759 2.0542684 4290687387
0.54411739 0.30848968 2.0371664 4289046703
0.53616822 0.35018367 2.0587974 4289176468
0.54354978 0.34418309 2.0428748 4287929513
0.5360052 0.36373428 2.0611029 4288909934
0.54314029 0.36200249 2.0454092 4288258215
0.53480279 0.39508611 2.0643296 4289702048
0.54126894 0.40174961 2.0486693 4288783789
0.63239568 0.2886014 1.6835181 4288846995
0.63334101 0.2945314 1.6753671 4286347893
0.63149053 0.31152463 1.6807522 4288582529
0.63227785 0.31444883 1.6772193 4286019445
0.63133419 0.32158107 1.6823165 4288781976
0.63082892 0.33759376 1.6790183 4288252530
0.62854487 0.34785032 1.6824484 4289044640
0.62971413 0.35072204 1.6795545 4288321686
-4.835506 0.87845063 4.8987737 4286214991
-4.8998499 0.878016 4.9841466 4285749794
-7.4017758 1.1955574 7.4559879 4286145047
-7.3955779 1.2082086 7.5415444 4286086784
-7.0361166 1.1883396 7.4015322 4287926667
-6.9260306 1.182816 7.3624516 4288057996
-5.3871398 1.1714503 6.9920459 4286870097
-5.38767 1.1756005 7.0190806 4286348930
-5.2409644 1.1648066 7.0782232 4284703589
-5.1993012 1.1695058 7.1088505 4285954174
-5.0375576 1.1605825 7.1830492 4282860355
-5.0022068 1.1624274 7.1949992 4283517512
-4.7455854 1.1601429 7.1756101 4283255112
-4.586627 1.1499467 7.1041484 4286741363
-4.5172777 1.1491631 7.0977826 4286020221
-4.3313637 1.1564518 7.1442881 4287401619
-4.3141074 1.1575119 7.1511998 4287533203
-4.1957593 1.160573 7.1701145 4287665821
-4.1041718 1.1702243 7.2340565 4287073168
-3.96977 1.1696931 7.2284064 4287531911
-3.8022318 1.1718203 7.2402472 4287597968
-3.7303751 1.1760885 7.2680435 4288124048
-3.5552874 1.1824834 7.3086629 4288584340
-3.4940856 1.1838983 7.3173075 4287860615
0.36706743 0.5435766 2.7902684 4286148968
0.36602959 0.56989688 2.7916842 4286215530
0.49613419 1.012212 4.4793115 4290097577
0.36456886 0.60255134 2.7925425 4286346605
0.36759576 0.66672832 2.7905712 4285490778
0.39229572 0.55607939 2.7866783 4287269768
0.39184475 0.57605278 2.7895021 4286611580
0.39534691 0.62741554 2.787303 4288125074
0.39453915 0.65370309 2.7899909 4287730830
0.49092731 0.47104737 2.3589566 4287599767
0.48553857 0.50681174 2.3842108 4287331682
0.4930484 0.48563021 2.3517766 4288782492
0.49235567 0.5177108 2.3564558 4288651681
0.48537871 0.52875924 2.3884587 4288385407
0.48486248 0.58519781 2.3812644 4286013490
0.49246666 0.53946757 2.3615084 4288586663
0.49136433 0.57129514 2.3648076 4287271057
0.53556401 0.43895623 2.0638371 4288911492
0.5403018 0.42828602 2.0515513 4287862172
0.53483015 0.46123967 2.0664434 4289504669
0.54172176 0.45390514 2.049346 4288520876
0.53459436 0.47017547 2.0676367 4289966509
0.5405004 0.47568372 2.0506558 4288323495
0.53398579 0.49702755 2.0714767 4290098354
0.53593177 0.50024831 2.0659451 4288714112
0.62745237 0.36099666 1.6830184 4289176479
0.62936121 0.36066943 1.6807739 4288584600
0.62708801 0.38101888 1.6860454 4289308067
0.63058221 0.3835305 1.6816186 4287923052
0.63031775 0.40913832 1.680552 4288187003
0.62989074 0.4223066 1.6822349 4288321952
0.68080777 0.41521287 1.695521 4284898645
0.67134637 0.43551064 1.6845353 4285359450
-4.5868058 1.2255656 4.7192817 4287596904
0.36552468 0.70501697 2.7898183 4285622621
0.36509183 0.71805418 2.7909522 4285622365
0.36374474 0.77064717 2.797564 4285885794
0.3673991 0.82756972 2.7973757 4285029968
0.39151815 0.71132994 2.7898679 4287006853
0.39503047 0.74817097 2.7845316 4287927953
0.39360955 0.78683233 2.7874031 4287927696
0.39195836 0.82506156 2.7890754 4287994002
0.4840773 0.60652494 2.3833046 4287265894
0.48363879 0.62262535 2.3853536 4287991166
0.49040893 0.58689392 2.3650815 4285560437
0.49141303 0.64312577 2.3634746 4287666072
0.47255698 0.68709171 2.4536462 4287731877
0.48336926 0.68285012 2.3975389 4287264799
0.48507878 0.68497235 2.3861454 4285823874
0.49084267 0.66969156 2.3673596 4284704869
0.48761192 0.68784952 2.3778105 4283840532
0.50548464 0.6875993 2.304852 4288326591
0.53404975 0.53075552 2.0673113 4289768616
0.53401363 0.56848693 2.0638323 4288123788
0.51372337 0.67716372 2.2680824 4287594854
0.53390634 0.57290149 2.0644455 4288649356
0.53559726 0.62033993 2.0673187 4287725663
0.62909919 0.44199252 1.6844994 4288189585
0.63072479 0.47328812 1.6824117 4287924343
0.62948847 0.48930433 1.6832973 4288254863
0.62868822 0.49886698 1.6837255 4287991434
0.67248338 0.44474152 1.6830359 4284635729
0.67523885 0.47108528 1.6870974 4284700741
1.3569183 0.74021173 2.7697711 4283385134
0.63084233 0.49036795 1.6754655 4285623914
0.67400742 0.47722682 1.6863084 4285029203
0.63005292 0.5097084 1.6776819 4285164136
0.67019439 0.49548194 1.6837288 4285096022
0.67924958 0.49463853 1.6925751 4284107573
0.67175555 0.50795054 1.6835229 4284504141
0.36602256 0.86620343 2.8002977 4285227345
0.36571106 0.87249851 2.8003359 4285227347
0.36359927 0.92333174 2.802669 4285622362
0.3629736 0.94944155 2.8061752 4286151548
0.39119852 0.8645041 2.7952762 4284966756
0.39409724 0.89935052 2.7869754 4288060055
0.39257887 0.93728304 2.7892494 4288125848
0.39123791 0.97540879 2.7924008 4286875268
0.48459038 0.71736264 2.3915596 4287925369
0.48295423 0.74857783 2.3929698 4288649355
0.49279335 0.70987809 2.3655071 4288191388
0.51173866 0.69001794 2.2793994 4287665315
0.48476377 0.77215505 2.3867822 4285882171
0.48249206 0.78097892 2.3984718 4288715149
0.48166141 0.81297827 2.402683 4288715661
0.48403159 0.79315853 2.3889441 4287068774
0.48354468 0.8089689 2.3907795 4288056957
0.51968491 0.68969762 2.2457018 4288853189
0.52466357 0.67646694 2.2165408 4287662200
0.53530943 0.62460649 2.0674548 4288517252
0.53378886 0.6637423 2.0714817 4288978841
0.53513837 0.68360841 2.0681076 4287990649
0.53427255 0.70071852 2.0693784 4288517515
0.54327935 0.63978821 2.0479541 4288717220
0.54230726 0.6655013 2.0506952 4287861911
0.54187602 0.68280387 2.0530772 4287402651
0.54170901 0.69591224 2.0552669 4287336856
0.62956858 0.51428878 1.6828096 4287072917
0.62804419 0.53990674 1.6849687 4287267708
0.62618536 0.5652647 1.6865406 4287398517
0.62583995 0.57494879 1.6877298 4287530364
0.63013488 0.51631641 1.679005 4287266664
0.66694182 0.51380551 1.6820196 4285360221
0.62974674 0.53255606 1.6813079 4287068003
0.78761673 0.58412111 1.868243 4284239161
0.74198884 0.56621003 1.7957698 4283843878
0.62928241 0.55533135 1.6846668 4286414471
0.62811416 0.58428454 1.6880069 4286936682
0.67557836 0.56595635 1.6901187 4283977543
0.6745773 0.57201076 1.689684 4284306761
1.9914395 1.100305 3.2217131 4280425500
2.0272663 1.1075374 3.2233782 4279045376
2.0606964 1.0838139 3.2169151 4279045376
2.1053112 1.0767941 3.2183623 4280030733
0.36212665 0.98876953 2.8119383 4288255893
0.36084679 1.027221 2.8152995 4288387736
0.35996392 1.0664335 2.8208518 4288453529
0.3598958 1.1074557 2.8309612 4288716701
0.39068833 1.0014075 2.7962556 4285296237
0.39278379 1.0470266 2.7873549 4288388763
0.39885482 1.0261962 2.7807345 4289702816
0.39099827 1.0770788 2.7865057 4288455069
0.39579788 1.0805159 2.7801032 4289900195
0.38826749 1.1183887 2.7840638 4286283646
0.39324197 1.1153839 2.7769971 4289177247
0.48247203 0.86108589 2.3816943 4285948475
0.48220584 0.87158251 2.3830986 4286607701
0.48202559 0.8984617 2.3883011 4287464312
0.48321053 0.95245826 2.3870938 4286146117
0.53522837 0.74220538 2.0694356 4287924341
0.53456265 0.75047171 2.0694485 4288189590
0.53680718 0.79286838 2.072912 4287067738
0.53615189 0.80997097 2.0747094 4287662989
0.54111636 0.72191226 2.0589795 4286808967
0.54186666 0.76274621 2.0586467 4287401107
0.54136276 0.78871286 2.0625658 4286282621
0.54118192 0.81489968 2.0572236 4287073167
0.62535805 0.59443033 1.690466 4288320401
0.62723231 0.6034981 1.6900522 4287858812
0.62894863 0.60915601 1.6887888 4287069040
0.69143903 0.59929538 1.7152034 4283646502
1.5484562 1.1122525 3.0864153 4283252778
0.62941772 0.63693118 1.6895384 4286938227
0.62780797 0.65876603 1.6909019 4287464829
0.67135561 0.62545705 1.6849576 4283977538
0.6767509 0.64638984 1.6921053 4283384370
0.92216009 0.81969595 2.0830755 4283120946
1.8213593 1.2664773 3.1952195 4280690210
1.9914049 1.1152958 3.2242532 4280689174
1.9987432 1.1228204 3.2258415 4280028416
2.0334613 1.2005812 3.2469449 4280423936
1.8455983 1.2679571 3.1996999 4280690210
1.9016191 1.2710069 3.2091603 4280030733
2.041271 1.215883 3.2504163 4280028416
1.9452679 1.2676431 3.2193599 4280423949
2.038202 1.2595447 3.2541757 4280028416
2.0645995 1.1091083 3.209023 4279042048
2.0886455 1.1070253 3.2038765 4279637517
2.0913248 1.1569531 3.2073178 4278190080
2.0468748 1.2114667 3.2392097 4278190080
2.0363939 1.2698742 3.2451138 4279635200
0.38767979 1.1305351 2.7843385 4285099113
0.39153072 1.1517754 2.7781057 4288389278
0.37804571 1.1835958 2.7821641 4288060321
0.39039198 1.1626205 2.7755761 4287134801
0.37623832 1.199428 2.7776256 4289442230
0.39178818 1.1847947 2.758872 4288979610
0.37449047 1.2286054 2.7766633 4289244851
0.42405447 1.1672906 2.6588445 4288056437
0.42625007 1.1657703 2.6436558 4287925888
0.42950419 1.166489 2.6334805 4288320394
0.48303899 0.957623 2.3876567 4286475857
0.49111381 1.0003417 2.3736787 4285757815
0.4932892 1.0012122 2.364862 4288452751
0.48383436 1.0374095 2.390913 4286080320
0.49196693 1.0311406 2.3671579 4288059801
0.48344287 1.0475876 2.3918571 4286804565
0.49104604 1.0616375 2.3708022 4288586923
0.53567946 0.82725561 2.0769868 4288518290
0.53469801 0.85286319 2.0796776 4288781978
0.53363836 0.87834108 2.0821524 4288913823
0.53682137 0.84595013 2.0731535 4286804565
0.53585219 0.8670038 2.0749803 4287202433
0.53536546 0.87529886 2.0754471 4287794047
0.53467751 0.91788816 2.0720584 4287200616
0.62903464 0.66393864 1.6888294 4286543468
0.62886459 0.69411886 1.6890701 4286412396
0.66855854 0.67358601 1.6847098 4284108610
0.6772055 0.68052655 1.6942213 4282723862
0.66794443 0.67964351 1.6848698 4284174661
0.67293704 0.68088961 1.6879405 4282988582
0.62857926 0.70041466 1.6897503 4286609260
0.63043892 0.71000087 1.6846881 4285950033
0.62684268 0.73231399 1.6878762 4286478188
0.62872261 0.73129296 1.6858195 4285756789
0.6664027 0.69797766 1.685827 4284438091
0.68299925 0.70848739 1.7031702 4282527254
0.67229307 0.71707404 1.688845 4283517245
1.6318704 1.2664497 3.1552882 4281675302
1.712854 1.2679417 3.1619081 4280423949
1.6105366 1.2807941 3.0497637 4279635200
1.7274389 1.2681235 3.1628933 4280687629
1.8060125 1.2691488 3.1845889 4280030733
1.6495391 1.2777992 3.0301523 4279045389
1.5639933 1.2772473 3.0113068 4279639068
1.5698433 1.2745442 2.9915128 4280690214
1.6238558 1.2768327 3.0127621 4280032290
1.6522186 1.2777981 3.0160384 4280428066
1.8566403 1.2734313 3.1967659 4280423949
1.8267105 1.280436 3.1323819 4279042048
1.7997755 1.2800366 3.1150393 4279045389
1.8027334 1.2807157 3.1015391 4279045389
1.9223126 1.2733754 3.1827822 4279045389
1.9083608 1.275745 3.1401315 4280028416
1.8642119 1.2770505 3.11064 4279045376
1.9088329 1.2781092 3.0996852 4279045389
1.9925128 1.2765282 3.1929522 4279042048
2.0103252 1.2775282 3.1327062 4279045389
1.9339968 1.2763026 3.0816174 4279639068
1.9465367 1.2756853 3.0806994 4280033826
0.36820337 1.2689176 2.7867522 4285228113
0.3834959 1.2661723 2.7695117 4290426805
0.42087409 1.1917021 2.6283836 4289901494
0.44023892 1.1714618 2.5871019 4287857757
0.40858293 1.2725673 2.6688795 4289507761
0.43819275 1.1916099 2.5629611 4288519575
0.4111762 1.2709041 2.654952 4290164148
0.45257887 1.1693619 2.5292172 4287529827
0.45739439 1.1687317 2.5074043 4287530097
0.45994446 1.1687772 2.4974089 4287596664
0.48241869 1.0783322 2.3952079 4288715147
0.49010113 1.0867355 2.373229 4286941573
0.48417774 1.115644 2.3925896 4285882158
0.48964235 1.1019586 2.375051 4285625713
0.45424643 1.1913061 2.501472 4288387471
0.46976325 1.1687641 2.4581499 4288649879
0.46826443 1.1891133 2.4403167 4287795856
0.48379335 1.1527098 2.399291 4287926148
0.49122545 1.1490571 2.3744121 4287863711
0.48202923 1.1764677 2.3988574 4282531106
0.48777565 1.1680613 2.3833456 4281151023
0.53434449 0.92187905 2.0720487 4287136644
0.53416103 0.94696879 2.0665526 4287397993
0.53315973 0.97632122 2.0699549 4286935624
0.54425836 0.96858311 2.0554872 4286809483
0.62673771 0.73546767 1.6882771 4286609517
0.62759352 0.74653113 1.6867845 4286215022
0.62554455 0.75391269 1.6897117 4287070586
0.62711763 0.75259578 1.6871272 4286346608
0.67235142 0.74059939 1.6885781 4283384379
0.67338353 0.76795089 1.6904508 4282990648
0.62778735 0.78273904 1.6887947 4286543469
0.62886113 0.78736365 1.6865462 4285884503
0.6716336 0.77619314 1.6893423 4283385144
0.66952813 0.79051566 1.6887891 4283648827
