# .PCD v0.7 - Point Cloud Data file format
VERSION 0.7
FIELDS x y z rgb
SIZE 4 4 4 4
TYPE F F F U
COUNT 1 1 1 1
WIDTH 6287
HEIGHT 1
VIEWPOINT 0 0 0 1 0 0 0
POINTS 6287
DATA ascii
-2.8911595 -2.0467575 2.9370511 4287730830
-2.8802421 -2.0455222 2.9352787 4287467138
-2.9196897 -2.0391483 2.9660339 4288054107
-2.9090638 -2.0381975 2.9646509 4288450166
-2.8039181 -2.0367224 2.9226508 4288390056
-2.8405693 -2.0329566 2.97053 4288450420
-2.7707818 -2.0269477 2.9753361 4288581494
-2.4541028 -2.0164828 2.7458491 4288322695
-2.4502532 -2.0117869 2.7511616 4288454535
-2.4503169 -2.0040092 2.8003623 4288585866
-2.7288499 -2.0279467 2.9905205 4288452508
-2.7100935 -2.0278976 2.990448 4288844664
-2.4534147 -2.0049412 2.8139524 4288651402
-2.4738903 -2.0111482 2.8476436 4288651402
-2.6117702 -2.0211225 2.9532385 4287467396
-2.4901772 -2.0158577 2.918889 4288782988
-2.4907098 -2.0145445 2.9302466 4288783245
-2.4378057 -2.0114214 2.9661512 4288784554
-2.3980143 -2.0091472 2.9627976 4289310900
-1.0067689 -1.9877234 2.7535563 4288651679
-0.95514071 -1.9863546 2.7048233 4290300889
-0.93074638 -1.9884126 2.7076259 4290629081
-0.98023093 -1.9860331 2.7275991 4288652195
-0.93704128 -1.9686464 2.750947 4291215529
-1.0184972 -1.9847637 2.7856333 4290030753
-0.95527029 -1.9191468 2.7539325 4291014524
-0.90723038 -1.9440651 2.7648926 4288981398
-0.9639746 -1.9107354 2.7542131 4292399029
-0.92184103 -1.9126049 2.7569079 4292070322
-0.88150179 -1.9963423 2.7654958 4289441700
-0.89859164 -1.9440686 2.7648973 4291876576
-0.86231649 -1.9974067 2.8157275 4291876315
-0.90067357 -1.9139315 2.7713034 4292268211
0.34148341 -2.0051205 2.8019152 4289704113
0.34318644 -2.0063205 2.8158886 4289702561
0.30430335 -2.0010252 2.9508204 4290426283
0.32558447 -1.9987266 2.894084 4288719279
0.37766612 -2.0170803 2.7466626 4289637285
0.39897013 -2.0033393 2.7163923 4287337630
0.37849194 -2.0042868 2.7526686 4282604137
0.39474094 -1.9651234 2.7460239 4285229409
0.44547829 -1.8053595 2.5009308 4286411365
0.36948735 -1.9247711 2.7496731 4282003749
0.39477268 -1.9566994 2.7462447 4285426531
0.36866629 -1.8947732 2.7435632 4282201129
0.39447647 -1.9037777 2.744184 4285493101
0.48980147 -1.6998993 2.3049481 4285887862
0.48992044 -1.6714932 2.3055079 4286216570
0.49006897 -1.6359656 2.3062069 4286348412
0.49010259 -1.5856259 2.306365 4286742912
0.61953926 -1.3172185 1.7860591 4285952882
0.60657966 -1.3229214 1.8486238 4287073684
0.61029589 -1.3175547 1.8251841 4286019189
0.59191287 -1.3213408 1.9132537 4286676348
0.60710728 -1.3182901 1.8502318 4284375892
0.61188793 -1.303836 1.8299452 4285162838
0.59467 -1.3201673 1.902944 4284769377
0.62481266 -1.2993891 1.7693809 4285623398
0.62206018 -1.2996614 1.7773148 4285557083
0.63502914 -1.1617587 1.575266 4287536178
0.63974833 -1.1389459 1.5509051 4286883998
0.63462454 -1.1511794 1.5742624 4287536437
0.64099681 -1.1120323 1.5539316 4287606697
0.63564914 -1.1136179 1.5768042 4287536946
0.6415484 -1.0886881 1.5552689 4287935662
0.63607132 -1.0897036 1.5778513 4287274542
0.64353758 -1.0344269 1.5254223 4287869074
0.65054756 -1.1045268 1.4976634 4289968788
0.66417396 -1.0735962 1.4557238 4288197280
0.6487698 -1.08444 1.5153748 4284914262
0.66395831 -1.0669124 1.4652873 4286883716
0.66924441 -1.0279244 1.3997269 4285044808
0.67219901 -1.0301231 1.3967772 4284388141
0.66760141 -1.0277548 1.4054766 4284848204
0.67391694 -0.97060996 1.3563108 4281827593
0.65455872 -1.0352241 1.4855233 4286883964
0.66095269 -1.0321727 1.4486635 4286095206
0.64516008 -1.0341536 1.5180236 4287737743
0.65943873 -0.97345716 1.4355129 4283535647
0.66656625 -0.97153121 1.3941255 4282026012
0.67138386 -0.96834213 1.3771976 4287604274
0.66739643 -0.9683792 1.3958619 4288654671
0.6789434 -0.95395839 1.3750752 4288651133
0.679088 -0.96718597 1.3170192 4281367812
0.6847406 -0.96189749 1.3042678 4289574266
0.67402786 -0.96470243 1.3480557 4286225433
0.68017519 -0.95880115 1.3111811 4289968784
0.69479501 -0.9492839 1.2926419 4288322937
0.73367554 -0.95661563 1.2971059 4287925636
0.69700247 -0.94824755 1.2967488 4286940277
0.7256183 -0.95390272 1.3044823 4286741608
0.6747452 -0.96151191 1.3494904 4291086009
0.71424401 -0.95375091 1.3686112 4285431431
0.70849931 -0.94178569 1.3824377 4282328328
0.7140457 -0.94202411 1.3764737 4279836969
0.71943146 -0.95366496 1.3384771 4287925892
0.73732418 -0.78027511 1.145358 4287470504
0.74763733 -0.78177601 1.0924381 4289769905
0.75754213 -0.78079998 1.063217 4288781731
0.75254714 -0.77954441 1.0798883 4288716196
0.75628722 -0.77960885 1.0661317 4286943904
0.7418195 -0.78031021 1.1197276 4289045418
0.74792147 -0.77865797 1.0928533 4288716710
0.74115121 -0.77978945 1.1240208 4288914089
0.7499516 -0.77722251 1.0908387 4286545764
0.80886698 -0.78085423 1.1205083 4287071631
0.80400383 -0.78246796 1.1485769 4287399822
0.80683887 -0.78206748 1.1324054 4286476106
0.81626308 -0.77900636 1.0838349 4287399565
0.8258785 -0.78258651 1.0656497 4286742670
0.82444686 -0.77827787 1.055292 4287004809
0.82058489 -0.780393 1.0717844 4286808977
0.82471639 -0.75926268 1.0472589 4287925396
0.80955827 -0.7784214 1.1070882 4287269010
0.81166917 -0.77756542 1.0913199 4287268492
0.80786783 -0.7593264 1.1095181 4288057495
0.81296682 -0.7583136 1.0930647 4286351769
0.81852114 -0.75862932 1.0647429 4287663250
0.82677376 -0.7589525 1.0334672 4287860116
0.82817477 -0.75700349 1.0352185 4286150746
0.98408157 -0.7724511 1.1286957 4287397216
1.0012758 -0.7765671 1.057453 4285295202
1.006112 -0.77837718 1.0876887 4287659608
1.0886708 -0.83910847 1.157391 4287860112
0.98328418 -0.7693767 1.1040384 4285822564
0.99551451 -0.77314866 1.0947238 4287593819
0.98430049 -0.769418 1.109071 4287528800
2.9852459 -2.317219 3.3401353 4288386957
0.9998641 -0.77540481 1.0882875 4287725402
1.956817 -1.4993794 2.0330567 4288056456
3.3881793 -2.5793881 3.4974756 4288452752
1.0054166 -0.77390629 1.0583334 4287856470
-2.7283044 -2.0251331 3.0001972 4289768356
-2.6688683 -2.0227211 2.996624 4288978062
-2.6584392 -2.0219114 2.9954243 4288715681
-2.6085324 -2.0173903 3.0026274 4289307542
-2.5539718 -2.0093751 3.0046728 4288716695
-2.4293063 -2.0104604 2.9784598 4288191640
-2.5587039 -2.0028806 3.0666115 4289177510
-2.5264077 -2.0133824 3.0975115 4289045905
-2.3816423 -2.0095108 2.9770529 4288718247
-2.336623 -2.0094957 2.9908774 4289046162
-2.5347102 -2.0180192 3.1196432 4289046161
-2.5770071 -2.0065246 3.1474895 4288914593
-2.5743532 -2.0000744 3.1684346 4289177251
-2.5515275 -2.0191219 3.2145226 4289243282
-2.3038812 -2.0123696 3.0091507 4288389532
-2.309202 -2.0133951 3.0534902 4289634696
-2.3272903 -2.0112386 3.0647445 4290689459
-2.2812517 -2.0128694 3.0672293 4290294438
-2.2389998 -2.0207922 3.0359321 4288981671
-2.1726589 -2.0201917 3.0493457 4288981671
-2.2424724 -2.0124753 3.0666289 4289897611
-2.1788936 -2.0149944 3.0851591 4290161039
-2.5762196 -2.0129974 3.3376124 4289374868
-2.1063828 -2.0202127 3.0638294 4289310637
-2.0888653 -2.0217917 3.0662243 4289245879
-2.1250255 -2.0182891 3.1050601 4290159482
-2.0502992 -2.0214217 3.0802615 4288981928
-2.0235295 -2.0235295 3.0688601 4291480011
-2.0520966 -2.0227809 3.1270044 4290357120
-1.9773897 -2.0258553 3.1017878 4289902776
-1.9223244 -2.020905 3.1545835 4291080841
-1.8861523 -2.0222661 3.1111789 4289969603
-1.8194278 -2.0248473 3.1301985 4290429897
-1.7588747 -2.0241799 3.144357 4290956241
-1.8798392 -2.0183535 3.1660447 4291873729
-1.8432919 -2.0216749 3.1712549 4291278218
-1.8112481 -2.0202384 3.184612 4292136902
0.30571923 -2.0010712 2.96455 4290492592
0.31378621 -1.9934652 2.9532819 4287926148
0.29734302 -2.0142591 3.0693471 4290624954
0.36807269 -1.8489233 2.7391455 4282530346
0.39454517 -1.8440698 2.744662 4288253290
0.36758655 -1.7951902 2.735528 4282728240
0.39542311 -1.7708079 2.7507694 4286414198
0.3676821 -1.7443523 2.736239 4283385656
0.39524832 -1.7270632 2.7495534 4286807928
0.36816883 -1.6781648 2.739861 4283846463
0.39536196 -1.6673962 2.750344 4287137666
0.49017549 -1.5570281 2.3067081 4286940292
0.49076819 -1.5156076 2.3094974 4287268999
0.49117103 -1.4590669 2.311393 4287663755
0.49165601 -1.4315866 2.3136754 4287729550
0.5765053 -1.3203831 1.9836742 4285888619
0.58241022 -1.3242171 1.961803 4286873729
0.57643574 -1.3016292 1.9834349 4286676088
0.6364705 -1.0657181 1.5788416 4287143470
0.64188963 -1.0346878 1.5328708 4287803540
0.63675463 -1.0365773 1.5795463 4286881058
0.64463013 -0.97888279 1.5280122 4288392779
0.63687503 -1.0071511 1.579845 4286750504
0.64274532 -0.97850782 1.5349141 4288721238
0.63548648 -0.96061909 1.5764005 4291088089
0.64243233 -0.95640296 1.5457017 4289242500
0.65283525 -0.97693777 1.4816118 4286029348
0.6538167 -0.97612065 1.4733897 4285766949
0.65167135 -0.97985113 1.5002506 4286948142
0.65953535 -0.95724231 1.4656341 4290628311
0.672207 -0.95524156 1.4151727 4288716669
0.69460428 -0.9596507 1.4623249 4287070831
0.65416127 -0.96006405 1.5059828 4289045635
0.66888708 -0.95970756 1.5510426 4287531384
0.71144706 -0.91967547 1.3881893 4282130956
0.71624953 -0.91472828 1.3807219 4280362034
0.70434701 -0.87936652 1.3660063 4288909943
0.71594852 -0.90140504 1.3801417 4282732893
0.69701535 -0.87233818 1.3683736 4290163378
0.69557703 -0.78506649 1.3016646 4290690752
0.70946968 -0.78002471 1.2543111 4288127661
0.70019168 -0.7806735 1.2877089 4289637559
0.70559347 -0.7809096 1.2684826 4289375412
0.72491103 -0.78439093 1.1895976 4290295993
0.71795809 -0.77873766 1.2155905 4288193200
0.72211552 -0.77823848 1.1972899 4288127151
0.73048693 -0.78187793 1.1746523 4289308593
0.73470652 -0.7817567 1.1581581 4289111467
0.7265954 -0.77849507 1.1862782 4287071852
0.7852844 -0.78147233 1.2198592 4287795610
0.71351719 -0.77908361 1.2341919 4288193198
0.75298041 -0.78043282 1.2549673 4285557858
0.76720774 -0.78344494 1.2989761 4287927455
0.77158362 -0.78357714 1.2793096 4287133264
0.78117913 -0.78508508 1.2498866 4286607692
0.78359044 -0.78359044 1.2352164 4287401108
0.77361584 -0.78150988 1.2630463 4287860886
0.77628809 -0.76091605 1.2297633 4289175966
0.7876879 -0.78029174 1.1833808 4285361234
0.79407573 -0.77943838 1.1709872 4287137426
0.78936905 -0.78185123 1.2028481 4288123544
0.7904458 -0.77567112 1.181975 4288584086
0.79855305 -0.78040409 1.1615317 4287137682
0.80439889 -0.76206207 1.1289809 4288386963
0.79403818 -0.75794548 1.1549646 4287860114
0.78332156 -0.76072574 1.2051101 4288386719
1.126017 -0.88678998 1.3198735 4287662985
1.1844313 -0.93031704 1.3782474 4287597194
-2.5817928 -2.0150578 3.3584297 4289440405
-2.5978925 -2.0181975 3.4352298 4289571990
-2.6155138 -2.0186124 3.4728813 4288651669
-2.6535172 -2.0217273 3.6758678 4289571990
-2.6602373 -2.0240936 3.7011998 4289571990
-2.6620533 -2.0226955 3.7198999 4289571990
-1.653363 -2.0285945 3.7523134 4293518029
-1.6785311 -2.0262268 3.8366425 4292795849
0.36820471 -1.626951 2.740128 4284307015
0.39508766 -1.6318839 2.748436 4287532423
0.36835882 -1.5933661 2.7412751 4284438856
0.39484867 -1.5622275 2.7467735 4287861646
0.36918408 -1.5454216 2.7474163 4284767824
0.39458746 -1.501148 2.7449563 4288585368
0.36983535 -1.496543 2.7522631 4285227862
0.39466807 -1.4585559 2.745517 4288783006
0.49197441 -1.3891041 2.3151736 4288124306
0.49184591 -1.3453432 2.314569 4288519577
0.47983155 -1.3066183 2.3622477 4286347370
0.4809528 -1.2652757 2.3677676 4289439645
0.67605031 -0.77939558 1.377937 4289900986
0.66824114 -0.79552519 1.4546746 4291216839
0.66234767 -0.79387766 1.5032003 4290164414
0.66681314 -0.79184061 1.481807 4289245372
0.67021143 -0.78716111 1.4393803 4289770170
0.67481315 -0.77863055 1.384232 4289047735
0.67025846 -0.7880066 1.4492075 4288982456
0.72608298 -0.78582394 1.4705478 4287199572
0.68721861 -0.77884781 1.3327876 4289440946
0.69377261 -0.77998102 1.3136523 4288653237
0.68687618 -0.7790181 1.3402462 4288587437
0.74363601 -0.7871235 1.3915995 4285886294
0.69827759 -0.77947271 1.2991211 4287662960
0.75430048 -0.78363436 1.3409786 4286149723
0.74656802 -0.78069687 1.365153 4287861659
0.75134623 -0.78072846 1.3431888 4287396186
0.74041092 -0.78977168 1.4359485 4287659866
0.743707 -0.78284943 1.3917323 4288255125
0.72968829 -0.78407502 1.4503121 4287927453
0.74243224 -0.76894772 1.4141567 4289045161
0.74352735 -0.77811003 1.3833067 4289111462
0.75292265 -0.76138246 1.3535688 4287596914
0.76522195 -0.78579247 1.3165109 4287527512
0.76638997 -0.76237744 1.2840041 4288189851
0.7583698 -0.76249141 1.318904 4288650404
-3.4109929 -2.0198429 4.2804618 4286223524
-3.3317227 -2.0204425 4.2817321 4282535766
-3.4401233 -2.023602 4.3170176 4288322982
-3.4171913 -2.0124962 4.3221393 4286805074
-3.3098254 -2.031641 4.3054643 4286873970
-3.3194339 -2.0323064 4.335587 4282928714
-3.329659 -2.0363204 4.4028549 4289171786
-2.8471169 -2.0437226 4.5102844 4289176976
-1.7087885 -2.0307343 3.9624083 4292795589
-1.7184416 -2.0320258 4.0138783 4292730053
-1.7275232 -2.0369306 4.1254287 4294177778
0.37037584 -1.4470499 2.7562854 4285425241
0.39478788 -1.4160869 2.7463505 4289242784
0.38651103 -1.3484939 2.7485228 4284769116
0.39461836 -1.3468497 2.7451713 4290492583
0.38662568 -1.3403023 2.7493382 4284769630
0.39563352 -1.29871 2.752233 4288782492
0.38803858 -1.2503465 2.7593856 4285164132
0.39549494 -1.2552665 2.7512691 4290954177
0.48149219 -1.2370646 2.3704231 4289637024
0.48238164 -1.2022434 2.3748019 4290097577
0.48101574 -1.1544378 2.3680775 4290492335
0.48089918 -1.1097673 2.3675036 4290689713
0.60828036 -0.80008048 1.7536011 4290297797
0.65215313 -0.79224527 1.5458444 4289705662
0.63672704 -0.79338211 1.6170846 4288518530
0.64536226 -0.79315507 1.5764574 4289705664
0.62048888 -0.80080187 1.6970636 4290559684
0.63049066 -0.7945208 1.640301 4290034370
0.61716932 -0.79963672 1.7173407 4289968833
0.62554777 -0.76108313 1.6681274 4290623925
0.63248169 -0.79570276 1.6322107 4290493892
0.68943888 -0.79234016 1.6464212 4288383847
0.67711413 -0.78734207 1.6796631 4287468969
0.69024128 -0.77265817 1.6483374 4289047732
0.6598078 -0.79271871 1.5189819 4288255102
0.71138728 -0.78881723 1.5485982 4288585637
0.70006758 -0.78943789 1.5888058 4287594336
0.70261455 -0.78614217 1.5722843 4288847520
0.71911663 -0.78491813 1.5040348 4288387748
0.72121274 -0.7867775 1.4986238 4288387230
0.71190351 -0.76962543 1.5392509 4289111468
0.69558418 -0.79205209 1.6247222 4289045156
0.7029171 -0.77221876 1.5840385 4289177519
0.72854602 -0.76497328 1.457092 4288258219
-4.9254274 -2.0480301 5.4162779 4293056434
-4.88837 -2.0466878 5.4127283 4293056439
-4.7926216 -2.0419269 5.4001369 4293056442
-4.656847 -2.0640237 5.4585752 4290953400
-3.4168696 -1.9760212 4.3911581 4284375377
-4.6485987 -2.0679429 5.4689398 4291018937
-4.525857 -2.0665233 5.4651856 4290953144
-4.3747816 -2.0597224 5.4471993 4290887350
-3.411808 -1.9810498 4.4023328 4286736187
-3.7705674 -2.0729959 5.2232966 4289374369
-3.6944034 -2.0852854 5.2542624 4280822569
-3.8199749 -2.0670857 5.2917399 4289637027
-3.7341316 -2.0322928 5.2872663 4286870355
-3.6817977 -2.0874479 5.2597113 4283257686
-3.5757084 -2.0830963 5.2487464 4287338142
-3.6944466 -2.0211768 5.3014479 4284975775
-3.5946088 -2.0302882 5.325346 4285749782
-3.5040259 -2.0660529 5.2890959 4289505697
-0.41530925 -2.0457826 4.9221835 4290430152
-0.40008467 -2.0465872 4.9241195 4290561225
-0.41782078 -2.0426793 4.9519501 4286678136
-0.4024834 -2.0433774 4.9536419 4287861903
-0.46792001 -2.0330317 5.1632552 4288191639
-0.41333646 -2.0030923 5.0872183 4287336596
0.38764694 -1.214627 2.7566004 4285492584
0.3949545 -1.2106215 2.7475097 4291546057
0.38756528 -1.1626959 2.7560198 4285756527
0.39494768 -1.1676714 2.747462 4291743434
0.3875728 -1.1282675 2.7560732 4285822065
0.39469796 -1.1326115 2.7457249 4292006607
0.38721043 -1.0755845 2.7534964 4286150773
0.39433342 -1.0715582 2.7431889 4292335573
0.48111382 -1.0658522 2.3685603 4291084473
0.48191452 -1.0231416 2.3725023 4291479745
0.4816938 -0.96338761 2.3714156 4291611075
0.48198128 -0.93430215 2.3728309 4291808710
0.54805773 -0.80633783 2.0158446 4291283149
0.55014479 -0.79043788 2.0235209 4290888133
0.56449926 -0.80729467 1.9423631 4291217615
0.56741804 -0.80283612 1.9316359 4290691785
0.58732086 -0.80036861 1.8425752 4290297540
0.59954369 -0.80125934 1.7930279 4290691012
0.58484519 -0.79909545 1.8529749 4288583551
0.55718386 -0.80482119 1.9810983 4290692042
0.57320064 -0.78815091 1.9106688 4291085253
0.55319083 -0.79206872 2.0116031 4290887874
0.61161184 -0.78635806 1.7474624 4289437572
0.62531888 -0.7503826 1.6675169 4290821303
0.62799424 -0.71622485 1.6608113 4289503632
0.62640077 -0.6681608 1.6704021 4291545287
0.62889457 -0.65488195 1.6631923 4289766546
-5.0621662 -2.0353038 5.5666432 4293520624
-5.0713859 -2.0285544 5.5960121 4293451956
-5.074605 -2.0227447 5.6778798 4293452214
-4.7845302 -2.0432158 5.4485755 4293386179
-4.7487502 -2.0498204 5.4661875 4293056440
-5.0689826 -2.0168839 5.7115297 4293517751
-5.136405 -2.0211844 5.933753 4293452217
-5.1848841 -2.0362456 6.03332 4293518008
-4.6051702 -2.0697396 5.5193052 4291807672
-4.5839014 -2.0679255 5.5144677 4291545019
-4.4210043 -2.0631356 5.5479274 4293188546
-3.6071968 -1.6526998 4.5988169 4287206039
-3.6795394 -1.6565256 4.6910462 4288325035
-5.2188487 -2.041321 6.1624784 4293518008
-5.2129602 -2.0381501 6.2712307 4292861919
-5.0952783 -2.0381112 6.2711115 4293718001
-3.5517373 -1.5343505 4.5462236 4288786281
-5.0750914 -2.0300364 6.368742 4291216574
-3.5235488 -1.4433814 4.5282555 4286290607
-3.5012836 -1.6376972 4.5177855 4286676061
-4.2337651 -2.0813048 5.6924572 4293121968
-3.7355847 -1.6619539 4.8791308 4293253743
-4.6970825 -2.115628 6.2110181 4294177780
-4.2213531 -2.0924811 5.822556 4291743653
-4.1867495 -2.0933747 5.8250422 4290887352
-4.2311888 -2.088119 5.8613868 4291349159
-4.2407961 -2.0835214 5.9002376 4293055910
-3.5400741 -1.5669181 4.6427202 4284967531
-3.5964661 -1.5967712 4.7753906 4286809481
-3.4752369 -1.3732791 4.4841766 4285766064
-3.6074958 -1.470282 4.8504148 4287921710
-4.5337667 -1.9787201 6.14748 4293980916
-4.6549153 -2.0118701 6.3117495 4291478968
-4.3240523 -1.9602371 6.1497636 4293125091
-3.6978683 -1.9567196 5.3063583 4286027434
-3.6388106 -2.0404544 5.4412122 4289900454
-3.6730549 -1.8612341 5.2707515 4287342521
-3.8212714 -2.0074883 5.6350546 4290226579
-3.4404387 -1.6107509 5.0042748 4285820212
-3.6227767 -1.7116791 5.3178377 4293910387
-3.5418885 -1.6496468 5.1753621 4286017340
-3.6172447 -1.6758795 5.3097172 4292134482
-2.1291745 -2.0908108 6.1381602 4293385924
-2.0687921 -2.0879476 6.1297545 4291873978
-2.2583537 -2.0784848 6.3953376 4293319864
-2.1046329 -2.0853243 6.1787386 4293651172
-2.2851079 -2.0810804 6.5288796 4293320125
-1.9309295 -2.0838742 6.1177964 4291413953
-1.8345102 -2.0829334 6.1150341 4291479489
-1.9280653 -2.0823104 6.1698089 4293320389
-1.8134073 -2.0834892 6.1733017 4293057990
-1.7758595 -2.0847046 6.1769023 4292137152
-1.5921134 -2.1031623 6.2898307 4293451977
-1.5335284 -2.1036863 6.2913985 4292071359
-1.3666966 -2.0995629 6.3383031 4293451977
-1.3153036 -2.0842502 6.4753408 4293191397
-1.3258111 -2.0805037 6.52707 4294046451
0.38727421 -0.99830687 2.7539499 4286348151
0.39432529 -0.99438542 2.7431324 4292467161
0.38724431 -0.96380806 2.7537374 4286347893
0.39451954 -0.97772235 2.7444837 4292401624
0.38703522 -0.92888451 2.7522504 4286479993
0.39425001 -0.92563045 2.7426088 4292467160
0.38634074 -0.8757056 2.7473118 4286545787
0.39396256 -0.85644037 2.7406092 4291283142
0.50107491 -0.81424677 2.2269998 4290359715
0.4912706 -0.79470241 2.3118615 4291742919
0.62862498 -0.62342972 1.6624793 4289701011
0.62839866 -0.59204501 1.6618807 4289766547
0.62573516 -0.56316167 1.6686271 4291479750
0.62854874 -0.51426709 1.6622776 4289766805
-7.8488121 -2.1609073 7.9481645 4284437821
-7.8382416 -2.1536384 8.0135374 4284437821
-7.7900534 -2.1498523 8.0935621 4283583303
-7.6681457 -1.9170364 7.7652106 4282856742
-7.8327537 -2.1292922 8.1115894 4282397222
-7.5649633 -1.867301 7.6607223 4284238380
-7.6105704 -1.8718555 7.8814969 4285355061
-7.8539572 -2.1443372 8.2673235 4285095239
-7.8961029 -2.146256 8.4790363 4285095239
-7.5009766 -1.8319218 7.9218235 4286344280
-7.4138131 -1.8100612 7.9345155 4285684280
-7.9264498 -2.1495457 8.5981827 4285095239
-7.8458343 -2.1373134 8.6574726 4286084979
-7.9095469 -2.1200848 8.6977835 4282660909
-7.9019613 -2.1327093 8.7495766 4284831813
-7.6353407 -2.1239152 8.6032009 4287465858
-7.9211173 -2.1272259 8.9567404 4283977016
-8.0054092 -2.1386292 9.248126 4283977013
-5.0598712 -1.9507939 6.502646 4289441455
-8.0660353 -2.1647816 9.4894533 4284834656
-7.3892756 -2.1152506 9.0250692 4287531908
-7.3222694 -2.1121931 9.0120239 4287663493
-7.0546198 -2.0881674 9.0299129 4288189838
-3.4708183 -1.3068264 4.4966068 4285567143
-3.7415023 -1.5155452 5.0518174 4287790130
-3.4887879 -1.2622037 4.5382605 4285303713
-3.4551616 -1.2329624 4.5877666 4280034872
-3.7128425 -1.4438832 5.0773916 4286934044
-4.8869505 -1.9764999 6.9503298 4288454554
-3.6781268 -1.4207356 5.0515046 4283514903
-3.730449 -1.4258604 5.3055272 4286410068
-3.4822106 -1.1417084 4.5668335 4286093743
-3.4632416 -1.1832741 4.6176553 4280955448
-3.443285 -1.0910821 4.5343671 4284573279
-3.4346321 -1.0502594 4.5416622 4282335545
-3.8252404 -1.3685127 5.2761936 4284957463
-3.8981349 -1.4236667 5.423492 4288644405
-3.8954613 -1.3040601 5.3499899 4287986986
-3.6954474 -1.5080078 5.3028846 4284319657
-3.6419971 -1.6038153 5.3460507 4289036566
-3.6994717 -1.4432917 5.3086591 4284893981
-5.0946245 -2.1129777 7.5128102 4290097576
-3.6935883 -1.3263339 5.3724918 4286620086
-3.66223 -1.3271383 5.3757501 4290686076
-3.7012856 -1.312274 5.383688 4286817209
-5.8549085 -2.1066728 8.755003 4290887865
-5.498455 -2.1008248 8.2995548 4293122756
-5.1844091 -2.0892396 8.2537861 4293123276
-5.8867664 -2.1044478 9.1003151 4292401369
-5.8846283 -2.1266232 9.3221836 4291019198
-4.1812983 -2.0574641 7.0794463 4288979089
-4.1648402 -2.0602667 7.0890899 4288979091
-3.9564586 -2.0555902 7.072999 4289242004
-5.0184441 -2.0845845 8.2353954 4292202952
-4.9740415 -2.0875509 8.2471151 4291808712
-5.8405218 -2.1317906 9.3448353 4293714615
-5.6356378 -2.1206267 9.2958975 4294046709
-4.8502288 -2.0861199 8.3444796 4293189067
-4.7877502 -2.0896811 8.4645309 4293454312
-5.3825855 -2.123939 9.3104181 4294046452
-5.2929516 -2.122997 9.3062887 4294046452
-3.8819652 -2.0512657 7.0581183 4289899939
-3.7812202 -2.0463076 7.1175914 4288913042
-3.7299697 -2.034529 7.2338805 4288188801
-3.7051785 -2.0333297 7.2296166 4289044106
-5.1202984 -2.12376 9.3096333 4294111985
0.38639385 -0.78137428 2.7476897 4286282360
0.39377016 -0.78754032 2.7392707 4291348678
0.38674352 -0.73910987 2.7501762 4286282615
0.39384776 -0.72776216 2.7398105 4292532953
0.38669401 -0.72182882 2.749824 4286545273
0.39370155 -0.71037453 2.7387934 4292532952
0.38673374 -0.67033851 2.7501066 4286348151
0.39363718 -0.66747177 2.7383456 4292467159
0.62636173 -0.48021063 1.6702979 4291610825
0.62761313 -0.44455928 1.673635 4291479494
0.62786591 -0.42380947 1.674309 4291611080
0.62801158 -0.40820751 1.6746975 4291611080
-7.34972 -1.7464679 7.7620802 4286742646
-7.2419066 -1.7556137 7.8027277 4286353839
-7.44311 -1.8104862 8.0466051 4286541661
-7.6830864 -1.8536117 8.5964603 4285752916
-7.6731224 -1.7707207 8.5853119 4287334013
-7.7472563 -1.8604523 8.8857422 4285160524
-7.7971315 -1.8791647 8.9751148 4284171817
-7.7041106 -1.8224777 8.836256 4287729290
-7.8037872 -1.8661232 9.0478697 4284700489
-8.1740789 -2.1736314 9.796649 4283847501
-8.1300488 -2.1700504 9.780509 4284111446
-7.9397554 -1.8973681 9.340889 4284502855
-8.0761404 -1.8731734 9.8264828 4284832327
-7.6644745 -1.6525633 9.1175909 4283787648
-8.0683527 -1.8100107 9.8170071 4284897865
-7.6641335 -1.5385249 9.1171846 4283853441
-8.0272427 -1.6176573 9.7669878 4285095245
-6.200407 -1.8371576 8.1651449 4286546560
-3.4603317 -1.0295203 4.5756454 4283854206
-6.3308415 -1.6090889 8.4411221 4282862934
-3.8286355 -1.1551917 5.2808762 4284896028
-7.4019098 -2.1883907 10.298309 4285888375
-3.817112 -1.0410305 5.2877741 4280885526
-3.8560452 -1.0394557 5.3649325 4286670108
-3.5045784 -0.80988151 4.712038 4282867057
-3.5549579 -0.79499066 4.7999434 4282337348
-4.1267314 -0.97412121 5.667614 4286734870
-3.8513279 -1.0046942 5.3583694 4286672181
-3.8956532 -0.90285522 5.3502531 4286341922
-7.2204909 -1.5382785 10.0459 4288847511
-4.3365135 -1.3735564 6.2791147 4283724166
-4.082902 -1.2853581 6.0487437 4285884243
-6.7064233 -2.0587161 9.9816532 4287201393
-5.9362903 -2.1264324 9.4508104 4290427058
-6.5947862 -1.8404055 9.8154955 4287399030
-6.5351057 -1.4963561 9.7721214 4289109907
-5.8275647 -2.1298714 9.466095 4290887610
-5.7239017 -2.1243348 9.4414873 4291085246
-6.027678 -1.9566284 10.098727 4289175700
-5.5584226 -2.1287575 9.4611444 4291282625
-5.3205242 -2.1282096 9.4587097 4290492594
-5.9292645 -1.7694664 9.9338465 4289307542
-5.8933496 -1.5736169 9.8736744 4289570459
-5.2070093 -2.1301403 9.4672899 4293583029
-5.0594268 -1.8162044 10.378311 4288717733
-5.013423 -1.574729 10.283944 4288783268
-4.8029966 -1.6009989 10.455503 4288978578
-4.3868003 -1.6041286 10.475942 4288059028
-4.1691236 -2.1497045 10.422809 4288190097
-4.1718712 -1.9866053 10.595228 4287728512
-4.1497006 -1.7784431 10.538922 4288189063
-3.1099234 -2.1147478 9.9517546 4290691003
-3.0292025 -2.145685 10.097342 4291742920
-3.1052225 -2.1573124 10.459697 4290821816
-2.934267 -2.1369119 10.206146 4291677126
-2.7259469 -2.123703 10.143059 4292006349
-2.9909186 -2.145659 10.403195 4291151038
-2.0895739 -2.1784921 14.226886 4293060069
-1.7485564 -2.1958613 13.012512 4290625209
0 -2.159683 10.163215 4294309622
0.10180032 -2.1717403 10.858702 4290229678
0.4305858 -2.1221731 9.8419619 4293254860
0.30451664 -2.1654518 10.827259 4291743177
0.48203063 -2.169138 11.017843 4290887865
0.25260904 -1.9847853 11.547842 4287860875
0.47174412 -1.9958404 11.612163 4287992716
0.25294927 -1.9513228 11.563395 4287861131
0.4721387 -1.9611915 11.621876 4288189583
0.55327302 -2.1208797 9.8359642 4293189064
0.67163146 -2.1064804 9.7691841 4293254599
0.5470823 -2.1541364 10.941646 4290953658
0.72735083 -2.1159296 10.579648 4293191140
1.0157688 -2.1366172 11.208483 4289900711
0.60478944 -1.3607762 8.063859 4288584338
0.68932521 -1.2229965 7.1156154 4289242784
0.68753594 -1.1754647 7.0971456 4289374370
0.38739187 -0.61982703 2.7547867 4286348152
0.39427131 -0.61712039 2.7427571 4292532953
0.3878527 -0.56885064 2.7580636 4286282359
0.39472684 -0.56634724 2.7459259 4292532953
0.38957387 -0.48480302 2.770303 4286216821
0.3956036 -0.51600468 2.7520249 4292532953
0.3896969 -0.46763629 2.771178 4286216564
0.39650145 -0.46545824 2.758271 4292532952
0.49778509 -0.49077401 2.2435384 4292072145
0.50719428 -0.43865451 2.1932726 4292599003
0.49831462 -0.38601834 2.2459249 4291808973
0.49776325 -0.34352675 2.2434399 4291743179
0.62832564 -0.37699538 1.6755351 4291545544
0.63031846 -0.33339158 1.6669579 4289964184
0.63019967 -0.31249571 1.6666437 4290096025
0.63028187 -0.28128284 1.6668612 4290029720
-7.8262963 -1.2801377 9.310092 4283787906
-7.975482 -1.3343012 9.7040091 4284832329
-7.8668203 -1.111298 9.3582993 4283656577
-7.9637413 -1.1119187 9.6165934 4282529058
-7.7714348 -1.1232152 9.7142935 4286282101
-7.687294 -1.1242287 9.7230597 4286676858
-7.8761306 -0.90765822 9.3693752 4282999420
-7.8812904 -0.92196226 9.5170298 4285091612
-7.8805757 -0.73239553 9.3746624 4282539383
-7.939023 -0.74896443 9.5867443 4284171548
-7.6043596 -0.98409355 9.5427256 4282465844
-7.4218736 -0.98362178 9.5381508 4284307278
-7.416543 -0.89355934 9.5312996 4281675302
-7.3337631 -1.3250077 9.8605223 4287464307
-7.3376708 -1.2948831 9.8657761 4287595634
-3.9199169 -0.80066383 5.337759 4284837231
-7.2170744 -1.5061721 10.041147 4288847768
-7.2711082 -1.139962 9.8591299 4288189839
-7.3603354 -0.97939938 9.4972067 4284241743
-7.1438622 -0.99053556 9.6051931 4282266927
-7.2794409 -0.88773668 9.4691916 4286933294
-7.1939926 -0.80596602 9.5521898 4283324507
-7.0057549 -1.0008222 9.7049417 4282332977
-6.8809419 -0.97000062 9.7000065 4283645988
-7.0051217 -0.7516225 9.6207676 4282534227
-6.8358269 -0.90741062 9.6790466 4288116014
-6.5286493 -1.3118312 9.7624655 4288912269
-6.5282221 -1.2812399 9.7618275 4288978062
-6.6636734 -1.0041152 9.7368746 4284899673
-6.6509042 -1.0067883 9.7627954 4284768086
-6.6676798 -0.81460345 9.6545591 4285366150
-6.5595217 -0.78957206 9.7178097 4284038939
-6.4455628 -1.0033187 9.7291508 4285623393
-6.2001657 -0.93758601 9.6783075 4287723598
-6.4354944 -0.78925878 9.713954 4284243812
-6.1747947 -0.90362853 9.6387043 4288316252
-5.8538628 -1.3485339 9.807519 4289570457
-5.8192739 -1.1882287 9.7495689 4289109906
-5.9606981 -0.97816581 9.7816582 4283516989
-5.8031206 -0.982539 9.8253899 4285820259
-6.0675759 -0.87979853 9.7081213 4284505689
-5.8066177 -0.79879397 9.8313103 4284831042
-5.766459 -0.98152494 9.8152494 4285820259
-5.5483499 -1.0422314 9.8092375 4286479738
-5.6995506 -0.91928232 9.8056784 4286933042
-5.5183287 -0.93005532 9.9205904 4286279772
-5.0941019 -1.441727 10.252281 4289703853
-5.0598154 -1.4410866 10.247727 4287733675
-5.1439862 -1.3419094 10.224072 4287930540
-5.061975 -0.98692596 10.187623 4288258986
-5.0346885 -0.9878186 10.196837 4285231728
-5.0892153 -0.96022928 10.242446 4289703852
-5.0471087 -0.95831174 10.221992 4288258986
-4.7870817 -1.4654331 10.420857 4288649615
-4.7367067 -1.4046786 10.453423 4289505958
-4.6557174 -1.2046262 10.418388 4286935885
-4.3894606 -1.5723441 10.482293 4288059028
-4.6510291 -1.1708885 10.407898 4287660132
-4.7514386 -0.93735856 10.343267 4288451977
-4.7186246 -0.96958035 10.342191 4289307804
-4.3836427 -0.8117857 10.390857 4289177765
-4.3740401 -0.97926271 10.445469 4288387995
-4.1421843 -1.4464769 10.519833 4288583564
-4.1335597 -1.3778533 10.49793 4288386186
-4.1012764 -1.1811676 10.499268 4289439648
-4.115531 -0.88189954 10.452143 4288386185
-4.2423525 -1.9326273 15.08392 4291217609
-2.4736784 -2.2717454 16.154634 4290296243
-2.9346678 -2.3138728 18.059494 4293520107
-3.5512719 -2.3244689 20.661945 4292993762
0.25155157 -1.6889893 11.499501 4288321424
0.46504301 -1.5739918 11.447213 4288781975
0.25144857 -1.4727702 11.494792 4288650131
0.46904483 -1.4071345 11.545719 4288913563
0.25174755 -1.2227738 11.508459 4288715925
0.46701103 -1.2932613 11.495656 4288979355
0.69739991 -1.3947998 9.298665 4288847252
0.59307206 -0.96374208 7.9076276 4289242267
0.66697097 -1.0327293 6.8848615 4289703335
0.61032748 -0.82689536 6.3001547 4290032300
0.66657829 -0.94431925 8.8877106 4289242267
0.66472608 -0.83090764 8.8630142 4289373597
0.57162327 -0.64538115 5.9006276 4290163886
0.72560513 -0.72560513 7.7397876 4289045404
0.39054418 -0.39054418 2.7772031 4288059027
0.39724374 -0.4145152 2.7634346 4292467160
0.39081746 -0.36476296 2.7791464 4291348678
0.39698949 -0.36246866 2.7616661 4292927452
0.47401166 -0.33105579 2.4076784 4291217087
0.44057816 -0.33644149 2.5633638 4291874505
0.46243677 -0.31599849 2.4663296 4291345839
0.39416307 -0.29781207 2.8029373 4291151042
0.39924532 -0.31245285 2.7773588 4292795867
0.39565983 -0.23739591 2.813581 4292335573
0.47783437 -0.32851112 2.3891718 4290361520
0.508196 -0.29530308 2.1976044 4291348938
0.48451728 -0.30832916 2.3491747 4290624958
0.50744885 -0.26058182 2.1943734 4292533211
0.50715327 -0.23986979 2.1930952 4292533211
0.50666845 -0.1848655 2.1909986 4292467418
0.63029683 -0.22585638 1.6807916 4291150270
0.63091344 -0.19453165 1.6824359 4290293922
0.63108116 -0.18932435 1.682883 4289766544
0.6317845 -0.15268126 1.6847587 4289634702
-7.7906861 -0.55027151 9.2677307 4282210418
-7.9170089 -0.71701211 9.5601616 4284105238
-7.7100792 -0.45859209 9.1718416 4282210418
-7.9130163 -0.47776705 9.5553408 4283382550
-7.6374383 -0.28391963 9.0854282 4282734955
-7.9305139 -0.20948526 9.5764694 4282395406
-7.6278458 -0.028462112 9.1078758 4281485151
-7.9277978 -0.17949732 9.5731897 4282395406
-7.4490862 -0.20941207 9.573123 4281218365
-7.5974402 -0.059587765 9.5340424 4282136628
-7.5274048 -0.060461082 9.6737728 4283386691
-7.2582765 -0.56059855 9.4416599 4286078250
-7.1194773 -0.55896723 9.4141846 4284184192
-7.2543631 -0.47182852 9.4365702 4286012710
-7.125865 -0.50057733 9.4226313 4284184192
-6.9434075 -0.72139299 9.6185732 4283514140
-6.8021193 -0.57185966 9.63132 4284633130
-6.7098403 -0.4473227 9.5428839 4287130154
-7.2751136 -0.35488361 9.463563 4285880866
-7.1405234 -0.35407555 9.4420147 4284117884
-7.327239 -0.1191421 9.5313683 4284831032
-7.1052232 -0.059707753 9.5532408 4281347113
-6.9412546 -0.23935361 9.5741444 4284701005
-6.664113 -0.35541934 9.477849 4287261742
-7.0458894 -0.059710927 9.5537481 4281478439
-6.8497481 -0.059823133 9.571701 4281676075
-6.6393614 -0.72101659 9.613555 4285366151
-6.5048018 -0.69586259 9.6815662 4283520349
-6.6270318 -0.53975827 9.5957022 4285366665
-6.2864437 -0.69849378 9.718174 4284697894
-6.2469296 -0.66714782 9.703968 4283582018
-6.2042689 -0.51450032 9.6847124 4287394365
-6.6293311 -0.35996369 9.5990314 4285168257
-6.5228157 -0.21336313 9.7537432 4284500770
-6.7163873 -0.091587104 9.7692909 4282533705
-6.0089636 -0.027691076 8.8611441 4282598206
-6.3680186 -0.33356291 9.7036476 4283649336
-6.2147512 -0.36379033 9.7010756 4287065664
-6.3194847 -0.02980889 9.5388451 4281412905
-6.1974211 -0.12092529 9.6740236 4286344230
-6.0306501 -0.72367799 9.6490402 4283581238
-5.8001184 -0.70583451 9.8203058 4284831559
-6.0129271 -0.54116338 9.6206827 4284832847
-5.6020536 -0.73469555 9.7959404 4284045138
-5.5071726 -0.61878341 9.9005346 4285291328
-5.660573 -0.48956308 9.7912617 4287984946
-5.5085454 -0.526097 9.9030027 4285159997
-6.0358572 -0.36215144 9.6573715 4284834393
-6.045846 -0.18137537 9.6733532 4285294166
-5.6364555 -0.33880335 9.8560972 4283913558
-5.509017 -0.34044486 9.9038506 4285094461
-5.6173887 -0.18417668 9.8227568 4283847761
-5.5690203 -0.18771978 10.011722 4284831291
-5.3933954 -0.60635811 10.212347 4288188804
-5.4052248 -0.54372084 10.234745 4287991426
-4.9784212 -0.70661461 10.27803 4287466634
-4.9860601 -0.57902634 10.293801 4287269253
-5.3291798 -0.34893438 10.150819 4288913044
-4.0281091 -0.023556193 7.537982 4285033845
-4.3935809 -0.079883292 8.5208845 4284768865
-5.0124025 -0.38556939 10.281851 4288585890
-4.1121011 -0.025700632 8.2242022 4284902262
-4.8832588 -0.06260588 10.016941 4286019710
-4.7355437 -0.74093544 10.308667 4288386184
-4.5632353 -0.61490405 10.356278 4287798692
-4.5613527 -0.58230031 10.352006 4287535522
-4.5406752 -0.61623454 10.378687 4284640348
-4.3300838 -0.61396712 10.340499 4283790620
-4.5283518 -0.54987133 10.350519 4284114012
-4.3124971 -0.48274222 10.2985 4286086261
-4.8346701 -0.063614085 10.178253 4286148712
-4.6220713 -0.064644352 10.343097 4288650652
-4.2118864 -0.062398314 9.9837303 4286482469
-3.9824672 -0.059886724 9.5818758 4283783005
-4.0920868 -0.68747056 10.475742 4289044632
-4.131597 -0.59022814 10.492945 4287728512
-4.0894613 -0.32715693 10.469022 4288255117
-3.2827039 -0.026688647 8.5403671 4285623661
-3.2129598 -0.026553387 8.4970837 4285426796
-3.2095864 -0.027668849 8.8540316 4285689702
-3.4095998 -0.03247238 10.391161 4287004530
-3.3746688 -0.55664641 11.132928 4290820781
-5.4424181 -0.80399358 19.790611 4289700487
-3.3723896 -0.31290215 11.125409 4290491559
-3.439188 -0.033069115 10.582117 4288189837
-3.3604579 -0.20786338 11.086047 4290228387
-5.0521874 -0.40649781 18.582758 4291676350
-3.444402 -0.03785057 12.112183 4287005045
-6.0170393 -0.072494447 23.198223 4287398258
-5.9608965 -1.3822368 27.644737 4287730831
-5.3374376 -1.4177568 26.687187 4291676868
-5.3287005 -1.3751485 27.502972 4287073160
-6.0499501 -1.0371343 27.656914 4288190856
-5.4060612 -0.85810488 27.459358 4288059004
-5.0754004 -1.0150802 27.068804 4288189047
-2.78122 -0.78599691 19.347616 4288848027
-1.7251364 -1.0455372 16.728596 4288321938
-1.8934143 -0.6652537 16.375475 4288387475
-3.6074681 -0.69079179 24.561485 4292664794
-3.6086838 -0.46068305 24.569763 4292598744
-2.8252814 -0.57789844 20.547501 4289242005
-1.8962929 -0.51251161 16.400372 4288387732
-2.8592138 -0.38989282 20.794283 4289044627
-1.9070966 -0.30925891 16.493809 4288453525
-1.4190346 -0.99857986 16.818188 4287334270
-1.238234 -0.90486336 15.239803 4291413954
-1.4037508 -0.88384312 16.637047 4287729542
-1.2393223 -0.8103261 15.253198 4291413954
-1.4053948 -0.52051657 16.65653 4287926665
-1.2401533 -0.47698203 15.263425 4291479747
-1.3789533 -0.30643409 16.343151 4287860614
-1.2557199 -0.2414846 15.455013 4290821816
0.64862204 -0.502159 6.6954532 4290558644
0.81873864 -0.40936932 8.7332125 4289110942
0.39639181 -0.17617413 2.8187861 4292072401
0.39626986 -0.15850794 2.817919 4291875021
0.39749023 -0.079498045 2.8265972 4291875021
0.39894682 -0.01773097 2.8369551 4291216577
0.50616634 -0.1368017 2.1888273 4292401368
0.50629413 -0.10262718 2.1893799 4292204246
0.53304464 -0.12351035 2.0801742 4292203731
0.53286988 -0.11697143 2.0794921 4292203730
0.50594467 -0.05469672 2.1878688 4292072403
0.48391476 -0.0072226087 2.3112347 4291808974
0.50490308 -0.0068230145 2.1833646 4291875023
0.53174275 -0.045392673 2.0750937 4292006352
0.53153831 -0.038893044 2.0742958 4292006095
0.63154119 -0.12630825 1.6841099 4289700495
0.63063872 -0.073574513 1.6817032 4289634701
0.63024384 -0.063024387 1.6806502 4289634702
0.62854952 -0.015713738 1.6761321 4289437837
-7.6009436 0 9.0757542 4281223007
-7.8350105 0 9.4969826 4280950551
-7.6444411 0.17114422 9.1276913 4281223007
-8.079504 0.18362507 9.7933378 4280425494
-7.8956938 0 9.7177773 4281610539
-6.2660623 0 7.988605 4285553454
-5.6308208 0.22523284 7.2074509 4283515434
-7.6156616 0.45466638 9.0933275 4281222493
-8.6222401 0.48805133 10.411761 4280425485
-7.6484108 0.57077694 9.132431 4280959579
-8.5761776 0.58253276 10.356138 4280423949
-5.5906143 0.35779932 7.1559863 4283120426
-5.2494378 0.42164159 6.7462654 4283714625
-5.578012 0.022491984 7.1974349 4285225296
-5.1127672 0 7.2393165 4285953136
-5.4911551 0.35426807 7.0853615 4284304197
-5.2044568 0.42141351 6.7426162 4283649344
-5.2020798 0.42992395 6.8787832 4283582518
-5.2124872 0.44173616 7.0677791 4282198557
-5.0965042 0.44510955 7.1217527 4282526236
-4.9311094 0 7.2052741 4285558121
-4.8887205 0 7.2425494 4285360999
-4.81107 0 7.261992 4285228899
-4.9964514 0.44611174 7.1377873 4282395679
-4.8559866 0.44550332 7.1280537 4282658337
-4.7452888 0.44766873 7.1627002 4282790953
-4.6219668 0.44873467 7.1797547 4282725417
-4.3633099 0.425143 7.1603036 4284768601
-4.2730565 0.42730561 7.1967263 4284308051
-4.1619344 0.4274419 7.1990213 4283781961
-4.0321188 0.43039471 7.2487531 4283386690
-3.8907924 0 7.2810149 4283978828
-3.8800349 0 7.3035955 4284504915
-3.7931912 0.13547111 7.2251258 4284500285
-3.7484374 0 7.4503107 4284439121
-3.7226787 0 7.5396028 4284308049
-3.8304558 0.38080555 7.1681042 4282399541
-3.7907348 0.36102235 7.2204471 4282987814
-4.0009174 0.43191725 7.2743955 4283386177
-3.9122188 0.43983525 7.4077516 4279637517
-3.7049954 0.36146298 7.2292595 4283251502
-3.6338985 0.36798972 7.3597946 4282988586
-3.773562 0.44257823 7.453949 4279635213
-3.626637 0.45036665 7.5851226 4279635213
-3.5712495 0 7.774148 4284438607
-3.5783165 0 7.8969741 4284635989
-3.3432736 0.047761049 7.641768 4283843896
-3.2710748 0 7.9298782 4284110157
-3.5367134 0.3722856 7.4457121 4282396198
-3.3607647 0.35501033 7.573554 4283514930
-3.5481553 0.45550641 7.6716871 4279635200
-3.437856 0.4388752 7.8022261 4281217586
-3.2644768 0.36271966 7.7380195 4283382578
-3.2412803 0.36555797 7.7985697 4283120430
-3.4200714 0.43972349 7.8173065 4279042048
-3.2220929 0.44959435 7.9927883 4280421645
-3.1452403 0 8.1827393 4283516220
-3.0370317 0 8.3064117 4283781453
-3.0708392 0 8.4712801 4284764483
-3.4972641 0.16653639 10.658329 4285622359
-3.537349 0.33689037 10.780492 4285293399
-3.1674116 0.42734918 8.04422 4282072379
-3.117537 0.43441087 8.177146 4280686093
-3.2067504 0.45094928 8.0168762 4280686093
-3.106828 0.37822253 8.6450863 4284175953
-3.6431413 0.55514532 11.102906 4284899155
-3.6520095 0.79996407 11.129934 4284701775
-3.4795899 0.13383038 10.70643 4287597701
-3.3780391 0.10896901 11.623361 4289113003
-3.4736314 0.23380211 10.688096 4287334529
-3.7748322 0.24353755 12.988669 4288061599
-3.5981109 0.12128464 12.937028 4284244580
-5.1540356 0.25452027 20.361622 4286350475
-3.6530545 0.24353695 12.988638 4286086522
-3.8426106 0.49149671 14.298086 4285625973
-3.5711932 0.54941434 10.988287 4286742134
-4.1483836 0.62448788 14.274009 4286744454
-3.5686412 0.61764944 10.980434 4286610549
-3.1767957 0.47469363 11.684766 4280887588
-2.9669781 0.5651387 11.302773 4286745737
-3.1082666 0.64308965 11.432705 4286019686
-2.8999939 0.64444309 11.456766 4283719256
-6.0232167 0.22587064 24.092867 4289375144
-5.6727228 0.38329208 24.530693 4290887605
-4.7691264 0.69947183 20.348272 4286676342
-5.2993417 0.78773993 22.916071 4289703331
-3.1548395 0.63895482 12.779097 4288190092
-4.8834882 0.85791004 21.117786 4289176987
-3.2241979 0.74404562 13.227478 4284175168
-3.8551304 0.98983079 16.670834 4289440159
-3.6908069 0.39263904 25.128899 4290624949
-3.3659816 0.71616632 22.917322 4289835434
-1.9507344 0.2108902 16.871216 4288453524
-2.3530707 0.6313116 18.365429 4288847765
-1.9312509 0.31317583 16.702711 4287597958
-2.9229505 0.80847567 19.90094 4288454029
-2.3664014 0.94656056 16.827744 4288716952
-2.2878385 0.78121316 17.8563 4288058763
-2.0774288 0.65603012 17.494137 4289374883
-2.1839929 0.93599701 16.639946 4288124816
-1.829964 0.91498202 16.266348 4287532679
-1.5904595 0 15.904594 4288585369
-1.2643545 0.24314511 15.561287 4290032042
-1.3568119 0.30151376 16.080734 4287137406
-1.2609119 0.29097968 15.518916 4290032041
-1.3504281 0.75023782 16.005074 4286807929
-1.2472951 0.67162043 15.351324 4289439904
-1.4920965 0.94499445 15.915696 4286742908
-1.2347476 0.85482532 15.196894 4289110940
0.39825323 0.0088500716 2.8320229 4291414213
0.39704424 0.052939236 2.8234258 4290624694
0.47055784 0.08216089 2.390135 4291807939
0.39745158 0.10598709 2.8263223 4290887867
0.40235385 0.14869599 2.7989833 4290953141
0.39763391 0.19439879 2.8276188 4290427576
0.40192312 0.15727428 2.7959871 4290690225
0.47056732 0.12697849 2.3901832 4291610302
0.47094494 0.14950633 2.3921013 4291474087
0.48185879 0.034917302 2.2347074 4293442232
0.50948954 0.033965968 2.1738219 4290000951
0.4667142 0.072924092 2.333571 4292312154
0.50929868 0.040743895 2.1730077 4288220438
0.51368368 0.03379498 2.1628788 4290474092
0.5302887 0.032334678 2.0694194 4291743181
0.51387346 0.054091942 2.1636777 4289031280
0.53020495 0.038795482 2.0690925 4291743180
0.467172 0.12409256 2.33586 4291524179
0.49165243 0.081942074 2.185122 4289343030
0.46762237 0.1315188 2.3381119 4291786838
0.49034715 0.15884486 2.2100153 4290919218
0.51382411 0.1081735 2.16347 4287836470
0.5307337 0.084140711 2.071156 4291611852
0.51405221 0.15556844 2.1644304 4288375406
0.53110236 0.11658344 2.0725946 4291546058
0.62800604 0 1.6746827 4289503372
0.62668884 0.031334445 1.6711704 4289437325
0.62523425 0.067733712 1.6672913 4289437838
0.62513107 0.10418852 1.6670163 4289240459
3.3163059 0.21190453 3.3904724 4280030733
-7.6127243 0.87935752 8.0398407 4285950817
-7.6435685 0.89773452 8.207859 4287399814
-7.6089239 0.99036801 7.729701 4283053865
-7.6479859 0.98683679 7.8946948 4282856737
-7.718152 1.0746794 7.8158498 4284306759
-7.6799598 1.0550743 7.851716 4283123523
-7.6182394 0.97095215 7.9667864 4285293403
-7.6421938 0.96479523 8.1245909 4285293659
-7.7341032 1.0546504 8.0354319 4283515683
-7.3595977 1.1646502 7.929533 4286545270
-7.70753 0.92702258 8.4756346 4287663237
-7.7558184 0.95246887 8.7082872 4284767574
-7.5672889 0.80385113 8.8700819 4285361000
-7.7866402 0.94552058 8.8990173 4284372816
-8.0399933 0.96479923 9.355629 4283846475
-7.7123032 0.95409936 8.4808836 4285096537
-7.7327347 0.95992565 8.5326729 4284372556
-7.4009485 1.1659029 8.1106281 4286149999
-7.5208611 1.1611154 8.4444752 4285887341
-7.8286033 1.0235276 8.8521309 4283777564
-7.9588575 1.0306435 9.1612749 4283251484
-7.5078835 1.1631932 8.4595871 4286084719
-7.4852991 1.1432092 8.710166 4285755758
-7.8289704 0.81795216 9.3480244 4281221722
-8.4782248 0.92780578 10.237857 4280687629
-8.2154675 0.97009212 9.7009211 4282076515
-8.1414776 1.0406399 9.7942581 4281677109
-7.7142425 1.0979072 9.2455339 4282597435
-7.5687881 1.0977633 9.2443218 4281874474
-7.3641291 1.1371081 8.663681 4286084720
-7.3681612 1.0980004 9.2463198 4282728766
-5.7954588 0.95045531 7.4181876 4284509564
-5.4599199 1.0305872 7.0167642 4284905872
-5.3207917 0.63499159 7.006804 4284696348
-5.2541308 0.5935629 7.0348196 4285885785
-5.3276582 0.65773559 7.0158463 4284696342
-5.2806926 0.72009444 6.9827342 4285551394
-5.098372 0.5738427 7.0626798 4283582273
-5.0421906 0.57498664 7.0767589 4284701259
-5.2940936 0.80609655 6.9716458 4282721814
-5.2092538 0.88255948 6.8882694 4285748774
-5.4163117 1.0264784 6.9887891 4281939517
-5.0478168 0.9584462 6.8156176 4287398523
-5.0995183 0.88593322 6.9146008 4288122750
-5.0326071 0.9596073 6.8238745 4287398266
-4.9803739 0.95276719 6.9292159 4284172856
-4.9655457 0.57635796 7.0936365 4285029709
-4.7598786 0.57830298 7.1175752 4289307804
-4.7244005 0.66540849 7.0976906 4288780681
-4.7089777 0.57751614 7.1078906 4289768357
-4.5016747 0.57942349 7.1313658 4290163370
-4.6787481 0.66522485 7.0957317 4288912268
-4.5452304 0.66515571 7.0949941 4289241233
-4.8172159 0.9018532 7.0388541 4289110161
-4.7984257 0.90245616 7.0435605 4290162594
-4.8055925 0.94356382 7.0218706 4291869836
-4.7054472 0.96747512 7.0361824 4286608490
-4.6265793 0.90328455 7.0500255 4291018937
-4.4654341 0.90635049 7.0739551 4290821559
-4.6608195 0.96733987 7.0351992 4286674284
-4.510006 0.96800125 7.0400095 4286674798
-4.4604716 0.57986134 7.136755 4290228906
-4.2708006 0.58136553 7.1552682 4290031525
-4.3563056 0.66678149 7.1123357 4289241232
-4.2713199 0.67088801 7.1561384 4288714631
-4.226253 0.56200176 7.1936226 4285423958
-4.0825911 0.59300196 7.2984862 4285621584
-4.2138739 0.6724267 7.1725516 4287990390
-4.049612 0.6863749 7.3213325 4287266147
-4.4343085 0.9090333 7.0948939 4289571490
-4.4197626 0.95024902 7.0716205 4292729250
-4.2949772 0.95197946 7.0844984 4283910720
-4.0843 0.91008866 7.1031308 4292729804
-4.0567002 0.89158249 7.1326599 4289439907
-4.0680056 0.95587015 7.1134524 4287201144
-4.0413847 0.95483267 7.1057315 4288122762
-4.0420227 0.64304906 7.3491321 4284242513
-4.0346618 0.6877265 7.3357491 4285098591
-4.0089545 0.8200134 7.2890086 4285295968
-3.9834824 0.95060366 7.2426949 4285098601
-3.5663712 1.1402683 7.7635288 4279635200
-3.5142961 1.171432 7.9757071 4280952358
-3.3998501 1.1749482 7.9996476 4283716432
-3.2978222 1.1759676 8.180644 4282202676
-3.6420302 0.96204567 10.994808 4283781451
-3.602057 1.1566238 10.574846 4285952620
-3.1494646 1.1036584 8.6139202 4281476636
-3.2721016 1.1779566 8.3765802 4283584075
-3.2166753 1.1697 8.5069094 4282794815
-3.1875341 1.1364253 8.8696604 4284568638
-3.4827919 1.1398228 10.131759 4284371519
-3.194839 1.156752 8.8133488 4285095759
-3.5948157 0.89870393 11.060971 4286479220
-3.6403346 1.0500965 11.20103 4286676599
-3.2123096 1.0338467 11.815392 4286151273
-3.0641911 1.0454299 11.535778 4285098591
-3.2084019 1.1432235 11.801018 4287466888
-3.158591 1.138562 11.752897 4287927440
-3.3632915 1.0217595 13.62346 4287137407
0.10993786 0.9894408 11.726706 4286479481
-0.13747998 1.1342099 10.998398 4290032304
0.10797004 1.1156905 11.516805 4288387736
0.33587086 1.0076125 11.942075 4287531652
0.47411203 0.98469418 11.67045 4288716438
0.3300074 1.1000247 11.733597 4287269254
0.35795879 1.1096723 11.454681 4288387735
0.69944108 1.0307553 11.780061 4287597187
0.81290323 1.0346041 11.824046 4287992456
0.67411381 1.09987 11.353496 4288387734
0.77455711 1.0914214 11.266285 4288782492
1.0164889 1.0164889 11.617017 4288321165
0.97913396 1.0840412 11.190103 4287463276
0.39882088 0.24815521 2.8360596 4290229678
0.39805311 0.30959687 2.8306 4289900715
0.47856364 0.18230996 2.4307995 4290225804
0.39633206 0.35229516 2.8183613 4289703078
0.39607674 0.40487844 2.8165457 4288979608
0.48080438 0.17676632 2.262609 4288448378
0.50807148 0.17851159 2.1970658 4285752156
0.48068604 0.26287517 2.4034302 4290755249
0.51414388 0.16236123 2.1648164 4288375406
0.54243314 0.22335482 2.0421011 4289179061
0.48014745 0.30009216 2.4007373 4290623663
0.47919765 0.35191077 2.3959882 4290228904
0.54287285 0.26185635 2.0437567 4289376955
0.54306829 0.2683396 2.0444922 4289376955
0.62444454 0.14050002 1.6651855 4289174410
0.62427717 0.1612716 1.6647391 4288976519
0.62450403 0.2133722 1.6653441 4288779910
0.62460899 0.21861315 1.665624 4288779911
3.1174586 0.37495205 3.428133 4282728498
3.1259007 0.37467986 3.4256446 4282531893
3.2274184 0.37280411 3.4084947 4282070314
3.1422467 0.43192393 3.4553914 4282071086
3.155107 0.46621856 3.4695337 4282400050
3.1406238 0.44097799 3.4417796 4282063872
3.1365855 0.37513977 3.3345759 4280030742
3.1285026 0.46070418 3.4284961 4281670656
3.105392 0.45851427 3.3346491 4278190080
3.3279271 0.25517651 3.4023535 4282530598
3.275851 0.37346834 3.4145677 4281872934
3.2977829 0.33715352 3.3715353 4282196480
3.1854298 0.41235337 3.2988269 4279637526
3.2114537 0.40910235 3.2728188 4280425494
3.2262356 0.46235862 3.2878835 4279045376
-4.8085241 0.77605927 4.8693914 4282195986
-4.7541151 0.75944328 4.8604369 4283513908
-4.8667302 0.8932606 4.9283342 4286672179
-4.6863222 0.85615504 4.8064842 4286340902
-4.655879 0.76829684 4.9171 4284042565
-4.6763659 0.77423275 4.9550896 4286539818
-4.6563244 0.81636858 4.8377395 4288183349
-5.9782829 1.1351171 6.0539575 4288191648
-7.2468123 1.1751587 7.8343916 4286873719
-5.4770226 1.1217998 7.038744 4285170329
-5.4454784 1.1809471 6.9982052 4288387739
-5.4304152 1.1620642 7.1511641 4282399547
-5.3625727 1.1667522 7.1800137 4282662205
-5.4210939 1.1803995 6.9949603 4288454047
-5.2985706 1.1823256 7.0063744 4288782236
-5.1709332 1.1590022 7.1323214 4282925891
-5.1462646 1.1635033 7.1600204 4283386183
-5.1379051 1.1756223 6.966651 4289045408
-5.0021467 1.174417 6.9595084 4289505959
-4.9650669 1.168251 7.1892371 4283649355
-4.9422636 1.1788886 7.2546988 4285163624
-4.8513546 1.1907871 7.0565157 4289769134
-4.8089852 1.1967061 7.0915909 4289769392
-4.7259436 1.1587651 7.2706823 4282991427
-4.6256037 1.1620975 7.2915916 4283319621
-4.6627436 1.1889997 7.4603901 4283386185
-4.3664527 1.1782491 7.3929362 4284374622
-4.3621516 1.1833497 7.4249392 4284966758
-4.1055803 1.1597683 7.4225178 4282267958
-4.0208063 1.168839 7.4805694 4282596923
-3.9795196 1.1773727 7.5351849 4282728507
-3.8347721 1.1817851 7.7177806 4282006077
-3.6821141 1.1792392 7.7011538 4281939507
-3.6585069 1.1793871 7.7021198 4283585361
-3.5277944 1.1841547 7.8943648 4283913297
-3.4697449 1.1896269 7.9308457 4285688156
-3.3090453 1.1853297 7.9021983 4287335047
-3.1602473 1.1850927 7.9006186 4287664011
0.39575943 0.45732203 2.8142893 4289308576
0.39566505 0.50996828 2.8136182 4289045659
0.39459679 0.55243552 2.8060217 4289045404
0.39306048 0.57648867 2.7950966 4288913558
0.47933468 0.35950103 2.3966734 4290294696
0.47835666 0.41108775 2.3917832 4289965731
0.54258239 0.30639946 2.0426631 4289639099
0.54335666 0.3451913 2.045578 4289245112
0.62171519 0.26644939 1.6718392 4290294963
0.62135208 0.2819581 1.6708628 4290163633
0.62510949 0.32297322 1.6669586 4288450945
0.62501204 0.34375662 1.6666988 4288450432
0.67022699 0.34302956 1.688761 4286544494
0.66858745 0.36851278 1.6846298 4286544239
2.5903602 0.74459743 3.355932 4280425494
2.6392024 0.74654728 3.3647201 4281477666
2.8526957 0.59831822 3.418961 4282202926
2.8805947 0.56545007 3.4140382 4280030733
2.9811397 0.56576377 3.4816232 4282531122
2.8855221 0.60916579 3.419878 4280686080
2.931596 0.59266925 3.3866813 4279635200
2.7470272 0.73183352 3.3940105 4282202154
2.8466315 0.73841196 3.4245193 4281872934
2.9008374 0.64225185 3.4253433 4280948224
2.8912668 0.72817087 3.4266865 4281474048
3.070318 0.57020193 3.508935 4282531122
3.1596284 0.55565882 3.4864867 4282400050
3.0005469 0.58958113 3.369035 4280425494
3.0520568 0.57684922 3.3562136 4280427036
3.1297164 0.52519214 3.429826 4281670656
3.0827658 0.57281125 3.3327198 4280689180
3.1394286 0.56986326 3.3155682 4280689186
3.018101 0.63096184 3.3651299 4278190080
3.0624428 0.62498832 3.333271 4279637517
3.1164823 0.61712515 3.2913344 4281675302
3.1610765 0.57003021 3.3165393 4280425500
3.243222 0.580257 3.3157542 4280030742
3.1518626 0.62626588 3.2853291 4280951324
3.1993957 0.63577735 3.2814314 4281215526
0.38922897 0.65736449 2.7678504 4289244071
0.38061157 0.7179718 2.768084 4285295207
0.38767821 0.76674139 2.7568228 4288913816
0.38764161 0.80974025 2.7565627 4288782229
0.62628329 0.3914271 1.6700889 4288319102
0.6245476 0.42511219 1.6794556 4289242273
0.67052186 0.40653688 1.6895038 4286281322
0.6702708 0.43805099 1.6888713 4286149735
0.62130642 0.47261769 1.6992996 4290031794
0.62671906 0.45818955 1.6852949 4288385926
0.62223589 0.5052343 1.7018418 4289900718
0.6278199 0.47482175 1.6882551 4287858803
0.7424866 0.51626027 1.8562165 4284108856
0.74085474 0.54985315 1.8521369 4283977016
2.2857175 0.91634619 3.2947278 4281477660
2.2987733 0.95868123 3.2986879 4279635200
2.321713 0.92457598 3.2873812 4280689186
2.574367 0.77440315 3.3487704 4280948224
2.6508632 0.76790881 3.3661757 4280032284
2.5957971 0.81642008 3.3494158 4280421632
2.4003947 0.91688889 3.2966793 4280689174
2.5189612 0.90185034 3.3171506 4280951324
2.3095872 0.92778289 3.1584101 4279045376
2.3107805 0.92237031 3.1069317 4280953382
2.5922451 0.8780185 3.3448324 4280423936
2.4319839 0.91568631 3.1507485 4281875256
2.5177283 0.91917056 3.1971152 4280689180
2.7312074 0.79529405 3.3486066 4279045389
2.7557187 0.79632938 3.3529658 4280952354
2.7865777 0.81405652 3.3397188 4279637517
2.8069167 0.80646485 3.3515425 4281214502
2.9013422 0.78072482 3.3761072 4282531131
2.8358388 0.81621933 3.348592 4281214502
2.8716636 0.8219617 3.3294649 4281873706
2.5787106 0.91954023 3.1984007 4280425494
2.6678591 0.93626755 3.2215657 4279635213
2.6932569 0.94065964 3.1685376 4280030742
2.7271647 0.94554985 3.18501 4279042048
2.9840598 0.78305113 3.386167 4282069546
3.0582967 0.78581232 3.3981073 4280423958
2.9386897 0.84551775 3.2995815 4281213468
2.951257 0.84616458 3.3021057 4281477670
3.0982225 0.79577631 3.3953123 4280687638
3.1759553 0.81245375 3.376431 4280951324
2.9927454 0.85067767 3.279721 4282859576
3.1852705 0.81997061 3.363982 4281674278
2.9701095 0.85735118 3.2660997 4280427036
2.9916444 0.85475552 3.2562115 4281677102
3.0394845 0.86554861 3.2206459 4281873710
3.2190285 0.81267273 3.3773413 4279635213
3.2185135 0.82040536 3.3657656 4280425494
3.2373741 0.82500827 3.3418057 4280427036
3.0743604 0.86840695 3.1941407 4282531125
3.109503 0.88135594 3.1689203 4282727739
3.0646424 0.8955124 3.1840441 4278190080
3.105401 0.89008313 3.1647398 4280689190
0.38778263 0.87035656 2.7575653 4289045145
0.38771123 0.92189109 2.7570577 4289177503
0.38794225 0.94830334 2.7587006 4289242783
0.38799176 0.99153453 2.7590525 4289506210
0.62261808 0.52150923 1.7028872 4289834927
0.62533247 0.51404446 1.6958169 4289308580
0.62210691 0.56893539 1.7014891 4289374375
0.62474751 0.54533046 1.6942306 4288978842
0.74290997 0.55718243 1.8572749 4283977016
0.6698755 0.54328483 1.6878753 4285688415
0.62233639 0.57446438 1.7021166 4289308583
0.62541443 0.58301342 1.6960391 4288517520
0.62308604 0.60710943 1.7041669 4289439655
0.62558895 0.60438251 1.6965123 4288648849
0.67049778 0.57546651 1.6894431 4285623389
0.6697005 0.60114849 1.6874344 4285424987
2.0121887 1.076521 3.219502 4281675302
2.0347474 1.0778116 3.223362 4281477666
1.9848715 1.112731 3.2078731 4280423949
2.0402992 1.1055808 3.2162352 4280030733
2.0134871 1.1476877 3.2215793 4280028416
2.0587988 1.1393353 3.1981339 4279045376
2.3092227 0.98966682 3.2988894 4280423936
2.3050811 1.0853522 3.3077397 4280689180
2.2979648 1.0879745 3.2537556 4278190080
2.0696011 1.0979574 3.1092598 4280427042
2.0973411 1.0972201 3.1071718 4280690214
2.0442452 1.1089065 3.0856531 4280427036
2.0463901 1.1092582 3.0600226 4280425494
2.1954887 1.0928656 3.122473 4280427042
2.238615 1.0901082 3.1145949 4280690210
2.0705602 1.1098949 2.9845912 4280689186
2.30935 0.92374003 3.0791333 4280427030
2.3313386 0.92301989 3.0450139 4281676330
2.3765271 0.94129103 2.9823084 4280427036
2.3756614 0.95026457 2.9812222 4279045389
2.2632642 1.0879209 3.1083455 4280689186
2.3139005 1.0894616 3.0852008 4280030742
2.2538471 1.0933557 3.0690684 4281872942
2.3126287 1.084937 3.0454371 4279637526
2.3298125 1.0789706 3.0554917 4279042048
2.3155131 1.0868735 3.0243437 4280030742
2.328095 1.0858309 2.9446261 4280030742
2.3807802 0.93929225 2.9759753 4281675302
2.6055374 0.93682241 3.1227415 4282070318
2.3926723 0.94228792 2.9561975 4281674274
2.4169352 0.95016921 2.9519818 4282398758
2.6891232 0.94562566 3.1520858 4280425494
2.7199807 0.94952047 3.1650684 4279635213
2.4858563 0.97031564 2.9571524 4281872938
2.5446486 0.99009961 2.9610455 4283515971
2.4407053 0.98725164 2.92519 4279045376
2.3362341 1.0859839 2.9202926 4280030742
2.4018574 1.045083 2.9335663 4279042048
2.5064628 0.99156773 2.9379785 4280425500
2.5471387 0.99670637 2.9532042 4281676330
2.7838464 0.96401751 3.1478121 4279637526
2.8182552 0.97517478 3.1205595 4280425494
2.8110027 0.98529989 3.0911369 4282070314
2.8525145 0.9832899 3.1153741 4280030742
2.8700228 0.98899442 3.1027274 4280423958
2.9025249 0.99624622 3.0653729 4280030742
2.5773852 1.0033393 2.9455831 4282858808
2.6266751 1.0214849 2.9185281 4282070318
2.639941 1.0342038 2.903028 4280689180
2.6556168 1.0276873 2.910265 4282860096
2.6485505 1.0340232 2.9025211 4281215530
2.7153666 1.0464535 2.8867683 4282530613
2.9143658 1.0000274 3.0477028 4280425494
2.9408605 1.0118073 3.0259659 4281214502
2.8828461 1.0141609 3.004921 4283517765
2.9534578 1.015839 3.0098934 4281477670
2.7429833 1.0543063 2.8591359 4282530613
2.7620854 1.0602844 2.8511851 4283255106
0.38222584 1.051121 2.7798243 4283057988
0.38471952 1.1454149 2.79796 4282927172
0.3849436 1.1548308 2.7995899 4285098085
0.38165396 1.2248429 2.8402154 4289572526
0.53046274 0.91030025 2.0956552 4289572010
0.53810078 0.88402271 2.0499077 4288454049
0.62418813 0.65619779 1.7071812 4289176742
0.62645996 0.64769584 1.6988744 4288780952
0.62412941 0.68814266 1.7070205 4289176483
0.62665009 0.69568783 1.6993901 4288452241
0.66873372 0.63187444 1.6849984 4285359448
0.6691221 0.69019687 1.685977 4284833617
1.2972748 1.2588371 3.075022 4282531118
0.62452304 0.71526569 1.7080972 4288979360
0.62665391 0.70100272 1.6994004 4288386448
0.62481892 0.74230629 1.7089065 4288913565
0.62683553 0.73307884 1.699893 4288385678
0.67061841 0.72342294 1.6897471 4283054115
1.239141 1.2580593 3.0269094 4282398762
0.6710645 0.72918814 1.6908711 4283844410
1.2359693 1.2725906 2.9297051 4281677109
1.3625902 1.2659527 3.0924034 4282728504
1.4205338 1.2659178 3.0923183 4282202162
1.4718298 1.2588017 3.0985889 4282066445
1.5250549 1.2611032 3.1283178 4282531122
1.344877 1.2680268 3.0740044 4281872938
1.3632168 1.2704809 2.9675467 4281676334
1.2452872 1.2727567 2.9300873 4281479730
1.3269405 1.2716514 2.9487567 4281677106
1.4219158 1.2732186 2.9739413 4280953390
1.4490575 1.2725698 2.9724257 4282202936
1.3991919 1.2703189 2.945667 4282533191
1.4186347 1.271244 2.9478123 4282860869
1.6232373 1.2690763 3.1480963 4280951318
1.6341194 1.269888 3.1501098 4280951318
1.7027048 1.2671292 3.1678231 4280425485
1.816541 1.2675864 3.1939182 4280951324
1.5466293 1.2747976 2.9995236 4282532421
1.5744857 1.2745836 2.9990203 4282203458
1.6342567 1.275287 3.0229027 4281478702
1.7523168 1.2735417 3.0641606 4280952354
1.8945723 1.2530239 3.2077413 4282202154
1.9356005 1.2536272 3.2092857 4281674274
1.8435299 1.2724364 3.2061388 4280951318
1.9251913 1.2767059 3.2424276 4280425485
1.9988245 1.229277 3.1981192 4280030720
2.0368888 1.2100331 3.2267547 4278190080
1.9421635 1.2721171 3.1074617 4279635213
1.9812294 1.2660539 3.0926509 4280427042
1.7805974 1.2732229 3.0633936 4280952358
1.8844206 1.2756078 3.0923824 4280690214
1.9280093 1.2724861 3.0848148 4280690218
1.942282 1.2692139 3.0768824 4281480501
2.0832765 1.2225802 3.1298051 4279045398
2.0684109 1.1544619 3.0785649 4279635200
2.0357661 1.2639117 3.0874178 4280428070
2.0733714 1.105798 2.9487948 4281478698
2.0718832 1.104396 2.9207165 4281215530
2.03894 1.2635684 3.0631962 4281215530
2.0321131 1.2629488 3.0386736 4281675306
2.0502038 1.2616639 2.968621 4281215530
2.0543485 1.2600005 2.9217403 4281477674
2.0582533 1.2603401 2.9015024 4281872942
2.0715654 1.0982869 2.8573315 4281477670
2.0878186 1.0965433 2.8071508 4281873714
2.0806515 1.1061691 2.8093185 4280425494
2.0977316 1.104978 2.762445 4280952358
2.2668154 1.0841291 2.8671184 4282202162
2.0986822 1.1050205 2.7411361 4281477670
2.1145616 1.1080301 2.7066386 4281477670
2.0703254 1.2617434 2.8433654 4281477670
2.122647 1.1118628 2.6954248 4281214502
2.3519483 1.0855145 2.8947055 4279635213
2.3587153 1.0858991 2.8482599 4280028429
2.3189878 1.0943538 2.7793112 4282529842
2.3944082 1.0963408 2.8066323 4280030733
2.4103615 1.0996175 2.8150208 4279635213
2.379673 1.0983106 2.7893603 4281213468
2.4149365 1.102471 2.7999263 4280030733
2.1667075 1.1250212 2.6667171 4281873710
2.2012267 1.1379926 2.6580851 4282991168
2.2174799 1.1461132 2.6576538 4282399544
2.2603059 1.1633927 2.6591833 4282531131
2.3038716 1.1850851 2.6519387 4282201390
2.4600832 1.1166335 2.7915838 4279637517
2.4957447 1.1265514 2.7730496 4279635213
2.5266151 1.1335156 2.7688932 4279045376
2.4496098 1.1345561 2.7504389 4282529838
2.4844522 1.1347672 2.7509506 4281214498
2.3219333 1.1858444 2.6536379 4283386185
2.5255027 1.137769 2.7582281 4279045389
2.5593507 1.1555598 2.7391045 4280425500
2.5690823 1.1700771 2.7132223 4282201390
2.7458873 1.066364 2.8436372 4281675298
2.7747655 1.0638077 2.8368208 4283123010
2.5859904 1.1653969 2.722095 4280689180
2.6124079 1.1704944 2.71419 4280030733
2.6547999 1.1836689 2.7055287 4279045389
0.38049656 1.2742211 2.8316023 4290823108
0.46955532 1.1776149 2.3850429 4288585113
0.62520361 0.78551221 1.7099586 4288716187
0.62715948 0.77597702 1.7007715 4288254864
0.62510067 0.82278204 1.709677 4288518806
0.62705874 0.79710859 1.7004983 4288123277
0.89804137 1.0606787 2.2627814 4284635731
0.62482655 0.84912318 1.7089273 4288386708
0.62658972 0.83368289 1.6992264 4287925383
0.62568039 0.87702209 1.7112626 4288189328
0.62766808 0.88299066 1.7021507 4287464574
0.66486013 0.84426677 1.6885337 4285293144
0.66471219 0.85462987 1.6881579 4285293144
2.0786748 1.2683439 2.818542 4281871910
2.0845625 1.2700065 2.802773 4281872938
2.1074479 1.2712945 2.7302969 4282070314
2.1187098 1.2695444 2.6904252 4281873706
2.1256523 1.2688001 2.6364679 4282070322
2.3096755 1.1920905 2.6490901 4281477670
2.1384194 1.2734407 2.5628996 4282399547
2.1479459 1.2713944 2.5269949 4282860098
2.1388044 1.2691807 2.5070236 4282991168
2.1480737 1.2700289 2.5086992 4282859584
2.3560014 1.2069341 2.645335 4282530610
2.3898427 1.2154527 2.6280057 4283254597
2.3991077 1.220024 2.6201859 4282859576
2.4121182 1.2263631 2.5989151 4282399541
2.4187694 1.225618 2.5973361 4282991936
2.1508899 1.2674887 2.4581599 4282728509
2.4350007 1.23352 2.5631585 4282992450
2.4798884 1.2399442 2.5598848 4285031264
2.4607878 1.2423395 2.5483887 4283387205
2.477973 1.2469288 2.5415108 4283650383
0.52923727 1.1303463 2.0908139 4289308323
0.53220069 1.1228136 2.0768807 4286476894
0.53052509 1.1658453 2.0959017 4289374114
0.53315592 1.1573384 2.0806084 4286213461
0.53087318 1.1797181 2.0972767 4289374114
0.53349835 1.1710939 2.0819447 4286147925
0.53131807 1.2200637 2.0990343 4289243045
0.53401226 1.2112961 2.0839503 4286477153
0.62629873 0.89930069 1.7129537 4288189074
0.62685061 0.91902673 1.6999339 4287464830
0.62501335 0.95087498 1.7094382 4287925642
0.62621045 0.92339504 1.6981978 4287399034
0.66497487 0.94468659 1.6888251 4285030229
0.62469113 0.977081 1.708557 4287794570
0.62458622 0.95275867 1.6937932 4287135093
0.62630349 1.0010149 1.7129668 4287662984
0.62446535 0.98432672 1.6934654 4286938227
0.66402256 0.97495383 1.6864066 4284832591
0.69471574 1.0448086 1.7504648 4282595378
0.89052773 1.2788782 2.1426232 4282530610
2.1657369 1.2721813 2.4232023 4282860091
0.62726623 1.0293599 1.7155999 4287662983
0.62320232 1.0140241 1.6900402 4286938487
0.62321621 1.0546736 1.704523 4287399811
0.62119019 1.0423362 1.6845837 4286807416
0.66959304 1.03866 1.6871636 4282199580
0.89692104 1.2822649 2.1260352 4281675306
0.66804665 1.0573022 1.6832672 4281870876
0.6258775 1.1073217 1.7118018 4287334017
0.62454188 1.0955946 1.6936728 4286609778
0.62594849 1.1395472 1.7119958 4287333504
0.6249277 1.1121595 1.6947192 4286740584
0.68613315 1.1237457 1.7288394 4282727985
0.78574097 1.2852042 1.9491249 4282465576
0.79110384 1.2862985 1.9324673 4281874477
0.90973884 1.289342 2.0943627 4281674274
0.91444588 1.2906009 2.0753381 4281215522
0.91676438 1.2912173 2.0659478 4280689180
0.92492902 1.2923666 2.0272417 4280689174
0.93063056 1.2928895 1.9986697 4280427030
0.94185048 1.2927359 1.9698833 4281477670
0.94878817 1.2954607 1.9462321 4280689186
0.96636808 1.2985572 1.9327363 4282399544
-1.223135 1.2845709 1.7872292 4288909169
-1.2219185 1.2835749 1.7936418 4288652981
-0.702663 1.2854919 1.74304 4289246143
-0.70445412 1.2914994 1.7890899 4289373346
-0.69362873 1.2889478 1.747726 4289768877
-0.19996276 1.2911881 1.828231 4290229942
-0.18853651 1.2920296 1.7744613 4290031789
-0.19684368 1.2904197 1.7497216 4289375153
0.28342277 1.2931163 1.8894851 4288059806
0.29323888 1.2937009 1.8399302 4288453533
0.30645588 1.2952096 1.8502996 4288124046
0.3010667 1.2951548 1.8177612 4287599000
0.32232362 1.2948517 1.7783371 4287992720
0.31403965 1.2947248 1.7630296 4286613908
0.32506403 1.2947466 1.7630591 4287860359
0.62521029 1.1756091 1.7099769 4287333759
0.62633032 1.1624267 1.6985229 4285687382
0.62499225 1.1858827 1.7093804 4287267967
0.62596184 1.198876 1.6975236 4285753945
0.71939087 1.2291954 1.8126384 4286087046
0.80185777 1.2948519 1.9007 4281874474
0.68963826 1.2326605 1.7376713 4286151557
0.62398636 1.2426394 1.7066293 4287333760
0.62551254 1.2351223 1.6963053 4285819483
0.6232217 1.2464434 1.704538 4287399039
0.62522835 1.2398597 1.6955346 4285818969
0.69242758 1.2703593 1.7446995 4286087564
0.69480872 1.2801988 1.7506992 4286087305
0.80560827 1.2972662 1.8955489 4281414953
0.81238002 1.2974703 1.8702275 4281546541
0.82236212 1.2963625 1.8274714 4281216806
0.95564443 1.2982339 1.9233094 4280427036
0.86043918 1.2935078 1.8234472 4279635213
0.82461178 1.2958186 1.7950733 4283711259
0.82752591 1.2972027 1.7892451 4281414190
0.87820941 1.2977363 1.789981 4279045389
0.83158219 1.2972682 1.7740419 4281152043
0.88412619 1.3011669 1.7793735 4279635213
0.957528 1.2986473 1.915056 4280689186
0.96648818 1.3003658 1.8744012 4281214498
0.9667303 1.2986798 1.8635764 4281478694
0.96933478 1.2924464 1.8139598 4281873706
0.9127785 1.3055499 1.770237 4279045389
0.92243415 1.3058555 1.7781863 4280030733
0.98358363 1.2947739 1.7782303 4281476636
0.98908556 1.2947018 1.7781314 4282729026
0.98014528 1.2957852 1.772014 4279045376
0.98538035 1.2953876 1.7714703 4281214492
-2.3635411 -1.8828208 2.5638413 4288191364
-2.3611588 -1.8792899 2.5699689 4288125572
-2.3754694 -1.8822924 2.6302776 4290228654
-2.3954577 -1.8827457 2.6896367 4288716937
-2.3953052 -1.8808205 2.6989353 4288716937
-2.4016898 -1.884011 2.7156916 4288651402
-2.4192445 -1.8884032 2.7847419 4290163374
-0.94554979 -1.8996179 2.7259092 4289442485
-0.93829995 -1.9021899 2.7295997 4289311157
-0.96774894 -1.9012413 2.7405279 4290365656
-0.9455002 -1.8738095 2.750546 4291872687
-0.88712341 -1.9021972 2.7296104 4290824657
-0.86020076 -1.9010439 2.7526426 4290033845
-0.85121763 -1.9022108 2.7794862 4289572515
0.36537009 -1.9161631 2.5981872 4289369442
0.41767788 -1.9245942 2.620724 4288909407
0.42806768 -1.9221077 2.6859148 4289243043
0.42658824 -1.9278507 2.6251583 4288382555
0.43531004 -1.9254097 2.6788309 4287797923
0.38702047 -1.9179014 2.7521455 4288192939
0.40831757 -1.9139887 2.7221172 4283064173
0.38090047 -1.9218161 2.7701852 4290097318
0.40317321 -1.8786156 2.7450089 4282464556
0.43541995 -1.9091489 2.6795073 4286149991
0.51604927 -1.6683238 2.2621338 4284508019
0.50944525 -1.6431404 2.2960913 4285952360
0.50960416 -1.6005876 2.2968075 4286215788
0.50975782 -1.5795312 2.2974999 4286412910
0.62311625 -1.2743008 1.7963712 4287663251
0.61062759 -1.2735947 1.8609604 4287926423
0.6147902 -1.2698003 1.8386248 4285098073
0.63667816 -1.2787981 1.7413421 4287401106
0.63906825 -1.2781365 1.7330663 4285689449
0.63427639 -1.2740207 1.749728 4284375382
0.64091575 -1.260288 1.7234708 4285162325
0.62540776 -1.2731515 1.7868793 4285228127
0.65785009 -1.1010824 1.4929931 4287995950
0.66439521 -1.0813605 1.4662515 4289380806
0.65774757 -1.0869162 1.4927604 4288587067
0.66617811 -1.0612906 1.4701861 4288921281
0.6770252 -1.0398753 1.4160004 4287802205
0.67774045 -1.0386153 1.4082919 4288393066
0.67583275 -1.0404267 1.4228058 4287342415
0.67474705 -1.009944 1.3930261 4286358371
0.65874112 -1.0651984 1.4950153 4289376088
0.66553813 -1.0096258 1.4487904 4284651827
0.65758628 -1.0353487 1.4923944 4290230905
0.65653741 -1.0033002 1.479521 4284321298
0.6663686 -1.0085579 1.440797 4284257831
0.67986155 -0.95351648 1.3682748 4288129861
0.67244214 -0.95372516 1.406415 4287407669
0.6780439 -0.95444393 1.3820003 4287932992
0.67118859 -0.99000323 1.3423772 4278218752
0.68806183 -0.94558209 1.2876011 4289574795
0.68209201 -0.946661 1.3228451 4288720989
0.6823948 -0.94548672 1.3154598 4288918115
0.6887241 -0.9449935 1.2813472 4289706128
0.73114496 -0.93890202 1.2785048 4283782754
0.69613636 -0.93492728 1.2951374 4288519545
0.73014528 -0.92780894 1.2908646 4284233731
0.67898792 -0.94558442 1.3329824 4288655187
0.69308215 -0.93504572 1.3123449 4288454008
0.69066584 -0.94066143 1.3559084 4288782718
0.71535414 -0.93416846 1.346549 4286939501
0.72450024 -0.93325454 1.3098309 4288058001
0.72884238 -0.9019928 1.2885611 4285220100
0.72451484 -0.86308324 1.2669111 4287787021
0.73626405 -0.93525428 1.2735378 4286222499
0.73548049 -0.92334777 1.2790965 4280297525
0.73444128 -0.91006851 1.2772892 4280230703
0.72847033 -0.86703807 1.266905 4284439598
0.73397237 -0.77316511 1.1401513 4289243312
0.74665505 -0.7807489 1.0910028 4290098870
0.75591278 -0.77912062 1.0609303 4288847526
0.751095 -0.77816153 1.0826595 4288913578
0.75572145 -0.77902567 1.0653342 4286944422
0.74227828 -0.77712703 1.1151599 4289439665
0.74357235 -0.77455461 1.1015887 4289307565
0.73777103 -0.77307111 1.1296016 4287667371
0.74625695 -0.77415442 1.1158983 4285886566
0.74892241 -0.77615589 1.0893416 4286612072
0.80945969 -0.78142643 1.1213294 4285097809
0.800924 -0.77589518 1.1441772 4286476103
0.80405629 -0.77571946 1.1334714 4287071890
0.81349027 -0.77651346 1.0756897 4286607429
0.81497687 -0.77242792 1.0473598 4287201929
0.81727666 -0.77150911 1.0461141 4287860365
0.81400859 -0.77430081 1.0588729 4286938752
0.82099628 -0.76188451 1.0508752 4287926670
0.81013823 -0.77871042 1.117432 4287466649
0.81572849 -0.78145421 1.0967778 4287067985
0.80805981 -0.77322966 1.1145653 4288650139
0.81475306 -0.75997972 1.0954663 4288188825
0.81673324 -0.76317704 1.0711256 4287926412
0.82637274 -0.76181233 1.0329659 4287531152
2.8960745 -2.2628827 3.3216624 4287465605
1.0473056 -0.81226671 1.1060653 4285495138
1.845948 -1.4295222 1.9889003 4287860367
2.2399538 -1.7298653 2.3656278 4287729812
1.0096579 -0.79001296 1.1336509 4285954150
2.441772 -1.8963591 2.6851101 4287137673
1.7155844 -1.33635 1.9262702 4287334794
3.0004539 -2.3290238 3.3571513 4288123782
1.8077037 -1.4018928 1.9675688 4287794575
1.7838138 -1.3757517 1.8654262 4287663246
3.1590381 -2.4316278 3.3253031 4288845440
-2.9068432 -1.8917551 2.9529836 4288320665
-2.8877234 -1.8913205 2.9523051 4288450423
-2.7999632 -1.8940928 2.928066 4287994001
-2.7294385 -1.8931459 2.9408092 4287665552
-2.9185791 -1.8901274 2.9649057 4289571747
-2.8616948 -1.8892742 2.9635673 4289110163
-2.8329387 -1.8886259 2.9625504 4288255388
-2.7546113 -1.8827814 2.9679313 4288321182
-2.7095213 -1.8920724 2.9391418 4287401860
-2.6542828 -1.8959163 2.9594791 4287994003
-2.4379015 -1.8874077 2.7961595 4287664776
-2.4316192 -1.8893156 2.798986 4288717195
-2.6262386 -1.8957005 2.9591422 4288192157
-2.4372075 -1.8747749 2.8567998 4287862154
-2.7461469 -1.8833373 2.9688075 4287923037
-2.6786494 -1.8853213 2.9866474 4288251750
-2.6242588 -1.8838428 2.9991529 4289109391
-2.6072576 -1.8851036 3.0011599 4288382816
-2.4255621 -1.8815941 2.8536024 4290294962
-2.4318454 -1.8754822 2.8715518 4288914574
-2.4491189 -1.8874788 2.9463084 4290690230
-2.5618598 -1.8837204 3.0139527 4289570201
-2.4491563 -1.8955157 3.0027971 4288520603
-2.5247397 -1.8722788 3.0259051 4290032049
-2.5110209 -1.8691057 3.020777 4288848541
-2.4382033 -1.8942964 3.0008657 4288652449
-2.3609874 -1.8906711 3.0100238 4288915363
-2.4342406 -1.882733 3.0428007 4289965992
-2.3965058 -1.8829687 3.0431819 4289176487
-2.2910066 -1.8856022 3.0169635 4288521118
-2.2811186 -1.8852218 3.016355 4288784292
-2.3229611 -1.8755054 3.0465062 4289702042
-2.3042176 -1.8757473 3.0468993 4289832594
-2.2071519 -1.8850782 3.0312817 4289244586
-2.1665874 -1.8827549 3.0275455 4289639862
-2.2361968 -1.8730538 3.0580468 4289834931
-2.1565681 -1.8690256 3.0671189 4290163897
-2.1202016 -1.883572 3.0288594 4290297794
-2.1467566 -1.8688284 3.0667953 4289699449
-2.0505459 -1.8788723 3.0519753 4289639602
-1.9913664 -1.8764799 3.0636406 4289310380
-1.9546721 -1.8780181 3.0661521 4290034622
-1.8986441 -1.8793685 3.0840919 4290624940
-1.8702157 -1.8798559 3.0848918 4290758346
-1.8194606 -1.8775285 3.0969543 4290625458
-1.7339274 -1.8800447 3.1171727 4290758604
-0.95886052 -1.848614 2.7642825 4288914593
-0.92142284 -1.8256229 2.7556572 4293385121
-0.96389073 -1.8235772 2.778784 4292729036
-0.90850812 -1.8170162 2.7687867 4293388004
-0.89277208 -1.8456347 2.7469912 4289836461
-0.84996241 -1.8300211 2.7753875 4291482845
-0.87493038 -1.8191621 2.7720566 4293057471
-0.85240853 -1.8265898 2.7833748 4291541418
0.35250092 -1.9071203 2.8923151 4290031526
0.35321504 -1.9019272 2.8981748 4288915885
0.34124795 -1.8814751 2.9513335 4289373856
0.34101033 -1.8248661 2.9492786 4288979356
0.35902125 -1.9117882 2.87217 4288587950
0.40247869 -1.8325627 2.7402806 4282859567
0.35960063 -1.8879035 2.8768051 4287794822
0.40218368 -1.7884337 2.7382717 4283450938
0.43153906 -1.7510529 2.6556251 4287202165
0.43155798 -1.7428303 2.6557415 4290160254
0.40232721 -1.7462714 2.739249 4283978050
0.40118057 -1.6730083 2.7314422 4284767313
0.43519711 -1.7073119 2.6781361 4287005304
0.50946009 -1.5499067 2.2961581 4286676338
0.52209985 -1.4604685 2.2577291 4287072135
0.52283376 -1.4201295 2.2609029 4287269773
0.5231002 -1.3996465 2.2620549 4287401104
0.60550535 -1.2697976 1.8811816 4285887350
0.61191541 -1.2469219 1.8472917 4286939513
0.65646613 -1.0056503 1.4898522 4290953877
0.66811854 -0.95900011 1.4544077 4286357800
0.65533102 -0.97602493 1.4872761 4291414444
0.66639131 -0.95850801 1.4605837 4286226216
0.67340928 -0.95695001 1.4177037 4287210802
0.68629473 -0.94420165 1.3988173 4288848253
0.67740864 -0.94209146 1.435568 4288979840
0.70283085 -0.94009221 1.4325215 4287137143
0.66734684 -0.93888789 1.4727653 4289176708
0.69210088 -0.93502367 1.4667039 4287268728
0.70795226 -0.9324249 1.3813703 4287070831
0.71621007 -0.85470372 1.2662277 4289900206
0.7132262 -0.77558482 1.2471715 4290493630
0.70847797 -0.77252114 1.2808641 4289703348
0.71047103 -0.76934981 1.2560813 4289571761
0.72302783 -0.77172917 1.1988026 4289374386
0.73013139 -0.77415937 1.1740806 4289177519
0.73346508 -0.77282172 1.1449211 4289177519
0.72940904 -0.77361566 1.1788429 4289308335
0.78414375 -0.77656752 1.2122029 4284307533
0.71831334 -0.77209079 1.2291993 4289243311
0.72279006 -0.77198517 1.2109572 4287334251
0.71522325 -0.76964247 1.2438666 4287334249
0.76895308 -0.76895308 1.2749481 4285821012
0.77648729 -0.76876104 1.2361987 4287264855
0.7781778 -0.77047306 1.2327569 4286018905
0.77171713 -0.76777983 1.2599463 4287532696
0.7810238 -0.75409192 1.2311705 4288452768
0.77452302 -0.77452302 1.1746321 4285031258
0.79848206 -0.7766059 1.1667318 4287005324
0.78936458 -0.77432907 1.2028413 4287396179
0.79523802 -0.77674413 1.1836101 4286870093
0.80068856 -0.77555484 1.1489701 4287465352
0.80473793 -0.75885379 1.1294568 4288254875
0.79850215 -0.75857699 1.1614577 4288716704
0.78637195 -0.77124941 1.209803 4287860627
0.79400879 -0.75690556 1.1873028 4287926679
2.1900067 -1.7139183 2.5391383 4286939517
-2.5370657 -1.8663471 3.1105785 4289046439
-2.542978 -1.8655052 3.1419034 4288915106
-2.4989448 -1.8668007 3.1607206 4289374868
-2.4982285 -1.858682 3.1977324 4289440662
-2.4965873 -1.8523067 3.2214029 4289571990
-2.5206246 -1.8518877 3.2922447 4289571991
-2.5436208 -1.8604168 3.3634655 4289703320
-2.0093966 -1.863788 3.1063135 4291808713
-1.9886286 -1.8625205 3.1042006 4291874248
-1.901152 -1.862353 3.1039217 4291148191
-1.846247 -1.8657839 3.1259205 4291611599
-1.8383877 -1.8677237 3.1291707 4291146893
-1.7541637 -1.872422 3.1535528 4291409802
0.4004733 -1.6359761 2.7266269 4286939515
0.40325278 -1.5290003 2.6883521 4284569416
0.40296945 -1.4859498 2.6864629 4284964430
0.40269771 -1.4513897 2.6846514 4285161554
0.44056374 -1.4318321 2.7111614 4289176475
0.52372181 -1.3588457 2.2647429 4287401619
0.51332164 -1.3260809 2.2814295 4286938737
0.51437849 -1.2502254 2.2861266 4288980393
0.51614779 -1.2115135 2.2939901 4287991940
0.66961586 -0.76983052 1.4576672 4291217352
0.68374908 -0.76649582 1.3936287 4289900985
0.67583668 -0.76535147 1.4322367 4290164413
0.6835835 -0.76737761 1.4112692 4288057722
0.69817066 -0.76798773 1.3142036 4289900729
0.69029701 -0.7665261 1.3551843 4289703864
0.69738877 -0.76754028 1.3204994 4289834936
0.70562732 -0.77014184 1.29029 4289703350
0.71217537 -0.76818913 1.2803153 4286479734
0.75521284 -0.7722798 1.3653566 4285754966
0.76209396 -0.77042288 1.3326234 4287133782
0.68963701 -0.76626337 1.3622459 4288916150
0.74565017 -0.76309222 1.3953687 4287927197
0.73826277 -0.76527232 1.4405127 4288518813
0.74360424 -0.76560438 1.408008 4287264598
0.75563425 -0.76844162 1.3661184 4288255130
0.7557056 -0.76419669 1.3585719 4288979360
0.74949032 -0.74949032 1.3863405 4288650916
0.76547068 -0.76956409 1.3098963 4288057746
0.76712835 -0.76712835 1.2785473 4287331413
0.76211542 -0.77039927 1.3254181 4286149719
0.76813287 -0.75196165 1.2936975 4288847782
0.77313119 -0.74946392 1.262255 4288978594
0.76605368 -0.74940032 1.3322673 4287662963
-1.6465811 -1.8539283 3.903007 4292861384
-1.6490142 -1.8582176 3.9379447 4293517770
-1.6727692 -1.8501842 4.0551982 4293517511
0.4030984 -1.4108444 2.6873226 4285556569
0.40188581 -1.3312467 2.6792388 4286017378
0.43756494 -1.3715978 2.6927073 4289571489
0.43510675 -1.3136877 2.6775801 4289374886
0.40188894 -1.306139 2.6792595 4286149221
0.40207624 -1.2564883 2.6805084 4286675053
0.43356696 -1.2590117 2.6681044 4289769640
0.43362564 -1.2091485 2.6684656 4288189837
0.51795989 -1.1869915 2.3020439 4289110423
0.5191313 -1.1608353 2.3072503 4289636768
0.51972359 -1.1260679 2.3098826 4289899940
0.51772195 -1.0785873 2.3009863 4290426541
0.64788973 -0.75909466 1.5471994 4290361793
0.62978828 -0.75990975 1.6655557 4290100420
0.64180636 -0.76214504 1.6045159 4290428098
0.64805543 -0.7601251 1.559231 4289705664
0.63843811 -0.76004535 1.62143 4288452220
0.6505416 -0.7506249 1.6013331 4290295481
0.6612308 -0.76440156 1.5006657 4290296513
0.66641432 -0.7629295 1.4707074 4290098878
0.65876317 -0.76302785 1.5165771 4289639871
0.71133345 -0.75972348 1.548481 4287594850
0.67196882 -0.76277548 1.4529057 4288320892
0.73025715 -0.76240689 1.4697 4288519073
0.7180481 -0.76084566 1.5216913 4287989349
0.72246748 -0.7599982 1.5012311 4288518556
0.70896572 -0.75752503 1.5538975 4288914085
0.66322696 -0.72174704 1.5605341 4287992979
0.71975648 -0.74358952 1.5253118 4289309102
0.73150259 -0.76350582 1.4630052 4287331675
0.74092823 -0.7498551 1.4282954 4289373859
0.73621976 -0.74542248 1.4724395 4287268202
-3.3577924 -1.8070047 4.3152351 4285692268
-3.4197726 -1.8128914 4.3948884 4289440425
-3.2630665 -1.8128147 4.2970424 4285954415
-3.2519639 -1.8081459 4.3179603 4282731594
-3.3215013 -1.7968776 4.3560672 4285164348
-3.3112564 -1.807394 4.4150085 4287068501
-3.4990311 -1.8143123 4.6077776 4289439905
-3.2539177 -1.8199879 4.4120917 4290031784
-1.6589129 -1.8518097 4.1151328 4294243829
0.42726049 -1.1728718 2.68085 4285032547
0.42716041 -1.1223431 2.6802223 4285361512
0.43368283 -1.1592677 2.6688175 4290756797
0.43366209 -1.1341932 2.6686897 4291151043
0.4265911 -1.0790246 2.67665 4285756013
0.42623663 -1.0279825 2.6744258 4286019185
0.43325669 -1.0914736 2.6661949 4291414729
0.43283111 -1.0487831 2.6635761 4291743692
0.51621145 -1.0324229 2.2942731 4290887092
0.52022958 -0.92254049 2.2196462 4290625476
0.53378564 -0.88741863 2.1351426 4290425767
0.54740208 -0.89694804 2.110466 4290756282
0.51884758 -0.90265256 2.2744002 4290755247
0.52075011 -0.87029469 2.2827401 4291150264
0.53380239 -0.87410146 2.1352096 4290623146
0.54769051 -0.85782844 2.1115777 4291086021
0.53433704 -0.82154322 2.1373482 4291216058
0.54824215 -0.80584991 2.1137047 4291480523
0.60787737 -0.76121575 1.7524391 4291875024
0.59681147 -0.75596124 1.8188541 4290953928
0.60637558 -0.75521314 1.7640016 4290888135
0.58013529 -0.75180805 1.8943194 4290888391
0.57835984 -0.75127161 1.9079913 4290625991
0.59250242 -0.75357103 1.8407842 4290494406
0.59981269 -0.74127799 1.8107554 4289436795
0.58643115 -0.73890322 1.8765796 4289041520
0.61989892 -0.75884181 1.7100661 4290756805
0.62728918 -0.75907266 1.6868281 4288320634
0.61214757 -0.74332201 1.748993 4288846722
0.66116124 -0.68583143 1.5788925 4291216579
0.65959561 -0.64982384 1.563486 4290162080
0.65929085 -0.63975632 1.5627635 4290753950
0.66034704 -0.61143243 1.5652671 4291348166
0.6621995 -0.69628328 1.5581164 4287992978
0.66079986 -0.64622343 1.5548233 4288124052
0.66039401 -0.62640315 1.5538683 4290029719
0.65983683 -0.61131942 1.5525572 4290029462
-4.9250402 -1.7737033 5.5105348 4293122751
-5.0906615 -1.7621521 5.6958451 4293583540
-4.8768787 -1.7749771 5.514492 4292793264
-4.7670393 -1.7725815 5.5070491 4292859577
-5.1007915 -1.7601322 5.7473707 4293518006
-4.8180089 -1.7677586 5.5459094 4293980400
-4.6393957 -1.7698435 5.4985428 4291415741
-4.5759287 -1.7718823 5.5048766 4291479226
-4.6372499 -1.7649235 5.537015 4293320390
-4.6104145 -1.7679033 5.5463634 4292925112
-4.4131722 -1.7687032 5.4950004 4291216317
-4.3520813 -1.7648203 5.4829369 4291216317
-4.4960642 -1.7638404 5.5336175 4292991168
-4.3592024 -1.7681906 5.6021881 4293056178
-3.7409127 -1.8122642 5.3204088 4285631905
-4.2245107 -1.7980354 5.5861297 4290953144
-3.4468608 -1.390092 4.5390759 4286544475
-3.5998778 -1.4429262 4.760169 4294042514
-3.7611403 -1.8053474 5.3491774 4285697954
-4.1382451 -1.7760708 5.6834264 4292924850
-4.1169481 -1.7798159 5.7529402 4292858528
-3.6559265 -1.8362345 5.2936492 4284441959
-3.5764813 -1.8213562 5.2984905 4283389272
-3.5083709 -1.8123811 5.3207521 4281085483
-3.6489723 -1.7661692 5.3318315 4286013218
-3.6370628 -1.7517964 5.3388081 4285370019
-3.9249482 -1.7742916 5.7350841 4288253561
-3.6198685 -1.6272802 5.3135681 4286356397
-3.5284252 -1.7558514 5.3511662 4285684258
-3.6046314 -1.7343038 5.4409533 4289767062
-0.41924658 -1.8322628 4.9688482 4287007622
-0.40650636 -1.8136437 5.0031548 4289571746
-0.39434069 -1.7981936 5.0475607 4289108089
-0.31339294 -1.8333486 5.014287 4286611571
0.42555013 -0.99295026 2.6701183 4286545530
0.42451081 -0.92393529 2.6635973 4286742910
0.43255663 -0.98988926 2.6618869 4292072402
0.43185392 -0.93014687 2.6575625 4292269781
0.42464334 -0.89924467 2.6644287 4286808958
0.42490774 -0.84981549 2.6660879 4286940545
0.43175954 -0.89673126 2.6569817 4292335574
0.43189096 -0.84717071 2.6577907 4292269523
0.52244598 -0.85881531 2.290174 4291347386
0.52317584 -0.81701422 2.2933733 4292071626
0.5343073 -0.7947821 2.1372292 4291348161
0.54770648 -0.79186481 2.1116395 4291480265
0.52173513 -0.78260267 2.1967795 4292138195
0.5481022 -0.73300415 2.1131651 4290821558
0.52193081 -0.75787205 2.2879157 4291148702
0.52394688 -0.71256781 2.2355068 4289571756
0.52435678 -0.72444028 2.207818 4291151299
0.54772222 -0.71269882 2.1117003 4291283143
0.56863511 -0.65423608 1.9565939 4292401111
0.56829482 -0.62329108 1.955423 4292466904
0.66200846 -0.58845198 1.5692053 4291348422
0.66137594 -0.53889894 1.567706 4291348164
0.66125309 -0.50451165 1.5674148 4291413701
0.66128343 -0.49963635 1.5674866 4291413701
0.66099429 -0.58323026 1.5552807 4289833109
0.66275871 -0.54092807 1.5594323 4289569679
0.66372424 -0.50755382 1.561704 4289634958
0.66363358 -0.49284554 1.5614908 4289832082
-5.1153569 -1.7538366 5.8461223 4293583545
-5.1512308 -1.7484105 6.0160356 4293583547
-5.1728926 -1.7434565 6.130836 4293583547
-5.1864786 -1.7417281 6.1928105 4293583804
-5.2009845 -1.7401791 6.2568235 4293583547
-5.1350427 -1.7250534 6.4188032 4293715132
-4.9441967 -1.7076342 6.3539877 4293849330
-5.2064996 -1.7150822 6.5336466 4290953918
-5.1638975 -1.7144954 6.5314116 4291216573
-3.532037 -1.3352822 4.5945196 4288456364
-3.4963841 -1.3572462 4.7208562 4289243820
-3.4537075 -1.2405154 4.5109649 4288456363
-3.4826255 -1.322516 4.7022791 4281874491
-3.5414593 -1.3655627 4.8019786 4293319549
-4.1738129 -1.7808269 5.9360895 4293455089
-3.550571 -1.3540313 4.8143334 4289175410
-4.6316252 -1.7191622 6.4721398 4293915123
-3.4092789 -1.1317688 4.4711852 4286225587
-3.4060407 -1.1637305 4.5413876 4280427054
-3.4002986 -1.063468 4.4777598 4285764265
-3.3707187 -1.0167871 4.4571486 4283719525
-3.6431324 -1.2766532 4.9820614 4289104955
-4.7007771 -1.7168057 6.5402117 4291020747
-3.6764805 -1.1936624 5.0929599 4281545780
-4.3955193 -1.4203862 6.1422105 4287262230
-4.1694098 -1.7515328 6.092288 4292858796
-3.7977207 -1.5852871 5.574636 4290956501
-4.3796582 -1.6998672 6.3995004 4292795867
-3.586762 -1.418022 5.3384361 4290687827
-3.8272278 -1.7330843 5.7769475 4291084728
-4.2313108 -1.7164751 6.3868842 4294178037
-4.4224095 -1.6962665 6.4619679 4290426024
-3.5723541 -1.3957105 5.3169923 4287658798
-3.5784276 -1.1820146 5.1814337 4284450469
-3.5725741 -1.2454846 5.2441454 4281878610
-4.3225298 -1.7127005 6.5245733 4293191141
-4.8244863 -1.6840187 7.2822433 4290426799
-4.0023971 -1.6713307 7.0371819 4289504917
-3.875174 -1.6733706 7.0457706 4288913296
-3.6400249 -1.6766174 7.059442 4289637022
-3.6055138 -1.6692193 7.1220021 4288912526
-2.0280299 -1.7962549 6.1806622 4293188282
-2.1683905 -1.7705208 6.3659172 4293319865
-1.9483078 -1.7939863 6.1728563 4293188546
-1.8097929 -1.7905397 6.1609969 4293254600
-1.7527974 -1.7913204 6.1636829 4292071616
-1.672007 -1.7886585 6.2214212 4293254338
-1.5546725 -1.7878733 6.2186899 4293320392
-1.4399558 -1.7902153 6.2268357 4293057736
-1.3891881 -1.7860988 6.3505735 4294309365
-1.3223491 -1.7960265 6.3156972 4293254338
-1.2544014 -1.792002 6.3715625 4294045674
-1.2597388 -1.7760252 6.6084661 4294046708
-1.2890874 -1.7751367 6.7624254 4294046708
0.40946618 -0.80221951 2.6740649 4288781456
0.40866727 -0.70891261 2.6688476 4289636254
0.43050265 -0.76993746 2.6492472 4290230972
0.43779248 -0.70212007 2.6432755 4291348678
0.40849963 -0.66693819 2.6677527 4290031526
0.40772232 -0.64070648 2.6626763 4290031526
0.43735963 -0.6519134 2.640662 4292533210
0.4373281 -0.61060899 2.6404715 4292598746
0.53781092 -0.5643695 2.124685 4290951853
0.54502511 -0.55815828 2.1013017 4289901234
0.53739274 -0.55066168 2.123033 4291149233
0.54990643 -0.53681344 2.0948818 4292467162
0.53575343 -0.48283952 2.1165569 4291610300
0.5491966 -0.48381609 2.0921776 4292467418
0.66106749 -0.4651956 1.5669748 4291611080
0.65981245 -0.43987498 1.5639999 4291611080
0.66019309 -0.41078681 1.5649022 4291676872
0.65977937 -0.38120586 1.5639215 4291808716
0.6619556 -0.44292617 1.5575426 4290227617
0.66143173 -0.43771219 1.5563099 4290491304
0.66250086 -0.39653334 1.5474472 4289964439
0.66266918 -0.37728614 1.5478405 4289964438
-7.6124978 -1.7104031 7.7088585 4285425754
-7.6156855 -1.6977642 7.7612081 4284437307
-7.475184 -1.4475753 7.5938377 4284700232
-7.4754257 -1.4522324 7.618268 4284106032
-7.6667085 -1.6926498 7.9654112 4284305720
-7.5941162 -1.6847874 8.0467453 4286150258
-7.6159911 -1.6589289 8.0432911 4282595628
-7.6308317 -1.6676652 8.0856495 4283713590
-7.4601011 -1.4209718 7.578516 4286939517
-7.4599419 -1.4346042 7.6512222 4284897096
-7.500164 -1.4367197 7.7923779 4284304439
-7.4886003 -1.4119918 8.0685253 4285290300
-7.4697824 -1.3581421 8.0482502 4288254597
-7.4995513 -1.6975336 8.1076231 4286874751
-7.7266107 -1.6613531 8.4386187 4285160261
-7.7737756 -1.6522659 8.6676245 4284831808
-7.786109 -1.6723686 8.7730808 4286742393
-7.6154914 -1.671025 8.7660332 4287729286
-7.4899607 -1.4011831 8.152338 4286213214
-7.8108072 -1.6443803 8.7700291 4283318575
-7.4916291 -1.3901992 8.2382174 4286344797
-7.5598588 -1.3960714 8.4291105 4286344540
-7.83706 -1.6557169 8.8304901 4284634432
-7.8507986 -1.6438496 9.0695152 4284109643
-7.5903025 -1.3897736 8.552453 4285950041
-7.6648574 -1.3835483 8.8547087 4285423954
-7.8722429 -1.6267364 9.2956371 4284832589
-7.7925429 -1.6112401 9.3744879 4285360741
-7.7608261 -1.39809 9.1303835 4283843630
-7.8247323 -1.5828657 9.5569248 4283978048
-7.1665931 -1.6019443 8.993372 4287663492
-7.0948195 -1.5984377 8.9736853 4287729029
-7.8495889 -1.5699178 9.6610327 4282727475
-3.644731 -1.0799203 4.7996459 4287140769
-3.3750362 -0.99019653 4.4628577 4285566370
-3.3727868 -0.85724992 4.4970489 4286422193
-3.5141613 -1.0906017 4.8471189 4279049250
-3.660733 -1.1226248 5.2063756 4284303140
-3.3716419 -0.88577032 4.5717177 4280429109
-3.6777234 -1.0599552 5.1391768 4284630307
-6.9572425 -1.5773505 9.0134315 4288124045
-3.3840141 -0.84600353 4.5120187 4285499803
-3.4550662 -0.78064257 4.62603 4283392366
-3.3702865 -0.83181542 4.5893264 4280429106
-3.793328 -0.96075565 5.3007207 4288642854
-3.3758919 -0.70995152 4.6364179 4279640614
-3.8437448 -0.91036052 5.3947291 4286670374
-3.5047901 -1.1362561 5.1211543 4284631583
-3.5068889 -1.1582386 5.147727 4283840529
-3.8949723 -1.1466507 5.8242574 4293449556
-5.7559214 -1.6640342 8.7293596 4293649342
-5.3736901 -1.6776397 8.3881989 4292860361
-6.7250009 -1.651228 9.6071444 4289110940
-5.3861847 -1.2263188 7.6945496 4284307538
-6.6747398 -1.5668404 10.027779 4285690734
-5.6836576 -1.6199799 8.7863312 4293649344
-5.6155095 -1.5767686 8.8520346 4293649084
-6.6715364 -1.5734755 10.070243 4285360744
-5.8589587 -1.5740488 9.3276958 4289900456
-5.2413988 -1.685676 8.42838 4291874762
-5.1120973 -1.686465 8.4323254 4291940298
-4.8886404 -1.6829746 8.5484428 4292991949
-4.8254452 -1.6795747 8.5311737 4292991948
-5.5992146 -1.5632325 9.095171 4290756025
-5.5059824 -1.5609744 9.0820322 4291019452
-5.6903348 -1.5677453 9.2903423 4290032301
-5.4673786 -1.5538867 9.2082167 4290361264
-5.2815261 -1.5451274 8.9898319 4291282370
-5.0678129 -1.5399431 8.9596691 4290492595
-5.4075747 -1.5532395 9.2043819 4290624436
-5.168427 -1.5768082 9.3440485 4290953402
-4.7565756 -1.6756119 8.6483192 4293454569
-5.0107317 -1.5658536 9.1104212 4291940557
-4.9525728 -1.6023029 9.3224897 4294046452
-5.1050344 -1.584321 9.3885689 4291085245
-5.0564866 -1.606178 9.5180922 4291085246
-4.0443068 -1.5981534 10.43692 4287202935
-2.9825292 -1.6676508 10.262466 4291742919
-2.8008931 -1.6550732 10.185065 4291216574
-2.6924796 -1.647164 10.136394 4291413953
-2.5235295 -1.6291139 10.221891 4292269521
-1.2384179 -1.6787443 8.8065271 4288913299
-1.2120054 -1.6802803 8.8145847 4286876291
-1.248028 -1.6640375 8.8748665 4290690746
-1.2324971 -1.6526667 8.9636154 4286151288
0.10742664 -1.7546352 11.458842 4291084988
0.48027891 -1.7610228 10.245951 4292925114
0.31178707 -1.7321503 11.085762 4294112244
0.53558534 -1.7495788 11.425821 4291084990
0.66401809 -1.739095 10.118371 4291018673
0.72561359 -1.735163 10.095493 4290820780
0.60723126 -1.7502546 11.430235 4291743178
0.82082623 -1.748717 11.420192 4294178037
0.87535477 -1.7194468 10.004054 4290886830
0.92906988 -1.6258724 10.617942 4291544495
0.40788817 -0.59934586 2.6637595 4290228906
0.40844259 -0.53347605 2.6673803 4290294957
0.43713927 -0.55261004 2.6393313 4292532953
0.43727773 -0.54453456 2.6401675 4292532953
0.41501164 -0.47311324 2.6560745 4288058512
0.41540647 -0.44033083 2.6586013 4288781978
0.4369112 -0.49461645 2.6379545 4292533210
0.43691087 -0.44515449 2.6379523 4292532696
0.5358513 -0.47631225 2.1169434 4291676093
0.54907972 -0.45102978 2.0917323 4292533212
0.53701013 -0.42430431 2.1215215 4292005575
0.54950857 -0.43175673 2.0933659 4292533211
0.52551788 -0.38348603 2.2725098 4292861657
0.53740603 -0.39807853 2.1230855 4292202696
0.55083722 -0.39345518 2.0984275 4292599005
0.53875506 -0.35917005 2.1284151 4292203470
0.55578792 -0.33082616 2.1172874 4292533211
0.65929389 -0.35162342 1.5627707 4291808973
0.66018283 -0.31297559 1.5648779 4291874510
0.66040689 -0.29351419 1.5654089 4291875023
0.66007221 -0.26402888 1.5646156 4291940561
0.66214782 -0.3479901 1.5466226 4289898133
0.66285193 -0.31449181 1.5482674 4289898133
0.66322047 -0.29046151 1.5491281 4289963924
0.66443795 -0.2376457 1.5519719 4290556323
-7.6732011 -1.3107247 8.7381649 4286874755
-7.5746078 -1.3317991 8.8786612 4287992460
-7.7230134 -1.3729801 9.1532011 4284766539
-7.9111619 -1.3978369 9.5171871 4283448876
-7.6082101 -1.099285 9.2571373 4284182148
-7.8343 -1.3717645 9.7547703 4284700743
-7.780127 -1.1200961 9.6873178 4285160781
-7.6112719 -1.0129069 9.2608633 4283985027
-7.5515776 -0.77525699 9.1882315 4283985027
-7.7484016 -0.96478158 9.6478157 4285424209
-7.7593184 -0.87556517 9.6614084 4285621587
-4.674427 -0.86782616 6.3114629 4282403672
-6.5932488 -1.1684239 8.902277 4283980379
-3.3652396 -0.61315811 4.5630369 4281478694
-3.8390598 -0.81178361 5.4118905 4286209820
-3.467176 -0.54822868 4.7414374 4281876544
-3.653785 -0.61955482 5.0835266 4284696348
-3.6329784 -0.54572636 4.9894981 4281940276
-3.6632431 -0.55988431 5.1189423 4284434987
-7.0861177 -0.8895992 9.816267 4287730578
-3.8799214 -0.50607669 5.3981514 4285623147
-4.3371706 -0.85159051 6.3374181 4286416527
-3.669255 -0.72375214 5.3860626 4281488240
-4.0495195 -0.75812918 5.9171057 4285951072
-4.0589228 -0.78559798 5.9855084 4284433169
-6.5441399 -1.4887142 9.9247618 4285755242
-6.3266439 -1.0594858 9.6867275 4288780683
-6.2767596 -0.84090555 9.6103497 4289175441
-5.7308054 -1.0113187 9.8067265 4288386183
-5.6925578 -0.76103717 9.7412758 4288451719
-4.9503455 -1.0030112 10.353664 4290492595
-4.9688601 -0.90342915 10.324904 4287799469
-4.9309835 -1.2082543 10.449767 4288651424
-4.310729 -1.2268997 10.611025 4288783267
-4.9256759 -1.0045787 10.369844 4289572524
-4.7093492 -1.0209079 10.538404 4288386185
-4.9206281 -0.93880403 10.359217 4288390574
-4.661716 -0.89266908 10.579782 4289703078
-4.2940788 -1.1560981 10.57004 4288980646
-4.6146288 -0.82404089 10.547723 4286937191
-4.0638356 -1.444173 10.747334 4288452237
-4.0278416 -1.231654 10.652143 4288518543
-4.0021658 -1.0914997 10.58424 4289044630
-3.9970875 -0.99101335 10.570809 4289307547
-3.5087121 -1.6010628 10.900853 4286676858
-4.0834761 -1.2010223 15.373085 4290559937
-1.6643431 -1.5425618 12.989994 4292203986
-2.2406347 -1.3941727 15.933402 4289506983
-1.9278221 -1.4794915 14.346583 4293585643
-2.1567817 -1.4215152 15.685685 4290559159
0.10900624 -1.7440999 11.627333 4290558642
0.32378149 -1.7268347 11.512231 4290492592
0.5048095 -1.7307755 11.538503 4290492849
0.43874136 -1.1334151 11.699769 4288321168
0.43862361 -1.0600071 11.69663 4288386960
0.68922305 -1.7411951 11.607967 4290953401
0.79773033 -1.7405026 11.60335 4290953658
0.66332597 -1.4003547 11.792461 4289045405
0.91266525 -1.564569 10.43046 4290427314
0.97079074 -1.1865221 8.6292515 4289374108
0.77337682 -0.98672217 8.5338135 4287926408
0.98341739 -1.0653689 8.7414885 4289834664
0.6544739 -1.1271493 11.635091 4289374114
0.65567225 -1.092787 11.656396 4289374114
0.7663151 -0.8191644 8.4558907 4288452495
0.96857607 -0.96857607 8.6095648 4289769127
0.77975947 -0.77975947 8.6042423 4288452494
0.93840539 -0.78200448 8.3413811 4290163629
0.4153842 -0.35723042 2.6584589 4288912788
0.4153358 -0.34888208 2.6581492 4288781460
0.43659982 -0.39541116 2.6360743 4292533210
0.43691641 -0.34623563 2.6379857 4292269780
0.41505784 -0.28223935 2.6563702 4288781461
0.41461962 -0.20730981 2.6535656 4288913305
0.43685836 -0.29673401 2.6376355 4292401367
0.47998896 -0.25547799 2.4773624 4291545538
0.43643585 -0.20586598 2.6350844 4290559163
0.47523284 -0.23372106 2.4930248 4290952892
0.52534688 -0.30526912 2.2717702 4292927194
0.52487671 -0.26243836 2.269737 4291216830
0.53871328 -0.31258672 2.1282499 4292203732
0.55666775 -0.31809586 2.1206391 4292467419
0.52907324 -0.26110107 2.198746 4290690494
0.56360435 -0.27185625 2.1218047 4291216317
0.50775093 -0.25755483 2.3547869 4290361517
0.51501483 -0.2611343 2.3211937 4291348416
0.48744884 -0.22849163 2.4372442 4292927454
0.52892393 -0.2435834 2.2270482 4291086021
0.54195821 -0.20488665 2.114959 4290820268
0.54022253 -0.193413 2.1342125 4292795869
0.54181004 -0.16518599 2.1143806 4291083698
0.66461492 -0.22315538 1.5523852 4291083961
0.66480863 -0.20380995 1.5528377 4291348167
0.6653921 -0.15429382 1.5429382 4289963924
0.66251922 -0.12573357 1.5474901 4291413701
-7.5471292 -0.68871135 9.1828184 4283984255
-7.662735 -0.37733164 9.2881632 4283262334
-7.7511606 -0.56643093 9.5398893 4282529052
-7.5994759 -0.5684647 9.5741425 4285623399
-7.7172332 -0.38586169 9.4981337 4284500258
-7.3950057 -0.4751811 9.5036221 4285359706
-7.6669798 -0.23233274 9.2933092 4282736505
-7.647069 -0.11586468 9.2691746 4282735989
-7.7042265 -0.23705313 9.4821253 4285025046
-7.6873131 -0.059133179 9.4613085 4285091094
-7.5299401 -0.57689059 9.7160521 4286873978
-7.229918 -0.44629127 9.5208797 4283781188
-6.9126611 -0.37917548 9.3335505 4285105295
-7.0514021 -0.5799855 9.7681761 4287400067
-7.015399 -0.58206367 9.8031778 4288321426
-7.0620079 -0.45269284 9.6574469 4284635729
-6.8337197 -0.45558128 9.7190676 4282595378
-6.9135895 -0.35005516 9.3348045 4285105294
-7.1416612 -0.15066795 9.6427488 4284575345
-7.158699 -0.30333471 9.7067108 4283389788
-6.9097872 -0.24459425 9.7837696 4285025564
-7.1831903 -0.18262348 9.7399187 4283258205
-6.9095488 -0.18343934 9.783432 4285026076
-6.8311195 -0.57942533 9.7587423 4288650648
-6.7846847 -0.45433155 9.6924067 4284767571
-6.52174 -0.45927748 9.7979193 4284570193
-6.1500382 -0.56449622 9.5073051 4288453011
-6.1211467 -0.56457174 9.5085773 4289308578
-6.4942131 -0.4594962 9.8025856 4281938475
-6.1857386 -0.45483369 9.7031193 4282727218
-6.7984495 -0.36914659 9.8439093 4287918894
-6.6540337 -0.36966854 9.8578272 4284376681
-6.7033944 -0.0303321 9.7062721 4287525440
-6.577292 -0.18270254 9.7441359 4282664261
-6.4294305 -0.21229251 9.7048006 4283842588
-6.123826 -0.27420115 9.7493744 4286539835
-6.3240571 -0.18242472 9.7293186 4285228382
-6.0995512 -0.06069205 9.7107277 4286473784
-5.9261265 -0.56581104 9.5294495 4289572008
-6.1209393 -0.39786106 9.7935028 4287656242
-5.807384 -0.4609035 9.8326082 4283714623
-5.6210642 -0.57729852 9.7229223 4289834923
-5.6822906 -0.46072626 9.8288269 4283320126
-5.6432233 -0.4340941 9.9221506 4285815600
-6.10919 -0.3665514 9.774704 4288247861
-5.913476 -0.2144784 9.8047266 4285290030
-5.9577308 -0.18145373 9.6775322 4287535259
-5.8007841 -0.18415186 9.8214331 4286216311
-5.6712799 -0.27739957 9.8630953 4284439125
-5.5975528 -0.30925706 9.8962259 4288839480
-5.6703954 -0.18490419 9.861557 4285953658
-5.5904403 -0.18531847 9.8836517 4287658068
-5.4278383 -0.52427977 9.8687963 4286939516
-5.0150118 -0.76662606 10.221681 4288193968
-4.8773041 -0.41441146 10.200897 4288259500
-5.4814277 -0.28352213 10.080787 4286540871
-5.4727774 -0.18871646 10.064878 4286212423
-5.1987085 -0.15753663 10.082344 4288255112
-4.8791304 -0.3826769 10.204717 4289769903
-5.1740088 -0.094646499 10.095627 4289307543
-4.8510232 -0.41489011 10.21268 4285428073
-4.5697885 -0.45373783 10.371151 4289571233
-4.5590944 -0.65598482 10.495757 4287726441
-4.2562609 -0.75303084 10.476951 4289111976
-4.5428495 -0.5882827 10.458359 4288121716
-4.2509451 -0.4577941 10.463865 4289046439
-4.847002 -0.38265806 10.204215 4289440939
-4.6382055 -0.38922006 10.379201 4288123012
-4.8740897 -0.1613937 10.329197 4288322457
-4.6333456 -0.19440611 10.368325 4288057220
-4.3573503 -0.22593668 10.328534 4289440164
-4.3272142 -0.22774811 10.411343 4289374371
-4.2810469 -0.031478286 10.073051 4284113755
-4.2242603 -0.18914598 10.087786 4284967261
-3.9983857 -0.76002371 10.574243 4289242009
-3.9859586 -0.59295255 10.541378 4289307803
-4.2059932 -0.23001525 10.514983 4286808700
-3.9428852 -0.03129274 10.013677 4284438596
-4.0153432 -0.065825298 10.532047 4287531390
-4.0442801 -0.90401554 15.225525 4291283403
-4.0405149 -0.8556385 15.211351 4291283660
-3.8398767 -0.044136513 14.123684 4290823108
-4.2584925 -0.10139269 16.22283 4290621072
-5.1344557 -0.081499301 26.079777 4292795349
-4.9964662 -0.081909284 26.21097 4292795350
-4.5849543 -0.081874177 26.199738 4292597714
-2.1788585 -0.066026017 21.128326 4291545798
-1.140017 -0.34696168 15.861106 4289374887
-1.6505953 -0.051581103 16.505953 4289308834
-1.0826426 -0.14763308 15.747528 4286873723
-0.93560374 -0.046780188 14.96966 4291084989
0.43645859 -0.80017406 11.638895 4288650131
0.65608692 -0.83833331 11.663768 4289374114
0.6583153 -0.6583153 11.703382 4289440163
0.76419914 -0.57973725 8.4325418 4288781459
0.92831266 -0.63655728 8.4874306 4288913562
0.78601664 -0.4607684 8.6732874 4288978581
0.94784003 -0.48746061 8.665966 4288913562
0.64735186 -0.35963994 11.508478 4289703335
0.98824567 -0.33882707 9.0353889 4289045404
0.99973488 -0.17138311 9.1404333 4288913563
0.41471171 -0.18247315 2.654155 4288913305
0.41457313 -0.1326634 2.6532681 4288979099
0.44307655 -0.1558973 2.625639 4292335575
0.44298404 -0.13945796 2.6250908 4292335574
0.42204523 -0.091029368 2.6481271 4287400840
0.42197338 -0.049643926 2.647676 4287400584
0.4434486 -0.098544128 2.6278434 4292269781
0.44426817 -0.049363133 2.6327004 4292203988
0.52581346 -0.091141 2.2434709 4292269004
0.54083741 -0.16024813 2.1366417 4292795870
0.54185414 -0.15859146 2.1145527 4291083699
0.54224038 -0.12049787 2.1421843 4292664283
0.55728078 -0.08523117 2.0979981 4292204247
0.52568448 -0.049063884 2.2429204 4292400592
0.52586687 -0.0070115579 2.2436986 4292400593
0.5347563 -0.047990948 2.193872 4292466647
0.54344666 -0.053019188 2.1207676 4291282370
0.53437388 -0.0068509476 2.1923032 4292269525
0.55507731 -0.0065303212 2.0897028 4292006867
0.66509044 -0.10602891 1.5422387 4289766032
0.66480398 -0.086713567 1.5415745 4289766032
0.66354096 -0.033657875 1.5386457 4290227615
0.66326243 -0.024031246 1.5379997 4290228132
-7.6368179 0 9.2567492 4282538867
-7.6347528 0.17351711 9.2542458 4282209646
-7.6917105 0 9.4667206 4285288220
-7.6283598 0.17603907 9.388751 4285355566
-7.6314993 0.34688634 9.2503023 4281880424
-7.5795889 0.63163245 9.1873808 4281223007
-7.5978994 0.3506723 9.3512611 4284829994
-7.3928957 0.4750455 9.5009098 4284899409
-7.5902328 0.52547771 9.3418255 4281213975
-7.3987327 0.53058642 9.4326477 4282267182
-7.2137094 0.14843023 9.4995346 4281478694
-7.1589823 0.030206675 9.6661358 4282075212
-7.2555451 0.32844031 9.5546274 4283843110
-7.1860595 0.33353022 9.7026968 4281481283
-7.1560082 0 9.7030621 4281214498
-6.9744377 0.33068454 9.6199141 4282265366
-6.7835836 0.32871991 9.5627613 4282403928
-7.2533875 0.35819197 9.5517855 4283514914
-7.2008376 0.36459941 9.7226505 4282732374
-7.1782594 0.52100265 9.26227 4282727730
-7.1244383 0.4547514 9.7013626 4283254849
-6.6436934 0.44095311 9.4069996 4281545263
-6.6583724 0.060256761 9.6410818 4287327278
-6.5375395 0 9.6852436 4282006330
-6.6221366 0.17978652 9.5886145 4287327805
-6.1351314 0.16963497 9.0471983 4285629320
-6.1133552 0.030414704 9.7327051 4286407992
-6.3681378 0.33356911 9.7038288 4284172066
-6.0867014 0.18169257 9.6902704 4286935613
-6.5215096 0.43866658 9.3582201 4283781192
-5.9454584 0.35617954 8.7674961 4284905342
-5.8289728 0.43992248 8.7984495 4280952096
-6.0895286 0.39385012 9.6947718 4286606886
-5.9279685 0 9.6291876 4287074965
-5.9512978 0.1812578 9.6670828 4287073675
-5.5854535 0 9.874835 4288181810
-5.5811443 0.18707746 9.9774647 4283980116
-6.0462828 0.39300838 9.6740522 4288188542
-5.5888605 0.3746722 9.9912586 4284045917
-5.5232038 0 10.157617 4285620288
-5.5099797 0.1899993 10.133296 4285356861
-5.2320433 0.22196546 10.146993 4287531133
-5.2069883 0.15874965 10.159978 4288913044
-5.2185717 0.25456446 10.182579 4288781458
-5.5189257 0.38061553 10.149748 4284896827
-3.8252461 0.37093297 7.4186592 4284439896
-3.7606533 0.45583677 7.2933884 4283974200
-3.8828311 0.36401543 7.7656627 4290617662
-3.6831322 0.37297541 7.4595084 4287268482
-3.6778579 0.41118908 7.3100281 4283252021
-3.5664051 0.41957706 7.4591479 4283251502
-4.906672 0 10.329836 4289046439
-4.9077291 0.22601385 10.332062 4288914598
-4.2760959 0 10.061402 4284442718
-4.0248632 0.061920971 9.9073553 4286874492
-4.0396419 0.34446558 10.020817 4288518038
-4.1914635 0.41363129 8.8241339 4286216829
-3.4871418 0.39570406 7.9140811 4285227353
-3.5469754 0.42003655 7.4673166 4283252018
-3.4343719 0.42341575 7.527391 4283514933
-3.4964192 0.39959076 7.9918151 4285096024
-3.7615097 0.40822583 9.3308764 4284704368
-3.2835221 0.43458381 7.725934 4283646520
-3.2480233 0.43630162 7.7564731 4283843896
-3.9532948 0.061770231 9.8832369 4287268488
-4.0129499 0 10.52577 4287399548
-3.9394126 0.18465997 9.8485317 4287794840
-4.0077863 0.19710425 10.512226 4287070583
-3.7795253 0.38385803 9.4488134 4283452750
-3.278729 0.41328517 8.8167496 4286939781
-3.1198394 0.41050521 8.7574444 4286610552
-2.8854375 0.5152567 8.2441072 4284237615
-3.2422016 0.13944952 11.155962 4290426282
-3.9329922 0.22603402 14.466178 4290560192
-4.2902789 0.25537375 16.34392 4290226053
-3.7932396 0.43600455 13.952146 4290297019
-4.218154 0.40172896 16.069159 4290028416
-3.4453182 0.57990509 10.91586 4286610030
-3.4444892 0.61386937 10.913234 4286544493
-3.6893983 0.50888252 13.5702 4290033847
-4.3206873 0.89575213 16.861217 4286740064
-3.5254257 0.72939843 12.967083 4286019440
-3.9152551 0.84909141 15.094958 4283979079
-5.3487315 0 27.168161 4285758071
-4.8657846 0 27.316687 4287664783
-5.3057823 0.5895313 26.950005 4288256901
-4.7878308 0.50398219 26.879049 4287204214
-4.9149089 1.0711981 20.163729 4287728770
-4.4534841 1.1875957 19.001532 4285821804
-4.5071707 1.1572465 19.490467 4287071622
-4.7686968 0 27.249697 4287796111
-4.6933994 0.50286424 26.819426 4287335799
-3.2736688 0.38972247 24.942238 4287531909
-2.1981342 0.19983038 21.315241 4291611592
-3.2922692 0.47032419 25.083956 4287466117
-2.171735 0.59229136 21.059248 4291677384
-3.4120984 0.95221347 25.392361 4290690488
-2.1591587 0.78514862 20.937296 4290427316
-3.2437923 1.6218961 24.714607 4286216051
-2.2691755 1.306495 22.004126 4290164143
-1.6604255 0.20755319 16.604256 4288190353
-1.0949047 0 15.925886 4286939771
-1.659755 0.31120405 16.597549 4288256146
-1.171984 0.31963199 17.047039 4289242525
-0.94112092 0.047056042 15.057934 4291084988
-0.9678117 0.53229642 15.484987 4291150781
-1.6472151 0.61770564 16.472151 4288190352
-1.1233791 0.64193094 17.118158 4291084989
-1.7465229 1.2553133 17.465229 4287532165
-1.1226494 1.1226494 16.329445 4287794822
-0.90075845 0.58549297 14.412135 4288979354
1.0136262 0 9.2674398 4288716440
0.42283377 0.024872575 2.6530747 4287335047
0.4226757 0.049726553 2.6520829 4287466118
0.44452071 0 2.6341968 4291875279
0.44462162 0.049402401 2.6347947 4291677643
0.42185694 0.10753216 2.6469455 4287268741
0.4210957 0.1568788 2.6421692 4287795341
0.44435889 0.098746419 2.6332378 4291282884
0.44405121 0.14801708 2.6314147 4291085248
0.5257622 0.021030489 2.243252 4292400593
0.52404857 0.07686045 2.2359405 4292137676
0.53390503 0.034224682 2.1903796 4292006353
0.55402428 0.032589663 2.0857384 4291809488
0.53510439 0.068603128 2.1953001 4290953665
0.55314988 0.071584098 2.0824466 4290821822
0.51293325 0.11626486 2.1885152 4292584078
0.50894076 0.13571753 2.1714804 4292444765
0.52442753 0.10359062 2.0718124 4292967533
0.5528478 0.089998484 2.0571082 4291262581
0.5157069 0.11900928 2.1157205 4290608503
0.53634626 0.11493134 2.0432239 4289542721
0.57268065 0.024112869 1.9290296 4292005839
0.582403 0.035657324 1.901724 4291086285
0.56084448 0.10834496 2.0394344 4289096046
0.57382882 0.072483644 1.9328971 4291743438
0.56062102 0.11467248 2.0386219 4288360244
0.66821206 0 1.53833 4289766546
0.66880381 0.038492307 1.5396923 4289634959
0.6690709 0.067388438 1.5403072 4289503372
0.6688723 0.091428585 1.5398499 4289503115
-7.6145658 0.69223326 9.2297773 4281222491
-7.701684 0.90095168 9.3001461 4283323745
-7.6586509 0.70695239 9.4260321 4280425485
-7.7644563 1.0840938 9.375947 4281222493
-7.5747771 1.3333877 9.0783844 4283716436
-7.8218622 1.2692078 9.4452677 4281223005
-5.5025053 0.5614801 7.1869454 4285090094
-5.4432459 0.75538921 7.1095457 4284103974
-5.238832 0.79768223 6.8988733 4285031518
-5.0975308 0.79581702 6.8827419 4285031259
-4.992012 0.92678702 6.7402692 4287596925
-5.0112576 0.79920918 6.9120793 4284701519
-4.9830589 0.80162251 6.9329515 4284701263
-4.9630566 0.92531556 6.729568 4288518287
-4.8729777 0.93222177 6.7797952 4289768870
-4.8849497 0.80688894 6.9784994 4284240707
-4.7699132 0.8095724 7.0017076 4283250216
-4.7009573 0.93172121 6.7761545 4289899941
-4.6807656 0.94474173 6.8708487 4288057475
-4.6475368 0.81112671 7.0151501 4282592287
-4.4217997 0.90195906 7.0396805 4285160017
-4.5672059 0.93075764 6.926568 4284568646
-4.4069505 0.94278038 7.0160403 4289439389
-3.9375446 0.77861053 7.1187248 4284636511
-4.2972975 0.90353441 7.0519757 4286542441
-4.1712637 0.90487731 7.0624571 4286411114
-4.3873577 0.94328195 7.0197725 4290229420
-4.2527733 1.0083895 7.0148835 4289307024
-4.1139288 0.90683383 7.0777273 4286148198
-4.0255966 0.90686512 7.0779719 4284304706
-4.1414824 1.0133413 7.0493312 4289241232
-4.0245538 0.92874306 7.076138 4286147683
-3.7478633 0.65871537 7.2685838 4284435261
-3.8263936 0.78317994 7.1605024 4284175953
-3.7869458 0.7664057 7.2132301 4282202162
-3.7143083 0.75197655 7.2918935 4282856742
-3.6142368 0.7548722 7.319973 4282528294
-3.9204566 0.80191153 7.1281028 4282989109
-3.8067997 0.80614579 7.1657405 4281211917
-3.8536282 1.0023888 7.1280985 4284503371
-3.7063885 0.81858891 7.2763457 4280030733
-3.5319037 0.83103621 7.3869886 4280030733
-3.428756 0.81637049 7.4639587 4280953390
-3.4117501 0.81788522 7.477808 4279635213
-3.259129 0.83262426 7.6125641 4279635200
-3.1395438 0.82111138 7.7281075 4281873717
-3.4793034 0.83503276 7.4225135 4280423949
-3.0493989 0.84292328 7.9333954 4280028429
-3.0282857 0.85092336 8.0086899 4280686093
-2.8917851 0.67130727 8.2622433 4284039979
-2.8981888 0.77630055 8.2805395 4282068514
-3.4928238 0.93372518 11.066373 4285162069
-3.482861 1.0689969 11.034807 4285030227
-3.7318187 1.2439396 13.72623 4284573023
-3.1214294 1.0906199 12.034427 4285954938
-3.2917762 1.2486049 12.107683 4285888890
-2.827528 1.117048 11.170481 4285692275
-3.4735687 1.3756708 11.005366 4284833107
-3.4497313 1.5028533 10.929842 4285491552
-3.2806308 1.3575025 12.066689 4285954167
-2.9088836 1.2616844 11.214972 4285888357
-2.8465559 1.5814199 11.245653 4286612086
-2.8847129 0.97359067 11.538852 4282598204
-3.410532 1.3930342 15.371411 4285555273
-2.7957292 1.1182916 11.182917 4285560949
-2.6523864 1.2893546 11.788384 4286346338
-2.8149786 1.3160938 11.698612 4282402369
-2.640981 1.3204905 11.737693 4285161806
-2.7555315 1.6678216 11.602238 4288322454
-2.725569 1.6574405 11.786244 4286019699
-2.9665322 1.9316953 22.076519 4289572264
-2.2236006 1.617164 21.562187 4289703591
-2.7393162 1.9111507 20.385609 4289440935
-2.2735877 1.8946565 20.209669 4288848280
-1.9881382 1.7893244 15.905106 4289703590
-1.9065239 1.8061804 16.054937 4289309089
-1.7301811 1.2976358 17.301811 4287400579
-1.0563883 1.2073009 16.097345 4289768869
-1.6597563 1.8153584 16.597563 4288256146
-1.1097131 1.5132451 16.141281 4287268477
-1.3666422 1.8221896 16.197241 4288716955
-1.274814 1.8357322 16.317619 4286413942
0.46121842 1.4546119 11.353068 4289308578
0.28618801 1.6813545 11.44752 4288387994
0.55357254 1.5869081 11.809548 4287268475
0.58958447 1.421939 11.098061 4289900458
0.73134768 1.4975215 11.144346 4288715924
0.89781857 1.4848537 11.050075 4289439648
1.0330168 1.4806573 11.018846 4289703077
1.162184 1.4698209 10.938202 4289176215
0.41820383 0.22140202 2.6240239 4287400065
0.41735902 0.25368881 2.6187232 4287268481
0.44428101 0.20568565 2.6327763 4290493110
0.44404036 0.24668908 2.6313503 4288191122
0.41694814 0.33519357 2.6161451 4287136638
0.41814175 0.36894858 2.6236343 4287070845
0.44181427 0.33545157 2.6181586 4289769385
0.44103414 0.38386303 2.6135356 4286940288
0.50880086 0.18316831 2.1708837 4292050006
0.50830716 0.20332286 2.1687772 4292050008
0.51013649 0.19465734 2.147943 4290403914
0.53648078 0.15328023 2.0437365 4289013549
0.52270186 0.21295258 2.0649948 4291770166
0.53225297 0.21803133 2.0520597 4291518041
0.5335657 0.25611153 2.276547 4290755258
0.53533524 0.24395022 2.1684465 4287791227
0.56433624 0.24000509 2.0757196 4287530883
0.56113213 0.16578905 2.0404806 4287902262
0.56482613 0.21577628 2.0308356 4289105293
0.56392539 0.22810467 2.027597 4288912544
0.57784063 0.2740275 1.9062783 4288648832
0.58847046 0.2706964 1.8831054 4290691011
0.66784775 0.12492117 1.5374913 4289437065
0.66754037 0.15848081 1.5367836 4289239942
0.66585428 0.18203209 1.5329019 4290097323
0.66957617 0.21043822 1.5304598 4289174153
-7.5702257 1.4179152 7.6903877 4287465857
-7.5958571 1.4410146 7.8156729 4283579432
-7.4222212 1.3245041 7.9970059 4285885798
-7.5503221 1.4311068 7.8957615 4284897614
-7.4734716 1.4152422 7.9452195 4285490780
-7.5156031 1.4270132 7.6107368 4283185444
-7.5791178 1.4482391 7.7239418 4283316516
-4.6053395 0.99416846 4.6784401 4283910986
-4.6299615 0.99745148 4.7639475 4284108882
-7.6477995 1.5144159 8.0768843 4283645986
-7.6737494 1.524586 8.1311255 4283912001
-5.1200852 1.154529 5.3543372 4285685546
-6.9771295 1.5479062 7.3929849 4286150768
-7.3775282 1.3345017 8.0573692 4287465610
-7.3763824 1.3717483 8.2822542 4287334530
-7.3884249 1.39781 7.9874859 4285490780
-7.3661346 1.3908087 8.2418289 4285227610
-7.439105 1.4031051 8.4715786 4284964437
-7.4645414 1.4063629 8.654541 4284372046
-7.3894949 1.4050448 8.3261919 4283053860
-7.5187263 1.4875177 8.6546488 4282860345
-7.1428518 1.5900184 7.8277826 4286545014
-7.1798425 1.5871232 8.0615778 4285887857
-7.0828924 1.5792936 7.6571813 4286152572
-6.936985 1.5787621 7.654604 4287005305
-7.3079581 1.6181908 8.3519526 4285624171
-7.2913384 1.6173515 8.4844666 4285690740
-7.4698524 1.4057655 8.8204899 4282924856
-7.6013861 1.3716787 9.1445246 4280423949
-7.6296334 1.5147066 8.9760389 4282992971
-7.4440193 1.6257054 9.1267672 4284637018
-7.3283072 1.6316935 9.1603842 4284703584
-7.1018515 1.612771 9.0541534 4285427308
-7.3130789 1.6131792 8.6036224 4285163877
-6.9964228 1.5900961 8.4805126 4286611064
-6.899653 1.5922276 8.4918804 4286808445
-6.1151185 1.5471985 7.8587866 4288189840
-5.536315 1.5341595 7.114943 4288847771
-5.1510348 1.0516697 6.8680468 4285683238
-5.686306 1.3527906 7.3371692 4284706941
-5.2399054 1.2175714 6.9575505 4285025570
-4.9031558 1.0100923 6.7339482 4288517254
-4.8307729 1.0081613 6.7210751 4288648840
-4.9780245 1.3053486 7.0798569 4290097317
-5.461937 1.431556 7.0476604 4285431696
-5.1760774 1.3540792 6.9887962 4283840804
-5.24822 1.5334306 6.9112363 4284703588
-5.1984382 1.5354036 7.0189881 4282333754
-5.0802727 1.3576591 7.0072727 4283578143
-4.9693804 1.3693404 7.0675635 4286015065
-5.0853648 1.5410197 7.0446615 4282926148
-5.0654302 1.5416527 7.047555 4282925380
-4.726366 1.0127928 6.7519517 4288583047
-4.6381741 1.0212493 6.8083286 4287661685
-4.9491591 1.3035733 7.0702276 4290689455
-4.6885481 1.2987058 7.0438285 4290821299
-4.6650248 1.2982851 7.0415463 4290492076
-4.4693308 1.2926006 7.0107155 4286608994
-4.9195337 1.3677627 7.0594201 4286739559
-4.7851462 1.3609132 7.0240679 4286871148
-4.8386106 1.5465878 7.070116 4285163882
-4.7912855 1.5527315 7.0982013 4287332981
-4.6604681 1.362967 7.0346684 4285950305
-4.527133 1.3405588 7.0324392 4284173884
-4.6430979 1.5402583 7.1432271 4282860355
-4.5416741 1.5361545 7.1241946 4283123015
-4.2538538 1.2587935 6.9450674 4290163371
-4.1657395 1.2584004 6.9428988 4290360494
-4.0906863 1.2620203 6.9628706 4290163373
-4.0028386 1.2976235 7.0379581 4287795854
-4.2634048 1.3268759 6.9606609 4288583054
-4.2119379 1.3243723 6.9475269 4289043862
-4.3293242 1.5319148 7.1045322 4284835174
-4.2981339 1.5366385 7.1264396 4285361263
-4.0727367 1.3285397 6.969389 4289044376
-3.9982808 1.3181145 7.0299444 4287003762
-4.110671 1.5109494 7.1103497 4282662717
-4.0445623 1.5111554 7.1113191 4282663487
-3.8494163 1.0680461 7.1203074 4284899928
-3.8370674 1.1976974 7.097466 4284504661
-3.8941331 1.3275454 7.0802422 4283184675
-3.9319825 1.5191752 7.1490593 4282795074
-3.7952504 1.5270829 7.1862726 4284176986
-3.5718093 1.5174354 7.4704514 4280028429
-3.6776862 1.5400312 7.3553729 4282006071
-3.6170025 1.5435616 7.3722343 4282268473
-3.4772847 1.5375749 7.5695992 4280028416
-3.3842309 1.5601063 7.6805234 4281610288
-3.4658818 1.5561101 7.5447769 4281676334
-3.4532177 1.5610436 7.5686965 4282071350
-3.3413773 1.573837 7.7481213 4283650642
-3.2421424 1.5839474 7.9197373 4283847506
-3.3395467 1.5743577 7.6332498 4285953653
-3.2051926 1.5786769 7.6541915 4287794825
-3.3424511 1.639693 10.090419 4283582003
-3.0093856 1.5712721 8.5221539 4282991943
-3.1172564 1.6153055 9.0683823 4285095241
-3.1285074 1.5767677 8.0089788 4282268729
-3.0814567 1.5789282 8.1493073 4282597694
-3.051518 1.573439 7.6287951 4288452753
-3.0090957 1.5823693 8.3009539 4285293913
-3.4084525 1.6714528 10.487547 4285624172
-2.8389375 1.6823334 11.215556 4288191384
-2.7879338 1.6727604 11.151735 4288519837
0.068359286 1.6748025 10.937486 4290032303
0.20967834 1.6774267 11.182845 4289374887
0.52604496 1.6833439 11.222292 4289506216
0.5923788 1.6725991 11.15066 4289505960
0.83325022 1.6665004 11.110003 4289243300
0.96580279 1.6556618 11.037745 4289177251
1.2136838 1.6644808 11.096539 4288980130
0.41900402 0.42721978 2.6290448 4287005566
0.41938725 0.46872693 2.6314495 4286939772
0.44720578 0.43094373 2.6019244 4289703592
0.44694629 0.47945148 2.6004148 4289440162
0.41964221 0.52660984 2.6330492 4286807930
0.42017341 0.58494729 2.6363821 4286676344
0.44720489 0.48785987 2.6019194 4289309089
0.44879919 0.55487901 2.6111953 4289242527
0.53371632 0.41433239 2.2472265 4290097576
0.53356242 0.45633632 2.2465787 4290097317
0.53278458 0.49773294 2.2433033 4289834145
0.57773691 0.2858904 1.9059361 4289505441
0.58848178 0.28247124 1.8831416 4290822339
0.66743505 0.24790445 1.5255659 4288779652
0.66944778 0.27256086 1.5301663 4288713602
0.66920972 0.30592445 1.5296222 4288516221
0.66589659 0.31618112 1.5329994 4290163375
2.9342041 0.68565595 3.2266161 4282070310
2.9704359 0.65672904 3.2331276 4282859566
3.0333567 0.65942538 3.2464018 4281872934
2.9449441 0.70357025 3.2163212 4281211904
2.9791713 0.68293297 3.1672254 4279045376
3.2053437 0.52061313 3.2665923 4281675302
3.0887618 0.66042602 3.2513282 4282070310
3.2101154 0.65429103 3.2714553 4282071082
3.0207355 0.67892754 3.1486495 4279637517
3.0406985 0.68440157 3.1286929 4279047702
-4.6050067 1.1075332 4.6632981 4286474811
-4.5590658 1.0889488 4.6461816 4285617192
-6.706811 1.567826 6.9681153 4287926409
-5.2017908 1.5349548 6.822021 4287927962
-5.1556082 1.5339 6.8173332 4287796378
-5.0828581 1.5507025 6.8920112 4288848029
-4.9648356 1.5542095 6.9075975 4289308580
-4.7901936 1.5535764 6.9047837 4289572010
-4.705575 1.5541347 6.9072657 4289966770
0.42038351 0.61821103 2.6377003 4286676088
0.42041788 0.64299208 2.6379161 4286610038
0.44962701 0.58860266 2.6160119 4289111198
0.45081267 0.63933432 2.62291 4289045918
0.41874251 0.73074675 2.627404 4287268740
0.41799694 0.76222968 2.6227257 4287860878
0.45108557 0.69713223 2.6244979 4288913561
0.45231932 0.78127885 2.6316762 4291282112
0.53987306 0.50570387 2.1868277 4289439907
0.54024041 0.53340185 2.1883154 4289374115
0.54078794 0.58186042 2.1905334 4289110944
0.54130948 0.6440897 2.1926458 4288848287
0.668109 0.36745995 1.5271063 4288845449
0.667952 0.37691578 1.5267475 4288977808
0.67470121 0.38961619 1.5204535 4287005310
1.3449786 0.74422151 2.8692877 4285095759
0.6703738 0.39937162 1.5214157 4288385151
0.6742807 0.42261252 1.5195057 4286939516
0.66612262 0.44249573 1.522566 4289702312
0.67493594 0.44678861 1.5209824 4286807930
0.71027017 0.42425531 1.5254124 4286149480
1.3238231 0.83842123 2.8241558 4284436792
2.6150231 0.85208625 3.1341102 4281214492
2.6370821 0.86268866 3.1370494 4281670656
2.6670985 0.84426147 3.0700417 4280423949
2.6923289 0.91064072 3.1674459 4280686080
2.8444412 0.82838106 3.1937585 4282070314
2.8786674 0.82961595 3.1985195 4281871906
2.9483724 0.72959721 3.1982343 4281210368
2.9537034 0.78097922 3.2040172 4280948224
2.67273 0.84652299 3.043678 4279637517
2.7116635 0.83507979 3.0025339 4281479730
2.6864469 0.85133886 3.0269825 4279635213
2.6850095 0.84545279 2.9730208 4280689180
2.7533247 0.82785779 2.9765673 4282991936
2.8430014 0.82569015 3.0025096 4281215526
2.6970577 0.83827466 2.9157381 4281675302
2.7108543 0.83757293 2.8819714 4281677109
3.0497689 0.70154434 3.1179748 4279045389
2.8950367 0.82447642 2.9980962 4281214498
2.9202948 0.82898694 3.0144978 4280952354
2.7277067 0.84683704 2.8525038 4280689180
2.7466378 0.84171152 2.8352389 4282531896
0.41631165 0.80813438 2.6121516 4288584859
0.41568571 0.83137143 2.6082239 4288519066
0.45282054 0.83154315 2.6345923 4288650642
0.45167279 0.86228448 2.6279144 4288716182
0.41540831 0.87968826 2.6064837 4288650907
0.4151516 0.92798585 2.6048727 4288585116
0.44851312 0.92149055 2.6095309 4287400834
0.44823638 0.94537127 2.6079206 4285624425
0.5413447 0.65783656 2.1927886 4288782494
0.53303748 0.7061016 2.2152207 4287925626
0.53310645 0.74773371 2.2155073 4287924319
0.53350639 0.8175813 2.2171695 4288517767
0.57780027 0.60162705 1.9061452 4290229941
0.57749426 0.63702977 1.9051359 4290164148
0.58414346 0.58998489 1.869259 4289309618
0.58492601 0.62002158 1.8717632 4289046960
0.57743293 0.64886791 1.9049333 4290164404
0.57738715 0.69048357 1.9047823 4289966767
0.5853278 0.66142046 1.873049 4288849065
0.58579504 0.67952228 1.8745443 4288585638
0.66537535 0.46576276 1.520858 4289373603
0.67536724 0.46609849 1.5219543 4286676344
0.6652714 0.48469773 1.5206203 4289439397
0.67439044 0.49391976 1.5197531 4286610551
0.72697443 0.4846496 1.5508788 4284503357
0.71387917 0.50923383 1.5229422 4285029451
0.66608584 0.5185954 1.5224819 4289439397
0.67388171 0.51252973 1.5186067 4286544503
0.66774213 0.54373288 1.5262678 4289110684
0.67321104 0.54046524 1.5170953 4286347381
0.71249592 0.51774704 1.5199913 4285227345
0.71069497 0.54012817 1.5161493 4285622875
2.3385115 1.0297148 3.0795212 4281215526
2.3583922 1.0299917 3.080349 4280423936
2.3988619 1.0267129 3.0705433 4280423936
2.3571482 1.0390694 3.0787241 4280686080
2.35571 1.0069506 2.9561851 4279045389
2.3855095 1.1446598 3.0780768 4280028416
2.5179694 1.0110028 3.052084 4280689174
2.7016692 0.98332816 3.1784344 4280028416
2.6883953 1.0081482 3.162818 4280028416
2.5654285 0.99456823 2.9744098 4279045376
2.3603048 1.0063314 2.9275098 4279635213
2.3887556 1.0134114 2.8954613 4280690204
2.3944106 1.0223327 2.8697057 4279637517
2.3997226 1.0118233 2.8653402 4281674278
2.5586088 0.99758035 2.9557936 4280689180
2.4109802 1.0179694 2.8574581 4280425494
2.4246097 1.0176281 2.8316607 4280952354
2.5937605 0.98765975 2.9537487 4279042048
2.6329701 0.98506224 2.9459805 4278190080
2.7157011 0.86613721 2.8871241 4278190080
2.5743794 0.98944122 2.9316776 4279637517
2.5990124 0.98144519 2.9079859 4279045389
2.4259048 1.0100743 2.7625961 4281215522
2.4340236 1.0092293 2.7138939 4281214498
2.6423306 0.98862714 2.8760061 4279637526
2.6545873 0.99104583 2.8315597 4280032278
2.5965142 0.99664181 2.797591 4282202936
2.6431918 0.99446821 2.7914898 4281214498
2.739675 0.86002743 2.8372037 4279637526
2.7623901 0.8533498 2.8151746 4280689180
2.6702514 0.99256057 2.810791 4280032278
2.7315664 0.9957 2.8196814 4278190080
2.6819191 0.99589175 2.7954857 4280425494
2.7122827 0.99652559 2.7729406 4280032278
0.41489425 1.0168977 2.6032581 4288782493
0.41509968 1.0336796 2.604547 4288782493
0.4520587 0.98484218 2.5831926 4288914075
0.45192441 1.0410402 2.5824251 4289111456
0.41855034 1.1161343 2.6261983 4288914080
0.42226774 1.1840056 2.649523 4289045923
0.45192605 1.0813944 2.5824344 4289243297
0.45180827 1.1295207 2.5817616 4289374628
0.53457987 0.86782455 2.2216308 4288846990
0.53470665 0.88886297 2.2221575 4288913040
0.53441381 0.92307842 2.2209406 4289044626
0.53372538 0.95654678 2.2180796 4288979090
0.57995105 0.71014416 1.8937176 4287662455
0.58633482 0.70360172 1.8762714 4288388771
0.66833061 0.57285482 1.5276128 4288847253
0.67268276 0.58267587 1.5159048 4287595635
0.67037445 0.59905803 1.5214171 4288124311
0.67209303 0.60109729 1.5145758 4287332722
0.90155065 0.71646416 1.910571 4283910965
0.90160847 0.75830644 1.9106934 4283976504
0.66899925 0.65002048 1.5182961 4288320139
0.67158037 0.63374484 1.5134206 4286937967
0.6692304 0.67872304 1.5188208 4288254345
0.67145038 0.66672182 1.5131276 4286674793
0.71334565 0.63249981 1.5218041 4285557085
0.90282166 0.8250953 1.9132644 4283976507
2.0675819 1.2178907 3.0211244 4281477666
2.1223245 1.1790693 3.0184171 4280952348
2.144213 1.180734 3.0226791 4280689174
2.0830886 1.2309161 3.0299473 4280423949
2.1116846 1.1959984 2.989996 4279637517
2.1037498 1.2793074 3.0324323 4280028416
2.1012599 1.2280091 2.9108365 4279045389
2.081048 1.3158196 2.9862573 4280028416
2.0884094 1.2640373 2.9311008 4278190080
2.2590332 1.1819414 3.0501714 4280425494
2.3288515 1.1788013 3.0668004 4280689180
2.1501622 1.1884862 2.9031725 4280032278
2.1989689 1.1854523 2.8957615 4280690214
2.3676486 1.1790314 3.0673988 4280032278
2.3466527 1.1733264 3.0037155 4279042048
2.2436054 1.1803707 2.8833482 4281677109
2.2899814 1.1766703 2.896419 4280032284
2.1168952 1.1980726 2.8825805 4279637532
2.1179221 1.1924435 2.8476262 4281476642
2.1176734 1.2330755 2.8593056 4279042048
2.1257586 1.2325827 2.8581626 4279045376
2.1270063 1.1845524 2.7668376 4280952354
2.1299367 1.1852068 2.7483056 4280427036
2.1328826 1.1811581 2.7192128 4281477670
2.3497214 1.1748607 2.8919647 4280030742
2.3879845 1.1759015 2.8945267 4279045389
2.4018662 1.1740465 2.8678999 4279045389
2.3185079 1.1770886 2.8535483 4281676334
2.3782835 1.1757807 2.8503773 4279637517
2.1385419 1.177027 2.6524551 4281674278
2.1440206 1.1702096 2.6186509 4282070322
2.3947034 1.1750962 2.8487179 4279635213
2.3970237 1.1682246 2.769125 4279045389
2.4348807 1.0337565 2.7339013 4279045389
2.439822 1.0095814 2.6922174 4281873702
2.4446752 1.0076026 2.6428921 4281214498
2.4475646 1.0035015 2.6107357 4281214502
2.4618382 1.0318596 2.5999613 4279045389
2.4162738 1.1694422 2.7516286 4279045389
2.4346619 1.1662542 2.7240973 4278190080
2.3854022 1.1673245 2.7068396 4280425494
2.4308281 1.1647718 2.7009201 4279045376
2.4235859 1.1623319 2.6379166 4280030733
2.4498439 1.1638792 2.604485 4279635213
2.4524426 1.0018148 2.564646 4281675306
2.4676979 0.99503946 2.5473011 4283518797
2.4545515 1.0008851 2.5419304 4281873706
2.4578819 1.000484 2.5209045 4282200618
0.42259413 1.193207 2.651571 4289111459
0.42252415 1.2592877 2.6511321 4289243045
0.45143515 1.1608332 2.5796294 4289637799
0.45127314 1.2168258 2.5787039 4289440936
0.42245984 1.2922301 2.6507285 4289309095
0.42292705 1.3434153 2.6536598 4289374889
0.44469398 1.3011416 2.6352236 4289046440
0.45764798 1.2309153 2.5249543 4289966505
0.44519323 1.3355796 2.6381822 4290362300
0.53370994 1.0189009 2.2180154 4289176212
0.53529418 1.0637257 2.1960788 4287069541
0.53518236 1.0978099 2.1956198 4287596146
0.53517377 1.1115147 2.1955845 4287859319
0.58209789 0.92066497 1.9007277 4289308581
0.5893715 0.90448105 1.8673156 4288190878
0.58217788 0.92673206 1.9009889 4289308837
0.58169556 0.96157837 1.8994141 4289308838
0.58935326 0.91028821 1.867258 4288125342
0.59024692 0.9467327 1.8700893 4288125339
0.66912633 0.69285423 1.5185846 4288188552
0.67142731 0.68561238 1.5130756 4286542945
0.66850954 0.73014516 1.5171847 4288123272
0.67153704 0.70937014 1.5133229 4286542690
0.9009344 0.88303506 1.909265 4284108608
1.067082 1.0881429 2.2464886 4283187761
1.3552411 1.3464975 2.7979169 4282071086
0.66845989 0.73957264 1.5170721 4288056967
0.67129481 0.76111597 1.5127771 4286872171
0.6684081 0.76795828 1.5169545 4288188811
0.67121845 0.76575625 1.512605 4286872171
1.0755666 1.1180233 2.2643509 4283384368
1.3007684 1.3514477 2.7028954 4280690214
1.1162804 1.1897199 2.350064 4283780421
1.2825092 1.349133 2.6649542 4282861378
1.4624197 1.3631197 2.8887305 4282531122
1.5509149 1.3604516 2.9022968 4282728507
1.6128719 1.3577284 2.9159267 4282399530
1.6234808 1.3589811 2.9186172 4282398762
1.5851802 1.3587258 2.8986151 4281869837
1.6134478 1.359647 2.9005802 4280423949
1.4138459 1.3624333 2.7420042 4281677883
1.4221587 1.3621882 2.7415109 4282071867
1.4786716 1.3590103 2.7351151 4282203456
1.55151 1.3543568 2.743001 4281678648
1.67344 1.3551226 2.9103303 4280687629
1.7618415 1.3580862 2.9364026 4281869837
1.7057699 1.3609866 2.9034381 4280425500
1.7696995 1.3613073 2.9041221 4280427036
1.7972319 1.3570935 2.9342561 4280687629
1.8837563 1.3507911 2.9404976 4280951318
1.7234148 1.3559864 2.7994556 4281215526
1.8207442 1.3545634 2.814677 4280952354
1.6240685 1.35627 2.7643719 4281875259
1.6416981 1.3565611 2.7649653 4281875264
1.7018292 1.3545171 2.7784965 4281480501
1.9118351 1.3511527 2.9412849 4281476630
1.9846575 1.3477209 2.9539087 4280030733
1.8700182 1.3559847 2.8360465 4280427046
1.9271567 1.3525457 2.8288538 4280954418
2.0672536 1.3409214 2.9798253 4280952348
2.05685 1.3378626 2.912354 4278190080
1.9983896 1.3500233 2.8421543 4280032290
2.0473542 1.3500021 2.8609316 4280032290
2.1148651 1.2939048 2.855514 4279045389
2.1227217 1.2843359 2.8540795 4279045398
2.1017191 1.344744 2.8497887 4279637526
2.0996325 1.3441161 2.8112233 4280690210
2.1142793 1.3430872 2.7728252 4280689186
2.0936031 1.3440416 2.7570083 4281872938
2.1107092 1.3384985 2.7456379 4280427046
2.1138437 1.3359492 2.7057199 4280952354
2.1355307 1.1782238 2.6182752 4280032278
2.151474 1.172796 2.5882394 4280952358
2.1547968 1.1738818 2.5728917 4281214502
2.1651406 1.1731126 2.5194364 4281478698
2.1663842 1.1731323 2.5026822 4280952354
2.1302013 1.339697 2.6627517 4280952358
2.1371455 1.3419285 2.650723 4281872938
2.1413968 1.3404162 2.6154463 4280952354
2.1788983 1.1738431 2.4550967 4280952354
2.194478 1.1734362 2.438309 4282070318
2.405539 1.166322 2.5918267 4280951324
2.4461954 1.1625483 2.5834408 4280423958
2.2001429 1.1678841 2.4111154 4282202936
2.1876311 1.1727507 2.4056425 4280689180
2.2001708 1.1704612 2.3705542 4281675306
2.2043021 1.1639879 2.3279757 4282070325
2.4608531 1.1622921 2.5650585 4279045376
2.4543498 1.1600945 2.5253758 4280423958
2.4216275 1.1605244 2.4757853 4281674278
2.2052569 1.1640865 2.3137121 4282202165
2.2136579 1.1643264 2.2999041 4282070322
2.2208514 1.1673707 2.2777965 4282200618
0.49623069 1.2624692 2.3352032 4290164922
0.50010991 1.2611468 2.3193502 4289505440
0.51395929 1.2602563 2.2529721 4289901751
0.53486055 1.1520073 2.1942997 4288451974
0.53847611 1.2048403 2.1539044 4287533457
0.52114445 1.2507466 2.2235496 4288650907
0.5316689 1.247377 2.1812057 4288191131
0.5373174 1.2559794 2.1492696 4288782749
0.55207694 1.2553177 2.1031501 4288453531
0.56790364 1.232609 2.0651042 4288453270
0.66904533 0.81614035 1.5184007 4288189587
0.6711275 0.79401004 1.5124 4287860105
0.66929531 0.83543241 1.5189681 4288124050
0.67088479 0.82679462 1.5118531 4287728516
0.71089852 0.80505723 1.5065398 4285029715
0.71150041 0.84343421 1.5078155 4284898641
0.66902208 0.85881555 1.518348 4288124048
0.67084688 0.8598178 1.5117676 4287530623
0.66902071 0.90151727 1.5183449 4287926414
0.67042005 0.90176219 1.5108057 4287266934
0.71194142 0.84867191 1.5087501 4285029713
0.7121768 0.87725085 1.5092489 4285029717
2.1745155 1.3387587 2.4763167 4281675306
2.1806512 1.3372633 2.4313879 4282070318
2.1873305 1.3333727 2.3970745 4281872938
2.1791906 1.328059 2.3479495 4281873714
2.1928215 1.3258921 2.3312387 4281676338
2.2033741 1.3249047 2.3041821 4281872949
2.2252545 1.3279744 2.2970369 4281215516
2.2052331 1.3274219 2.2837365 4282202165
2.2114489 1.3268692 2.2827859 4282070322
0.55968976 1.24954 2.0825665 4287992977
0.57149351 1.2328849 2.0548081 4288519064
0.56912971 1.2584089 2.0235722 4288519321
0.58161438 1.1926033 1.8799658 4288979355
0.58482349 1.1871916 1.871435 4286081874
0.58352858 1.2318937 1.886153 4288979356
0.5836044 1.2379487 1.886398 4289045148
0.58549392 1.2178273 1.8735805 4286147410
0.58616453 1.2368071 1.8757265 4286344278
0.66908079 0.91108876 1.5184813 4287926414
0.67052758 0.90662879 1.511048 4287332470
0.66890699 0.93931615 1.5180868 4287926158
0.67077881 0.94475889 1.5116142 4287333247
0.71699888 0.92455119 1.5094713 4284307017
0.71681768 0.93374932 1.5090898 4284307017
0.66954964 0.96871012 1.5195453 4287794828
0.67051709 0.963278 1.5110244 4287333502
0.67339504 0.98890179 1.5068979 4286543213
0.71645218 0.98512173 1.5083203 4284438089
0.7141493 1.0101454 1.5034722 4284438089
-0.20400032 1.3373356 1.8133364 4288124568
0.29270262 1.3476517 1.9513509 4288386704
0.29605919 1.3473713 1.9334477 4288056190
0.29534671 1.346781 1.890219 4286678929
0.5857895 1.2780862 1.893461 4288979872
0.58726728 1.3169024 1.8982377 4288914336
0.591488 1.2525628 1.8556486 4287664536
0.58888406 1.3073226 1.884429 4286345049
0.67447561 1.0423715 1.5093161 4286411110
0.67532438 1.0672959 1.5112154 4286411368
0.71648568 1.0349238 1.4985322 4282858278
0.94833863 1.3349226 1.9329195 4281673244
0.71613729 1.0484624 1.4978034 4282263319
0.95065421 1.3357294 1.9253757 4280689180
0.67571157 1.0773584 1.5120819 4286411366
0.67588919 1.1154535 1.5124793 4286477676
0.7156055 1.0663925 1.4966912 4282791978
0.8260355 1.2497809 1.7164373 4281673238
0.71355259 1.0913157 1.4923975 4283648829
0.79653007 1.2206565 1.6551274 4281475597
0.95953786 1.3409692 1.9071561 4280427036
0.96866596 1.3385203 1.8786249 4281215526
0.97298145 1.3335569 1.8314945 4280425494
0.93817425 1.344335 1.8305838 4279637526
0.97363979 1.3323491 1.8220159 4280425494
0.98310709 1.3317672 1.8290365 4282203451
0.97523403 1.3324418 1.8143889 4280427030
-2.3179576 -1.8340743 2.4974627 4288125570
-2.3208361 -1.8285376 2.5005641 4287138432
-2.3126099 -1.8360246 2.5001187 4289834154
-2.3175521 -1.825469 2.539783 4288191364
-2.3126612 -1.8262049 2.5519021 4289899949
-2.3218036 -1.819145 2.5531859 4287598980
-2.3292344 -1.8197143 2.5880382 4288520071
-2.3369081 -1.8203285 2.6238968 4288585864
-2.3352573 -1.8172249 2.6312759 4288651400
-0.8890565 -1.8279665 2.6588604 4289376433
-0.86158049 -1.8308586 2.651017 4290759895
-0.79804486 -1.831303 2.6881511 4290494909
-0.77608913 -1.8305581 2.6994405 4292927454
0.49411091 -1.8728397 2.5502498 4288715667
0.46671373 -1.8750429 2.6201472 4289506217
0.48844346 -1.8723665 2.6050317 4287534751
0.43433061 -1.8480341 2.7252116 4287663234
0.47150642 -1.8694814 2.6470535 4282207833
0.47872704 -1.8736387 2.6412528 4285105819
0.45390242 -1.7588718 2.5937281 4282464041
0.48409271 -1.7968864 2.6255875 4284637274
0.55910605 -1.6290004 2.2088141 4285887079
0.56755906 -1.5945706 2.1621296 4285494657
0.55814588 -1.6124216 2.2050209 4286083946
0.5670979 -1.5797727 2.160373 4285231999
0.56086659 -1.5321233 2.1887476 4286084200
0.56138742 -1.5198538 2.1907802 4286412909
0.63252938 -1.2479634 1.8235081 4285624171
0.65823066 -1.2629466 1.7124699 4284440402
0.64792269 -1.2574093 1.7570785 4285032038
0.66281211 -1.2513893 1.6967989 4285030485
0.66031325 -1.2460749 1.7040341 4285689710
0.64551175 -1.2579205 1.7655023 4287201923
0.6500904 -1.2400883 1.7481422 4285755500
0.63787448 -1.2531693 1.8063703 4285886062
0.6882779 -0.99044877 1.3429813 4290229338
0.69145334 -0.9542864 1.2939477 4284387610
0.68802404 -0.97157335 1.3343496 4286618693
0.69426948 -0.95718813 1.3145931 4288852604
0.69298017 -0.95083332 1.2892655 4290429103
0.716672 -0.95019436 1.2883991 4286347377
0.70579249 -0.94916916 1.2980092 4291480276
0.7305972 -0.94403011 1.3134332 4286807915
0.69638336 -0.9453932 1.3505616 4291546581
0.70162344 -0.94656897 1.3285178 4288651389
0.72891796 -0.94428015 1.3253055 4286807659
0.73674017 -0.79368627 1.138922 4290295994
0.73392189 -0.7923435 1.1684328 4290295737
0.73658502 -0.79101247 1.1611192 4289439923
0.74467838 -0.79316908 1.1083585 4288979883
0.75162739 -0.79544425 1.0785685 4288716199
0.75020486 -0.79433453 1.0862695 4286878625
0.78977931 -0.78977931 1.0988234 4284439121
0.73846543 -0.78793204 1.1306648 4289110954
0.74363911 -0.79228836 1.1119837 4289110955
0.73922479 -0.78898031 1.1372689 4287667370
0.79582131 -0.7885536 1.1628439 4284965709
0.79832858 -0.79123235 1.1354007 4283846983
0.8032198 -0.7891897 1.1224031 4286874511
0.79912561 -0.78832662 1.1518928 4286869831
0.79950178 -0.78535128 1.1320379 4287597199
0.79505724 -0.79170263 1.073495 4284175951
0.81057584 -0.79368889 1.0807679 4285164109
0.81012678 -0.79303545 1.093842 4287267979
0.81116468 -0.79412341 1.0906416 4286738763
0.81818581 -0.78160024 1.0643067 4288058259
0.81560433 -0.7788353 1.069645 4288255381
0.80486649 -0.79098952 1.1101607 4284966728
0.81215221 -0.77477282 1.0874004 4287860630
0.80519658 -0.77048981 1.110616 4288254616
2.9370952 -2.3315086 3.2297955 4287334023
1.0933744 -0.86880922 1.1780465 4287331677
2.9795165 -2.359617 3.1994808 4287662473
2.4582694 -1.949949 2.6665971 4287465608
2.0415645 -1.6260884 2.2922831 4287202690
2.860152 -2.2721765 3.1890197 4287399553
-2.8648591 -1.8132019 2.901123 4287533190
-2.7991576 -1.805908 2.8894529 4287862673
-2.8854196 -1.8045324 2.9312201 4288780426
-2.8631155 -1.8020248 2.9271469 4288189596
-2.737704 -1.7980301 2.8913047 4287664775
-2.7181878 -1.7970743 2.8897676 4287598983
-2.7738843 -1.7943277 2.9295146 4288255647
-2.7396188 -1.7898842 2.92226 4288384888
-2.3649697 -1.8224678 2.7125101 4288716938
-2.3696406 -1.8241117 2.7276437 4288716938
-2.3809457 -1.8181766 2.7705548 4287862155
-2.664973 -1.7916542 2.881052 4288257949
-2.6095667 -1.7907026 2.8795218 4288850091
-2.6786439 -1.7827154 2.9254816 4288255648
-2.6494184 -1.7815053 2.923496 4288450680
-2.6096249 -1.7826312 2.9404223 4288846733
-2.5483088 -1.7884495 2.9653049 4289307544
-2.3825355 -1.8198702 2.8133259 4290426547
-2.3963866 -1.8129965 2.8720737 4288980367
-2.4000373 -1.8135622 2.8872631 4289046159
-2.5290122 -1.7944829 2.9753087 4288186217
-2.409292 -1.8115669 2.9426467 4290426546
-2.3812604 -1.8138508 2.9765756 4289047467
-2.3557329 -1.8135405 2.9914069 4288455068
-2.2829738 -1.805795 2.9940641 4288388756
-2.2617469 -1.8037899 2.9907398 4288849310
-2.2033911 -1.8019259 2.987649 4289442225
-2.147114 -1.8017086 2.987289 4290166209
-0.88375789 -1.7843492 2.6933575 4288719538
-0.89189893 -1.7753035 2.718168 4292527506
-0.8322317 -1.7821528 2.690042 4288324778
-0.82412803 -1.7828076 2.6910303 4289573546
-0.83876926 -1.770735 2.7111733 4290950802
-0.83319551 -1.7684149 2.7206383 4292662724
-0.78012049 -1.8231077 2.7134626 4289638563
0.4241721 -1.8525066 2.7701035 4288719023
0.40282845 -1.8351074 2.864558 4289376181
0.41344672 -1.8473152 2.8149564 4290097834
0.45369777 -1.7094685 2.5925589 4282859051
0.48172206 -1.7635925 2.6127298 4283128424
0.45484561 -1.6894267 2.5991178 4283253806
0.47949004 -1.6985325 2.6006238 4281742635
0.40378699 -1.830501 2.8713741 4289439390
0.40654144 -1.802923 2.8281145 4287861390
0.40244144 -1.7707424 2.8618059 4288913305
0.45692778 -1.6645225 2.6110158 4283845949
0.48146239 -1.6483967 2.6113214 4282071857
0.4576149 -1.6179956 2.6149423 4284569930
0.48173159 -1.6166586 2.6127815 4282335031
0.56971705 -1.4209414 2.1448171 4286612619
0.56980479 -1.4077529 2.1451473 4286481549
0.56148416 -1.346209 2.1647582 4287202425
0.56147289 -1.3326526 2.1647148 4287465853
0.62006366 -1.2460326 1.8897177 4287663501
0.62787902 -1.2442374 1.8433146 4285624164
0.62467849 -1.2260045 1.8681973 4286084466
0.7144109 -0.77687305 1.2492431 4289506226
0.70839089 -0.776815 1.2879834 4289835706
0.71278101 -0.77544308 1.2532413 4289440690
0.72650295 -0.78611344 1.19221 4290164408
0.72180307 -0.78290814 1.2221005 4289375158
0.72687221 -0.78278542 1.1928159 4288914605
0.72807264 -0.7837925 1.1886901 4288980653
0.7362231 -0.78724849 1.1662941 4287137131
0.72938609 -0.78148508 1.1908344 4286874989
0.78712457 -0.78332204 1.2168109 4286804555
0.72051549 -0.78183591 1.2264093 4289375414
0.72523057 -0.77866864 1.221441 4286084976
0.71970278 -0.77446282 1.251657 4286479991
0.76949227 -0.77350008 1.2824872 4286608210
0.77957839 -0.77957839 1.2411199 4285360716
0.78318161 -0.77936119 1.2225274 4287860882
0.77593768 -0.77593768 1.2540407 4287597196
0.78060877 -0.76128674 1.2366079 4288058267
0.79195404 -0.78451788 1.1897901 4287203988
0.79362398 -0.78624141 1.1812078 4286738503
0.79083645 -0.7833758 1.1937155 4287531921
0.79472107 -0.76555699 1.166563 4288518048
0.79692394 -0.78243434 1.159162 4288650397
0.8042084 -0.76862395 1.1387022 4286675811
0.79005802 -0.76384753 1.1981922 4288453026
-2.546021 -1.7840729 2.973455 4289900715
-2.5271471 -1.790451 2.9840851 4289965990
-2.4856181 -1.7941303 2.9902172 4289767837
-2.4593723 -1.7783153 3.0269198 4289374366
-2.3842781 -1.8071314 3.0276546 4289240458
-2.4506905 -1.7587309 3.0753763 4289177763
-2.429965 -1.7864565 3.0734735 4289374612
-2.4558406 -1.754172 3.1185279 4288980641
-2.3088987 -1.797913 3.028064 4289504664
-2.2877483 -1.7961661 3.0251217 4289569680
-2.2083189 -1.7912973 3.0328844 4289703348
-2.1797643 -1.7911974 3.0327153 4289766797
-2.4304152 -1.7585932 3.1615157 4289571990
-2.436209 -1.7516543 3.2214332 4289572248
-2.1138749 -1.7901285 3.0470271 4289568126
-2.0349061 -1.7865139 3.0571361 4290558655
-2.0422595 -1.7833815 3.0681832 4291545284
-2.0259109 -1.7870061 3.0579786 4290093950
-1.9077183 -1.7938248 3.0371635 4289770673
-2.0141535 -1.7839645 3.0691862 4291479491
-1.9274998 -1.7836565 3.0686562 4290818969
-1.888319 -1.7934287 3.0364928 4290427560
-1.8293272 -1.7912163 3.0488787 4289902517
-1.9160465 -1.7819231 3.0656743 4290819228
-1.8559322 -1.7790024 3.0771933 4291282635
-1.7899425 -1.7899425 3.0467107 4290692294
-1.7369076 -1.7846248 3.0539036 4290494397
-1.807703 -1.7788566 3.0769413 4290883720
-1.7570059 -1.7763135 3.089241 4291080842
-1.646834 -1.7808787 3.0638771 4290757827
0.46190387 -1.5153687 2.5931444 4284372291
0.49001631 -1.5435513 2.6134202 4286940545
0.46138129 -1.4731823 2.5902107 4284898636
0.48606163 -1.4824879 2.5923285 4285098597
0.46157211 -1.4575962 2.5912821 4285095501
0.48513937 -1.4554181 2.58741 4283387721
0.46163636 -1.4092057 2.5916426 4285622361
0.48921853 -1.3553759 2.5663922 4288059281
0.5624994 -1.3012034 2.1686723 4287729027
0.57287943 -1.2323568 2.1316442 4289636246
0.5742569 -1.168546 2.1367698 4285100673
0.56946516 -1.1660478 2.1693912 4288518285
0.68849319 -0.7664358 1.3856467 4289901756
0.68186659 -0.76261395 1.4355086 4287860339
0.68071067 -0.76027429 1.4144638 4289835705
0.70303649 -0.77292907 1.3156239 4289769913
0.69740725 -0.76926136 1.3525474 4287663476
0.69952887 -0.77031457 1.332436 4289572790
0.70713198 -0.77582484 1.2930413 4289704378
0.74900931 -0.76947403 1.309743 4285426274
0.75349545 -0.77052361 1.3622516 4285031258
0.76172346 -0.77004832 1.3319755 4287663764
0.69194829 -0.76930892 1.3753009 4290098365
0.74904537 -0.76656687 1.4017223 4286347354
0.7483207 -0.76592827 1.4086037 4286413144
0.75051153 -0.7679652 1.3963004 4286544218
0.75567448 -0.76416528 1.358516 4288255901
0.75402462 -0.74971592 1.3787879 4289045419
0.76687539 -0.77093285 1.2984133 4288059033
0.76830715 -0.77235091 1.293991 4287730329
0.76207268 -0.77035606 1.3253437 4287068244
0.76863205 -0.75245029 1.2945381 4287140771
0.77483732 -0.75902432 1.2650405 4287730332
-3.6774659 -1.7223575 3.7240162 4293257966
-2.472801 -1.7467445 3.3672185 4289769113
-1.5567334 -1.7363565 3.8319592 4293518028
0.46197468 -1.3616097 2.5935421 4286346599
0.48898524 -1.3386973 2.5651686 4287993750
0.46211782 -1.3133875 2.5943456 4287860104
0.46600562 -1.261429 2.5710654 4286082911
0.46119571 -1.2622198 2.5891688 4290163890
0.4647758 -1.2340599 2.5642803 4286214498
0.46023625 -1.211148 2.5837824 4290427319
0.46398416 -1.199959 2.5599127 4286543206
0.57528585 -1.1108968 2.115994 4288783010
0.57448876 -1.0697377 2.1130621 4289178030
0.56913066 -1.0110439 2.1426096 4289176213
0.56865627 -0.98344088 2.1408236 4290031526
0.57708013 -1.0295634 2.0984733 4289768615
0.57704479 -0.99015635 2.0983446 4289900975
0.57612854 -0.95584965 2.0950129 4290164406
0.64008147 -0.75456756 1.6652526 4291808976
0.65974361 -0.75748336 1.5638367 4290493376
0.64713544 -0.74904656 1.6305776 4290427325
0.65207952 -0.7523995 1.6051189 4290427841
0.67372739 -0.76200891 1.4868467 4290361792
0.66551703 -0.75648701 1.5321256 4288255099
0.66908789 -0.75861371 1.5078037 4290361535
0.68065923 -0.76233834 1.4520731 4287860852
0.69100159 -0.75381994 1.4358475 4289637037
0.68276799 -0.74735415 1.4762551 4290756541
0.69970495 -0.71741903 1.4171239 4289899167
0.66305071 -0.75500667 1.5487316 4288189049
0.67246974 -0.73876953 1.5154247 4290953922
0.7011109 -0.68347287 1.4110408 4289503888
0.70181727 -0.65767783 1.4124625 4289568909
0.70278227 -0.68960512 1.4055645 4287861649
0.70217782 -0.67584616 1.4043556 4287861650
0.70139915 -0.64002669 1.4027983 4288649360
-3.2774639 -1.6454757 4.3160019 4286672969
-3.2658782 -1.6397148 4.3364358 4283257913
-3.1622939 -1.6417015 4.3061023 4282667871
-3.1418157 -1.6528683 4.371222 4290097321
-1.5629679 -1.7325922 3.8771296 4293517771
-1.569874 -1.7293144 3.9246852 4293783277
-1.5859163 -1.7243693 4.0277238 4294111725
0.45916986 -1.1600081 2.5777957 4290558906
0.49306956 -1.1292884 2.5448751 4290033075
0.45967397 -1.1128948 2.5806258 4290822077
0.49222866 -1.0876665 2.540535 4290098353
0.4593533 -1.0637655 2.5788255 4290953663
0.49161148 -1.0466566 2.5373495 4290757055
0.4596383 -1.0160425 2.5804255 4291216836
0.49007821 -0.96434748 2.5294359 4289506475
0.56834793 -0.96284831 2.1396627 4290360749
0.56923789 -0.92417449 2.1430132 4290953144
0.56999344 -0.84173453 2.1209059 4290426025
0.57116795 -0.80362004 2.1252761 4291347644
0.5763129 -0.94305754 2.0956833 4290428093
0.57462817 -0.90112144 2.0895569 4291151561
0.58273774 -0.82451189 1.983788 4290096803
0.61812186 -0.74063253 1.781973 4291414479
0.57416123 -0.82861912 2.0878592 4288126116
0.5828563 -0.81847906 1.9841918 4290294181
0.57803339 -0.78586566 2.0783224 4291348939
0.58175623 -0.77361196 1.9804467 4291347903
0.61814147 -0.7350871 1.7820294 4288648567
0.60315406 -0.7155062 1.8922479 4291810521
0.61700219 -0.69552982 1.7949156 4290094472
0.62964189 -0.74803609 1.7220975 4291874768
0.63169694 -0.74411762 1.7130765 4290822342
0.62950003 -0.74248731 1.7217096 4290822599
0.63165319 -0.73871309 1.7129579 4287990640
0.64294434 -0.74664503 1.6592112 4288516985
0.62381977 -0.72231764 1.7510731 4290624705
0.62019515 -0.69771951 1.7719861 4290757834
0.70372617 -0.62405908 1.4163042 4290821048
0.70594078 -0.59050393 1.4207613 4291084992
0.70642638 -0.58646715 1.4217386 4291084992
0.70759284 -0.56073391 1.4240862 4291216579
0.70115167 -0.62227213 1.4023033 4289963667
0.70198411 -0.6054613 1.4039682 4289766288
0.70312595 -0.56689531 1.4062519 4290161565
0.70398098 -0.55438507 1.407962 4290623666
-3.2966084 -1.6414646 4.3772392 4285632419
-3.1886404 -1.6422182 4.3792486 4286476625
-3.5415459 -1.6009728 5.1748614 4286943392
-3.4666817 -1.6037452 5.1838231 4286349440
-3.4223144 -1.59708 5.2149553 4284573287
-3.3837674 -1.6010996 5.2819781 4283717721
-0.31854439 -1.653397 4.8540096 4290692297
-0.27307862 -1.6536429 4.8547311 4286679947
-0.21281478 -1.6569151 4.8643379 4287207071
-0.32068607 -1.6492426 4.8866448 4287598729
-0.27753407 -1.6343673 4.933939 4287858309
-0.21681988 -1.6416363 4.955883 4289108601
-0.26895049 -1.613703 5.0625973 4289371784
0.49023157 -0.94883525 2.5302274 4288519576
0.49438271 -0.87105531 2.5111504 4292204246
0.4930113 -0.83733666 2.5041842 4292270038
0.49252266 -0.7974177 2.5017025 4292270039
0.57131535 -0.79718417 2.1258245 4291479488
0.57210559 -0.72511065 2.1287651 4291546057
0.53871304 -0.71343076 2.3295698 4292204245
0.57180166 -0.71807653 2.127634 4288254074
0.54843688 -0.69088805 2.2792182 4291413437
0.57448781 -0.66033083 2.1130586 4292071368
0.57798553 -0.77930635 2.0781503 4291414988
0.6009841 -0.71136892 1.962397 4290164145
0.577806 -0.70765001 2.0775046 4287927700
0.60053569 -0.69858229 1.9609329 4290493627
0.60693687 -0.71618551 1.942198 4290558130
0.57737231 -0.70063156 2.0759454 4290559162
0.58572662 -0.66587865 1.9729738 4290951852
0.58082187 -0.62599695 2.0651445 4292072918
0.58489144 -0.61567521 1.9701606 4292071108
0.70341307 -0.53087777 1.4156741 4291348166
0.70154697 -0.50299591 1.4119184 4291611337
0.70560783 -0.52920592 1.4112157 4291018943
0.70233428 -0.47549343 1.395944 4290820789
0.70232332 -0.4711237 1.3959221 4290820789
0.70479912 -0.43071061 1.3921958 4289700495
-4.8420215 -1.5792973 5.5535731 4290492593
-4.8285627 -1.5805727 5.5580578 4290558385
-4.9779024 -1.5344073 5.7094221 4293583285
-4.981132 -1.5285063 5.7543764 4293583542
-5.0003886 -1.5273914 5.818634 4293583543
-4.7033539 -1.5735486 5.5333576 4290756022
-4.5535321 -1.5695887 5.5194325 4290953144
-4.7493153 -1.565515 5.628818 4293123011
-4.5767984 -1.5606706 5.6114001 4292859580
-4.4259295 -1.567158 5.5108852 4291018936
-4.3550649 -1.5664462 5.5083823 4291018938
-4.555572 -1.5594074 5.6068578 4292859581
-4.4156165 -1.5594835 5.607132 4292925636
-5.0066547 -1.5149288 5.9119172 4293649338
-5.0350094 -1.4953599 6.0571542 4293649340
-5.0538588 -1.487551 6.1027732 4290690746
-5.0467978 -1.4670924 6.2595944 4293649340
-5.0097971 -1.4512508 6.3616471 4292928226
-4.1184726 -1.5813544 5.5608068 4290821557
-4.3249593 -1.5484421 5.6954193 4292273648
-3.783711 -1.3446245 5.0032539 4288522851
-4.2370725 -1.5260642 5.745183 4294044616
-4.0552092 -1.5610762 5.7418895 4292793265
-4.4021082 -1.5217164 5.7970147 4294243573
-3.379045 -1.1976362 4.5624237 4286610267
-4.9141431 -1.4465019 6.3408298 4293980659
-3.3957515 -1.0894704 4.527669 4284704357
-3.4820895 -1.2007205 4.8028822 4286941065
-3.8657176 -1.32779 5.3783898 4294042516
-3.4714417 -1.1721752 4.8089237 4286610009
-3.5203385 -1.1479366 4.8978624 4286675801
-3.6431611 -1.5970021 5.3233404 4289703334
-3.5336483 -1.544944 5.2593837 4287464047
-4.0580502 -1.5607885 5.8759098 4292726945
-3.8629544 -1.5596906 5.8034997 4288253819
-3.4840989 -1.5336703 5.3345056 4287589645
-3.42557 -1.554039 5.3472309 4285158172
-3.5959308 -1.5265744 5.4278202 4286421419
-3.6556942 -1.5439097 5.6787481 4290032298
-4.0392537 -1.5493028 5.9021058 4291283115
-4.0188398 -1.5094235 6.037694 4291480238
-4.0815668 -1.4946582 6.1319308 4294177781
-3.5238163 -1.3319689 5.3953171 4290221090
-3.7399592 -1.5250319 5.8096457 4290358679
-3.4797146 -1.2203739 5.2772923 4283256652
-4.1584263 -1.4736172 6.4596915 4294177780
-1.9976591 -1.5321852 6.2063198 4294045931
-1.8527241 -1.54712 6.1120791 4292990902
-2.0307727 -1.5181506 6.3091969 4293254072
-1.6767762 -1.5433962 6.0973678 4293123013
-1.6392002 -1.5438979 6.0993495 4293188808
-1.5229172 -1.5421946 6.1687784 4293452237
-1.3863957 -1.5404396 6.1617584 4293254340
-1.3081949 -1.5390528 6.1562114 4293123014
-1.1732123 -1.5386389 6.1545558 4293189064
-1.1285287 -1.5245037 6.3355999 4294309366
-1.089408 -1.5368435 6.2251887 4292990902
-1.1001455 -1.520201 6.400846 4294046452
0.49153322 -0.74900305 2.4966767 4292270295
0.49037734 -0.70053899 2.4908054 4290493884
0.49007043 -0.63009059 2.4892466 4286545531
0.4902429 -0.60696745 2.4901228 4286808703
0.49678794 -0.70637035 2.4839396 4292861658
0.54167891 -0.68612665 2.3111634 4291874248
0.4959999 -0.65874988 2.4799995 4290361785
0.54486978 -0.68825662 2.2941887 4291676868
0.57420939 -0.63361037 2.1120346 4292269262
0.57281011 -0.5925622 2.1068878 4292598229
0.49616653 -0.65121853 2.4808326 4291151300
0.49696493 -0.59791094 2.4848247 4292401625
0.57546979 -0.50270921 2.1166704 4292861657
0.58075917 -0.6194765 2.0649216 4292072662
0.59889233 -0.55611426 1.9555666 4290691781
0.57934588 -0.57934588 2.0598965 4292533213
0.59887797 -0.54999 1.9555199 4290296507
0.57550943 -0.5166505 2.0927615 4291873731
0.58755434 -0.495749 1.9585146 4291478712
0.57628977 -0.47805858 2.0955992 4292466642
0.60256404 -0.46257442 1.9476818 4292270296
0.7025156 -0.39895949 1.3876852 4290755509
0.70247799 -0.39026552 1.3876108 4290887355
0.70401818 -0.34121126 1.3821216 4290162078
0.70446485 -0.332784 1.3829985 4290359716
-7.0902901 -1.3955491 7.2028341 4287068767
-7.1511374 -1.3936722 7.3110671 4286873975
-7.3844404 -1.3787405 7.4779148 4285425238
-7.4207931 -1.3600811 7.6355429 4284502843
-7.2589846 -1.125602 7.3508701 4284503111
-7.281518 -1.1362879 7.4206553 4282793010
-7.4256668 -1.3501213 7.7149787 4284633917
-7.3671126 -1.3416927 7.8062124 4286413171
-7.4522538 -1.3281244 7.8703671 4283515435
-7.4422674 -1.3307366 7.8858466 4284897861
-7.4306474 -1.305384 8.0331326 4285029191
-7.4349389 -1.2693799 8.2898273 4285950549
-7.3958635 -1.2760469 8.3333673 4287136891
-5.0054712 -1.4415758 6.4070034 4291413954
-4.9533491 -1.4380691 6.391418 4291940556
-4.169467 -1.2508401 5.5592895 4291155167
-3.4610171 -0.95576209 4.6339979 4286356402
-3.4206576 -1.066179 4.7385736 4280427042
-3.8017719 -1.1953169 5.3125196 4293319292
-3.2479217 -0.84668046 4.4416022 4281480504
-3.6223457 -1.0142567 5.1517806 4287788572
-3.3395615 -0.78909463 4.5091124 4285697441
-3.4569938 -0.78766954 4.6676712 4284315018
-3.2455246 -0.75637221 4.4007111 4282400315
-3.4742808 -0.87625664 4.9193358 4279045398
-3.5080485 -0.72836602 4.7566762 4285894818
-3.5415654 -0.81849509 5.0368929 4280689174
-4.6064253 -1.4600724 6.5806079 4291216571
-3.9267585 -1.2351776 5.8993559 4287802814
-3.455127 -0.9563297 4.9358954 4281677366
-3.4598451 -0.98163044 5.1495366 4285305261
-3.5004425 -1.1948626 5.3852963 4293449823
-4.2278142 -1.4571593 6.5674782 4293059298
-3.4646645 -0.99690807 5.229682 4284171023
-3.4939544 -0.90938538 5.1053214 4285490002
-3.4642854 -0.96230143 5.1322746 4282203707
-3.6550381 -0.88507652 5.2448978 4288709176
-3.4688148 -0.98174012 5.2359471 4288774678
-3.4470818 -0.80816758 5.2778287 4287853855
-3.890765 -1.3848485 7.0341511 4289045140
-4.9162602 -1.274586 8.3238268 4292926156
-4.1011376 -1.3517716 7.3316426 4288847246
-4.7787023 -1.2845974 8.2214231 4291940298
-4.5577698 -1.2875056 8.240036 4291742919
-3.8674095 -1.3843567 7.0316534 4289439381
-3.6751759 -1.3864435 7.042253 4289110162
-3.6121044 -1.3875767 7.0480084 4289373848
-3.4921703 -1.3743379 7.2096419 4288320645
-3.9106553 -1.3347746 7.4934711 4289176213
-4.5578561 -1.2761996 8.3343649 4292794828
-4.4326601 -1.277649 8.3438301 4292003229
-3.8296227 -1.3310274 7.4724345 4288912779
-3.4803092 -1.3648273 7.2790785 4288451968
-3.9985905 -1.2815995 8.2022371 4289113779
-3.4579606 -1.3649845 7.2799172 4290031515
-3.8868248 -1.304132 8.1827888 4289436535
-2.1012588 -1.4857384 6.7919469 4294309365
-1.1498318 -1.5052344 6.6899304 4294111988
0.49005032 -0.56005752 2.4891446 4287071874
0.49021047 -0.51355386 2.489958 4287268999
0.47737011 -0.46954435 2.5042367 4289767062
0.47629347 -0.42163688 2.4985888 4289635993
0.49679416 -0.55889344 2.4839709 4292467418
0.49648571 -0.51200092 2.4824286 4292335831
0.49649042 -0.42667145 2.4824522 4288650908
0.50229377 -0.37865224 2.472831 4292401624
0.58290017 -0.44838476 2.0497589 4292138455
0.60164213 -0.40717196 1.9447019 4290823110
0.58156979 -0.4217979 2.0450807 4292270041
0.59230262 -0.39079759 1.953988 4290622887
0.60719544 -0.40682092 1.9430254 4292796124
0.60823488 -0.37710565 1.9463516 4292336089
0.59179199 -0.36605689 1.9523034 4291017904
0.57786733 -0.31815165 2.0777252 4292466383
0.5908528 -0.32892835 1.949205 4291741886
0.60762131 -0.36457282 1.9443883 4292402140
0.60587633 -0.3271732 1.9388043 4292467676
0.70648074 -0.29723886 1.378499 4290029716
0.70695531 -0.27588502 1.379425 4290029202
0.86210191 -0.32204956 1.5854748 4289046697
0.7057752 -0.24529994 1.3771224 4290952375
0.709131 -0.23495305 1.3669995 4288255636
0.70663011 -0.21841295 1.3704342 4289898132
0.70865643 -0.22198877 1.3660847 4288190099
1.5107287 -0.51796418 2.7624755 4289179058
1.4993465 -0.4455201 2.7416623 4289179057
-7.2534666 -1.1052902 7.3686013 4286742138
-7.2713423 -1.1150941 7.4339604 4284568648
-7.3289895 -1.1017435 7.6643023 4284766027
-7.3279176 -1.0919082 7.7646809 4284831818
-7.3467879 -1.0708878 7.9693975 4284368951
-7.4529228 -1.255229 8.3681936 4284369965
-7.3085237 -1.051226 8.0093412 4285884248
-7.345015 -1.0308793 8.2470341 4284962110
-7.5058832 -1.237529 8.6088982 4284238380
-7.5123796 -1.2292985 8.7416782 4285753686
-7.3635473 -1.0029205 8.4456463 4286147421
-7.4698019 -1.0050279 8.6921329 4284764217
-7.3398156 -0.94707298 8.4184265 4287333754
-7.4527907 -0.98278558 8.7358723 4285894570
-7.5143304 -1.2155534 8.8403883 4285688150
-7.4997849 -1.2123712 9.0222979 4285689189
-7.600605 -1.1956007 9.1093397 4283778350
-7.5840349 -1.1974791 9.1236506 4285227347
-7.2989302 -1.2071308 8.9832993 4286873462
-7.6317725 -1.1741189 9.392951 4284898639
-7.673471 -1.1479995 9.6673651 4284438603
-7.511117 -0.97728288 8.9351578 4285358164
-7.5748467 -0.95408374 9.2517214 4284569420
-7.3913851 -0.84312379 8.9933205 4287335048
-7.5494628 -0.93275213 9.3275213 4284174921
-7.7384768 -1.109901 9.8657866 4281870876
-7.3792677 -0.72345763 9.2602577 4284181891
-7.5272317 -0.88904315 9.4831266 4283259502
-5.9739151 -1.2099068 8.0660458 4289770418
-7.6025605 -1.1342529 9.8097553 4284899930
-3.2358403 -0.63339847 4.4062505 4284641402
-3.5658519 -0.76071513 5.071434 4280952348
-3.426609 -0.61241519 4.6660209 4283985536
-3.4516468 -0.58036542 4.8872876 4279045376
-7.6542487 -1.1111007 9.8764505 4284306242
-7.6099257 -0.92055559 9.8192596 4285161810
-3.8215175 -0.58792579 5.226007 4282865504
-3.3132424 -0.52314353 4.6501646 4279045398
-3.4252224 -0.38552287 4.7448969 4282207066
-3.5920212 -0.41507801 5.1086526 4285947189
-3.7732537 -0.74449843 5.4145341 4288052810
-3.7761493 -0.71120298 5.4186897 4287985970
-3.5377922 -0.63290775 5.1930895 4286276129
-3.5051837 -0.80118483 5.3412323 4287079607
-5.544158 -1.2412293 8.82652 4293649342
-3.5208943 -0.55509597 5.0751629 4284697372
-3.6195247 -0.48912495 5.2173328 4284567090
-6.2552757 -0.96474397 9.9586477 4288517514
-6.2461343 -0.83487928 9.894866 4287925631
-5.6135125 -1.2252845 9.1183958 4293649085
-5.5236664 -1.2243178 9.1112022 4294243573
-5.6328859 -1.213237 9.2437105 4292202161
-5.529501 -1.1995213 9.3621178 4291019455
-5.4215403 -1.1850362 9.4802895 4291085245
-5.3822088 -1.1829031 9.4632244 4291150782
-5.6121984 -0.78382653 10.03298 4289109648
-4.5411968 -1.2673107 8.4487381 4293914347
-4.4904041 -1.2678788 8.4525251 4293650657
-5.2102895 -1.1841567 9.4732533 4291282625
-5.0663519 -1.1920829 9.5366631 4291414211
-3.9064624 -1.2175987 8.1173248 4288321161
-4.932075 -1.2029451 9.6235609 4291348162
-3.8789387 -1.0456269 10.793569 4287202424
-3.876636 -1.0112964 10.787161 4287662719
-2.7374542 -1.1956697 10.068797 4291479748
-2.6601291 -1.2178905 10.255919 4291940556
-3.1761377 -1.0917974 10.587126 4287465599
-2.7091222 -1.1893708 10.572185 4291150781
-2.5595915 -1.198796 10.367966 4291808712
-2.5634673 -1.1831386 10.516788 4291545540
0.30743665 -1.2639062 10.931081 4293454312
0.50112957 -1.2361196 10.690764 4294177780
0.47776884 -1.2285485 10.920431 4290032044
0.74072176 -1.2740414 9.4812384 4290492072
0.59682202 -1.2268008 10.610169 4294178036
0.73375523 -1.2340429 10.672804 4294112244
0.88594782 -1.2698585 9.4501095 4290491815
1.0043777 -1.2702425 9.4529667 4290426022
0.99413902 -1.2652678 9.6401358 4292728515
1.11034 -1.2083112 10.450259 4294309622
0.67652023 -1.2177365 10.824324 4290098092
0.81671369 -1.2250706 10.889516 4291019454
1.0730338 -1.2071631 10.730338 4293454312
1.1299344 -1.1964011 10.634677 4292730331
1.2840072 -0.92733848 11.413397 4288518287
0.47539195 -0.37407893 2.4938595 4289768097
0.47507352 -0.31931171 2.4921889 4290031529
1.4023868 -1.0868498 11.219094 4288979865
1.4809649 -0.9520489 11.283543 4287926667
0.48104343 -0.24052171 2.4828048 4288715929
0.48099956 -0.23274171 2.4825783 4289044894
0.50235736 -0.34005731 2.4731441 4292467161
0.50232011 -0.32457608 2.4729605 4292401624
0.50219321 -0.27813777 2.4723358 4292467161
0.50192887 -0.22393748 2.4710343 4291348937
0.53251058 -0.2115453 2.3342929 4291742659
0.55591911 -0.22236764 2.2236764 4291742916
0.57073236 -0.22829294 2.1486394 4291677123
0.54267937 -0.21421555 2.2849658 4291084471
0.56133538 -0.20536658 2.190577 4290623669
0.58368468 -0.27280915 2.0302076 4292401627
0.5919773 -0.26852578 1.9529148 4292531921
0.58386016 -0.25385225 2.030818 4291414731
0.59342122 -0.23615742 1.9377019 4290491558
0.60325277 -0.2654312 1.9304087 4291612367
0.61040092 -0.22141993 1.9149833 4291151044
0.5804528 -0.23478989 2.0870214 4292137677
0.59415042 -0.20613381 1.940083 4291347644
0.58279932 -0.1618887 2.0721755 4292202696
0.59389919 -0.16968548 1.9392626 4291676351
0.60597044 -0.21598944 1.9199063 4290822595
0.60508633 -0.16774671 1.9171052 4292401883
0.70833892 -0.18889037 1.3737482 4290096543
0.70743406 -0.18325099 1.3637283 4288386961
0.70955145 -0.17201248 1.3760998 4290821303
0.70946217 -0.15813312 1.3676379 4290029715
1.4612128 -0.35700086 2.6567504 4289113522
1.4580814 -0.33966666 2.651057 4289113265
0.7070058 -0.13711628 1.3711628 4291150529
0.70924163 -0.14099382 1.3672128 4289897616
0.70688683 -0.11995655 1.370932 4291150014
0.70921922 -0.11108253 1.3671696 4290029979
0.99510574 -0.19223635 1.8092833 4289244592
1.5094879 -0.22173266 2.7290175 4289113263
1.5307819 -0.22359736 2.7519674 4290426800
-7.306746 -0.54442418 9.1692495 4284182148
-7.5435305 -0.71277452 9.5036602 4282332465
-7.3227158 -0.45946449 9.18929 4284181890
-7.6087546 -0.53920305 9.5858326 4282135343
-7.368113 -0.20147184 9.2101412 4284116612
-7.5296373 -0.35573092 9.4861574 4281870886
-7.348887 -0.02870659 9.1861086 4283656319
-7.4721894 -0.029651543 9.4884939 4285422131
-7.5824814 -0.73378849 9.7838469 4285886050
-7.5214005 -0.54590809 9.7050333 4286478190
-6.3378115 -0.65847397 8.7796526 4285031775
-3.5576038 -0.37947774 5.0597034 4284302621
-5.9746037 -0.42486072 8.4972143 4287926423
-7.4446802 -0.24015097 9.606039 4286347121
-7.2402639 -0.029795324 9.5345039 4283847241
-7.0096521 -0.029452318 9.4247417 4283517505
-6.743535 -0.26974139 9.5908051 4288056961
-6.8353434 -0.059180461 9.468874 4289438612
-6.7584901 -0.029773083 9.5273867 4285293657
-3.5895736 -0.38459721 5.1279626 4287265885
-3.7437561 -0.30083752 5.3482227 4285952113
-6.1612539 -0.67102766 9.7604027 4288254080
-6.1305685 -0.48558959 9.711792 4288714375
-6.6666846 -0.029761985 9.5238352 4282726961
-6.4346533 -0.02965278 9.4888897 4285425500
-6.1016254 -0.21144247 9.6659412 4288583563
-6.2034497 -0.029824277 9.5437689 4282661682
-6.1763372 -0.029982219 9.5943098 4282398509
-5.5934277 -0.74995679 9.999424 4289175699
-5.591383 -0.49701181 9.9402361 4288649099
-5.9694853 -0.030148918 9.6476536 4282727987
-5.7069845 -0.030195687 9.6626196 4286675308
-5.5222044 -0.27765274 9.872097 4290031525
-5.7040725 -0.030503061 9.7609797 4285885536
-5.4530492 -0.030635107 9.8032341 4285951842
-5.3946857 -0.030651623 9.8085194 4287136116
-5.251761 -0.092678137 9.8856678 4288321685
-4.6179647 -0.60931474 10.262143 4288387992
-4.7428427 -0.41660103 10.254795 4288127917
-4.6780624 -0.44858131 10.253287 4288193966
-4.4112272 -0.64870989 10.379358 4288517772
-4.3692856 -0.420746 10.356825 4289374114
-4.3822818 -0.42514676 10.465151 4289966251
-4.772378 -0.38435262 10.249403 4288128174
-4.7695055 -0.06359341 10.174946 4288390829
-4.3156495 -0.38361329 10.229688 4283651677
-4.198688 -0.22265771 10.178638 4287463012
-4.1872778 -0.1903308 10.150976 4286409015
-4.0458136 -0.65785581 10.525693 4288585373
-4.0372715 -0.52517354 10.50347 4288519836
-3.7971318 -0.62735218 10.565931 4288254857
-3.7901337 -0.56028068 10.546459 4288386443
-3.9924133 -0.32458645 10.386766 4288322199
-3.9842899 -0.19435561 10.365632 4288124563
-3.7853074 -0.23041001 10.533029 4288583821
-3.7859924 -0.19753006 10.534936 4288583821
-3.7701218 -0.48334894 15.467166 4290099128
-3.710844 -0.2378746 15.223975 4290757314
-1.3398647 -0.94578683 12.610492 4292203986
-1.6337385 -0.81686926 14.52212 4293717487
0.68898827 -0.68898827 11.604012 4288386703
0.89986467 -0.68389714 11.518268 4288913562
0.68653333 -0.57813329 11.562666 4288452753
0.89969271 -0.57580334 11.516067 4288781976
1.2706625 -0.70592362 11.294778 4289505440
1.2804571 -0.64022857 11.381841 4289439647
0.68521029 -0.32457328 11.540383 4288715924
0.90100831 -0.25228232 11.532907 4288716183
0.68333042 -0.21578856 11.508723 4288847254
0.89898664 -0.17979732 11.507029 4288716183
1.2994332 -0.31607836 11.238341 4288518544
1.3003536 -0.21086816 11.246302 4288649873
1.4781519 -0.68751252 11.0002 4289308577
1.4826715 -0.55169171 11.033834 4289374370
0.48839584 -0.14729398 2.4807408 4287203462
0.48878628 -0.11637769 2.482724 4287532426
1.4902046 -0.3465592 11.089894 4289242784
1.4762617 -0.20599 10.986134 4289176992
0.48886132 -0.085356742 2.4831052 4287532169
0.48883453 -0.023277834 2.482969 4287729290
0.5082559 -0.1463161 2.4642711 4292270039
0.50830138 -0.13862763 2.4644914 4292335575
0.50790924 -0.09234713 2.4625902 4292203989
0.50813407 -0.046194006 2.4636803 4292138196
0.58265412 -0.12300476 2.0716591 4292532178
0.59404325 -0.13941832 1.939733 4292005834
0.58883119 -0.10130429 2.0260859 4292138455
0.5954442 -0.078189649 1.9246682 4290426023
0.60298419 -0.11343267 1.910445 4291019973
0.60311842 -0.095543511 1.9108702 4289967284
0.58704191 -0.075747348 2.0199292 4292335835
0.59555203 -0.072188124 1.9250166 4290623145
0.58323705 -0.006409198 2.0509434 4291610298
0.59690416 -0.036176015 1.9293873 4291083958
0.60745394 -0.071465164 1.9057378 4292204504
0.60728508 -0.023815099 1.905208 4292007381
0.7055378 -0.10262368 1.3683157 4291281600
0.70778376 -0.093802668 1.3644024 4290689461
0.70545584 -0.07695882 1.3681568 4291348422
0.70773309 -0.076282606 1.3561352 4289701263
1.4881067 -0.20177718 2.6903625 4289047470
1.5324514 -0.20662268 2.7549689 4290361265
0.78828418 -0.075710908 1.4251465 4288717732
1.5246322 -0.11991489 2.7409117 4290163629
0.70534766 -0.051298011 1.367947 4291479495
0.7074641 -0.038126804 1.3556198 4290030235
0.70759451 -0.025422558 1.3558698 4290557618
1.532403 -0.10330807 2.7548819 4288850605
1.4925362 -0.050310206 2.6832111 4288718763
-7.359066 0.057492703 9.1988325 4283261561
-7.5079484 0.14837843 9.4962196 4284105238
-7.3235345 0.28496242 9.1187973 4282867575
-7.5131063 0.17817645 9.5027437 4284434198
-7.3319311 0.48499161 9.1292534 4282407025
-7.484849 0.3550126 9.4670029 4285419804
-7.3139296 0.56917739 9.1068382 4282209902
-7.4209623 0.67197692 9.3492441 4283118870
-6.9511194 0.029705638 9.5058041 4287197501
-6.8187575 0 9.5283947 4282730826
-6.8420005 0.32580954 9.478096 4284710023
-6.8245611 0.29672006 9.4950418 4283192922
-6.849833 0.50410026 9.488946 4284643714
-6.8280921 0.38593563 9.4999542 4281940538
-6.8302827 0.68007147 9.4618635 4284117369
-6.8393111 0.65419495 9.515563 4280821798
-6.4993067 0.14838599 9.4967031 4283973660
-6.3873043 0 9.5066853 4285223463
-6.6199822 0.17891844 9.5423164 4283258208
-6.4184713 0.32686657 9.5088463 4283913031
-6.2726259 0 9.6040201 4284376168
-6.0922794 0.14932057 9.5565166 4281870114
-6.291307 0.17975163 9.5867538 4286155151
-6.0298996 0.26999551 9.5998402 4283783519
-6.5235329 0.35745385 9.5321026 4282991146
-6.4002333 0.50606495 9.5259285 4287129902
-6.6127105 0.68510067 9.5318356 4281476636
-6.4039788 0.536147 9.5315027 4287064366
-6.2632065 0.35789752 9.5439339 4285299071
-6.0184517 0.35931054 9.5816145 4282071093
-6.2451515 0.53529871 9.5164213 4284507750
-6.1307726 0.6912145 9.6168976 4282858278
-5.855422 0 9.6088972 4283382823
-5.8211069 0.060011409 9.6018257 4288316253
-5.8474793 0.29987073 9.5958633 4282793272
-5.7456894 0.18144283 9.6769505 4285494644
-5.7404709 0 9.7710142 4282858798
-5.434586 0 9.8252401 4282398762
-5.7075086 0.21479872 9.8193693 4285946666
-5.4680581 0.18431656 9.8302164 4286279522
-5.8349991 0.35907689 9.5753832 4284304432
-5.8108377 0.41933885 9.5848875 4287393066
-5.8225412 0.53746533 9.5549393 4285356078
-5.8007941 0.53821802 9.5683203 4287594596
-5.3621159 0.15320331 9.8050117 4287523362
-5.1558022 0.092619196 9.8793812 4285357376
-5.3638015 0.30650294 9.808094 4287918118
-5.1421885 0.18474929 9.8532953 4285159995
-5.0887375 0.096621595 10.306304 4289109906
-5.0550871 0.25595376 10.238151 4289044114
-5.3652525 0.36790302 9.8107471 4287984946
-5.1511078 0.43182939 9.8703861 4285161035
-5.3405485 0.54931355 9.7655745 4287984949
-5.188344 0.648543 9.8825598 4285553981
-5.081418 0.54329622 10.226753 4287596928
-5.0371003 0.5419665 10.201722 4288846737
-5.0825143 0.73520643 10.228959 4287399289
-5.0393095 0.60599291 10.206197 4288846993
-4.6738596 0.031580132 10.105642 4288521644
-4.6334114 0.09520708 10.155422 4289572268
-4.6163111 0.19101974 10.18772 4288585631
-4.2560782 0 10.088482 4286870602
-4.2734098 0 10.205158 4289637027
-4.3503079 0.22391291 10.236018 4289110423
-4.1345987 0.34985068 10.177474 4284771422
-4.6240058 0.47834545 10.204702 4288256665
-4.6186981 0.60520875 10.192989 4287598735
-4.1362433 0.44544163 10.181522 4284968810
-4.1102867 0.28900453 10.275717 4286087517
-3.884053 0.31836501 10.18768 4283526690
-3.7613022 0.1308279 10.466232 4288846994
-3.7552307 0.32654181 10.449338 4288452237
-3.8950264 0.5025841 10.051682 4286811799
-3.8423615 0.50391626 10.078325 4284637796
-3.8369241 0.68627912 9.9822416 4286090782
-3.8013351 0.65432823 9.9707155 4287662997
-3.7588363 0.42491192 10.459371 4288386701
-3.7589676 0.58836013 10.459736 4288255115
-3.0677462 0.61354923 11.549162 4291873986
-2.9726691 0.76939672 11.191225 4291676349
-4.1433053 0.59968889 17.445496 4292664280
-4.4024005 0.8004365 18.295691 4290029192
-4.2693591 1.0111641 17.97625 4292664279
-5.1187439 1.4368403 28.736807 4287796109
-5.0954528 1.5286359 27.175749 4289768873
-4.8113337 1.4804103 29.608208 4285494123
-4.8107805 1.5394499 30.788998 4287270022
-4.5634618 1.9685522 28.633486 4287007094
-4.6509151 1.7084996 30.373323 4288583818
-2.99509 1.4547579 27.383678 4289637799
-2.9634831 1.7780898 27.094702 4287334787
-0.74743736 0.54812074 15.945331 4286873981
-0.67101437 0.52722561 15.337471 4291150782
-2.4313715 1.3333328 25.098028 4289110681
-1.7694509 1.1569487 21.777857 4291611848
-2.499068 1.6929171 25.796831 4289374110
-1.8513626 1.4953313 22.786001 4291743176
-0.74835426 0.6485737 15.96489 4286611066
-0.67994553 0.67994553 15.541612 4291216831
-0.74588257 0.89505899 15.912161 4288979869
-0.6923672 0.89018643 15.825537 4290624694
0.92528832 0.39146811 11.388164 4290032045
1.3076501 0 11.309406 4288978838
0.92594087 0.42735735 11.396195 4290032301
1.4731392 0 10.962896 4289308577
1.4765826 0.30905217 10.988522 4288782233
0.48871675 0.007757409 2.4823709 4287860877
0.48658317 0.069511876 2.4715335 4288255116
1.4892851 0.41561443 11.083052 4288782233
0.48516908 0.11551645 2.4643509 4288452496
0.48520002 0.13862857 2.4645081 4288518290
0.50805211 0.038488798 2.4632831 4290559420
0.50866044 0.061655812 2.4662325 4288716699
0.51333988 0.11492684 2.4517725 4291414729
0.51246816 0.16062434 2.4476089 4291217350
0.58394003 0.032084618 2.0534155 4292203469
0.58873892 0.0313159 2.0042176 4292006868
0.58450365 0.038538702 2.0553975 4292269005
0.5893296 0.062694639 2.0062284 4291809490
0.60670197 0.029740293 1.9033786 4290559422
0.60606045 0.053475924 1.9013661 4289046181
0.58415288 0.07703115 2.0541639 4292269262
0.59056991 0.081674561 2.0104508 4291743954
0.56461138 0.14115284 1.9638656 4292444246
0.57370871 0.13745104 1.9123623 4290613386
0.60941982 0.094667152 1.8933431 4290624701
0.60256422 0.11008386 1.8540438 4291255372
0.60976243 0.12537172 1.8235886 4288768367
0.7084747 0.021085557 1.3494756 4289568905
0.70833683 0.025297742 1.349213 4289568906
0.88951665 0.0049972846 1.5991311 4288519838
0.71207803 0.071629152 1.3483135 4289634443
0.71196997 0.075831115 1.3481088 4289568649
-7.3201051 0.73768497 9.0791998 4283588204
-7.3804345 0.84264803 9.2981853 4284302614
-7.2914109 0.90436107 9.0436106 4281880424
-7.3303504 0.86578941 9.2350874 4284170774
-7.3094001 1.0199163 9.0659227 4281879909
-7.3537445 1.0422629 9.2645597 4280425494
-7.3442178 1.2760223 9.0739365 4282798432
-7.1035271 0.86920798 9.59126 4282071099
-7.0932817 0.95153773 9.2270327 4282398761
-6.6124024 0.87436724 8.7436724 4284438860
-6.8629332 0.71303201 9.5070934 4284114021
-6.8631492 0.71615469 9.5487289 4280425494
-6.9698992 0.90518171 9.6552715 4283913559
-6.8304582 0.89874446 9.5866079 4280952362
-6.0990496 1.0290577 8.0316706 4283383850
-5.4897761 0.83934593 7.2592082 4283843118
-5.9187231 1.022989 7.7942028 4283515434
-5.2770715 0.93766147 6.9779458 4283848278
-6.596766 0.80593967 9.551878 4282534742
-6.3976984 0.85895026 9.4780712 4282463010
-6.4879355 0.88471854 9.4369974 4281544496
-6.4067316 0.88572329 9.4477148 4282926662
-6.2893968 0.74518919 9.5384216 4285497219
-6.1364903 0.75202084 9.6258669 4283974946
-6.3237886 0.90772086 9.6823559 4283189831
-6.2158051 0.90521431 9.6556196 4280887332
-5.8357425 0.80802584 9.5766029 4286475292
-5.8000765 0.80722713 9.5671368 4287924336
-5.2742848 0.73169267 9.7559023 4283979866
-5.2206564 0.74580801 9.9441071 4285093947
-3.7581468 0.68329936 7.2885265 4284702039
-3.6698003 0.66933459 7.3857613 4285429133
-3.7900033 0.68464571 7.8245225 4286407203
-3.654943 0.68530184 7.309886 4284833877
-3.5158801 0.68938822 7.3534746 4285096274
-3.5970807 1.063288 7.2394075 4283383086
-3.5134273 1.0653619 7.2535276 4283250730
-4.1313472 0.79343754 8.7551727 4288781979
-4.1620841 0.82671535 9.1223764 4287139220
-3.484508 0.69228637 7.384388 4285162324
-3.433305 0.7054736 7.5250521 4284899411
-4.1662531 0.89497292 9.8755627 4288848030
-4.2074885 0.91742229 10.123281 4289637547
-3.2647064 0.72549027 7.7385631 4285293141
-3.2475395 0.72706109 7.7553182 4285227860
-3.3588231 1.0739094 7.3117237 4282396194
-3.3405032 1.0753675 7.321651 4282198562
-3.1530647 1.0743777 7.4739313 4283383090
-3.0551791 1.0894438 7.5787392 4283251502
-3.4693329 0.78976685 9.0259066 4286612886
-3.3316116 0.73732388 8.7386532 4283452753
-3.1426046 0.73654795 7.8565116 4285227860
-2.9886694 0.74099243 7.9039192 4284110157
-3.0108216 0.77268875 8.5262203 4285952366
-2.907012 0.76639408 8.4567623 4285886572
-2.8920977 0.76781356 8.190011 4284175438
-2.8691292 0.80442876 8.5805731 4284633666
-3.0318158 1.0895588 7.5795393 4283119658
-2.8766806 1.1064155 7.8678441 4283777077
-2.8587146 1.1089841 7.8861089 4283514933
-2.8865223 1.2798731 8.7140293 4284700747
-3.1511414 0.95190728 10.503804 4285952360
-3.0302598 1.0416518 10.100866 4283979085
-2.9542148 0.86888677 11.12175 4291544760
-3.5838459 1.5296904 13.985741 4286150771
-3.0348628 1.1380736 10.116209 4284110415
-3.1447117 1.5227025 10.592713 4284833105
-3.6500859 1.5831697 14.07262 4285165175
-3.5201676 2.0425663 13.906835 4284375385
-4.2127023 1.6289114 17.974195 4288715145
-4.1238918 1.6382583 18.077333 4286741615
-4.2405901 1.696236 18.093185 4287926662
-4.6140642 2.0145917 20.795784 4287464045
-5.0625086 2.0250034 27.000046 4290952630
-4.5259514 2.3295341 21.298595 4286873718
-4.3596683 2.2746096 20.218752 4288125334
-2.7271323 1.6083088 11.188235 4280624675
-2.5499096 1.6195371 11.026636 4286416772
-4.4441347 2.8470237 22.220673 4287268993
-5.1109319 3.1325068 26.379004 4290689969
-4.0895371 2.7476578 20.447685 4287069546
-4.4537582 3.1607316 22.987139 4290690485
-4.7320628 2.1428208 28.570946 4289178512
-3.0249944 2.0166628 26.888838 4292467157
-2.8800023 2.8800023 26.33145 4286742650
-2.4211235 2.8361733 22.135986 4286282612
-1.8971828 2.5476456 17.345673 4287598441
-2.3089147 1.8471317 24.628424 4290756021
-1.8487718 1.7065586 22.754114 4291743176
-1.8498476 2.4190316 22.767355 4290295728
-0.75560224 1.2089636 16.119514 4289176476
-0.70248002 1.2544286 16.056686 4291084988
-1.0005132 1.5007699 16.008211 4288782747
-0.70488453 1.7622114 16.111647 4289703076
-1.8928648 2.5869153 20.190557 4288387211
-1.8224388 2.6635642 22.430016 4290032555
-1.8627369 2.9546862 20.554338 4288782489
-1.776613 2.8699136 21.866007 4288848025
-0.74703515 1.8924891 15.93675 4287531908
-0.69575024 1.9878578 15.902863 4289637026
-0.73979992 2.2687197 15.782398 4286939513
-0.68240654 2.242193 15.597864 4289308318
0.85086471 1.5244659 11.344863 4288782752
0.48506826 0.18478791 2.4638388 4288715669
0.48462805 0.23077528 2.4616029 4288781978
0.48297125 0.27598357 2.4531872 4288913565
0.48206696 0.32137796 2.4485941 4289966511
0.51254147 0.18359695 2.4479594 4291085507
0.51116431 0.22887954 2.4413819 4290888384
0.51027775 0.28179517 2.4371474 4288651418
0.51343954 0.32467496 2.4161859 4290757059
0.57952052 0.28642967 2.1315696 4289174672
0.5638417 0.15934658 1.9611887 4291852610
0.57390082 0.1434752 1.9130028 4287123009
0.56610513 0.20921275 1.9690613 4291656781
0.58026356 0.18355277 1.8947382 4286217580
0.58869225 0.13851582 1.8468776 4288555301
0.60931826 0.13666952 1.8222603 4287639606
0.58856785 0.17310819 1.8464874 4288617757
0.60953075 0.17089647 1.8228956 4287441712
0.56633794 0.22776635 1.9698712 4291983178
0.57979888 0.23426218 1.8740975 4291836991
0.59185159 0.2800158 2.0364785 4290163885
0.60675919 0.27579963 1.9612418 4289308844
0.59070408 0.23743987 1.8531892 4289602070
0.61268395 0.22904074 1.8323259 4287311664
0.60849512 0.2624881 1.9090043 4285487184
0.61480016 0.24132343 1.8386546 4287111972
0.62555891 0.18335347 1.7256798 4291414214
0.70983428 0.10920528 1.344065 4289964184
0.71094084 0.12964216 1.3382416 4289503113
0.71068394 0.15049778 1.3377581 4289305477
0.70970565 0.17533904 1.3359165 4289503890
0.71506178 0.19539478 1.3303475 4287465604
-7.1752768 1.6813354 7.5778499 4286675314
-7.1955161 1.6916611 7.6243882 4287465865
-7.241395 1.7668009 7.9630461 4286740848
-7.2434907 1.7857215 8.0483227 4283645990
-7.2311463 1.788348 8.293788 4285358936
-7.2331591 1.7952805 8.3259382 4283251491
-7.3505592 1.4190269 9.0817719 4281485149
-7.3700724 1.6219851 9.1058807 4281221723
-7.2938552 1.7756577 8.7416992 4285031784
-7.3420744 1.7654607 8.9674196 4281410842
-7.2842522 1.821063 8.6976147 4284240459
-7.3165183 1.8291296 8.8685074 4282996072
-7.3783617 1.7594554 9.0810604 4281483866
-7.4877152 1.9583256 9.2156496 4281874488
-7.3612051 2.098978 9.4601831 4282071090
-5.054347 1.0815886 6.65593 4284109125
-5.0252542 1.0888051 6.7003388 4283780416
-5.1327896 1.2777832 6.9303489 4284631846
-5.0278616 1.107834 6.8174396 4283381027
-5.0587983 1.1437284 7.0383282 4282986271
-5.1141844 1.2894738 6.9937563 4288320907
-5.0614295 1.2983668 7.0419888 4290361008
-5.096375 1.3762362 6.8811812 4285354274
-7.0535927 2.0357931 9.1754055 4281479726
-5.0658073 1.4748553 6.8399086 4285551394
-5.1115632 1.3106573 6.9901719 4292861647
-5.0017967 1.3601377 7.0200653 4288649097
-5.0900359 1.4234847 6.9017439 4286805341
-4.9437742 1.1476618 7.0625343 4282855199
-4.6374698 1.1103802 6.9670911 4284900187
-4.9392357 1.2789092 7.0560508 4285950303
-4.7900167 1.2802809 7.0636191 4284898639
-4.5538654 1.1219668 7.0397921 4284438605
-4.5077395 1.1269349 7.0709643 4284438603
-4.593307 1.2870136 7.1007648 4289176474
-4.5658178 1.2855215 7.0925326 4289636770
-4.922637 1.3405395 7.0323381 4288451718
-4.5854902 1.3512797 7.0886807 4289899680
-4.5589571 1.3499824 7.0818748 4290228647
-4.515687 1.5123291 6.8161311 4286938218
-4.4225245 1.1277437 7.0760393 4284109125
-4.3103352 1.1331294 7.1098313 4283053862
-4.4183793 1.2813299 7.0694065 4290163370
-4.298521 1.2851249 7.090344 4290163113
-4.1448703 1.1364968 7.13096 4282197789
-4.0596623 1.1375977 7.1378679 4282000918
-4.0756245 1.2694567 7.1267748 4284832587
-4.0511732 1.268774 7.122942 4284898637
-4.4084234 1.3445691 7.0534773 4290491821
-4.2769613 1.3517855 7.0913343 4290425768
-4.1377335 1.5543866 7.0056863 4288912010
-4.1061335 1.5507205 6.9891629 4288977804
-3.9477668 1.5571748 7.0182524 4288912009
-3.932946 1.1396605 7.1508107 4281868822
-3.6970184 1.1203086 7.1699753 4283123522
-3.8913887 1.2747653 7.1565766 4289044887
-3.8048816 1.2533728 7.1621299 4284172348
-3.5809734 1.1260923 7.2069907 4281480501
-3.5549209 1.124975 7.1998401 4279635200
-3.848763 1.3425916 7.1604891 4288253560
-3.7725189 1.3616784 7.1432309 4285360479
-3.7683671 1.538564 7.1353693 4284702037
-3.3696945 1.1461546 7.3353896 4280028429
-3.2507641 1.1527531 7.3776202 4280028429
-3.1320572 1.1368208 7.4241357 4281480498
-3.1187603 1.1404421 7.4477859 4279635200
-2.945262 1.1733158 7.6624703 4280423949
-2.8993726 1.159749 7.7316604 4281677106
-2.8492608 1.1892567 7.9283776 4280423949
-2.9222903 1.3233012 8.8220081 4285226321
-2.862695 1.9357269 8.7244034 4282397994
-2.9682686 1.4400511 9.4044151 4283646514
-3.1303575 1.6146055 10.544362 4284701519
-3.1138656 1.9338745 10.488811 4284898643
-3.4248738 2.0295548 13.530365 4285428598
-3.1043735 2.0382252 10.034339 4281214498
-3.1385975 2.0817227 10.248482 4282333741
-2.9303372 2.0005186 9.0164223 4284043327
-3.1680746 2.1336012 10.344733 4285492587
-2.6154847 1.6518853 11.012568 4286349426
-2.758745 1.9039227 12.433781 4284903015
-2.5961847 2.0423322 11.077055 4288388751
-2.5201623 1.8901218 11.200722 4285632169
-3.0157745 2.2389841 14.621937 4286082884
-2.8500597 2.3821394 13.612226 4287466889
-2.6185746 2.1706605 11.025577 4287401869
-2.5579367 2.1431363 11.061348 4284571995
-1.8803453 2.5787594 17.191729 4287730541
-1.6029093 2.5853374 16.54616 4287927954
-1.0445232 2.5366993 15.916545 4288519576
-0.94475114 2.5359111 15.911599 4288520093
-0.68336093 2.342952 15.619679 4289176733
0.26634619 2.1307695 10.653848 4289900718
0.52634549 2.1755614 11.228703 4288190614
0.77081913 2.1289289 11.745815 4285886311
0.93400019 2.0063708 11.069632 4287794304
1.098745 1.9914753 10.98745 4288846998
1.318246 1.9604685 10.816378 4288913300
0.72520179 2.2118654 11.603229 4287138183
0.95570385 2.1591828 11.32686 4287199330
1.1418415 2.1766353 11.418415 4287401613
1.208946 2.1689916 11.378316 4287598736
1.3458611 1.9514986 10.766889 4288913557
1.6044977 1.9800184 10.924239 4288914076
0.48286074 0.37555835 2.452626 4289769391
0.48296648 0.4293035 2.4531629 4289637805
1.4082485 2.147579 11.265988 4287730836
1.6300516 2.1615901 11.339489 4287137925
0.48338532 0.46036696 2.4552906 4289572011
0.48259529 0.50557601 2.4512777 4289440424
0.51458102 0.38593575 2.4215577 4289901231
0.51435852 0.40846118 2.4205108 4289703850
0.515104 0.46965367 2.4240189 4289243299
0.51760179 0.54043716 2.4357731 4287268476
0.59445691 0.33877653 2.0454431 4290229161
0.59663105 0.33285731 2.0097046 4287862938
0.59322488 0.37634695 2.0412037 4290623920
0.59616286 0.3702485 2.0081275 4286546303
0.59234422 0.39489615 2.0381737 4290558127
0.59829473 0.4050954 1.9943159 4289769391
0.59225422 0.42030945 2.037864 4290426540
0.59811068 0.42366171 1.9937022 4289506734
0.62669611 0.2571061 1.7140406 4290293398
0.63347697 0.25339079 1.6892719 4288258992
0.62753868 0.31376934 1.7017998 4290227607
0.63461471 0.34090874 1.6783199 4287796376
0.63494194 0.36732179 1.6791853 4287271838
0.71196496 0.21234043 1.3323321 4289042307
0.71071374 0.24521701 1.3299906 4288450426
0.71494013 0.19951817 1.3301212 4287465860
0.71429241 0.22425458 1.3289161 4287006083
0.71042949 0.26173717 1.3294587 4289308066
0.71027225 0.27414018 1.3291645 4289636518
0.71398461 0.26981977 1.3283434 4288910465
0.71362919 0.27383447 1.3276823 4288713599
-6.9323158 1.6725588 7.0423527 4285094220
-6.9856806 1.6900841 7.2110252 4285424215
-4.0297003 1.0584339 4.080709 4282656019
-3.9887187 1.0449679 4.0779233 4282984986
-7.1373382 1.7316822 7.4883552 4285555802
-7.2327423 1.7658535 7.7407279 4283711012
-3.721524 1.0160739 3.9173937 4284436778
-7.1654615 1.9758583 7.6177669 4286080319
-4.3146067 1.2190475 4.3830924 4284499242
-4.6590676 1.2816206 4.8249245 4285947164
-4.3485332 1.2424381 4.4175577 4285618752
-4.3451362 1.2454212 4.4281645 4286474306
-3.8891559 1.0606788 4.0406814 4284305186
-6.9296255 1.9274457 7.3426499 4285757301
-7.2378883 1.7725441 7.877974 4285160784
-7.2663398 1.8040568 8.0180302 4282005037
-7.095829 1.9791086 7.723351 4286413943
-7.1964393 2.01299 8.05196 4285821807
-7.431179 1.9040744 8.462553 4283583041
-7.5911493 1.966053 8.7380133 4283980123
-7.1504722 2.0246856 8.2012587 4286544246
-7.2189307 2.0401325 8.3697748 4285823095
-6.8503594 1.9506109 7.4308987 4287202428
-6.6622744 1.9364395 7.3769126 4287794825
-7.1917038 2.0394382 8.5871086 4285756532
-7.3849831 2.0655315 9.0543852 4284637277
-7.0497713 2.0216255 8.293848 4286610550
-7.4477911 2.1029058 9.3462477 4281219904
-7.1686926 2.0645835 9.1759272 4283255111
-5.5078783 1.7310474 7.1939635 4284708745
-5.0179791 1.5879681 6.7753305 4285880358
-5.1440496 1.7498201 6.7462945 4283324772
-5.0205064 1.6523186 6.7787428 4283643170
-4.9653473 1.6338962 6.7902184 4292199578
-4.8987174 1.6400055 6.8156071 4291545247
-4.9269199 1.6564643 6.7957516 4286146907
-4.8892035 1.6580778 6.8023705 4285094218
-5.1010237 1.8262924 6.7173972 4285947424
-5.1000204 1.8334783 6.7438288 4286084986
-5.0318213 1.8336298 6.8228083 4283189573
-4.8614659 1.8337109 6.8231101 4284834919
-4.6507192 1.6139482 6.7955713 4287267696
-4.5623102 1.6263793 6.7589784 4288517002
-4.6467862 1.6550198 6.7898245 4283776309
-4.5246234 1.6414913 6.7343235 4286015842
-4.4549799 1.6180824 6.7244983 4289043862
-4.3479257 1.6251953 6.7540588 4288978069
-4.4643884 1.6425579 6.7386994 4286213736
-4.3474832 1.6461344 6.7533717 4286147686
-4.7832656 1.8364322 6.8332367 4285690999
-4.6392984 1.838616 6.841362 4287137929
-4.5624003 1.8734496 7.0529861 4283650124
-4.3772273 1.8510662 6.96872 4286019709
-4.1637378 1.6227901 6.8328009 4284304702
-4.0893388 1.6443901 6.923748 4286608489
-4.2561769 1.659909 6.8098836 4283251502
-4.1372066 1.8168685 7.0047946 4282399549
-4.0701518 1.6453806 6.927918 4286674538
-3.9538963 1.6510776 6.9519057 4286674540
-4.0225916 1.8244543 7.0340405 4281871922
-3.8944561 1.8262141 7.0408249 4282004790
-4.3066802 1.8488274 6.9602914 4287598740
-4.1582308 1.8287508 6.9666696 4282860355
-4.0019255 1.8369496 6.9979029 4282992453
-3.9737306 1.8340294 6.9867787 4282795333
-3.8694541 1.6489151 7.0353713 4286279780
-3.7677143 1.60518 7.1341333 4283846998
-3.800633 1.8447516 7.1122952 4282267190
-3.7003922 1.8614094 7.176518 4282400316
-3.6746273 1.85972 7.1700048 4282399545
-3.4818294 1.8660786 7.2822576 4281873720
-3.8558865 1.8403095 7.0107026 4285756535
-3.7261291 1.8520405 7.0553923 4286020224
-3.6136012 1.8508688 7.0509291 4287203981
-3.476994 1.8485283 7.0420127 4287006858
-3.3999124 1.8710926 7.301825 4282005557
-3.2406838 1.8616693 7.3547435 4281676341
-3.1959977 1.8624159 7.3576927 4281741875
-3.0873196 1.8711029 7.4844112 4281544752
-3.3580432 1.8557608 7.0695648 4287926667
-3.170547 1.8494858 7.04566 4287860875
-2.8950174 1.905268 7.9179964 4281677112
-2.958976 1.885154 7.6360669 4282071093
-2.8949664 1.8975408 7.7847834 4282465340
-2.8569217 1.9128954 7.9496951 4282269246
-2.8630784 1.9717426 8.6432552 4284109116
-2.8374715 1.9079549 7.827508 4285952880
-2.9570975 2.0472214 9.0987616 4286742395
0.52317673 0.58383489 2.4263268 4289111456
0.52602065 0.5786227 2.4046659 4290031523
0.52325523 0.62942296 2.4266908 4288848540
0.52360237 0.63742894 2.4283009 4288914332
0.52205402 0.68093997 2.4211199 4288387472
0.52481824 0.71225327 2.399169 4289571229
0.59217387 0.45845717 2.0375874 4290294696
0.59721208 0.44790906 1.9907069 4289243563
0.59245217 0.49689537 2.0385451 4290163110
0.59403288 0.52451837 2.0222397 4289308057
0.59303939 0.55518579 2.0188575 4289439386
0.59273142 0.56750882 2.0178092 4289373593
0.634956 0.37782505 1.6792225 4286877083
0.71065295 0.29922229 1.3298768 4289834153
0.71102875 0.32848698 1.3305801 4289900203
0.71308863 0.31923154 1.3266765 4288648581
0.71266192 0.33147067 1.3258827 4289044637
0.70955503 0.36930054 1.3278222 4289900463
0.70966727 0.37350908 1.3280323 4289966256
0.7117523 0.36415231 1.3241903 4289505704
0.71268594 0.38723975 1.3182629 4288451717
0.75266272 0.39072654 1.3161315 4286083685
1.1931132 0.61600959 2.0749795 4285161553
-4.3916521 1.6538184 4.4472427 4287333479
0.51974338 0.76078379 2.4104042 4286940286
0.5234617 0.75528044 2.3929677 4289439642
0.51965028 0.76817864 2.4099722 4286677113
0.52267957 0.79895306 2.3893924 4288850344
0.5188424 0.82714003 2.4062257 4283321419
0.52274305 0.82145339 2.3896825 4290098870
0.51867074 0.85693425 2.4054296 4284769118
0.5245685 0.89176643 2.3980274 4288058765
0.59914607 0.5929693 1.9765644 4288848803
0.59385127 0.63760877 2.0003412 4287201129
0.59461343 0.70101798 2.0029085 4288715148
0.59473443 0.72620201 2.0033159 4288846991
0.631015 0.53026474 1.6968471 4290295734
0.63414317 0.53018528 1.6633264 4288980655
0.63092428 0.62566656 1.6824647 4289966510
0.71275198 0.40375549 1.3183852 4289044122
0.75272322 0.4154374 1.3162373 4286149481
0.71256864 0.43248382 1.318046 4289307811
0.75218248 0.42335954 1.3152918 4286149482
0.71078241 0.45605111 1.314742 4289044119
0.75044757 0.44288707 1.312258 4286215790
0.71422923 0.46794328 1.313525 4287992981
0.76211739 0.41833621 1.3254216 4285160777
0.75492322 0.43900427 1.31291 4285688415
1.5379565 0.93940037 2.660249 4284437307
0.79399174 0.50214612 1.3733912 4285030221
2.7052231 0.90174103 2.8570013 4280952348
2.7077374 0.920452 2.8596568 4281873706
2.6897626 1.0669391 2.8690801 4280032269
2.7146211 0.89003962 2.8481269 4280030733
2.7440472 0.89402831 2.8325648 4280030733
2.7052078 0.91656715 2.8475871 4281472512
2.7586215 0.90185702 2.8293552 4279637526
2.7458637 1.0017483 2.862138 4280423936
2.7442403 1.0157253 2.8511586 4280423936
-4.3298821 1.6716633 4.3846908 4286152326
-4.3432217 1.6598299 4.4262133 4286409788
0.51816493 0.90866601 2.4030838 4283058759
0.5235225 0.93486154 2.3932457 4288190352
0.51736933 0.9447614 2.399394 4283057989
0.52149379 0.97593844 2.3839717 4287861385
0.51582575 0.98679703 2.3922353 4282861381
0.5202049 1.0106838 2.3780794 4285492841
0.50012237 1.0674253 2.388644 4284635464
0.5236463 1.0546678 2.360096 4288651159
0.59057838 0.78108752 2.0320976 4289310132
0.59778994 0.77837235 1.9926332 4287797404
0.59784365 0.78466976 1.9928122 4289965479
0.60702074 0.76484615 1.9424664 4287135328
0.61874694 0.76467782 1.8679153 4286742645
0.59690887 0.85183871 1.9896963 4288254338
0.59718543 0.87089539 1.9906181 4288517768
0.63103831 0.64681423 1.6827687 4289900975
0.63683516 0.65236771 1.6568068 4288191391
0.63277417 0.71644676 1.6734524 4288979096
0.63304573 0.74291313 1.6741705 4289308063
0.63922161 0.70623678 1.6496042 4288585638
0.63940275 0.73737574 1.6500716 4288125344
0.71364307 0.51267463 1.3124471 4289044639
0.71543592 0.53146672 1.3082258 4287727739
0.71574336 0.54396498 1.3087878 4288255379
0.71634668 0.56898391 1.3098911 4287925380
1.0705609 0.71946299 1.8418252 4284107570
0.98016357 0.68506056 1.6863029 4283777826
0.75963366 0.54726297 1.3068966 4284832585
0.75795108 0.56235081 1.3040018 4284832589
2.451004 1.1020701 2.8212996 4280421632
2.4548054 1.1086218 2.8155475 4279635200
2.26404 1.2310179 2.7547255 4280689174
2.3296974 1.2384636 2.7713873 4280030733
2.4238183 1.2425351 2.8000791 4280030742
2.4727273 1.0735685 2.8159173 4279637517
2.4821227 1.0735824 2.7483711 4279045389
2.4593959 1.1155118 2.8107383 4279637526
2.4814372 1.0781416 2.7381375 4279045389
2.4867456 1.0608983 2.7158997 4280030733
2.6721425 1.0724318 2.8598182 4279635213
2.4684031 1.0626684 2.6775897 4279637517
2.4645956 1.0633205 2.6376944 4280030733
2.4834821 1.1800944 2.8181357 4279635200
2.4934783 1.2290549 2.829479 4279631872
2.7182641 1.069481 2.8519492 4279042048
2.6096206 1.0388618 2.6594861 4280032278
2.4757783 1.0587209 2.6060824 4280690210
2.4916658 1.0529298 2.5720422 4281478694
2.4848704 1.0614979 2.5733285 4279637517
2.4895768 1.0566692 2.5616224 4280689186
2.6394625 1.1852363 2.689898 4278190080
0.49927726 1.1028812 2.3846078 4284767052
0.52342153 1.0837038 2.3590829 4288716953
0.49914736 1.1174941 2.3839874 4284832590
0.52231055 1.1181859 2.3540757 4288717212
0.49916321 1.1622307 2.384063 4285096275
0.52168983 1.1462481 2.3512781 4288848798
0.49862891 1.2205245 2.3815112 4285490780
0.51891202 1.2205396 2.3387585 4287726959
0.59718591 0.89577883 1.9906197 4288781197
0.60505188 0.92896855 1.9557233 4288388509
0.5970279 0.99094325 1.9695766 4287860094
0.59669626 1.0149987 1.9684824 4288583817
0.6077491 0.97847605 1.944797 4288584336
0.6080668 1.0154716 1.9458138 4288387733
0.63303649 0.75336581 1.6741462 4289505959
0.63312805 0.78486943 1.6743882 4289506218
0.63919997 0.74229676 1.6495483 4287994015
0.63912672 0.77313721 1.6493593 4287730840
0.63554817 0.86476231 1.6670116 4289111202
0.64067686 0.85594428 1.6401328 4287862171
0.71557343 0.60108173 1.3084772 4287793278
0.7168538 0.61910105 1.3033706 4287663247
0.71481627 0.65389442 1.2996659 4287924865
0.71493334 0.65806365 1.2998788 4287859329
0.71846336 0.67002761 1.2916195 4286543203
0.77846891 0.62027735 1.3321393 4284502594
0.76019728 0.60978389 1.3008723 4284437057
0.75641674 0.63102144 1.294403 4284898129
0.75634772 0.65523165 1.2942848 4285030225
2.1569371 1.2804129 2.7498801 4280030720
2.1730406 1.2934765 2.7594166 4279637517
2.0462744 1.4120985 2.7058175 4281214498
2.2026565 1.3647833 2.764118 4280423936
2.0908508 1.4136522 2.7087946 4280425494
2.1906731 1.4003127 2.7490799 4280421632
2.1947086 1.2456454 2.7116091 4280032278
2.2449253 1.2338521 2.7418935 4280030720
2.2011738 1.3241436 2.7514672 4278190080
2.1768513 1.2415502 2.6486404 4279045389
2.2993493 1.2354711 2.7454915 4279045376
2.3366973 1.2276127 2.7092144 4279635213
2.1740177 1.2308776 2.557668 4280032278
2.1852434 1.2282025 2.552109 4281214498
2.1972249 1.3732655 2.746531 4278190080
2.1791005 1.3959862 2.7238755 4279042048
2.1985445 1.2784129 2.6056824 4279045389
2.1905336 1.2248145 2.51244 4280690210
2.2427485 1.3390769 2.6288626 4278193421
2.2838511 1.3453959 2.6575723 4279045389
2.4620519 1.2483643 2.774143 4279045389
2.3730068 1.2150447 2.6094921 4279635213
2.2506285 1.2137319 2.5721469 4280690214
2.3401072 1.2145885 2.5911222 4280032290
2.4214108 1.2230176 2.626615 4279045389
2.4559703 1.2279851 2.6372836 4278190080
2.4229264 1.2237003 2.6105607 4279637526
2.430788 1.223551 2.6102421 4279637526
2.1897779 1.2234702 2.4936972 4280425494
2.2064519 1.221565 2.44313 4280425494
2.2523685 1.2985184 2.5649748 4279635213
2.2144248 1.2599314 2.4435034 4279635213
2.2140396 1.2207547 2.4263449 4280690210
2.2182393 1.222295 2.4144101 4280689186
2.2228789 1.219238 2.3790009 4280425494
2.4928977 1.2301555 2.606952 4279045376
2.4948664 1.2315423 2.5425389 4279637517
2.4771681 1.230695 2.5245025 4280427036
2.2310681 1.2182807 2.3484929 4280425494
2.2485411 1.2113109 2.3210747 4281477670
0.50139737 1.275614 2.3595171 4284503620
0.51882476 1.2276417 2.3383651 4285624942
0.49958521 1.3003908 2.3509891 4284700743
0.51911509 1.2868207 2.3396738 4281939767
0.49898642 1.3208464 2.3481715 4284898125
0.51204991 1.3313297 2.3407996 4288783783
0.50525922 1.3620031 2.3432312 4283650641
0.51219708 1.3609807 2.3414724 4290033853
0.55035913 1.2977604 2.1742582 4288980128
0.59705174 1.0340691 1.9696553 4288715404
0.59846193 1.0735296 1.9743074 4289044627
0.6079514 1.0395968 1.9454445 4288585886
0.60786378 1.057683 1.9451641 4288914596
0.60158288 1.1356411 1.9643521 4287464302
0.60220253 1.1736804 1.9663756 4288781197
0.60712659 1.0928278 1.9428051 4288257436
0.60754102 1.1604035 1.9441314 4284835419
0.63539332 0.88017595 1.6666055 4289177252
0.63670444 0.90588027 1.6564668 4287661686
0.64063537 0.88151425 1.6400266 4287599252
0.64090335 0.89213753 1.6407126 4287401873
0.63629794 0.9466871 1.6554092 4288650392
0.63658488 0.96264058 1.6561558 4288781979
0.64312041 0.94426405 1.6333216 4287599513
0.63803887 0.97764027 1.646552 4287530623
0.71639025 0.67996359 1.2951688 4287004276
0.71824408 0.67789328 1.2912253 4286345568
0.71698606 0.72103679 1.2962459 4287596153
0.71746147 0.72149217 1.2898184 4286411362
0.71680194 0.73300087 1.2959131 4287595641
0.71790016 0.7380659 1.2906071 4286741893
0.71652615 0.75295973 1.2954146 4287794308
0.7163046 0.76861894 1.2877386 4287267190
0.755813 0.69550878 1.2864902 4284503623
1.5634325 1.4235464 2.6331494 4282398766
0.89963675 0.85203683 1.5231944 4282725666
1.5395513 1.4099048 2.5929284 4281476630
1.6639063 1.4238402 2.6490049 4282400059
1.6901643 1.4167554 2.6512382 4282201382
1.6606842 1.4107754 2.5797036 4280691246
0.85171461 0.81115687 1.4420565 4283318831
1.4629622 1.4013637 2.4639363 4280690214
0.75850141 0.74646175 1.2842352 4284175687
1.4087785 1.3865347 2.3726797 4283648320
1.5498145 1.4033145 2.4673662 4280691250
1.5575289 1.403318 2.4673724 4281216565
1.7553244 1.4092041 2.6371071 4280423949
1.7815984 1.4104321 2.6394053 4280951318
1.6854566 1.4099493 2.5930102 4280032284
1.7159786 1.4025578 2.5073659 4280030742
1.832412 1.4095477 2.6532662 4280687629
1.8773483 1.4121647 2.6581924 4280949773
1.7604246 1.4005156 2.503715 4280690214
1.7686068 1.4007992 2.5042219 4280427046
1.6340708 1.4017384 2.4782116 4280954414
1.703446 1.4000926 2.4890535 4280954418
1.7113928 1.4002304 2.4892986 4281217589
1.7554079 1.3981125 2.4855332 4282400056
1.9570696 1.413439 2.6763344 4280687629
2.0017428 1.412995 2.6914189 4280689174
1.848218 1.3939949 2.5060582 4281215530
1.9000601 1.3897134 2.5124762 4280952358
2.0651097 1.410319 2.6863217 4280028416
2.0937304 1.4068545 2.6481967 4279045389
1.9516833 1.390673 2.5284965 4280689186
2.0394523 1.3996241 2.5593128 4280032278
2.1487458 1.4101144 2.6859322 4279045376
2.1801183 1.4015048 2.6226988 4279045389
2.0658088 1.4012269 2.5622435 4280032284
2.1196542 1.4023569 2.579047 4280032278
2.1972635 1.4026811 2.5945547 4278193421
2.2235851 1.3958272 2.5968878 4278190080
2.1885228 1.4000108 2.5747325 4279637526
2.1945484 1.3965309 2.5536563 4280032284
2.1937175 1.3896146 2.4981835 4280689180
2.2348893 1.2580502 2.3680944 4279042048
2.1915915 1.3841631 2.4607344 4280425500
2.2058194 1.3795846 2.4256432 4279637526
2.2035031 1.3809625 2.4147978 4280427036
2.2224696 1.3797209 2.3865445 4280030733
2.2169406 1.3791002 2.3726456 4280690210
2.2401721 1.2550802 2.3350329 4279045376
2.250087 1.2149031 2.3004084 4280689186
0.50304449 1.3997761 2.3329601 4285557600
0.50962341 1.3978243 2.3297071 4288320643
0.5496338 1.3028357 2.1713927 4290230458
0.55533171 1.2980043 2.1410379 4289242009
0.56852913 1.2938939 2.0911417 4288848282
0.5797016 1.2689024 2.0611613 4288318835
0.60231495 1.1800457 1.9667428 4288912784
0.58339977 1.2872843 2.0292165 4288256149
0.60123438 1.214739 1.9632144 4289110678
0.60750914 1.1724926 1.9440292 4284440918
0.60707265 1.2020038 1.9426324 4284111954
0.58648062 1.2864735 2.0179977 4288255892
0.60253739 1.2720234 1.9475956 4283912771
0.60172856 1.2763939 1.9449811 4286415758
0.60871375 1.2596155 1.9285979 4286941058
0.61041743 1.2567418 1.915035 4288190619
0.61885542 1.2552255 1.8682427 4286937178
0.63849646 0.99378884 1.6477327 4288188536
0.6388436 1.0200889 1.6486286 4288254336
0.7168231 0.78972036 1.2959514 4287926671
0.71762931 0.79019856 1.2901201 4287399295
0.71971166 0.80816782 1.2866354 4286872949
0.72042286 0.83311474 1.2879068 4287069558
0.71999943 0.84871447 1.2871499 4287004022
0.75770527 0.76973236 1.2828872 4284635723
1.1925404 1.21137 2.0084891 4283516733
0.75490391 0.80283433 1.2781442 4284635725
0.80268061 0.85337627 1.3518832 4283977538
0.75263655 0.83228064 1.2743053 4284833621
0.75821012 0.83403122 1.2769855 4284175173
0.75215828 0.83573139 1.2734956 4284833621
0.75762016 0.83736962 1.2759918 4284306757
0.29300007 1.3856462 1.9533339 4288388513
0.29624063 1.3844717 1.9346328 4288651682
0.31293043 1.3841155 1.9257258 4288386962
0.30682102 1.3806945 1.8881292 4288059294
0.61505747 1.2711188 1.8744608 4288189839
0.62541616 1.2508323 1.836084 4287597963
0.62684447 1.2650861 1.8235475 4285166211
0.63288945 1.2488266 1.8082557 4288320399
0.63715827 1.2519602 1.7885145 4286345811
0.64202887 1.156671 1.6305494 4286740586
0.63467914 1.2583205 1.7660637 4285560969
0.640737 1.1943338 1.6402868 4288452755
0.6413219 1.2108157 1.6417841 4288453011
0.72008741 0.86893225 1.287307 4286937456
0.71998459 0.88798094 1.2799726 4286411369
0.72142786 0.93384826 1.2825384 4286674544
0.72052848 0.93668699 1.2809395 4286740341
0.77341878 0.88275021 1.2957802 4283845954
0.75853932 0.88165301 1.2708511 4283977536
0.75829214 0.90915662 1.2704371 4284175173
0.84964675 1.035507 1.416078 4283517243
-2.2282517 -1.8181913 2.4758351 4288125571
-2.2313228 -1.816375 2.5053449 4288322437
-2.2327354 -1.8160629 2.5157583 4288322694
-2.2515125 -1.8188375 2.5640001 4288454278
-2.2570357 -1.8186188 2.5980268 4288520073
-2.265033 -1.8103731 2.645294 4288717194
-2.2643747 -1.8065048 2.6639702 4288717195
-0.79020661 -1.8278517 2.5542033 4290299857
-0.7823056 -1.8280405 2.5544672 4290365651
-0.7338447 -1.8266351 2.5525033 4291482073
-0.80050009 -1.8251404 2.5616004 4289244848
-0.7800613 -1.8013786 2.5733981 4291083174
-0.80129337 -1.772558 2.5900393 4287928215
-0.75370783 -1.7586517 2.5934033 4290754719
-0.72660196 -1.8003582 2.5834737 4290886826
-0.69426256 -1.8163846 2.5833025 4289638568
-0.7349059 -1.7766956 2.5842845 4288784283
-0.69816822 -1.7616571 2.5978353 4292401366
0.51785249 -1.8494732 2.6303618 4288390831
0.50839514 -1.8418907 2.666991 4290229163
0.53805292 -1.8324989 2.4953177 4286216567
0.5432083 -1.8313881 2.483238 4283715398
0.53815073 -1.8250329 2.4957716 4286347894
0.54070252 -1.7688696 2.4717829 4284702035
0.53655577 -1.7729667 2.4883745 4287071619
0.54062665 -1.7608984 2.4714363 4284767828
0.54272991 -1.6740544 2.4461067 4283515438
0.57804656 -1.6580811 2.4338803 4286478963
0.64226955 -1.4653723 1.9954005 4283521385
0.63696396 -1.4694316 2.0181036 4285886566
0.64570564 -1.3907506 1.9867866 4285628305
0.63888425 -1.359195 2.0043428 4286280807
0.67646563 -1.2697593 1.7743361 4286740860
0.68223727 -1.2724266 1.732666 4285556063
0.68051779 -1.2684853 1.7421256 4285492565
0.67256415 -1.2666624 1.7935044 4287793021
0.67992032 -1.2501762 1.7546332 4286479996
0.72982097 -0.89333278 1.2761897 4290032305
0.73539484 -0.8996852 1.2517359 4289242521
0.73606122 -0.89707458 1.2267687 4289900463
0.74742556 -0.83047283 1.1554404 4289177522
0.73764932 -0.82087123 1.2105014 4289308594
0.74360168 -0.82499093 1.1838435 4288712554
0.74693358 -0.83073586 1.1659451 4289243315
0.74264371 -0.8243345 1.1882299 4289242800
0.75005037 -0.83142376 1.1321515 4288979886
0.75266469 -0.83004141 1.1254799 4286546279
0.74898326 -0.83062601 1.1358988 4288980143
0.81418526 -0.83188498 1.1327795 4286743181
0.81044102 -0.8284508 1.1526272 4287136910
0.8116411 -0.82959783 1.1492264 4287071633
0.80279988 -0.82499713 1.1838524 4285755736
0.79995364 -0.82259387 1.2074772 4285558605
0.8018471 -0.82058179 1.1990237 4288058272
0.80823815 -0.82636011 1.1598036 4287596426
0.81439781 -0.81439781 1.1430144 4287663254
0.80854785 -0.80854785 1.1707481 4287728791
0.81959885 -0.81614065 1.1066314 4287400082
0.82109851 -0.81419861 1.1039981 4285295698
0.81831205 -0.81482995 1.1142973 4287662994
0.9876138 -0.82843792 1.1576425 4285755753
1.0063078 -0.83556253 1.1625217 4281940255
0.99685478 -0.83257902 1.1947323 4285492581
1.0228486 -0.8504144 1.2540673 4281879896
2.3475144 -1.9150774 2.8240774 4281283619
1.0532944 -0.87450647 1.2437426 4281940255
2.3802743 -1.9366391 2.7300639 4281745189
2.3547359 -1.9170529 2.801173 4281349412
2.4624906 -1.9951566 2.8759015 4285426030
1.002491 -0.83245718 1.1335588 4281742879
2.5737007 -2.0928016 2.8497725 4284237591
2.4797988 -2.0186431 2.7843354 4281351463
2.3697624 -1.9306107 2.6514823 4281416998
2.6470082 -2.1393628 2.9008307 4287333240
2.2955956 -1.8692707 2.6235378 4281414175
-2.8153985 -1.7729881 2.8510363 4288384375
-2.7930079 -1.7700908 2.8463774 4287923298
-2.8082881 -1.7652096 2.852864 4289439904
-2.7987309 -1.7648048 2.8522098 4289374113
-2.6933923 -1.7749895 2.8258541 4287730568
-2.6367927 -1.775618 2.8409889 4287467653
-2.7279866 -1.7651678 2.8527963 4288714113
-2.654232 -1.7605512 2.8597786 4288846476
-2.6031566 -1.7768986 2.8430378 4287533447
-2.5491824 -1.7737319 2.8522322 4287598982
-2.6413343 -1.7638741 2.8651762 4288648061
-2.5654366 -1.7643001 2.8804901 4288387231
-2.5096076 -1.7772665 2.8579161 4287664518
-2.4853644 -1.7790918 2.860851 4287994003
-2.5491748 -1.7655061 2.8824589 4288516473
-2.4929042 -1.7676957 2.9008338 4289175183
-2.263618 -1.8025109 2.6828067 4290029709
-2.2641063 -1.795964 2.723737 4290360497
-2.2776628 -1.7914202 2.7297831 4287927690
-2.2721615 -1.7883552 2.7646072 4290360755
-2.2811229 -1.7829468 2.7967792 4288980111
-2.4577756 -1.7685102 2.9021707 4288779388
-2.4109313 -1.7649838 2.9113133 4289438613
-2.2821383 -1.7798917 2.8196306 4290161810
-2.3701274 -1.7661568 2.9283428 4289833887
-2.2539887 -1.7832763 2.8966925 4289574071
-2.2118855 -1.7840723 2.912771 4289309076
-2.1862357 -1.7837489 2.9271774 4288388756
-2.1567996 -1.7821013 2.924474 4288849311
-2.0803394 -1.7779114 2.9326372 4288520600
-2.010771 -1.7720493 2.938113 4288783515
-1.9551153 -1.7715365 2.9372625 4289310121
-1.937075 -1.771827 2.9377441 4289835423
-1.8935744 -1.7740768 2.9414747 4290429123
-0.8073678 -1.7615297 2.6096737 4292594855
-0.79871964 -1.7604433 2.6080642 4293057221
-0.72993958 -1.7518551 2.5953407 4291477651
-0.69871235 -1.7549055 2.59986 4291548124
0.49318081 -1.8256342 2.7687342 4290492851
0.50174546 -1.8368986 2.7213314 4290163627
0.49514827 -1.8242304 2.7797797 4290427059
0.50055826 -1.8123661 2.7617009 4289044631
0.50605047 -1.8111279 2.8409848 4290689713
0.54317391 -1.6524729 2.448108 4283713330
0.54443061 -1.6102877 2.4537716 4284438083
0.57965171 -1.6092962 2.4406388 4287202426
0.57826281 -1.5597879 2.4347908 4287400064
0.5483309 -1.5155256 2.437026 4284503360
0.54811203 -1.4996955 2.4360535 4284766788
0.57741326 -1.5119112 2.4312139 4286546304
0.57669318 -1.4644972 2.4281819 4287138439
0.64722246 -1.312937 1.9724876 4286678922
0.64592814 -1.2672495 1.9685429 4286613651
0.64838719 -1.2539564 1.9573953 4287667372
0.64087379 -1.2381929 1.9910641 4287664273
0.64769489 -1.2159555 1.9553053 4287402128
0.6408428 -1.2319114 1.9909679 4286081358
0.64708292 -1.2025975 1.9534578 4287599767
0.64713275 -1.2422639 1.8489509 4288057474
0.73118079 -0.81908226 1.2785674 4289769400
0.71776801 -0.81011248 1.3431916 4290822081
0.72388601 -0.81386054 1.3087205 4290690495
0.7265107 -0.81174386 1.2987901 4289571764
0.72055107 -0.80385178 1.3328112 4287465577
0.72750723 -0.79698825 1.3078781 4287597942
0.73509139 -0.82065761 1.2445992 4289572021
0.73685706 -0.82085115 1.2217319 4289308336
0.73278463 -0.81641769 1.2744081 4287334251
0.74152642 -0.80787355 1.2488866 4289176748
0.74113649 -0.81676263 1.2100188 4286019442
0.79259211 -0.81556576 1.2252631 4284769088
0.7476716 -0.7858181 1.2206883 4289702822
0.73610705 -0.80734318 1.2664207 4287597944
0.747455 -0.78195298 1.2265929 4290294961
0.7482022 -0.77492368 1.2215546 4290097841
0.7493819 -0.75318587 1.21727 4289768614
0.79701883 -0.81979072 1.2145048 4285493069
0.80446166 -0.80446166 1.1917951 4288320926
0.80017614 -0.80017614 1.219316 4287072660
2.3091302 -1.89331 2.8311176 4285487420
2.3201702 -1.895101 2.8337958 4285487937
-2.3617187 -1.7643969 2.9406614 4290032306
-2.3705983 -1.7591345 3.0102837 4289243815
-2.3722134 -1.7554381 3.0364332 4289046437
-2.2544603 -1.7740017 2.9566693 4289570716
-2.2277377 -1.7747952 2.9579918 4289437835
-2.3220658 -1.7557083 3.0205734 4289308820
-2.3399267 -1.7501104 3.0941179 4288585620
-2.1482303 -1.7685862 2.9630764 4289833371
-2.1289182 -1.7679278 2.9619732 4289701009
-2.3742239 -1.7443278 3.101027 4288520096
-2.3416913 -1.7489809 3.1092994 4289506198
-2.3508286 -1.7332382 3.1875644 4288717205
-2.0344639 -1.7650601 2.9727325 4289567612
-2.0240979 -1.764122 2.9711528 4290029457
-1.9324644 -1.764424 2.9873846 4290358677
-1.9236778 -1.7649276 2.9882374 4290490006
-1.8492537 -1.7647699 3.0038638 4290291583
-1.8028778 -1.7749983 2.973819 4289309862
-1.7376137 -1.7563988 3.0056021 4291148191
-1.694092 -1.7685575 2.9786234 4290165689
-1.7349745 -1.7538328 3.0173469 4292071885
-1.6712391 -1.7562174 3.0214493 4291741626
-1.6429205 -1.7642727 2.9871283 4290033842
-1.5719515 -1.7684454 2.9941933 4291085751
-1.6440722 -1.7574564 3.023581 4291146894
-1.5815454 -1.7625656 3.0487621 4291348158
-1.54581 -1.7720261 3.0162146 4290231479
-1.5639677 -1.7642319 3.0516443 4291541651
0.54780883 -1.4608237 2.434706 4285424464
0.54729259 -1.4138391 2.4324114 4286017374
0.57665855 -1.4568217 2.428036 4287138439
0.57658029 -1.380758 2.4277065 4286019441
0.55161136 -1.322356 2.4180224 4285950809
0.55059052 -1.2746547 2.4135475 4286543205
0.57667387 -1.3658066 2.4281006 4285624684
0.58092964 -1.2901164 2.414253 4287993749
0.6413362 -1.1531718 1.9733422 4287004012
0.64635533 -1.1646591 1.9512614 4287271840
0.64182532 -1.1355371 1.9748472 4287530357
0.64812863 -1.0963671 1.9383285 4288060061
0.64215964 -1.1114302 1.9758759 4288649614
0.64745867 -1.0589278 1.9363251 4287995561
0.64354885 -1.0358073 1.9612918 4287529582
0.64714944 -1.0463257 1.9354001 4287206047
0.70782584 -0.80576402 1.4245552 4291217095
0.70888186 -0.79804933 1.4266804 4289834675
0.69710618 -0.79067743 1.4971408 4290164412
0.70224631 -0.79344714 1.4592131 4290164157
0.71332407 -0.80843401 1.3834164 4290953924
0.71601367 -0.80176383 1.3720022 4287531367
0.71318561 -0.80069304 1.4001189 4287596904
0.71514934 -0.80131197 1.3786012 4287465835
0.72003055 -0.80375499 1.3395917 4287334766
0.70988578 -0.79862154 1.4197716 4288778606
0.74898899 -0.71494401 1.2104872 4290162859
0.75079322 -0.6866551 1.2073057 4289832343
0.75046384 -0.67881149 1.206776 4290358940
0.74965328 -0.64095354 1.1994452 4289833371
-3.4500828 -1.6867071 3.5048461 4292929005
-3.4535542 -1.6771253 3.5307901 4293060336
-3.6254928 -1.6635964 3.671385 4293323503
-3.6015124 -1.663119 3.6703312 4293323503
-3.4482923 -1.6681674 3.5826411 4293121959
-2.383374 -1.7054365 3.3896875 4288914328
-2.3884711 -1.7060509 3.4121017 4289703322
0.54956234 -1.2346332 2.4090405 4287069808
0.54910171 -1.2185545 2.4070213 4287398775
0.57968545 -1.2572399 2.4090824 4288125338
0.57534254 -1.1955169 2.3910339 4288717728
0.55333507 -1.1440576 2.3928003 4287003242
0.55331755 -1.1215897 2.3927245 4287332464
0.57731992 -1.1250336 2.3684919 4289309350
0.57634503 -1.1083558 2.3644924 4289441454
0.64345014 -1.0233922 1.960991 4288385923
0.64945757 -0.98019993 1.9243188 4289376181
0.64371151 -0.99315488 1.9617875 4289571232
0.64933306 -0.96197492 1.9239497 4289508282
0.64276487 -0.95496494 1.9589025 4290229163
0.64395297 -0.91732913 1.9440088 4288977801
0.64339125 -0.91913044 1.9608115 4290689970
0.64904648 -0.86341047 1.9054575 4290494662
0.67731929 -0.76261133 1.6054976 4291676870
0.67722028 -0.75246698 1.6052629 4291677129
0.69151276 -0.78689384 1.5260972 4290558656
0.68316489 -0.77654713 1.5727537 4289041264
0.68718576 -0.7791332 1.5485877 4287727977
0.69594431 -0.77118146 1.5047444 4290098618
0.69600159 -0.76183957 1.5048683 4291151815
0.68527955 -0.75818169 1.5552444 4290361533
0.68697435 -0.75470418 1.5481112 4291216837
0.6780234 -0.74781996 1.5953492 4289568386
0.74931794 -0.62942708 1.1989087 4290163114
0.75198615 -0.60680073 1.1912652 4287926409
0.7508899 -0.59398752 1.1954466 4290162858
0.75128525 -0.58763897 1.1901549 4289568647
0.75089395 -0.58278334 1.195453 4290228654
0.75206345 -0.56218606 1.1913877 4289833116
0.74983805 -0.55585015 1.1937721 4290821564
0.75208777 -0.55848104 1.1914262 4290029445
-3.6446438 -1.6608503 3.6907785 4289703847
-3.6229668 -1.6614879 3.6921954 4289704361
-3.5305367 -1.6506405 3.6680901 4292007639
-3.0847039 -1.6019278 4.2365031 4290164144
-3.0494757 -1.6042894 4.2427487 4290295472
-1.4369199 -1.6644323 3.8317866 4293783277
-1.4441702 -1.6607958 3.8511207 4293451978
-1.4362799 -1.6467692 3.9621513 4294309365
-1.4428837 -1.6419022 3.9803691 4294309365
0.55379683 -1.0701749 2.3947971 4288056959
0.55366606 -1.0325124 2.3942316 4289242012
0.57279241 -1.0207454 2.3499174 4288915107
0.57206142 -0.9901064 2.3469188 4287335304
0.55611169 -0.94909734 2.3727434 4288056445
0.5560838 -0.91197741 2.3726242 4288649355
0.57679582 -0.92725402 2.3363881 4291283400
0.5762223 -0.88986236 2.3340652 4291612109
0.64843071 -0.85664243 1.9036498 4290560712
0.64398909 -0.80649102 1.9259486 4290096285
0.64881563 -0.76678216 1.8874637 4291415505
0.64380705 -0.74804246 1.9620786 4291545804
0.65142632 -0.72841305 1.8950584 4287599513
0.6529544 -0.77573216 1.7858582 4289768352
0.67330205 -0.76712286 1.7660382 4288384862
0.65220964 -0.75254965 1.7838213 4290425767
0.67584687 -0.75277251 1.7583008 4288913303
0.67025292 -0.74532127 1.7158475 4288979097
0.67699873 -0.72213191 1.6047376 4292006350
0.67432433 -0.7504577 1.7401918 4289176736
0.6543116 -0.75362676 1.8694618 4290096536
0.66433191 -0.7307651 1.7715517 4289967798
0.65625727 -0.73828948 1.8750209 4288914080
0.65246063 -0.67457795 1.7693847 4290097316
0.6779362 -0.7178148 1.595144 4290028417
0.74910659 -0.53667343 1.1926075 4291018431
0.75163406 -0.52947623 1.1848419 4289964441
0.75300658 -0.51189607 1.1870054 4290360750
0.75269318 -0.48703676 1.1806952 4289832600
0.75285876 -0.44437027 1.1751941 4289898904
-3.0960803 -1.5880758 4.2704558 4285231468
-3.0611463 -1.5847527 4.3343663 4282799972
-3.1567683 -1.5442201 4.3730125 4283793571
-3.1745675 -1.5320739 4.4167895 4287068766
-3.0378029 -1.5867095 4.3397183 4286805039
-3.0800545 -1.5675278 4.4000778 4289768610
-0.14805767 -1.5546055 4.7378454 4285955194
-0.13584296 -1.5395536 4.8299723 4289504395
-0.045098171 -1.5483706 4.8104715 4288449642
-0.029923543 -1.5560243 4.7877669 4289505430
-0.060317885 -1.5381061 4.8254309 4288910967
0.55513728 -0.88821965 2.3685856 4289110164
0.55538893 -0.84419119 2.3696594 4290031786
0.57465798 -0.83652747 2.3277285 4289244851
0.57468724 -0.82929552 2.327847 4288585629
0.55615699 -0.80086601 2.3729365 4291348165
0.55576187 -0.73360568 2.3712506 4291743437
0.57905066 -0.78171837 2.3162026 4292072660
0.577878 -0.73679447 2.311512 4292138711
0.58494133 -0.69907624 2.2826979 4292072403
0.63044465 -0.73233473 2.037801 4289832311
0.62861609 -0.73124731 2.052624 4290226813
0.64232588 -0.74114525 1.9763874 4288713835
0.65310389 -0.6766392 1.882822 4291547346
0.63415009 -0.7157734 2.0091884 4290492077
0.65289199 -0.67053777 1.8822112 4291744726
0.6067012 -0.68850356 2.1813974 4292203729
0.65253663 -0.63490051 1.8811867 4291810780
0.64997733 -0.57842022 1.9081904 4292202953
0.64971483 -0.66637421 1.7769979 4292269780
0.65152752 -0.64600617 1.7668544 4291149746
0.65556842 -0.60047865 1.7628731 4289900196
0.65338832 -0.6008839 1.8668238 4292007125
0.65413767 -0.58267725 1.7590257 4290360232
0.65272731 -0.56530845 1.8649352 4292007641
0.65486199 -0.55030417 1.7609733 4291478712
0.75300038 -0.4407807 1.1754152 4290096285
0.75414181 -0.40635794 1.1714824 4289898647
0.75419366 -0.39540252 1.171563 4290426543
0.75450748 -0.36449638 1.1663884 4290096545
0.75380975 -0.37328079 1.1597073 4287729806
0.7544269 -0.3518241 1.1606568 4290029456
-4.6410761 -1.4253494 5.5623388 4292661938
-4.5878029 -1.4249994 5.5609732 4292662199
-4.8334966 -1.3939297 5.7929544 4293583543
-4.8433361 -1.3890322 5.848557 4293649338
-4.4550638 -1.42146 5.5471611 4291481022
-4.4369483 -1.4149324 5.5898561 4293123270
-4.8440776 -1.3653193 5.984961 4293649340
-3.9330134 -1.4409748 5.4248462 4289441713
-3.936645 -1.4548471 5.4770713 4290294961
-4.3038321 -1.4113781 5.5758152 4292727995
-4.1165781 -1.4069318 5.558249 4292925635
-3.4250464 -1.1563191 4.6838245 4288522345
-3.1816218 -1.1114836 4.4459343 4287396160
-3.569685 -1.1898949 4.8816204 4290495691
-3.2229545 -1.0790509 4.5433722 4292332400
-3.300365 -1.4668289 5.1020136 4283914842
-3.2798867 -1.4719491 5.119823 4283783256
-3.4047058 -1.4474112 5.2633133 4285224227
-3.3097496 -1.4091014 5.2431679 4285763491
-3.9296901 -1.4289782 5.7159128 4292859581
-3.8806453 -1.42409 5.6963601 4291808190
-3.2433543 -1.0617259 4.6541409 4286675802
-3.8378181 -1.4053981 5.7657361 4293455089
-3.7887452 -1.4118437 5.7188606 4290756772
-3.4758186 -1.386903 5.4791231 4286881713
-3.8623283 -1.3807356 5.9707489 4293520625
-3.4065132 -1.2417831 5.369873 4287077803
-3.1811459 -1.4769605 5.1937075 4287599507
-3.157001 -1.4808613 5.2074242 4288324003
-3.2199085 -1.3915184 5.1777425 4284827405
-3.1974273 -1.4578943 5.301434 4287459356
-3.2072444 -1.3310065 5.1315913 4286669325
-3.3040433 -1.4380291 5.4782062 4290163627
-3.2077641 -1.2029115 5.1324224 4288183324
-1.7821844 -1.3989189 6.1322474 4293914086
-1.6506958 -1.4040401 6.0715251 4292859316
-1.5933526 -1.4036678 6.0699148 4292925373
-1.5203456 -1.4063196 6.0813823 4292991426
-1.3262466 -1.4031305 6.1507092 4293386444
-1.2892411 -1.4046954 6.1575689 4292925367
-1.1837064 -1.4128108 6.1094522 4291545539
-1.0190804 -1.4036391 6.1529384 4293123015
-0.96246874 -1.4052043 6.1597996 4293189064
0.55514705 -0.70318633 2.3686275 4291875024
0.55420381 -0.66504455 2.3646028 4292203988
0.57992446 -0.65867966 2.2910597 4292204503
0.58405554 -0.66952717 2.2792413 4292072144
0.57921273 -0.60781586 2.2882478 4292204246
0.58393389 -0.63378191 2.2787664 4292927453
0.57890451 -0.60034537 2.28703 4292204247
0.578803 -0.52163732 2.2866292 4290625214
0.582506 -0.51857239 2.2731941 4292993245
0.64994478 -0.5554074 1.8907485 4289170771
0.64944237 -0.53136194 1.889287 4290026858
0.65086472 -0.49110699 1.8934245 4291807676
0.65194094 -0.44050059 1.8794693 4289894751
0.65267628 -0.55943686 1.8647895 4292073434
0.66713631 -0.50855476 1.7498658 4288914594
0.65199471 -0.52392435 1.8628421 4291416279
0.65698487 -0.49273863 1.7519596 4290425767
0.65141249 -0.4554123 1.844708 4292007642
0.66649473 -0.42807382 1.7339699 4289704369
0.65133584 -0.43806657 1.8444908 4292402143
0.66067213 -0.39858732 1.7472321 4290688938
0.67110223 -0.42755708 1.7318767 4292073433
0.67151517 -0.4115738 1.7329423 4292073433
0.75554901 -0.35039955 1.1679984 4290623928
0.75483674 -0.32818991 1.1668974 4290953409
0.75532985 -0.30286172 1.1676596 4291281858
0.75460291 -0.33739457 1.1609275 4290160270
0.7551983 -0.32676849 1.1618435 4290359458
0.79808885 -0.33374625 1.1608565 4288389027
0.81345558 -0.32390991 1.1778542 4288456366
0.75732607 -0.28988558 1.1595423 4290096543
0.75881964 -0.27956513 1.1618291 4290426291
0.91162616 -0.32851392 1.3140557 4288588210
0.82915127 -0.28758851 1.195173 4288588466
-7.0145736 -1.2208909 7.1033654 4286873719
-6.9113555 -1.2325985 7.0434198 4287268478
-7.1027703 -1.1950693 7.2155128 4283909673
-7.0928168 -1.1971953 7.2283487 4285226313
-6.7974176 -1.2138245 7.062252 4287531649
-7.1051493 -1.1490175 7.5037875 4285160775
-7.0929208 -1.1508381 7.5156779 4285820772
-4.8664293 -1.3496739 6.0830369 4293649341
-4.8762865 -1.3263499 6.2416463 4293649342
-4.9415884 -1.3098186 6.350636 4290295987
-4.8813486 -1.3187515 6.2985144 4293649598
-4.8939657 -1.2983992 6.3921189 4293649342
-4.8303885 -1.2881037 6.4405184 4292927971
-3.4218469 -1.0573947 4.699532 4290495152
-3.14343 -0.93751419 4.4118314 4280953394
-3.1920762 -0.90809059 4.4028635 4288653228
-3.1291616 -0.84351313 4.3536162 4282203451
-3.1817071 -0.77132297 4.4075599 4286553006
-3.1322875 -0.74902529 4.3579655 4282729284
-3.2193413 -0.75257325 4.4596934 4285499030
-3.1378522 -0.66849893 4.3657074 4285631131
-3.241343 -1.022045 4.6722059 4286675803
-3.3127964 -0.98934191 4.7968092 4286675803
-4.4954157 -1.2578915 6.5987754 4291412401
-3.3466148 -1.170491 5.2754521 4283389015
-4.3018141 -1.2884661 6.6501474 4291018422
-3.2508655 -1.0189281 5.1755075 4285228092
-3.4548059 -0.94652212 5.0481181 4289169442
-3.5601933 -0.92301303 5.2743602 4288248348
-3.3107305 -0.80122697 4.8375969 4279047702
-3.4581981 -0.79183042 5.1711373 4284105498
-3.4318707 -0.91184968 5.3053074 4286225333
-3.3488445 -0.91480637 5.2274647 4281877840
-3.3905888 -0.88450146 5.2414899 4281745998
-3.2951083 -0.83177501 5.1186152 4285687126
-3.1751931 -1.1430695 5.0803089 4285028633
-3.3613782 -1.0420272 5.3782048 4291080836
-3.3906436 -1.0171931 5.4250298 4290355826
-3.6398709 -0.94636643 5.8237934 4290492591
-3.8689983 -1.1446741 7.3259139 4288650123
-3.4714775 -1.2008256 6.9866214 4289900456
-3.44981 -1.2008833 6.9869571 4290032042
-3.5064712 -1.1908771 7.0570493 4289176471
-3.4605892 -1.1902664 7.0534301 4289044368
-3.2602754 -1.1954342 6.9552536 4290624694
-3.2654252 -1.1773301 7.1084085 4288715661
-3.2410216 -1.1765354 7.1036096 4288846733
-1.8283819 -1.3565414 6.2912068 4293914603
-1.8639286 -1.322788 6.4135175 4292926141
-1.8323408 -1.3543389 6.3733592 4294309365
-1.8585594 -1.3333143 6.4645543 4293980396
-1.3369516 -1.39508 6.2003555 4294309365
-1.281106 -1.3975701 6.2114229 4294309364
-1.1844587 -1.3980496 6.2135539 4294309365
-1.0087776 -1.396769 6.2078624 4294243572
-0.91373503 -1.3706025 6.3564177 4294309622
-0.91630477 -1.3439138 6.5159454 4294112244
-0.84141397 -1.3003671 6.1193743 4290559155
-0.84583819 -1.2687572 6.1515503 4290690740
-0.99181855 -1.2936764 6.8996072 4294112244
1.102325 -1.3184671 6.9165487 4292597181
1.1463447 -1.3374021 6.7931538 4294111985
1.2168242 -1.3846619 6.7135124 4294309366
1.0938618 -1.3126341 7.0007153 4292597181
0.57897758 -0.51464677 2.2873189 4290033851
0.58387852 -0.47707146 2.2785504 4292270297
0.57971001 -0.47235632 2.2902124 4286545529
0.58364809 -0.45553023 2.2776511 4292270296
0.57867324 -0.42864686 2.2861166 4286940031
0.58306164 -0.41951996 2.2753625 4292204503
0.57736909 -0.38491273 2.2809644 4287269254
0.58062488 -0.35403955 2.2658532 4290362557
0.65213829 -0.39363301 1.8800383 4291807160
0.65260637 -0.38215688 1.8813877 4292136644
0.65273118 -0.35282764 1.8817475 4292795607
0.65329379 -0.31781861 1.8833696 4292927194
0.65610498 -0.38560554 1.8416982 4292270555
0.66037726 -0.37657875 1.7464522 4291347384
0.65656048 -0.36859536 1.8429768 4292073434
0.65915865 -0.3486459 1.7432295 4292071111
0.6732012 -0.36374584 1.7372935 4291217609
0.67191219 -0.34137473 1.7339669 4289769906
0.6564967 -0.34552458 1.8427978 4292402656
0.66023165 -0.30846888 1.7317551 4290623402
0.65394413 -0.28610057 1.8684119 4292004798
0.66222364 -0.26381266 1.7228582 4289505441
0.66955853 -0.31858027 1.727893 4289046182
0.68009591 -0.27846447 1.7136275 4291676090
0.68638921 -0.26927575 1.6895734 4288388513
0.75791019 -0.24541855 1.1549108 4290427058
0.75773573 -0.22983453 1.1491727 4289832334
0.8443467 -0.25368264 1.2116185 4288719797
1.1328928 -0.30851099 1.6184183 4288720054
0.75779027 -0.21548538 1.1492554 4290227874
0.75802982 -0.17878062 1.1441959 4289832859
0.82833415 -0.21078146 1.1833345 4288720054
1.3853089 -0.3078464 1.970217 4288983484
1.8037035 -0.39904946 2.5539165 4290362814
-6.8056579 -0.92902631 6.9136839 4284313225
-6.8126707 -0.93294537 6.9428492 4284832075
-6.7478118 -0.89970827 6.8549204 4287138186
-6.8763504 -0.92863894 7.0753441 4284700750
-7.0940795 -1.1238146 7.4920974 4282396196
-7.1291022 -1.1281744 7.6811876 4285687894
-6.8396177 -0.91046858 7.1060963 4284569161
-6.8443656 -0.88387507 7.2523084 4284503370
-7.1347113 -1.1125314 7.7393484 4284633915
-7.1621313 -1.0904284 7.930388 4285555533
-6.8886933 -0.86108667 7.4472356 4284699976
-7.2616987 -1.070145 8.1534863 4282858798
-7.1294355 -1.0794568 8.0331669 4286676342
-7.1874056 -1.0666821 8.1271019 4285885530
-7.245523 -1.0085343 8.4929209 4285028414
-6.8614793 -0.84304857 7.4937654 4284831563
-6.9772005 -0.8449896 7.7256193 4284897613
-7.0288606 -0.80329835 8.0329838 4285158723
-7.0047293 -0.78392279 8.0921059 4285884507
-6.9456697 -0.74417889 7.9379077 4287464308
-6.9607711 -0.76212823 8.1293678 4285884764
-7.3094931 -1.0016713 8.6631031 4285357381
-7.1873183 -0.99973983 8.6463985 4287400063
-7.3199396 -0.98695815 8.7729607 4285555273
-7.3185968 -0.97026843 8.871026 4285687377
-7.0312462 -0.73735917 8.4269619 4286147936
-7.1403594 -0.71130025 8.7544641 4285556058
-7.3293176 -0.93747091 9.0906267 4285885018
-7.3823118 -0.9045521 9.3373117 4284700221
-7.1820803 -0.69593799 8.9080067 4285358935
-7.4189887 -0.89027864 9.4963055 4284831810
-4.4515171 -0.92499053 6.1666036 4289177765
-3.1374669 -0.65477574 4.3651714 4285169807
-5.2639399 -0.95708001 7.292038 4287996071
-3.1712852 -0.55393624 4.4314899 4285367445
-7.038301 -0.93654805 9.0816784 4287663494
-7.0239677 -0.9072625 9.3652906 4287531650
-7.3791361 -0.86637622 9.5600138 4284832327
-7.3670721 -0.8253566 9.7820044 4284438091
-3.1098771 -0.46375361 4.3647399 4286026407
-7.3725152 -0.78098679 9.9966307 4284437829
-3.0802429 -0.40708056 4.3421926 4282928464
-3.4686847 -0.77440405 5.1626935 4284038942
-3.1442113 -0.58953959 4.4917302 4280427042
-3.7572567 -0.7165001 5.592196 4288708646
-4.75775 -1.0926889 7.2845931 4290097576
-3.2484386 -0.6141327 5.1716437 4289036831
-3.2151928 -0.45099989 4.6554828 4279045389
-4.3658962 -0.69364703 6.5284429 4289173359
-3.2700813 -0.4161922 4.7564821 4279637532
-3.3909779 -0.47537073 5.070621 4287067212
-3.4292228 -0.53379411 5.1761856 4288840500
-3.4972129 -0.4783923 5.2788119 4284250768
-4.6142516 -1.0843492 7.3828025 4289899422
-4.9657173 -0.99314344 7.945148 4289440673
-5.2781129 -0.94950181 8.9364872 4290888123
-5.3003626 -0.89787561 9.2683935 4292991415
-5.262084 -0.89628905 9.2520161 4293059041
-5.3828077 -0.88242739 9.4125595 4289704626
-5.201848 -0.88166916 9.4044704 4291150781
-4.3111734 -1.0326164 8.260931 4291874505
-4.2374759 -1.0064005 8.4749517 4293585121
-4.247015 -0.99455416 8.6015491 4293718002
-5.0695753 -0.89293653 9.2174091 4294112244
-4.7362132 -0.88447362 9.1300497 4294178036
-5.1221838 -0.87808865 9.3662786 4291216831
-4.940196 -0.87179929 9.2991924 4291413954
-4.565433 -0.88455266 9.1308661 4294112243
-4.5078282 -0.88444728 9.1297789 4294177780
-4.7631955 -0.87131625 9.2940397 4291545540
-4.5807877 -0.86976987 9.277545 4290558389
-4.3416867 -0.88547564 9.1403933 4293190884
-4.4174204 -0.87185925 9.2998323 4290229680
-3.3905227 -0.78484327 10.045994 4287400313
-2.4239721 -0.87263 10.342281 4291414210
-2.3485241 -0.88863075 10.15578 4292006092
-2.1402745 -0.88128948 10.07188 4291348418
0.6766941 -0.95352346 9.842823 4293980400
0.72290784 -0.89502877 11.015738 4291084988
0.88766098 -0.92180175 10.925058 4294177780
0.98140591 -0.95166636 9.5166636 4293716707
1.1345556 -0.95541525 9.5541525 4292926674
1.0765706 -0.90835649 10.765706 4294112244
1.3248332 -0.90646476 11.156489 4291611593
1.2127831 -0.97022647 9.7022648 4292926673
1.4252017 -0.99144459 9.9144459 4292860879
1.406656 -0.91432637 11.253248 4293059297
1.5788667 -0.92672616 10.983421 4293980397
0.56517065 -0.32193264 2.2892988 4289307807
0.58014035 -0.33959433 2.2639623 4289111716
0.56411332 -0.27848631 2.2850161 4289701786
0.58320987 -0.28809163 2.2485201 4292204504
0.56340551 -0.25674173 2.2821488 4289768096
0.58151197 -0.23820972 2.2419739 4292204504
0.56620854 -0.2123282 2.2648342 4287926669
0.58388829 -0.17377628 2.2243364 4292072918
0.62817794 -0.23477359 2.0304742 4290228384
0.65458876 -0.25357944 1.8871027 4288517759
0.64028001 -0.24626155 1.9700923 4291676605
0.64917976 -0.25245878 1.9234955 4291544504
0.61308277 -0.22413778 2.1095321 4290821038
0.6234287 -0.23137558 2.0566719 4290294435
0.60722637 -0.20018454 2.1353016 4291216835
0.63670832 -0.22253883 1.9781229 4290624184
0.65496337 -0.25730705 1.8713239 4290886051
0.66376793 -0.25313184 1.8000486 4288849324
0.65775603 -0.23450431 1.8302777 4290231230
0.66013008 -0.20394261 1.7174115 4291281074
0.67868829 -0.25651211 1.7100807 4290294701
0.67072284 -0.1969583 1.7034231 4291086280
0.65636265 -0.1800641 1.8587261 4292005055
0.66021866 -0.18786711 1.7176421 4291544509
0.65848815 -0.15894541 1.816519 4292138972
0.66172171 -0.16139553 1.7215524 4292071624
0.67016548 -0.17020077 1.7020077 4289835956
0.67008942 -0.15954509 1.7018144 4288585374
0.7567032 -0.15986687 1.136831 4289897354
0.75630814 -0.15196845 1.130928 4287532940
0.75685543 -0.14568579 1.1370598 4289833113
0.75608492 -0.13425806 1.1305943 4289898381
0.89855736 -0.18769865 1.2779483 4288785589
1.6442635 -0.32012209 2.3281608 4290362040
0.80127573 -0.14957146 1.1395922 4288719284
0.80979979 -0.13257785 1.1466192 4288457395
0.75824487 -0.12815405 1.1391472 4290427061
0.75834233 -0.10985333 1.1339698 4290029977
0.75981295 -0.10344871 1.1415031 4290821564
0.75917983 -0.10642709 1.1352222 4290161564
0.79814643 -0.12770343 1.1351416 4287465857
0.84995013 -0.11607249 1.1981676 4288062122
0.80588782 -0.09940467 1.1360533 4288391347
-7.103601 -0.62359858 8.6761541 4286804047
-7.2046232 -0.67808217 9.0410957 4285095249
-7.1669464 -0.65412605 9.1008844 4284766542
-7.2838416 -0.62432927 9.5135889 4284043592
-7.3693838 -0.60904002 9.7446404 4282265384
-7.0686455 -0.40724707 9.3085041 4283851123
-7.3863053 -0.51887268 9.7670155 4282266409
-7.3313394 -0.6834299 9.9407988 4285358675
-3.1083376 -0.29011151 4.4207468 4283393399
-7.2700882 -0.55449831 9.8577471 4285885792
-6.8534646 -0.54827714 9.7471495 4287203200
-7.1181231 -0.35151225 9.3736601 4283520092
-7.3412743 -0.36403012 9.7074699 4282200614
-7.1854577 -0.11779438 9.4235506 4284180345
-7.3295965 -0.091619954 9.7727957 4283518279
-3.2062507 -0.27195877 4.580358 4283656830
-3.5204518 -0.34226614 5.2154841 4283910978
-3.5390835 -0.2697956 5.0785055 4283853437
-3.3780937 -0.27892518 4.9586697 4284106535
-4.7605982 -0.49402434 7.1858082 4287663238
-3.6127784 -0.19706064 5.2549505 4284705131
-6.8426104 -0.38369775 10.23194 4287266928
-6.7378473 -0.062677644 10.028423 4286938220
-6.1239214 -0.64124829 10.259973 4287661944
-6.0712748 -0.44501489 10.171769 4288648840
-6.063117 -0.38092881 10.158102 4288912270
-6.0547485 -0.063070297 10.091248 4288582789
-5.3840771 -0.25486755 10.194702 4289570715
-5.4044156 -0.19074407 10.173018 4288649356
-4.3367534 -0.42072982 10.356426 4287729805
-4.4910312 -0.031851284 10.192411 4290033074
-4.334691 -0.22476175 10.274823 4289111975
-4.3035097 -0.22481021 10.277039 4287860876
-4.3797612 -0.095907174 10.230099 4288456109
-4.3017793 -0.19261697 10.272905 4287795339
-4.1671433 -0.62837875 10.58322 4287925634
-3.4872246 -0.66423327 10.627732 4287991942
-3.4888473 -0.59808809 10.632677 4287860099
-4.0383697 -0.032567497 10.421599 4289768614
-3.6877122 -0.22844236 10.443079 4287663754
-3.4438183 -0.29518443 10.495446 4288912788
-3.6831601 -0.19556603 10.430188 4287663753
-3.4242637 -0.16306019 10.435852 4289176217
-3.4894257 -0.6710434 10.736694 4288913560
-3.4859672 -0.60334051 10.726053 4288847509
-1.1865058 -0.35155728 14.062291 4293190625
-1.189275 -0.33299702 15.22272 4290098866
-1.3709508 -0.14688759 15.668009 4291348934
-1.3613861 -0.157083 16.755522 4291216834
1.2874053 -0.83507377 11.134316 4290295213
1.2788086 -0.60388184 11.367188 4288716697
1.022537 -0.28207919 11.283168 4289571490
1.2609057 -0.24517611 11.208051 4288979869
1.05703 -0.21140596 11.274985 4288321167
1.2635056 -0.21058425 11.23116 4288979612
1.439167 -0.84243929 11.232523 4290426799
1.7718887 -0.70875549 11.340088 4287137404
1.8411728 -0.70814335 11.330294 4287203197
1.8711525 -0.45046264 11.088311 4288848026
1.6695013 -0.27825022 11.130009 4288189067
1.6279119 -0.17318213 11.083656 4289899941
1.8782797 -0.34782958 11.130547 4288913819
1.8677835 -0.2075315 11.068347 4288913819
0.5650143 -0.14831625 2.2600572 4289110685
0.58465046 -0.16008286 2.2272398 4292204504
0.56531358 -0.12719555 2.2612543 4288978580
0.5844748 -0.12524459 2.2265706 4292138454
0.5649783 -0.084746741 2.2599132 4289373597
0.5848425 -0.048736874 2.2279713 4290230456
0.56896281 -0.042145394 2.2477543 4287795083
0.58504903 -0.034824349 2.2287583 4288914338
0.65859544 -0.13626114 1.816815 4291349711
0.66264051 -0.12929572 1.7239429 4292401109
0.65562904 -0.080515847 1.8403622 4291807418
0.6628232 -0.096998513 1.724418 4292467162
0.6626296 -0.11221953 1.7100118 4290689455
0.67179877 -0.084636062 1.6927212 4289770162
0.65840864 -0.056274243 1.8007758 4291810520
0.66133112 -0.039231509 1.7934403 4292861143
0.6561628 -0.011411527 1.8258443 4290488450
0.66207707 -0.0056108227 1.7954632 4291414989
0.66372478 -0.042478386 1.6991354 4290426024
0.67471993 -0.0052712495 1.6867998 4289441197
0.76020634 -0.078518964 1.142094 4291018167
0.75897115 -0.06707187 1.1296315 4289568132
0.75972641 -0.045724273 1.1255206 4289569159
0.96071053 -0.0884865 1.3483657 4288325554
0.82159662 -0.061259396 1.153118 4288192420
0.76024193 -0.031676747 1.1262844 4290030236
0.75983083 -0.0035015247 1.1204879 4289830789
0.85667306 -0.041150235 1.1970977 4288127919
1.2640753 -0.010991959 1.7587135 4287930538
-7.1155267 0.14521483 9.2937489 4284313220
-7.2914772 0 9.6816292 4282726434
-7.1129317 0.20322661 9.2903595 4283851379
-7.1765261 0.32620573 9.4896212 4285091618
-7.0507369 0.30522671 9.7672548 4284241484
-6.9976339 0.30557355 9.7783537 4284241484
-7.1158533 0.49174595 9.2563944 4283262332
-7.1836166 0.35621238 9.4989967 4285552162
-7.1058607 0.54882663 9.2433958 4283261561
-7.1790099 0.53397596 9.4929056 4286211650
-6.7958159 0.36244354 9.6651611 4284766276
-6.7032447 0.6852206 9.5335035 4286739801
-6.7234406 0.093815461 10.006982 4287398771
-6.5855951 0.33078331 9.6227875 4283652701
-6.4616861 0.29777354 9.5287533 4285227605
-6.1452489 0.29687193 9.4999018 4285424728
-6.1041598 0.29631844 9.4821901 4285424728
-6.6007209 0.36003932 9.6010485 4285300614
-6.4880614 0.50828135 9.5676489 4283645212
-6.5866585 0.68860519 9.5805941 4282863183
-6.4879341 0.53816962 9.5674601 4283381789
-6.341362 0.50850546 9.571867 4283389539
-6.0435872 0.35550514 9.4801369 4287918638
-6.3499632 0.5691005 9.5848503 4283191129
-5.9988341 0.68643373 9.5503826 4286286994
-6.0320921 0.094251439 10.053487 4288912269
-5.8920217 0.30061334 9.619627 4285227350
-5.7257419 0.30294931 9.6943779 4283252530
-5.7003617 0.30321074 9.7027435 4283253298
-5.3866291 0.30432934 9.7385387 4283779385
-6.0257025 0.36335897 9.6895723 4283848277
-5.8097191 0.51440221 9.6828651 4285555022
-6.033051 0.57313985 9.6528816 4285165680
-5.7722378 0.5742017 9.6707649 4283519837
-5.5309253 0.47835031 9.5670061 4286473259
-5.4474654 0.48154393 9.6308784 4287075482
-5.5150623 0.68565637 9.539567 4287590965
-5.4553328 0.54251927 9.6447868 4286811796
-5.3752451 0.095418558 10.177979 4289899683
-5.3562131 0.30433029 9.7385693 4283910458
-5.1120315 0.30428758 9.7372026 4286477673
-5.032342 0.2516171 10.064684 4287855171
-4.9966512 0.25299498 10.1198 4288782492
-5.3983183 0.52142847 9.8151236 4286411364
-5.0048866 0.36399174 9.7064466 4288576827
-5.0608921 0.60974604 9.7559366 4287195178
-5.0297689 0.46286219 9.8743935 4284242517
-4.9468818 0.5322594 10.019001 4285685826
-5.0441999 0.55702817 9.9027233 4284110417
-4.9432936 0.56316006 10.011734 4285554498
-4.4838543 0.031800386 10.176124 4288456623
-4.462184 0.25317356 10.126943 4288456365
-4.4496217 0 10.170564 4286480768
-4.3512564 0.34434405 10.017282 4288390572
-4.7849827 0.48170966 10.276473 4288715406
-4.7503409 0.6695112 10.202075 4288517513
-4.3235855 0.37596396 10.025705 4288325292
-4.2626371 0.59992677 10.10403 4287466375
-3.9682622 0.16131146 10.323934 4287727217
-3.9507725 0.12953353 10.362682 4289966250
-3.9651947 0.19342414 10.315953 4287727214
-3.9372017 0.19363287 10.327086 4290031786
-3.6901774 0.097109929 10.358393 4288980388
-3.437161 0.065469727 10.475157 4289439646
-3.6915278 0.22667277 10.362184 4288651165
-3.4548519 0.22815061 10.429742 4288386187
-4.0226874 0.38311309 10.21635 4289308318
-4.0251331 0.57049131 10.142068 4288913043
-3.8955173 0.73440087 10.217751 4288061348
-3.6923435 0.38866776 10.364473 4288387992
-3.4229469 0.54896319 10.333425 4288518029
-3.7160232 0.57662427 10.251099 4289505955
-3.5439525 0.74100822 10.30968 4286216306
-2.8527539 0.92413151 12.857482 4290888643
-2.0543752 0.052676283 16.856411 4294309365
-2.0041873 0.052741773 16.877367 4294243829
-1.6622 0.053619355 17.158194 4292861918
-0.45025849 1.100632 16.009192 4290163887
-0.19020802 1.0936961 15.216641 4291150782
1.0598322 0 11.304876 4288715667
1.2585146 0 11.186797 4288913563
1.0469526 0.20939052 11.167495 4288781460
1.2475772 0.20792952 11.089575 4288848026
1.0514754 0.42059022 11.215738 4289110681
1.2836833 0.55510628 11.102126 4290229424
1.2786086 0.69113976 11.058236 4289966509
1.6571882 0 11.047921 4288649872
1.6451845 0.23992273 10.967896 4288781201
1.8719366 0.034665491 11.092957 4288716183
1.8539689 0.27466205 10.986482 4288716183
1.6500517 0.41251293 11.000344 4289307802
1.8729572 0.54486024 10.897205 4289506213
1.8765976 0.68239915 10.918386 4289571751
0.56727612 0.014006819 2.241091 4288583566
0.58958209 0.0069362605 2.2196033 4291875795
0.56605667 0.048918478 2.2362733 4288780947
0.58968377 0.048562191 2.219986 4291875795
0.56606424 0.083861366 2.2363031 4288913304
0.58914983 0.10396762 2.2179759 4289901748
0.56492066 0.12553792 2.2317853 4289176479
0.58859885 0.12464447 2.2159016 4287993493
0.65873659 0.017184433 1.8330061 4291609782
0.66225863 0.028061807 1.7959557 4291810263
0.65861332 0.034362435 1.8326632 4292071111
0.66222632 0.033672523 1.7958679 4291875800
0.66482598 0.026381981 1.6884469 4289570456
0.68082315 0.058054686 1.6888636 4290691010
0.68518239 0.057976972 1.6866028 4292532179
0.65832508 0.068102591 1.8160691 4289236297
0.66025925 0.067145005 1.7905335 4290033854
0.63445914 0.12579794 1.7502322 4292577875
0.6425848 0.1097096 1.6717653 4286598725
0.65758336 0.076463178 1.6312145 4290277490
0.66941732 0.076070152 1.6228299 4290201405
0.64287972 0.1088748 1.6590445 4288370765
0.67831886 0.11054085 1.607867 4288506221
0.68120921 0.1152045 1.6028452 4291084744
0.68792564 0.10295486 1.4975252 4291413700
0.69299108 0.10163869 1.4783809 4289837507
0.75983095 0 1.120488 4289963925
0.76026845 0.0348747 1.1159904 4289963925
1.0222975 0 1.4223269 4287930023
1.6990719 0.044131737 2.3536928 4289309094
0.76069844 0.041873313 1.1166216 4289633665
0.76188993 0.066100046 1.1132638 4289568386
0.76044375 0.058761559 1.1061 4287334275
1.1927999 0.061963629 1.6523635 4287996074
0.7597689 0.075976893 1.1051184 4287925636
1.7941736 0.069601558 2.4747221 4289374886
1.7963865 0.10065959 2.4777746 4289769386
-7.0963387 0.99747735 9.1197929 4286018671
-7.0954843 1.0543491 9.1186943 4286018671
-7.1424837 1.3481796 9.1790953 4283784551
-7.1177011 0.83568144 9.2213125 4282735217
-7.1649437 0.71057296 9.4743061 4286411358
-7.119586 1.0047803 9.1865625 4284179310
-7.210978 0.89763212 9.5747423 4284176463
-6.707839 0.77512807 9.5400381 4286540354
-6.8009949 0.99306566 9.6297274 4285620032
-7.1302924 1.0350425 9.2003775 4283785326
-7.1340165 1.2086556 9.4334097 4284111444
-7.1625123 1.213006 9.241951 4282077030
-7.1767206 1.2752025 9.4898787 4282332969
-6.7962317 1.0825856 9.622983 4285885793
-6.7395983 1.2279776 9.1384382 4282595626
-6.5383043 0.82838249 9.4672279 4283982690
-6.5634017 0.89095956 9.5035686 4282402633
-6.5092149 1.0547339 9.643281 4283514918
-6.1656852 0.86379164 9.5314941 4281872934
-5.9817014 0.8332718 9.5231066 4285562240
-6.169364 1.0133255 9.5371809 4284434987
-6.0041432 0.89614075 9.558835 4284705644
-6.2791953 1.1131301 9.1333752 4281742129
-6.4896469 1.1609919 9.5260868 4281413164
-6.3819327 1.1795989 9.6787605 4281873972
-6.11444 1.1559638 9.7344322 4283718233
-6.0546894 0.75683618 9.6875029 4282334518
-6.0527039 0.90790558 9.6843262 4282268209
-5.8611078 1.0574163 9.6678066 4285096010
-5.5016146 0.74346149 9.5163069 4287458858
-5.4332409 0.72042978 9.6057301 4285888113
-5.4779716 0.88831979 9.4754105 4287461977
-5.4461703 0.89772046 9.5756845 4286745741
-6.0476904 1.1912117 9.774045 4283321420
-5.8755255 1.0903037 9.6915884 4285029961
-5.4494653 1.0604365 9.4261017 4288780422
-5.4352021 1.0750949 9.5563993 4286611317
-5.0402699 0.75907677 9.7161827 4287853362
-5.0502071 0.91268808 9.7353392 4287919677
-5.0410609 0.79919261 9.8362169 4286547075
-4.9071727 0.86962557 9.9385777 4284832072
-5.0337691 0.92081147 9.8219891 4285954681
-4.9473963 0.93937892 10.020042 4285161554
-5.0550175 1.1029129 9.8036699 4286942094
-5.0644007 1.1116978 9.8817577 4284045403
-3.4396775 0.89926207 7.1940966 4285030483
-4.7442737 0.76417828 10.189044 4288649099
-4.7740936 1.0893905 10.253087 4288781459
-4.2792749 0.75516623 10.068883 4288322459
-4.2816629 0.94448453 10.074501 4287532684
-3.4565747 0.91705036 7.5245161 4291470626
-3.3220532 0.9101516 7.2812123 4287199830
-3.1936228 0.95129186 7.2479382 4283514936
-3.2055802 0.91588002 7.3270402 4285622359
-3.174998 0.9477607 7.5820851 4285820519
-3.1342435 0.95390016 7.2678108 4283383861
-2.9855583 0.97204226 7.4060364 4283514933
-3.8667812 0.7989217 10.226198 4284310619
-3.8772492 1.1032822 10.087152 4287929251
-3.8567379 1.1064413 10.116034 4285164123
-3.6703231 0.85429937 10.12503 4287203204
-3.5397477 0.80448818 10.297448 4286216306
-3.5742562 1.0121787 10.121787 4287465360
-3.3989539 0.99403369 10.260993 4288123530
-3.0439239 0.96632499 7.7306004 4285490772
-2.9600101 0.99496138 7.959691 4285425239
-2.9267857 0.98339999 7.4925714 4283646520
-2.8040049 1.0065658 7.6690731 4284107069
-3.4923549 1.1741538 9.6340828 4287203466
-2.6913035 1.0252584 8.2020674 4285490777
-2.6221864 1.0283084 8.2264671 4285556828
-2.6729157 1.090986 8.7278881 4285688925
-2.5786345 1.105129 8.4200306 4283448875
-2.6766312 1.2614009 9.8450804 4284702550
-2.7912579 1.3307159 10.386076 4286807668
-2.6064291 1.2882349 9.5868654 4284176465
-2.7473412 1.4695081 10.222665 4285622619
-2.7506382 1.013393 11.581635 4291940038
-2.8308752 1.156273 12.758874 4290822850
-2.7810624 1.0977877 11.709736 4291874244
-2.7480614 1.3546782 12.385629 4290757056
-4.0194573 1.7141802 18.915092 4291083179
-4.0164137 2.0672717 18.90077 4289700230
-2.7312932 1.2937706 11.500182 4291545019
-2.6895318 1.401587 12.121834 4290691518
-2.7642379 1.7322557 11.794082 4289770160
-2.7669377 1.7677658 12.297502 4287598733
-3.7285104 2.0287483 17.545931 4289437056
-3.8702722 2.5593734 19.975597 4290359195
-3.0100002 2.021642 14.376121 4284767053
-4.6124201 3.8032234 25.894287 4288518288
-4.1891632 2.3820729 26.284945 4292203212
-3.8521695 2.4285417 26.797701 4285954157
-4.1772709 2.5391254 26.210327 4292532433
-4.2250171 2.5867453 27.591949 4287336331
-3.6002743 2.4859037 27.430662 4285756521
-3.3245895 2.5371869 27.996544 4291807939
-3.4102433 2.6232638 27.981482 4288255370
-3.336946 2.7222455 28.100597 4292268746
-3.8870945 3.0420737 27.040657 4288125573
-4.5369959 3.8078358 25.92569 4289900712
-3.4543793 3.1089416 27.635035 4290164656
-3.2683284 3.0963111 27.522766 4292466125
-1.9761584 2.7666216 25.294827 4287203458
-0.97546178 1.7680244 19.509235 4288321682
-0.44709301 1.1922481 15.896641 4287400840
-1.0206271 2.2326217 20.412542 4289506213
-0.5031547 1.710726 16.10095 4289243298
-2.1931305 3.0366421 26.992374 4292467156
-2.1954978 3.5465732 27.021509 4290493361
-1.0450656 2.4167142 20.901312 4290032301
-0.50248134 1.9094292 16.079403 4289045919
-1.0915471 2.8653111 21.830942 4289176471
-0.50177145 2.1074402 16.056686 4288782746
-0.24598405 1.2299201 15.742979 4288519320
-0.24798051 1.5870751 15.870751 4288979868
-0.24798098 1.785463 15.870782 4289045404
-0.084845461 1.6969092 13.575274 4288452231
1.2743218 0.82658708 11.021162 4289900459
1.8725891 0.81712973 10.895063 4289440421
1.8831837 1.027191 10.956705 4289308578
0.56412959 0.16714951 2.2286601 4289374115
0.59271586 0.16540907 2.2054543 4290954693
0.56347227 0.20869343 2.2260633 4290427063
0.59199995 0.20651162 2.2027905 4290822594
0.56278139 0.27096882 2.2233338 4290098612
0.5912863 0.2475152 2.2001352 4289046181
0.56249583 0.29166448 2.2222056 4290098354
0.59525102 0.30788845 2.189429 4291151561
0.59854859 0.27886924 2.1765404 4290953140
0.5985558 0.2992779 2.1765666 4291150528
0.62879848 0.2858175 2.03248 4289769652
0.64201814 0.25310332 1.9754404 4291150264
0.65534675 0.24650657 1.9239538 4291084727
0.6422106 0.27523312 1.9572134 4289572275
0.65629518 0.2660656 1.892022 4288716967
0.63815272 0.13203159 1.7604213 4292513888
0.63362986 0.12672597 1.6896796 4284111441
0.63778555 0.17988823 1.7443708 4291855175
0.63161439 0.18734325 1.7128526 4290201408
0.64343464 0.15048069 1.6604766 4287007096
0.67781645 0.1205007 1.606676 4287509044
0.64283609 0.15552486 1.6589319 4284044609
0.67811114 0.15571441 1.6073745 4287573299
0.63862908 0.19650126 1.7466779 4292051010
0.64089024 0.21363008 1.6673567 4291509299
0.67275351 0.25875136 1.8400097 4286677378
0.67322862 0.24630316 1.7514892 4289835446
0.65450329 0.20294675 1.623574 4290856238
0.68088353 0.18156894 1.6139461 4286906381
0.67725044 0.24577637 1.747743 4291283406
0.70183909 0.23746435 1.6886353 4289045413
0.68033606 0.12506178 1.6007907 4290953159
0.68768156 0.11227454 1.4969939 4291348165
0.68314552 0.17580952 1.6074013 4288772733
0.68809444 0.13482931 1.4877717 4290095509
0.6881755 0.13949503 1.487947 4290096022
0.68373895 0.18098971 1.6087976 4288641921
0.68535864 0.21010995 1.6008377 4287790981
0.6905219 0.21636352 1.4731134 4290489493
0.76185119 0.086969316 1.1132072 4289965739
0.76229799 0.10442438 1.11386 4290163633
0.75968826 0.093234465 1.1050011 4289436289
0.76069003 0.10373046 1.1064582 4289437582
0.76056957 0.12502514 1.1113346 4290426293
0.76094121 0.13428375 1.1018153 4289173117
0.76095349 0.14461559 1.1018331 4289041788
-7.1832376 1.3847206 9.2314701 4283193190
-7.1415534 1.6854067 9.1411886 4283126883
-7.1522851 1.7451575 9.1549244 4281682271
-7.2452364 2.0205839 9.2369547 4282667102
-7.3192339 1.416626 9.4441729 4279635213
-7.32445 1.5948398 9.4509029 4280030742
-5.0104542 1.044733 6.8227463 4283974958
-5.0252609 1.1498477 6.8139129 4283514922
-7.1702118 1.7488321 9.3271046 4280423949
-4.8790941 1.2558006 6.5878067 4283584594
-7.1320062 1.9134651 9.2774067 4280423949
-4.8619065 1.2937262 6.6772962 4282790171
-4.804534 1.2951353 6.6845689 4283053088
-4.7969775 1.4536295 6.6451635 4283118114
-4.7198195 1.4346588 6.6534901 4288518800
-4.702424 1.3015637 6.7177482 4282987810
-4.5029006 1.2895631 6.7649212 4285360223
-4.659317 1.435236 6.656167 4290295472
-4.5385566 1.4431355 6.6928024 4290032043
-4.3992705 1.2964035 6.8008051 4284504911
-4.3809361 1.2972674 6.8053374 4284439115
-4.3985872 1.4379996 6.7670569 4284832591
-4.3666029 1.4414028 6.783072 4284832589
-4.2783794 1.3049057 6.845407 4284306759
-4.1510224 1.3052185 6.8470473 4284175170
-4.1588812 1.4502766 6.824831 4289110938
-4.0888782 1.4557264 6.8504767 4289899943
-4.0380249 1.3102102 6.8732338 4283315748
-3.8787639 1.3218133 6.934103 4282723874
-4.0255632 1.4560549 6.8520231 4290031530
-3.819592 1.4674138 6.9054766 4290097322
-3.4047208 1.1794131 7.1209841 4284435261
-3.3873928 1.2619698 7.084743 4283251498
-3.7180214 1.3263117 6.9577007 4282263834
-3.6965249 1.3264002 6.9581647 4282197526
-3.8032691 1.469445 6.9150352 4290031528
-3.583482 1.4551109 6.9497833 4284635207
-3.569891 1.3278253 6.965641 4282065430
-3.3764653 1.315506 7.0160317 4282860861
-3.5055709 1.5363921 6.9245844 4285096534
-3.3764763 1.2661785 7.1083708 4283514158
-3.1860206 1.2788956 7.1797647 4283251502
-3.1416109 1.2790844 7.1808248 4282988586
-3.0003152 1.2955906 7.2734914 4282725670
-3.3403404 1.3272877 7.0788674 4282860093
-3.2362962 1.3391569 7.1421704 4281677106
-3.0559855 1.3582157 7.2438173 4280030733
-2.9385104 1.366749 7.2893286 4280028416
-2.8502271 1.3453072 7.2965817 4282991165
-2.7341087 1.3442701 7.2909565 4281873714
-2.6794865 1.3397433 7.6556759 4283383090
-2.5335119 1.3840482 7.5067019 4280686093
-2.8675332 1.376416 7.3408852 4280028416
-2.8086638 1.3813101 7.3669872 4280423936
-2.4586179 1.4404024 7.9470477 4282067484
-2.6726553 1.6090475 8.7270374 4284766281
-2.6959131 1.6423378 9.9160023 4284110415
-2.7542634 1.6973947 10.248422 4285359706
-2.6977153 1.7685022 9.591877 4283385666
-2.7658744 1.8975185 10.291626 4285426015
-2.4607806 1.4913821 7.9540381 4282330400
-2.6739368 1.6643893 8.7312222 4284700235
-2.8002799 2.0365672 10.182836 4282860864
-2.759707 1.9253771 10.268678 4285426015
-2.7940826 2.2543168 10.1603 4283387207
-2.7481861 2.1090732 10.225809 4285886568
-2.7306914 1.7476425 11.65095 4289441710
-2.7044072 1.7542102 11.694735 4284572254
-2.509001 2.0430436 11.469719 4283652960
-3.1987753 2.4826317 15.277733 4285362804
-3.2821758 2.7162833 18.108557 4286018154
-2.2118833 2.0077095 10.889272 4285956222
-3.2255924 3.1709211 17.494738 4285364610
-2.4715409 2.1184635 11.298472 4283783247
-2.524123 2.524123 11.376329 4285427565
-2.1395054 2.0715845 10.867329 4287404690
-2.4960928 2.7499328 13.538131 4284047958
-2.145505 2.2476718 10.897803 4286486441
-2.691237 2.9603605 14.353263 4287401867
-3.3451984 2.8673129 19.115419 4285625204
-3.4979954 3.625195 20.351973 4284963922
-2.6949582 3.0799522 15.399761 4285426015
-2.4009528 2.9154427 13.71973 4289242522
-1.7560486 3.582339 22.477421 4285887342
-1.7426255 3.8079591 20.653337 4290164142
-1.4909567 3.2801049 19.084246 4286216269
-1.3655756 3.6187751 21.849209 4289045146
-1.3282219 3.6526103 21.251551 4287926663
-1.6421576 3.6492391 19.462608 4290032298
-1.5365067 3.5457845 18.910851 4287530595
-1.1235229 3.3705685 17.976366 4286610796
-0.43476343 3.0916512 15.458256 4288191127
-0.24454753 2.4454753 15.651042 4287334786
-0.19725935 2.9095755 15.780748 4289242526
-0.38481313 3.078505 15.392525 4286347894
1.2051924 1.8938739 11.018903 4287861651
1.1442538 2.4272051 11.095795 4287728771
1.4019376 2.5522454 11.503078 4287595636
1.7991962 1.9010376 10.863071 4290362302
1.5124094 2.4404788 10.999341 4288386187
1.553928 2.3984542 10.809934 4288584337
1.7472687 2.3856938 10.752422 4288386442
1.9247262 2.3561304 10.61918 4286675567
0.56252211 0.33334643 2.2223096 4290032562
0.59507895 0.33515939 2.188796 4290033073
0.59469432 0.40329847 2.1873815 4288059025
2.179996 2.418433 10.89998 4288123265
0.59382743 0.41636175 2.1841929 4287400063
0.59364349 0.45035022 2.1835163 4284505434
0.59872472 0.34698817 2.1771808 4291084471
0.59839261 0.40119505 2.1759732 4290558128
0.59866822 0.44219813 2.1769755 4289375401
0.59881324 0.46271929 2.1775026 4289243559
0.6702348 0.27496815 1.8331209 4290886059
0.66740263 0.29410964 1.8099054 4289305990
0.66690648 0.30780298 1.8240178 4291150264
0.66677117 0.30513257 1.808193 4289767320
0.66594154 0.35223353 1.7611676 4287994785
0.66363615 0.39037421 1.7845678 4288779393
0.69590545 0.24106529 1.4554886 4287797668
0.69738066 0.24000764 1.4491028 4289967803
0.69614089 0.2502467 1.4559809 4286417563
0.69744068 0.25361478 1.4492273 4289836733
0.69055194 0.29725748 1.4634213 4286085502
0.69681442 0.29411 1.447926 4287404973
0.69024366 0.30626708 1.4627681 4289570971
0.6969704 0.29870158 1.4482502 4287601836
0.76092613 0.17823496 1.0968305 4288384120
0.76062155 0.18844227 1.0963914 4289110686
0.76183826 0.21181154 1.0932208 4288515445
0.76265633 0.24173482 1.089509 4288516734
-6.9908743 1.8778076 7.2397404 4286676348
-6.9477754 1.8907061 7.2894692 4287137416
-6.9631782 1.9032686 7.4273901 4287793799
-6.2146082 1.7164156 6.3132524 4284444295
-6.7587557 1.8810775 6.9993587 4284443782
-4.4424582 1.2833768 4.5129733 4284105014
-4.4297309 1.2837756 4.5143757 4283048977
-6.8143363 1.9089022 7.1028914 4285226062
-6.9770103 1.970252 7.4174194 4285226061
-4.2079229 1.2692751 4.4148698 4283319619
-4.1898642 1.2625087 4.4395914 4282726707
-7.0597801 2.0136142 7.7633324 4285621851
-7.0646477 2.021951 7.7954731 4285226062
-6.9941111 1.9726979 8.198225 4285885543
-7.031424 2.0302 7.9227314 4285357648
-7.015017 2.0439439 8.0748396 4285226063
-7.0345879 2.0030692 7.6307397 4283974177
-7.1480255 2.1197593 7.8874764 4284175944
-6.6686621 2.15484 7.2584081 4287070842
-6.7713919 2.185853 7.6029668 4286216821
-7.1314597 2.1344159 8.0354481 4284110937
-7.1641669 2.1647124 8.2465229 4284506467
-6.7535338 2.1877644 7.6096153 4285955451
-6.7060165 2.2027061 7.8318443 4285560183
-6.962503 1.9856027 8.2518559 4286544506
-7.0490179 2.0795953 8.6424742 4286281072
-6.967382 2.0492301 8.1969204 4283514146
-7.0494995 2.1067472 8.6430645 4283844928
-7.0896668 2.1324389 8.8620834 4283055926
-7.2678461 2.0848002 9.2657795 4281681755
-7.0516863 2.1155057 8.678998 4282527008
-7.2226548 2.2552953 9.1353731 4281476630
-6.8125482 2.2453341 8.1648512 4285427050
-6.7770171 2.2590058 8.3089867 4285625975
-6.6753378 2.2087514 7.8533387 4286610547
-6.4931426 2.196928 7.8112993 4287071357
-6.7954154 2.2739522 8.4612179 4285558892
-6.8846107 2.3225193 8.8476925 4285098342
-6.9358206 2.3496861 9.0590315 4283584067
-6.8351402 2.3442836 9.0382023 4283387723
-4.7979364 1.5993121 6.6464915 4283249186
-4.6848702 1.4991585 6.6629267 4288715147
-4.7915697 1.7216461 6.6376719 4285880874
-4.7786689 1.6205921 6.6485829 4286146641
-6.8009405 2.3222725 8.8467522 4284638568
-4.9598856 1.8547472 6.6687541 4283782747
-4.9258146 1.9661865 6.6229444 4283258721
-4.7869635 1.7407141 6.6312919 4285880874
-4.6580563 1.8218176 6.6247911 4286739554
-4.9173894 1.9794575 6.6676464 4281672214
-4.5863023 1.5009716 6.6709847 4288846732
-4.5455089 1.501269 6.6723065 4288780683
-4.5795546 1.7199233 6.6310291 4288846733
-4.4554911 1.7200267 6.6314282 4288715147
-4.4019761 1.7234151 6.6444921 4288714889
-4.6328125 1.8200334 6.6183038 4286870885
-4.5005317 1.8167284 6.6062851 4286936936
-4.6610494 2.0127258 6.7797079 4281868828
-4.4966068 2.0055289 6.7554655 4282197532
-4.3874216 1.8211939 6.6225233 4286870630
-4.276155 1.805949 6.642571 4285356612
-4.394351 2.0167313 6.7932 4282859591
-4.2345915 2.0014241 6.7416387 4282201403
-4.1261239 1.5234919 6.7710748 4288517252
-4.0739107 1.5277164 6.7898507 4288912267
-4.0545974 1.725803 6.6536984 4288122233
-3.9642708 1.7226937 6.6417103 4289043596
-3.917768 1.5330397 6.8135095 4289175182
-3.7804828 1.5378234 6.8347712 4288912010
-3.908324 1.7254835 6.6524668 4289175182
-3.7279048 1.7285817 6.6644111 4289043854
-4.0477538 1.805921 6.642468 4286607715
-4.0081053 1.8067623 6.6455626 4288319624
-4.0816555 1.9884989 6.6981015 4282332986
-3.9750581 1.987529 6.6948342 4282728769
-3.8916829 1.8009384 6.6241412 4289109912
-3.6999886 1.7983185 6.6145048 4288978325
-3.846808 1.9969766 6.7266583 4283123527
-3.8248951 2.0075414 6.7622452 4283321161
-3.7609429 1.5385674 6.8380775 4288911753
-3.6751201 1.7331533 6.6820369 4288254079
-3.4940562 1.7576163 6.7763519 4286016863
-3.4938693 1.6390991 6.9014702 4284701521
-3.4909682 1.7023859 6.89574 4284438603
-3.6514401 1.8049732 6.6389818 4287135609
-3.565815 1.8038828 6.712122 4283581494
-3.643348 2.0240822 6.8179607 4284111451
-3.6094673 2.0289903 6.8344941 4284637795
-3.464576 1.7964466 6.8436065 4282728517
-3.4377358 2.032372 6.9187131 4281938740
-3.3519681 2.0460064 6.9651279 4282203704
-3.2966118 2.0521953 6.986197 4282269244
-3.1859577 2.0512331 6.9829211 4284638051
-3.0822101 2.0771415 7.1471539 4281676335
-2.9166873 2.0801179 7.2351933 4281609517
-2.7195528 2.0687196 7.4380932 4280030733
-2.8923469 2.0788743 7.2308674 4281742131
-2.7570014 2.0907261 7.3520041 4281742899
-2.63217 2.1104786 7.5882378 4281873720
-2.602952 2.1253462 7.6416941 4283189833
-2.638962 2.1018281 7.4731669 4283453260
-2.5905519 2.1195424 7.5361505 4285559154
-2.7055066 2.3352792 9.1132851 4283911739
-2.8090854 2.3987696 10.100082 4283056694
-2.7809572 2.3282433 10.347748 4286281841
-2.7885928 2.3945527 9.6994534 4283122225
-2.541528 2.1505237 7.820086 4283913555
-2.6485279 2.2935705 8.7374115 4284438341
-2.4616156 2.1302443 7.5742016 4288123789
-2.4619238 2.565949 11.095995 4285231993
-2.2926817 2.528693 10.78909 4286152317
-2.2417121 2.6900544 11.955797 4286215269
0.67661142 2.448689 10.310269 4289506217
0.93083203 2.5511694 11.032084 4286743169
1.0947338 2.5315719 10.947338 4287467150
1.3267779 2.5174761 10.886383 4287858032
1.4775591 2.4849858 10.745884 4287533200
1.553789 2.4463913 10.578989 4287533716
1.71066 2.4344008 10.527139 4287598734
1.8914143 2.4131837 10.43539 4287400840
1.7115259 2.3017073 9.4429016 4290229683
2.0722671 2.4284377 10.361335 4288782749
0.59304368 0.49079475 2.1813099 4284571998
0.5919987 0.53075749 2.1774666 4284637535
0.57128733 0.57128733 2.1763327 4287070841
0.57493794 0.64257765 2.1644721 4286083174
0.59845912 0.48964843 2.1762152 4289178022
0.59685016 0.54259104 2.1703641 4287796111
0.60078466 0.60078466 2.1601248 4288585369
0.60004836 0.6337589 2.1574771 4288256660
0.66379726 0.40162525 1.785001 4289307285
0.66730541 0.43757734 1.7503093 4288586664
0.66344601 0.48099837 1.7691894 4288055666
0.66387361 0.49790525 1.7703297 4288714374
0.67021334 0.51346993 1.7295829 4289834145
0.6925267 0.32803896 1.4579509 4290687387
0.69790143 0.32418647 1.4408288 4289046703
0.69191372 0.36871716 1.4566604 4289176468
0.69814628 0.36033356 1.4413342 4287929513
0.69206822 0.38245875 1.4569857 4288909934
0.69812167 0.37833688 1.4412833 4288258215
0.69146216 0.41396746 1.4557098 4289702048
0.69695175 0.41817102 1.438868 4288783789
0.76220286 0.25179917 1.0888612 4288846995
0.76267529 0.25647488 1.0798942 4286347893
0.76139271 0.27410138 1.0828696 4288582529
0.76197851 0.27647007 1.0789076 4286019445
0.76146233 0.28427926 1.0829686 4288781976
0.76093215 0.29965913 1.0774261 4288252530
0.75900555 0.31034893 1.0794746 4289044640
0.7600143 0.31274924 1.0761265 4288321686
-4.472084 1.4152164 4.5286927 4286214991
-4.5306044 1.4284389 4.6171765 4285749794
-6.85847 2.1516769 7.1722565 4286145047
-6.8464394 2.1763515 7.2545052 4286086784
-6.4973593 2.1288276 7.0960922 4287926667
-6.3901925 2.1153741 7.0512466 4288057996
-4.8796129 2.0177302 6.5885072 4286870097
-4.8782926 2.0257316 6.614634 4286348930
-4.7281179 2.0203853 6.6651883 4284703589
-4.6844549 2.0285363 6.6920786 4285954174
-4.5182519 2.0268793 6.7562642 4282860355
-4.4821639 2.0296593 6.7655306 4283517512
-4.2274485 2.0190797 6.7302656 4283255112
-4.0737324 1.9952974 6.6509914 4286741363
-4.0049753 1.9921122 6.6403737 4286020221
-3.8163044 2.0019956 6.6733189 4287401619
-3.798615 2.0036652 6.6788836 4287533203
-3.6792417 2.0068591 6.6895299 4287665821
-3.5834923 2.0236192 6.7453971 4287073168
-3.4497802 2.0193837 6.7312789 4287531911
-3.281812 2.0195765 6.7319221 4287597968
-3.2082183 2.0262432 6.7541437 4288124048
-3.0307515 2.0346303 6.7821012 4288584340
-2.9690974 2.0359523 6.7865081 4287860615
0.57421434 0.66879076 2.1617479 4286148968
0.57359111 0.69505751 2.1594019 4286215530
0.82104933 1.3723253 3.7533684 4290097577
0.57258546 0.72752035 2.1556158 4286346605
0.5762496 0.79066807 2.1441846 4285490778
0.59929705 0.6801011 2.1547759 4287269768
0.59927636 0.70027798 2.1547015 4286611580
0.60324466 0.75070441 2.1448698 4288125074
0.60293537 0.77711666 2.1437702 4287730830
0.66821152 0.5323962 1.7384365 4287599767
0.66494793 0.57152551 1.75854 4287331682
0.67002624 0.54574716 1.7291 4288782492
0.67003405 0.57817453 1.7291201 4288651681
0.66533631 0.59385389 1.7595671 4288385407
0.6650244 0.64867133 1.7443262 4286013490
0.67074394 0.60042399 1.7309521 4288586663
0.67024827 0.63241166 1.7296729 4287271057
0.69271886 0.45728499 1.4488237 4288911492
0.69649929 0.44486085 1.437934 4287862172
0.69242942 0.47972235 1.4482185 4289504669
0.69807881 0.46986073 1.4319565 4288520876
0.6923815 0.48873988 1.4481181 4289966509
0.69721049 0.49162278 1.4301754 4288323495
0.69235432 0.51587188 1.4480613 4290098354
0.69396663 0.51822186 1.4420086 4288714112
0.75811237 0.32346129 1.0782043 4289176479
0.7598635 0.32277387 1.075913 4288584600
0.75819218 0.34371379 1.0783178 4289308067
0.76141417 0.34548748 1.0733591 4287923052
0.76138872 0.3706761 1.0686158 4288187003
0.76123381 0.38395566 1.0683984 4288321952
0.81283265 0.37774795 1.0792799 4284898645
0.80290711 0.39645618 1.0661007 4285359450
-4.2317042 1.7274996 4.2852702 4287596904
0.57459581 0.82848704 2.138031 4285622621
0.57439691 0.84155828 2.1372907 4285622365
0.57412839 0.89457214 2.1362917 4285885794
0.57844961 0.95078498 2.1276307 4285029968
0.60060936 0.8341797 2.1355 4287006853
0.60420358 0.86978757 2.1246719 4287927953
0.60344416 0.9084819 2.1220014 4287927696
0.60236996 0.94658148 2.1182241 4287994002
0.66463447 0.67008227 1.7433035 4287265894
0.66452783 0.68631566 1.7430239 4287991166
0.66950172 0.64790487 1.7277464 4285560437
0.671076 0.70328772 1.7179546 4287666072
0.65879506 0.76014817 1.8018327 4287731877
0.66579753 0.7476579 1.7463541 4287264799
0.66677052 0.74808395 1.7346874 4285823874
0.67108649 0.73014212 1.7179815 4284704869
0.66877794 0.74967849 1.7258786 4283840532
0.68175155 0.73856413 1.6527309 4288326591
0.69254839 0.54864222 1.4390615 4289768616
0.6927368 0.58547437 1.4301664 4288123788
0.68739831 0.72277915 1.6174078 4287594854
0.69272387 0.58993256 1.4301395 4288649356
0.69517529 0.63724405 1.4260006 4287725663
0.76083261 0.40377516 1.0678352 4288189585
0.76269364 0.43440375 1.061139 4287924343
0.76171261 0.45040399 1.059774 4288254863
0.76105821 0.45994392 1.0588636 4287991434
0.80405331 0.40534917 1.063211 4284635729
0.80739099 0.43193755 1.0632309 4284700741
1.5628103 0.83904982 2.0495872 4283385134
0.76255506 0.45030195 1.0518001 4285623914
0.80618411 0.43792716 1.0616416 4285029203
0.76214862 0.46977264 1.0512395 4285164136
0.80242872 0.45570025 1.0566963 4285096022
0.81204164 0.45594138 1.0649726 4284107573
0.80412322 0.46797338 1.0545878 4284504141
0.57773745 0.98945838 2.1250112 4285227345
0.57750529 0.99569881 2.1241574 4285227347
0.5761677 1.0463735 2.1192374 4285622362
0.5760923 1.0727236 2.1189601 4286151548
0.60250109 0.98651284 2.1186852 4284966756
0.6052618 1.0197346 2.1052585 4288060055
0.60435653 1.057624 2.1021097 4288125848
0.60368907 1.095827 2.0997882 4286875268
0.66703492 0.78091896 1.7353754 4287925369
0.66587353 0.81204093 1.7323539 4288649355
0.67339492 0.76959419 1.7102094 4288191388
0.68632662 0.73716563 1.6268483 4287665315
0.66755205 0.83444005 1.7227149 4285882171
0.66617006 0.8448987 1.7331254 4288715149
0.66600817 0.87718153 1.7327043 4288715661
0.66721916 0.85554713 1.7218559 4287068774
0.66704655 0.87146395 1.7214104 4288056957
0.69200838 0.7318362 1.5931128 4288853189
0.69487518 0.71444917 1.5659159 4287662200
0.69494873 0.64149112 1.4255358 4288517252
0.6941725 0.68082303 1.4239436 4288978841
0.69553435 0.69996452 1.4176496 4287990649
0.69496191 0.71709448 1.4164829 4288517515
0.7017861 0.65353835 1.4035722 4288717220
0.70130932 0.67939341 1.4026186 4287861911
0.70124668 0.69686389 1.4024934 4287402651
0.70138413 0.71015143 1.4027683 4287336856
0.76206195 0.47505158 1.0556703 4287072917
0.76099432 0.50074083 1.0541912 4287267708
0.75955069 0.52609569 1.0521914 4287398517
0.75940228 0.53585529 1.0519859 4287530364
0.76239836 0.47649893 1.0515839 4287266664
0.79929119 0.47365403 1.0525645 4285360221
0.76236045 0.49290547 1.0515317 4287068003
0.93293202 0.56737494 1.2185234 4284239161
0.88236934 0.5402261 1.1524824 4283843878
0.76239598 0.51593173 1.0515807 4286414471
0.76180249 0.54508281 1.0507621 4286936682
0.80907708 0.52622896 1.0524579 4283977543
0.80812252 0.53217828 1.0512164 4284306761
2.230305 1.2465677 2.4030221 4280425500
2.266248 1.2531902 2.4013224 4279045376
2.2988849 1.2280688 2.3962319 4279045376
2.3434088 1.2203695 2.3958173 4280030733
0.57610601 1.1124806 2.1190107 4288255893
0.5755173 1.1510346 2.1168451 4288387736
0.57547981 1.1906478 2.1167073 4288453529
0.57658017 1.2326887 2.1207547 4288716701
0.60371137 1.1221157 2.0998657 4285296237
0.60576087 1.1659268 2.0843384 4288388763
0.61112571 1.1442354 2.0804279 4289702816
0.60428602 1.1955767 2.0792637 4288455069
0.60869014 1.1979539 2.0721366 4289900195
0.60189813 1.2361563 2.0710473 4286283646
0.60635465 1.2320611 2.0641861 4289177247
0.66600144 0.92174596 1.7049637 4285948475
0.6659562 0.93233871 1.7048479 4286607701
0.66644728 0.95968407 1.706105 4287464312
0.66820157 1.0129087 1.6970198 4286146117
0.69642055 0.75812876 1.410472 4287924341
0.69585711 0.76632369 1.4093308 4288189590
0.69883925 0.80871964 1.4064689 4287067738
0.69851166 0.82591313 1.4058096 4287662989
0.70135409 0.73642176 1.4027082 4286808967
0.70257384 0.77675861 1.39642 4287401107
0.70264566 0.80302364 1.3965628 4286282621
0.70242614 0.82816905 1.3875084 4287073167
0.75933886 0.55553365 1.051898 4288320401
0.76129091 0.56440532 1.0500565 4287858812
0.76298755 0.56978476 1.0478799 4287069040
0.82697362 0.56247604 1.0713829 4283646502
1.7794768 1.2485038 2.2960989 4283252778
0.76384109 0.59736288 1.044569 4286938227
0.76258957 0.61919665 1.0428575 4287464829
0.8052395 0.58444804 1.0390188 4283977538
0.81135094 0.60606933 1.0426999 4283384370
1.0843103 0.82841301 1.3879172 4283120946
2.060859 1.4108388 2.3637092 4280690210
2.2306206 1.2617652 2.4033623 4280689174
2.2381387 1.26928 2.4033704 4280028416
2.2751212 1.3484991 2.4107246 4280423936
2.0853586 1.4124238 2.3663645 4280690210
2.1419172 1.4155924 2.3716731 4280030733
2.283329 1.3639688 2.4114366 4280028416
2.1861043 1.4127884 2.3794332 4280423949
2.2810447 1.4077735 2.4090242 4280028416
2.3025594 1.2518771 2.3845277 4279042048
2.3261828 1.2485583 2.3782063 4279637517
2.3296881 1.298393 2.3742044 4278190080
2.2881207 1.3578684 2.4006512 4278190080
2.2787623 1.4167306 2.3986974 4279635200
0.60147685 1.2482262 2.0695977 4285099113
0.60516083 1.2682626 2.060122 4288389278
0.59236121 1.3006192 2.0603869 4288060321
0.60398734 1.278654 2.0561271 4287134801
0.59044725 1.3156705 2.0537295 4289442230
0.60453665 1.2981629 2.036334 4288979610
0.58899188 1.344438 2.0486674 4289244851
0.629861 1.2657783 1.9380338 4288056437
0.63102245 1.2620449 1.9231161 4287925888
0.63360065 1.261224 1.9127567 4288320394
0.66813034 1.0181034 1.696839 4286475857
0.67577261 1.0581867 1.6763352 4285757815
0.67736673 1.0577343 1.6673642 4288452751
0.67010456 1.097494 1.6884524 4286080320
0.67656195 1.0877035 1.6653832 4288059801
0.66989976 1.1077082 1.6879364 4286804565
0.67625415 1.1184204 1.6646255 4288586923
0.69840074 0.84335184 1.4055864 4288518290
0.69791001 0.8690955 1.4045988 4288781978
0.69732535 0.89468157 1.403422 4288913823
0.69951081 0.86127269 1.3990216 4286804565
0.69891983 0.88238633 1.3978397 4287202433
0.69856548 0.89067096 1.397131 4287794047
0.69816816 0.93233645 1.3876635 4287200616
0.76373804 0.62399024 1.0399837 4286543468
0.76394904 0.65388858 1.0358632 4286412396
0.8030138 0.63209116 1.0319856 4284108610
0.81235778 0.64013803 1.039818 4282723862
0.80248499 0.63812059 1.031306 4284174661
0.80768555 0.63968694 1.0338376 4282988582
0.76378566 0.66022146 1.0356416 4286609260
0.76542008 0.66893852 1.0291362 4285950033
0.76231378 0.69155049 1.0292845 4286478188
0.76404017 0.69020438 1.0272809 4285756789
0.80123204 0.65643108 1.0296959 4284438091
0.81907165 0.6689629 1.0442348 4282527254
0.80754042 0.6756314 1.0295336 4283517245
1.8691461 1.409161 2.3364327 4281675302
1.950403 1.4098418 2.3375616 4280423949
1.8410122 1.4086533 2.23153 4279635200
1.9650223 1.4098488 2.3375731 4280687629
2.044872 1.4122858 2.3538096 4280030733
1.8785843 1.4020317 2.2100992 4279045389
1.7919735 1.400623 2.1970556 4279639068
1.7964602 1.3949785 2.1775274 4280690214
1.8517908 1.3991308 2.194715 4280032290
1.8803183 1.399945 2.1959922 4280428066
2.096246 1.4171804 2.3619673 4280423949
2.0621848 1.4155066 2.2993 4279042048
2.0341525 1.4132007 2.2839608 4279045389
2.0362136 1.4118694 2.2703428 4279045389
2.1608367 1.4136999 2.3439584 4279045389
2.1441071 1.410218 2.3023968 4280028416
2.0981126 1.4082247 2.2759187 4279045376
2.1419151 1.4067363 2.2620885 4279045389
2.231591 1.4167666 2.3490431 4279042048
2.2453656 1.4087167 2.2882707 4279045389
2.1657972 1.4018104 2.2428968 4279639068
2.1782398 1.4007974 2.2412758 4280033826
0.58387762 1.3859073 2.053196 4285228113
0.59795469 1.3803847 2.0355904 4290426805
0.62495583 1.2856234 1.9046273 4289901494
0.64128453 1.2592496 1.8655549 4287857757
0.61636466 1.3717135 1.9336931 4289507761
0.63787997 1.2757599 1.8389331 4288519575
0.6180051 1.3680112 1.9200158 4290164148
0.64971876 1.24859 1.8079131 4287529827
0.65306407 1.2447289 1.7861581 4287530097
0.65494365 1.2432829 1.7761184 4287596664
0.6694724 1.1386302 1.6868596 4288715147
0.67577612 1.1436211 1.6634488 4286941573
0.67150402 1.175132 1.6787601 4285882158
0.6756236 1.1589544 1.6630735 4285625713
0.64980125 1.2662795 1.7772342 4288387471
0.66212726 1.2374182 1.7367272 4288649879
0.65969092 1.2550218 1.716269 4287795856
0.6720143 1.2127758 1.6800357 4287926148
0.67772961 1.2054274 1.6555227 4287863711
0.67051244 1.2362573 1.6762811 4282531106
0.67511177 1.2255876 1.6618136 4281151023
0.69788349 0.93629086 1.3870976 4287136644
0.69763792 0.96032876 1.3780502 4287397993
0.69721997 0.98988026 1.3772247 4286935624
0.70723689 0.97990644 1.3633481 4286809483
0.76227385 0.69473058 1.0292305 4286609517
0.76316202 0.70544386 1.0261002 4286215022
0.76140177 0.71321183 1.028053 4287070586
0.76278335 0.71150374 1.025591 4286346608
0.80786514 0.6988675 1.0258605 4283384379
0.80935001 0.72617567 1.0236838 4282990648
0.76392668 0.74155223 1.0228307 4286543469
0.7649042 0.7457816 1.0198723 4285884503
0.80762994 0.734209 1.0215082 4283385144
0.80566549 0.74834543 1.0190235 4283648827
