-0.9857337351775429 0.1683122197968097 0.0 21.5998477935791 -0.1683122197968097 -0.9857337351775429 0.0 -3.9609289169311523 0.0 0.0 0.9999999999999999 -0.29349517822265625
-0.9911956351923713 0.12917371074955786 -0.02907516512045217 21.733196258544922 -0.1292448205477445 -0.9916125499631908 0.0005719415005928745 -4.021238327026367 -0.02875741881972914 0.004324720417361911 0.9995770643908046 -0.32395660877227783
-0.9942803543600475 0.08808599177487193 -0.06039399793601604 21.862091064453125 -0.08844446461497533 -0.9960756989923217 0.0032830711122145513 -4.0820417404174805 -0.05986780113407116 0.008605807922250783 0.9981692173461253 -0.35100066661834717
-0.9945953259262419 0.04536347466342335 -0.09339321609267744 21.985937118530273 -0.04632517848751467 -0.9988931312190634 0.00815415485961708 -4.144835948944092 -0.09291994126005733 0.01243654171527021 0.9955959104709057 -0.372871071100235
-0.9918374409607168 0.0013628093031231648 -0.1275015037530931 22.10407257080078 -0.003321624758949684 -0.9998796889319893 0.015151715091996596 -4.210437297821045 -0.12746551501271797 0.015451550474681363 0.9917226386800249 -0.3883926272392273
-0.9858060817816093 -0.04352144615194362 -0.1621488601478095 22.21588897705078 0.040121775432425545 -0.9989020911131193 0.024183786014331854 -4.27895450592041 -0.16302334881402852 0.017334823179959186 0.9864699142126833 -0.3970699906349182
-0.9764124370544938 -0.08886289138793209 -0.19677941787565334 22.321008682250977 0.08356166259045973 -0.9958843289546349 0.035097747615695854 -4.349884510040283 -0.1990884258575133 0.017826661963292707 0.979819375605945 -0.39911895990371704
-0.9636848643748832 -0.13421575596109436 -0.23086275798957978 22.41938591003418 0.12657105618226294 -0.9908109134585821 0.04768124902178081 -4.42238187789917 -0.23514091500985057 0.01672915488488859 0.9718173107457841 -0.3952954113483429
-0.9477697961385488 -0.17912417683570897 -0.26390707228193644 22.509689331054688 0.1687495341839375 -0.9837281358327984 0.061664815605265155 -4.49685525894165 -0.2706584715840198 0.013909854199699857 0.9625749361561132 -0.3843548595905304
-0.928928666909902 -0.2231352789350196 -0.295469421577908 22.593505859375 0.20973536900678297 -0.9747430933531605 0.07672663779874922 -4.570888042449951 -0.3051271977070893 0.009303185202007729 0.9522661623540531 -0.3695703148841858
-0.9075302674791988 -0.2658122276795 -0.32516560892135504 22.671932220458984 0.2492157126218059 -0.9640204322584344 0.09249937713664234 -4.643504619598389 -0.3380537563635988 0.0029096055270373677 0.9411223044876461 -0.3525732457637787
-0.8840405340686006 -0.3067449064046908 -0.35267534152316404 22.7432861328125 0.28693313466068976 -0.9517775161639117 0.1085768665906551 -4.715404033660889 -0.3689738613472415 -0.005207890132472838 0.9294251812399286 -0.331460565328598
-0.8590079256131969 -0.345561868269209 -0.3777464479409514 22.817068099975586 0.32269121619859265 -0.9382772194579453 0.12452404761546947 -4.791378974914551 -0.39746164937259704 -0.014928316869640593 0.917497347480337 -0.3082922399044037
-0.8330480331297677 -0.3819366145785175 -0.4001941990370755 22.89145278930664 0.3563550867208411 -0.923820385740353 0.1398819039716264 -4.872328758239746 -0.42313358016920294 -0.02608289352902416 0.9056918107161764 -0.28085997700691223
-0.8068265529806762 -0.41559366492102395 -0.4198962003672244 22.967470169067383 0.3878486929724602 -0.9087368256801194 0.15417773189528738 -4.957531452178955 -0.4456504288844283 -0.03846150452507668 0.8943804603773458 -0.2505209147930145
-0.7810404177724227 -0.4463124256439322 -0.43678494081379343 23.044965744018555 0.4171507699152666 -0.8933752514485985 0.16693080979332076 -5.046998023986816 -0.4647161509620467 -0.051825464927804 0.883941751599073 -0.21714110672473907
-0.7564018590772918 -0.4739228890418833 -0.45083624835034175 23.123544692993164 0.4442823576510164 -0.8780954955001894 0.17765553034547163 -5.140687942504883 -0.4800723010802338 -0.06591961790295203 0.8747486437320482 -0.18018218874931335
-0.7336202377466517 -0.49830509505628234 -0.4620534373960392 23.2041015625 0.46929655391767794 -0.8632579479833901 0.18586677950752392 -5.238219261169434 -0.49148966545547834 -0.08048445492426456 0.8671563649457955 -0.1408245861530304
-0.7133861746897662 -0.5193825122929415 -0.47044869187380534 23.286083221435547 0.49226168930989844 -0.8492148155076421 0.19108277358277564 -5.339617729187012 -0.4987570500747506 -0.0952680589001043 0.8614902216242148 -0.09823394566774368
-0.697133280974186 -0.537281992189294 -0.47469279479182125 23.370092391967773 0.5138143391146375 -0.83617685574342 0.19184131682001124 -5.4445977210998535 -0.5000000134783548 -0.11016499801729715 0.858989906654027 -0.05301513522863388
-0.6831409922858611 -0.5514727294773861 -0.47874441333706497 23.456233978271484 0.5322765948603508 -0.8248331900447927 0.1906091161628959 -5.553027629852295 -0.5000000112225585 -0.12461154538521768 0.8570133905220787 -0.005474242847412825
-0.674171405395546 -0.5625289976736721 -0.4785959077585686 23.544721603393555 0.5493850456199326 -0.8150387094962813 0.18408686447386963 -5.6646728515625 -0.49362839038712 -0.1388273344802462 0.8585208112823655 0.04473571851849556
-0.6693533972721994 -0.5706086261036233 -0.4757854825194863 23.63609504699707 0.5646384930032097 -0.8069210032559342 0.17338358262390632 -5.779285907745361 -0.48285546675918395 -0.1525919077820709 0.8623029095974328 0.09713836759328842
-0.6683981663249221 -0.5760714857098834 -0.47051624265851805 23.73046112060547 0.5780643036001181 -0.8003945272892357 0.1587773963407624 -5.8972015380859375 -0.4680657562317419 -0.1658621235769294 0.867988596587397 0.15089629590511322
-0.6709551599069441 -0.5792349580986952 -0.4629320000935882 23.827980041503906 0.5896298785901865 -0.7953459045271409 0.1405755968353894 -6.018721580505371 -0.44961737029163923 -0.1786386169569918 0.8751756765722662 0.2051040530204773
-0.6766255302066992 -0.5803828678408829 -0.45313752723571166 23.928998947143555 0.5992652142811619 -0.7916392459229586 0.11911552068090223 -6.144542217254639 -0.4278540578574149 -0.190952955021182 0.8834465881668354 0.257538765668869
-0.6849772240012415 -0.5797707045715328 -0.44121665054730347 24.03363037109375 0.6068797063172597 -0.7891238896846848 0.09476554642479476 -6.275339126586914 -0.403116887093346 -0.2028531903854158 0.892382966271 0.3059411644935608
-0.6955566862391551 -0.5776300382309005 -0.42725219152319627 24.141830444335938 0.6123810118486008 -0.7876398004042242 0.06791937239461047 -6.411529541015625 -0.37575310052651534 -0.2143993557652687 0.9015777968052165 0.34833982586860657
-0.7079008787888936 -0.5741753374925668 -0.41133809406035915 24.253469467163086 0.615690533090245 -0.7870224816833358 0.03899718948915573 -6.553526878356934 -0.34612355203447487 -0.22565082570267755 0.9106482260383193 0.381883829832077
-0.7215497167322352 -0.5696062119388945 -0.39359213610570865 24.36812973022461 0.6167566612450395 -0.7871086395298644 0.008438624729060887 -6.701488971710205 -0.3146064638457118 -0.23666168447399644 0.9192464413901354 0.40329709649086
-0.7360541519126793 -0.5641136030375421 -0.37416591015231293 24.484994888305664 0.6155691847738499 -0.7877383148624695 -0.02330077368875476 -6.8551225662231445 -0.2816005401432393 -0.24747563549901047 0.9270690080168772 0.4091799855232239
-0.7509888700506294 -0.5578796352259647 -0.3532506612311202 24.60285186767578 0.6121660988825137 -0.7887609282755766 -0.055757200475053864 -7.013559818267822 -0.24752451280437554 -0.2581211161954704 0.9338656782080393 0.39649200439453125
-0.7659600116566432 -0.5510815616086892 -0.3310806140472187 24.720754623413086 0.6066427355401819 -0.7900369715517459 -0.08846567129497572 -7.17552375793457 -0.21281412537536087 -0.2686088160062403 0.9394463539790049 0.3648846447467804
-0.7806148625751563 -0.5438905939044378 -0.30793417833856557 24.838809967041016 0.5991541097873152 -0.7914421858935954 -0.12096949662182363 -7.3398871421813965 -0.177917927853658 -0.27893061547676234 0.9436858177900179 0.3177935779094696
-0.794647208819995 -0.5364743512862141 -0.2841321592615444 24.957529067993164 0.5899178413880607 -0.7928690080152276 -0.1528256409801711 -7.506108283996582 -0.14329254665418817 -0.28905709910151844 0.9465269354500023 0.2582995593547821
-0.8078045467137165 -0.5289930582349758 -0.26003491813188173 25.077699661254883 0.5792101467244872 -0.7942296109627283 -0.18361626017700935 -7.674017906188965 -0.10939570485190417 -0.29894091290621416 0.9479804377468736 0.18916015326976776
-0.8198888884539252 -0.5216026944259183 -0.23603567475576487 25.195966720581055 0.5673643992544289 -0.7954555842229812 -0.21295082058338363 -7.837723255157471 -0.07668017376380933 -0.30851425039388 0.9481239941355004 0.11580169200897217
-0.8307572173066706 -0.5144536305933562 -0.21255565826905712 25.31342315673828 0.5547649932740208 -0.7964976326297559 -0.24047312417995986 -7.997560977935791 -0.04558780681885602 -0.31769322181077336 0.9470970217907655 0.040928952395915985
-0.8403206188841601 -0.5076881285533907 -0.1900368953758663 25.431299209594727 0.5418371489749705 -0.7973262691431997 -0.2658633568675113 -8.153814315795898 -0.016545738690606993 -0.3263795101720415 0.9450939920828194 -0.03287811204791069
-0.8485377809335307 -0.5014426725904083 -0.16893454482073234 25.55093002319336 0.5290395792112504 -0.7979285305800018 -0.288837642481762 -8.306756019592285 0.010037826277759163 -0.3344627127077512 0.9423555251877022 -0.10278381407260895
-0.8554072092819338 -0.4958476147401154 -0.1497118875207707 25.6735782623291 0.5168537967902991 -0.798304956914331 -0.30914616043137283 -8.456503868103027 0.03377364433912923 -0.3418250118445782 0.9391565376578646 -0.16584685444831848
-0.8609826692320163 -0.4919590745321118 -0.12917086462364674 25.798856735229492 0.5057202732038956 -0.8008397281110166 -0.32078456189419435 -8.602680206298828 0.054367716088590576 -0.3415142732955404 0.9383028043135805 -0.22331267595291138
-0.8654266351830956 -0.4884813388017116 -0.11145725978218327 25.926054000854492 0.4958583421205755 -0.8031263770511431 -0.3303218537035355 -8.745539665222168 0.0718417960876532 -0.3411363424309891 0.9372645049332166 -0.27471068501472473
-0.8689028347547825 -0.4854650676068927 -0.09659985449543179 26.054962158203125 0.4874019466662326 -0.8051192779378236 -0.33796788409380674 -8.884957313537598 0.0862971966002975 -0.3407442096739327 0.936187041905952 -0.3200942873954773
-0.8715471079784369 -0.4829568941167065 -0.08460660139473164 26.18489646911621 0.4804522953464275 -0.8067803247184355 -0.34390565500375947 -9.02104663848877 0.09783266566322246 -0.3403794148775158 0.93518480711401 -0.3602859377861023
-0.8734674291521662 -0.4809983133936985 -0.07546703070032112 26.315229415893555 0.4750821686948091 -0.8080784245431616 -0.34829038570721266 -9.15397834777832 0.1065438088231441 -0.3400733484121617 0.9343439059046716 -0.3961193859577179
-0.8747452348223118 -0.4796228671561545 -0.06915691907949788 26.445175170898438 0.4713388052895076 -0.8089902042003115 -0.3512471781184836 -9.284097671508789 0.11251890856170817 -0.33984813492036103 0.9337251953370618 -0.42882415652275085
-0.8754370414026816 -0.478854569159264 -0.06563755126004897 26.5616397857666 0.4692449972058203 -0.809500007741167 -0.35287231410860287 -9.399858474731445 0.11584092168758658 -0.33971758721377154 0.9333664027595081 -0.478217750787735
-0.875574824421934 -0.4787085842272226 -0.06485998940539237 26.57742691040039 0.4688035078075399 -0.8095988327132678 -0.3532322198450475 -9.409119606018066 0.11658472415306115 -0.33968782942060527 0.9332846193084253 -0.6615838408470154
-0.8751683709979132 -0.4791896631321643 -0.06676517918901739 26.592411041259766 0.4699970468016122 -0.809284634784935 -0.35236508893302326 -9.426193237304688 0.11481767460901585 -0.3397582179260675 0.9334780420283495 -0.8430337309837341
-0.8742063148547695 -0.4802935185680405 -0.07128432569348635 26.60506820678711 0.47279044231853196 -0.8085612604853772 -0.35028257977602173 -9.465188026428223 0.11060070849814031 -0.3399217910988195 0.9339275449497569 -1.0197668075561523
-0.8726572120917687 -0.4820084706140084 -0.07834043936924591 26.61337661743164 0.47713295629965646 -0.8074373195540806 -0.3469713489671328 -9.539681434631348 0.1039881348855342 -0.34016585549944056 0.9345981267664524 -1.183237910270691
-0.8704717211044803 -0.48431601645485195 -0.08784633721850348 26.61362648010254 0.48295778665795547 -0.8059259515060009 -0.3423961696567234 -9.665780067443848 0.0950303060284045 -0.34047225568972656 0.9354399414402279 -1.3086239099502563
-0.8675840238101662 -0.4871925438196736 -0.0997065036789298 26.606996536254883 0.4901837482088913 -0.8040439066930798 -0.33650154398102294 -9.829482078552246 0.08377263647064767 -0.3408178712395309 0.9363895151177801 -1.3757498264312744
-0.8639130621614889 -0.4906122342168062 -0.11381501071279244 26.59918975830078 0.4987162308998706 -0.8018100238814686 -0.32921544107199113 -10.004080772399902 0.07025910662530714 -0.3411749129698613 0.9373704372851863 -1.3958669900894165
-0.8593646291986321 -0.49454850217528673 -0.13005465419768092 26.5931396484375 0.5084471621708888 -0.7992445956995999 -0.3204521173675616 -10.17839241027832 0.05453363514994998 -0.3415111348714182 0.9382943181092852 -1.3840084075927734
-0.8538330125257776 -0.4989763164764455 -0.14829640021508683 26.5908203125 0.519255788650553 -0.7963679656290277 -0.31011528384259934 -10.347527503967285 0.0366416794654308 -0.3417904312813361 0.9390615999019823 -1.344720721244812
-0.8472027790120847 -0.5038738293981833 -0.16840016413831377 26.592758178710938 0.5310093293056322 -0.7931996972108649 -0.2980995346104631 -10.50966739654541 0.016629594841219897 -0.34197281235823795 0.9395626919919787 -1.286265254020691
-0.8393506308299761 -0.5092259239088924 -0.19020903486547586 26.59918975830078 0.5435630987229555 -0.7897560727870085 -0.2842965057870734 -10.664258003234863 -0.0054475895604731706 -0.3420150638717188 0.9396786790455578 -1.2130974531173706
-0.8301478812647476 -0.5158907613338634 -0.21145027217295556 26.60933494567871 0.5567606507303641 -0.7871392036696041 -0.26538547783306193 -10.81331729888916 -0.029530882647691853 -0.3380363832736764 0.9406696181727674 -1.1329723596572876
-0.8194610207998713 -0.5234873152015779 -0.23333380855049113 26.622480392456055 0.5704364260353797 -0.7844113792483779 -0.24351811422898423 -10.959250450134277 -0.055551050769685584 -0.33265570629210867 0.9414107827243549 -1.0505093336105347
-0.8071774652445214 -0.5317520847232653 -0.25632842213435963 26.638343811035156 0.584389806722929 -0.7811549466903231 -0.2197396256017011 -11.10389232635498 -0.08338521091756601 -0.32716459107565304 0.941281167848658 -0.9688454866409302
-0.7932824949606807 -0.5406012844716066 -0.2800948668158828 26.65678596496582 0.5983277701043264 -0.777350516945591 -0.19424225422499417 -11.248884201049805 -0.11272427738044073 -0.3216775171380055 0.9401153185950042 -0.8909759521484375
-0.7778172611346026 -0.5499301184396505 -0.30426497188144663 26.677762985229492 0.6119583898476456 -0.7729969404976678 -0.16728018136145734 -11.39570426940918 -0.14320348241625472 -0.3163109147882776 0.9377847129323769 -0.8200954794883728
-0.7608633065292246 -0.5596286258924551 -0.3284856615731314 26.701337814331055 0.6250237643798097 -0.7681061703678499 -0.13913376658211946 -11.54569149017334 -0.17444862492409444 -0.3111731224327675 0.9342049909615847 -0.7603112459182739
-0.7425456487158645 -0.5695823146096691 -0.35242296528039757 26.72652816772461 0.6373043472252132 -0.7627055694879329 -0.11010623633533746 -11.697711944580078 -0.20608039348997081 -0.3063595945224832 0.929340987077961 -0.7104699611663818
-0.7230324467022855 -0.5796735604574875 -0.37576940312144347 26.752641677856445 0.6486244885297664 -0.7568370344418287 -0.08052314062924264 -11.851131439208984 -0.23771906506463733 -0.30195408029009546 0.923208199433344 -0.6702987551689148
-0.7025338880273568 -0.5897835795703287 -0.39824799490063345 26.77893829345703 0.6588559726861506 -0.7505567290429886 -0.050728727010206684 -12.005451202392578 -0.2689887421974225 -0.2980267198717249 0.9158739710317949 -0.6397915482521057
-0.6812996161308792 -0.5997944370320966 -0.4196158557124207 26.804515838623047 0.6679195067249518 -0.7439349365102227 -0.021079439646914444 -12.160327911376953 -0.2995235643421294 -0.2946310295011055 0.9074569911896129 -0.6199771165847778
-0.6596131114082701 -0.6095921732354366 -0.43966797198385793 26.82785987854004 0.6757870562334996 -0.7370528434482163 0.008059813407268496 -12.315347671508789 -0.3289717280946221 -0.2918055659081856 0.8981242195929476 -0.613193929195404
-0.6377913409371212 -0.6190638911272409 -0.4582380430824452 26.846847534179688 0.6824760588982582 -0.7300050718394451 0.03631837165111107 -12.469475746154785 -0.3569994880337092 -0.28957295072414263 0.8880871982821188 -0.621281087398529
-0.6161742488777784 -0.6281053766463789 -0.47519778076903496 26.857990264892578 0.6880515148110438 -0.7228932355756379 0.06332837377679117 -12.621380805969238 -0.3832941533419645 -0.28793923974841534 0.877597052312148 -0.645353376865387
-0.595121229526907 -0.6366180658393688 -0.4904570933459147 26.86096954345703 0.6926187857588584 -0.7158261785731777 0.08872485380796921 -12.77114486694336 -0.4075658717070245 -0.2868977523722728 0.8669369872738336 -0.6756094098091125
-0.5750050972177492 -0.6445106081160166 -0.5039595362720398 26.85906982421875 0.6963179112346853 -0.7089174835547978 0.11214886537142488 -12.919933319091797 -0.42954685968747564 -0.286429882407991 0.8564154469627301 -0.7036102414131165
-0.5562060938191433 -0.6517001572640051 -0.5156759507874314 26.854537963867188 0.6993154295249837 -0.7022833653527456 0.13325165956606078 -13.068172454833984 -0.4489907696453657 -0.28650476395846 0.8463582627955901 -0.7261654734611511
-0.5391057117602108 -0.6581110941527731 -0.525599485635742 26.848783493041992 0.7017962550041638 -0.6960399149815711 0.15169196819402875 -13.215757369995117 -0.46566838845861924 -0.2870857441697293 0.8370989950327652 -0.7426837086677551
-0.5240813023826989 -0.6636751410545214 -0.5337359793372708 26.842609405517578 0.7039529355886589 -0.6903010053855456 0.1671370289307985 -13.36240005493164 -0.4793631743980381 -0.28813161768533185 0.8289699137610906 -0.7539608478546143
-0.511501695678306 -0.6683300992796513 -0.5400934120270946 26.836532592773438 0.7059741882768156 -0.6851762256590362 0.1792595472451285 -13.507818222045898 -0.48986371656319755 -0.2896004457670752 0.8222926006029742 -0.7623226642608643
-0.501722661122731 -0.6720176392899107 -0.5446711519799271 26.83063507080078 0.7080312468999499 -0.6807696337106586 0.18773507725184976 -13.651908874511719 -0.49695686405283446 -0.29145325234190034 0.8173670393220547 -0.7689022421836853
-0.4952183930285317 -0.6747643742251788 -0.5472218768312734 26.825212478637695 0.7104637572130603 -0.6770593569142147 0.19191632786610788 -13.79466438293457 -0.4999999928929403 -0.29374081516093825 0.8146878792615286 -0.7736279368400574
-0.4918902673908594 -0.6762716481060478 -0.5483617627206319 26.820270538330078 0.7127720215616027 -0.6744800450653412 0.19243885805013852 -13.935979843139648 -0.5000000101251347 -0.29619812081879443 0.8137976794623342 -0.7774609327316284
-0.49236389968722183 -0.6780686024379771 -0.5457112429413562 26.815692901611328 0.7155660480418043 -0.6722858612588255 0.1897286263095615 -14.079651832580566 -0.4955229774436554 -0.2970769111514519 0.8162121585017506 -0.7809677124023438
-0.49639162406202997 -0.6784328229048221 -0.5415941842066389 26.811872482299805 0.7185266617053575 -0.6712016901343855 0.18222987564968351 -14.225601196289062 -0.48714966076105914 -0.2986924772506645 0.8206509684721308 -0.7837514877319336
-0.5037605938166456 -0.6774262924453351 -0.5360213451172142 26.808202743530273 0.7214539348765336 -0.6712087671885083 0.17024397405032832 -14.368614196777344 -0.47510997039492514 -0.3009525031513276 0.8268603914073303 -0.7862289547920227
-0.5142294620553423 -0.6751317380453994 -0.5289283473572498 26.80569839477539 0.7241011644481952 -0.6722576929676751 0.15410093410017617 -14.508716583251953 -0.4596145820130614 -0.3037543917864847 0.8345583894919406 -0.788236677646637
-0.5275328026642816 -0.6716432164323037 -0.5201966281452023 26.803260803222656 0.7261876670470052 -0.6742799883372146 0.1341565114215243 -14.64588737487793 -0.44086348719529506 -0.30698841533262355 0.8434438324568914 -0.7900970578193665
-0.5433824111990451 -0.6670589535248035 -0.5096743153445207 26.80185890197754 0.727412126283669 -0.6771977046158513 0.11079200060696455 -14.780144691467285 -0.41905507243676615 -0.3105408530055526 0.8532040933326563 -0.7918365597724915
-0.561469859092718 -0.6614745695852523 -0.49719512379186576 26.800756454467773 0.7274650209455157 -0.6809324869242538 0.08441321905893366 -14.911491394042969 -0.3943935098745211 -0.31429658293267565 0.8635226791032763 -0.7934930324554443
-0.58147071128183 -0.6549763238172723 -0.48259488928107624 26.80010223388672 0.7260396400741975 -0.6854137075058648 0.05544808927271083 -15.03992748260498 -0.3670943379600569 -0.3181415798066582 0.8740867704271649 -0.7951666116714478
-0.6030451077127724 -0.6476382008280113 -0.46572669978427017 26.800399780273438 0.7228446434493143 -0.690581526442435 0.024347007476703347 -15.165458679199219 -0.33739030735977715 -0.32196570650411427 0.8845936153596079 -0.7969372272491455
-0.6258433340438496 -0.6395171245119733 -0.44647280845401593 26.800575256347656 0.7176133992725802 -0.6963907639367337 -0.008420990919456722 -15.28809928894043 -0.3055341722579187 -0.3256650907904476 0.8947575751135716 -0.7986730933189392
-0.6495108030334706 -0.6306502047992658 -0.4247540887730925 26.801748275756836 0.7101128726302189 -0.7028117345310301 -0.04237185304354146 -15.407825469970703 -0.27180034008013043 -0.32914432243641856 0.9043166426314382 -0.8006628155708313
-0.6736926592844364 -0.6210542693271266 -0.4005368839155928 26.803321838378906 0.7001524637684817 -0.7098279981988441 -0.07701130080674118 -15.524653434753418 -0.23648409736214587 -0.33231883413909985 0.9130385885444494 -0.802769124507904
-0.6980412405254732 -0.610751896232767 -0.3737921183943529 26.80474090576172 0.6875883766801835 -0.7174441877754674 -0.11178578479176096 -15.638593673706055 -0.19990160274487181 -0.3350462037917744 0.9207515357276099 -0.8048714995384216
-0.7222180509134664 -0.5997812718348172 -0.34447570725809185 26.806962966918945 0.6723333369618116 -0.7256972029129387 -0.14605291402136375 -15.749608993530273 -0.1623852547017388 -0.33708455265785453 0.927364563381039 -0.8073016405105591
-0.7459053726648954 -0.587923963513304 -0.31300253698085345 26.809432983398438 0.6543542900854815 -0.7345340250310426 -0.17966699507260953 -15.857722282409668 -0.12428048147786021 -0.3388291297962778 0.932603443444816 -0.8098434209823608
-0.7688089184692335 -0.5751465070665508 -0.27953415228074263 26.811689376831055 0.6336775445685802 -0.7439392013994572 -0.21214908468026195 -15.962952613830566 -0.08593960898039135 -0.34023662358759055 0.9364045191999095 -0.8123562335968018
-0.7906650098271956 -0.5614088598446831 -0.24427225450888518 26.814117431640625 0.6103867083420211 -0.7538992285893756 -0.24303090217447026 -16.065284729003906 -0.04771696254324208 -0.3412565680250526 0.938758246975977 -0.8149996995925903
-0.8112453563396044 -0.5466656147612599 -0.20745524205264648 26.817123413085938 0.5846210178191733 -0.7644014809171858 -0.27186143804461704 -16.164691925048828 -0.00996179409053545 -0.3418290239422438 0.9397093598816555 -0.8179412484169006
-0.8303621459531207 -0.5308644888384773 -0.16935643199592565 26.81985855102539 0.5565702028688218 -0.7754335330681952 -0.29821543399350575 -16.261228561401367 0.02698732752028296 -0.3418855514403008 0.9393540088112015 -0.8208630084991455
-0.8478713936559571 -0.5139473405054958 -0.13027751535561571 26.82232093811035 0.5264685173957752 -0.7869827488338216 -0.3216971451987974 -16.354888916015625 0.06280923507732941 -0.3413448171941235 0.9378372544123587 -0.8237752914428711
-0.8636701151318164 -0.495861178293164 -0.09052968623556555 26.82508087158203 0.4945867377783495 -0.7990106954526176 -0.3420027300564927 -16.445642471313477 0.09725168914710487 -0.34015231943063245 0.9353280218960596 -0.8269534111022949
-0.877675731425218 -0.4766003326346589 -0.05037294313161504 26.82801628112793 0.4612103838534474 -0.8113817455088282 -0.35908863095453564 -16.533512115478516 0.1302700744337092 -0.33839590125706237 0.9319430893136428 -0.830330491065979
-0.8898270308969247 -0.45618723798743044 -0.01005280968502427 26.83064079284668 0.4266203289317826 -0.823935019027203 -0.3729962189657966 -16.61855125427246 0.1618732529706542 -0.3361908510326276 0.9277784011576561 -0.8336645364761353
-0.9000865004456917 -0.43466445351239275 0.030184508745393968 26.832963943481445 0.3910920981191269 -0.8365103905138389 -0.3837933524061665 -16.700780868530273 0.19207098298339342 -0.33364229260565526 0.9229255430860256 -0.836942732334137
-0.9084405704150621 -0.4120949074013433 0.07009648577379045 26.835189819335938 0.35489457437524513 -0.848951659756935 -0.3915749231947304 -16.780202865600586 0.2208745596554083 -0.33084568410336523 0.9174723768088093 -0.8402645587921143
-0.9148998106069427 -0.38856084342094477 0.10944773872211526 26.83783721923828 0.31828856290515395 -0.8611105836192011 -0.39646053208708004 -16.856794357299805 0.24829564489767486 -0.3278857022485164 0.911504382318508 -0.8438870310783386
-0.9194991000043202 -0.3641622979597383 0.14801089769313627 26.840177536010742 0.28152548553210444 -0.8728492121872866 -0.3985945982824482 -16.930633544921875 0.27434432031146216 -0.3248385345501918 0.9051050327912921 -0.8474035263061523
-0.9222967035403837 -0.3390160365885764 0.18557186633300404 26.842905044555664 0.2448453340892853 -0.8840425167029036 -0.39814518838773205 -17.01125717163086 0.2990310234963047 -0.3217715891705938 0.898355993684788 -0.8512023687362671
-0.9233726330573618 -0.3132562242109376 0.221931337385736 26.84603500366211 0.20847765969293178 -0.8945796554708468 -0.3953028021993003 -17.09868049621582 0.3223663225736719 -0.31874406349102075 0.891337296459404 -0.8552758693695068
-0.9228292512646608 -0.2870286285701611 0.2569060906079075 26.850387573242188 0.17263760413525978 -0.9043675641078761 -0.39027626961938644 -17.192834854125977 0.3443579977998815 -0.3158067057089181 0.8841287768082984 -0.860101580619812
-0.9207886505271249 -0.26049032627660207 0.2903326557188246 26.85563087463379 0.13752578146845476 -0.9133316502482046 -0.3832909548715989 -17.293760299682617 0.36501358946199114 -0.31300173573192946 0.8768095534019188 -0.8654632568359375
-0.9173910239145957 -0.23380894574170846 0.322066896982724 26.861419677734375 0.1033282140604989 -0.921415340665457 -0.3745891751845315 -17.401504516601562 0.38433967973655475 -0.3103661496966297 0.8694572236185585 -0.8711340427398682
-0.912793093693324 -0.2071579883521901 0.35198627241363345 26.86809539794922 0.07021418347246364 -0.9285823359651943 -0.3644239478584225 -17.51603126525879 0.40234156701124724 -0.30792923407058465 0.8621489721965904 -0.8773229718208313
-0.9071656836354688 -0.18071719048406032 0.37998910444608847 26.876649856567383 0.03833786380399866 -0.93481540297769 -0.35305859365635783 -17.637224197387695 0.41902342492173217 -0.30571466994438945 0.8549607651510416 -0.884678304195404
-0.9006914747162055 -0.15466794260215105 0.40599592966526726 26.88590431213379 0.007835826559725631 -0.940116699356362 -0.34076266141322703 -17.765228271484375 0.434388613105446 -0.30374071034768685 0.8479670475211933 -0.8923925757408142
-0.8935630721849137 -0.1291927485488471 0.4299468220022719 26.896650314331055 -0.021171035290855178 -0.9445063037525794 -0.3278103559016306 -17.89992904663086 0.44843820454124145 -0.30202164805529214 0.8412408102403218 -0.9010204672813416
-0.8859794775986609 -0.10447349798678064 0.45180267096644133 26.909454345703125 -0.04857711036386568 -0.9480214315847493 -0.31447675526928837 -18.041240692138672 0.46117310158193436 -0.3005672195606321 0.8348525120659875 -0.9109640121459961
-0.8781446991488981 -0.08068905459727932 0.47154126418044107 26.92313003540039 -0.0742919811279438 -0.9507141860394781 -0.30103693793848296 -18.189334869384766 0.4725913550804506 -0.29938572599823476 0.8288700731548543 -0.9213336110115051
-0.8702647479046712 -0.058015592115901654 0.4891558643478174 26.94026756286621 -0.0982371287663327 -0.9526500059335687 -0.2877628063640582 -18.3437442779541 0.48268906667353256 -0.29848309376950116 0.823358432062016 -0.9341351389884949
-0.8625439694545116 -0.036624804369121904 0.5046548567710198 26.95846939086914 -0.12034611577463802 -0.9539051582700266 -0.27492137320294535 -18.50489616394043 0.4914618125303455 -0.29786502434955214 0.818377488750533 -0.9474804401397705
-0.8551697497336599 -0.015940166471978177 0.5181028954110515 26.979930877685547 -0.14059022398948795 -0.9549273027483274 -0.2614349544043213 -18.672252655029297 0.4989179171557731 -0.2964114666450163 0.8143839109304011 -0.9633855819702148
-0.8482573662231967 0.003375956083047818 0.5295734543655024 27.0029296875 -0.15905594181725236 -0.9554365293813962 -0.24868101193347916 -18.84622573852539 0.5051342871165174 -0.2951773047579331 0.810993039880818 -0.9802407622337341
-0.8418834531369275 0.0213254521834568 0.539237866273701 27.02910041809082 -0.1758548569269429 -0.9555195549581248 -0.2367645441949266 -19.02640151977539 0.5102032150324487 -0.29415574987036713 0.8081862868106305 -0.9995318651199341
-0.8361024833222687 0.03792192859925303 0.5472609658231148 27.05726432800293 -0.19109508508412595 -0.9552564396952999 -0.2257604989305044 -19.213024139404297 0.5142132882754257 -0.2933377946190582 0.8059389756110578 -1.020302653312683
-0.8309491273753582 0.05318910091325904 0.5538000246101203 27.087650299072266 -0.20488001410810605 -0.9547200036098702 -0.21571716326299029 -19.40602684020996 0.5172501595294031 -0.29271254542846037 0.8042211376329265 -1.0427966117858887
-0.8264407230649177 0.06716053457450767 0.5590037511999381 27.120351791381836 -0.21730852181075472 -0.9539754169161551 -0.20665892254648177 -19.605308532714844 0.5193965128958421 -0.29226762823705665 0.8029986898347499 -1.067445993423462
-0.8225795578602776 0.0798775106354995 0.5630119486166043 27.154579162597656 -0.2284739617005274 -0.9530801668186725 -0.19858963830411014 -19.811079025268555 0.5207326759626825 -0.2919893472569967 0.8022341935327718 -1.0935626029968262
-0.8193550625785889 0.09139010499673623 0.5659550601730867 27.19011878967285 -0.2384662024744048 -0.952083826663411 -0.19149479701389296 -20.02337074279785 0.521335929803685 -0.2918633853614417 0.8018881546581703 -1.1211251020431519
-0.8167458244367877 0.10175415552423518 0.567954531717656 27.22645378112793 -0.24737026208152302 -0.9510284893623028 -0.18534499145910255 -20.242280960083008 0.5212813172393489 -0.29187480921587927 0.8019194997270009 -1.1499688625335693
-0.8147208689653261 0.11103036120644082 0.569124032670165 27.262470245361328 -0.2552669371348273 -0.9499492108690523 -0.18009799436714724 -20.46805763244629 0.5206425803544961 -0.29200814313924905 0.8022858267863019 -1.1796358823776245
-0.8132412920206946 0.1192837580993035 0.5695700009710993 27.297592163085938 -0.26223372719342486 -0.948874411640865 -0.17570094836240016 -20.700830459594727 0.51949213013746 -0.2922477305077137 0.8029440769682127 -1.2096444368362427
-0.8122629630797158 0.1265823500392813 0.5693907160004396 27.332481384277344 -0.2683447635669821 -0.9478264239727099 -0.1720934568346092 -20.940399169921875 0.517899571997449 -0.2925781582374834 0.8038520104143682 -1.2406160831451416
-0.8117348832898015 0.1329971492349219 0.5686811387287926 27.368099212646484 -0.27367254055699675 -0.9468222080820521 -0.1692071122255393 -21.186504364013672 0.5159358679095408 -0.29298372749695706 0.8049662822916359 -1.2734105587005615
-0.8116031457440537 0.13859874769078928 0.5675303700745021 27.405643463134766 -0.2782857027100509 -0.9458742381701163 -0.1669700369326045 -21.43880844116211 0.51367051841188 -0.2934489950649807 0.8062445570729908 -1.3090875148773193
-0.811810509195157 0.14346030709033275 0.5660237074980583 27.446598052978516 -0.2822527389751666 -0.9449906517649772 -0.1653059569943568 -21.696849822998047 0.5111722689087472 -0.293958854886787 0.8076454068044543 -1.3489422798156738
-0.8122967653199369 0.14765375851623191 0.5642449225706843 27.492767333984375 -0.28563980272003203 -0.9441764512177973 -0.1641363215983208 -21.959985733032227 0.5085114238174284 -0.2944982114746989 0.8091272676689216 -1.3945412635803223
-0.8130008360296612 0.15125151565999123 0.5622745055803505 27.54632568359375 -0.28851260157711817 -0.9434336126288068 -0.16338144721283968 -22.227262496948242 0.5057569765670814 -0.2950525335812494 0.8106502840812496 -1.4477519989013672
-0.8138599596966481 0.15432449400405684 0.560192749464827 27.60984230041504 -0.2909355733876146 -0.942762017069113 -0.1629609502592503 -22.497257232666016 0.5029795802417735 -0.29560739118325463 0.8121747423662227 -1.510762333869934
-0.8148107812005672 0.15694348344802198 0.5580789673894925 27.68625831604004 -0.29297332774572726 -0.9421595817615565 -0.1627942005247236 -22.76788330078125 0.5002499575901195 -0.2961487219254706 0.8136620394445068 -1.5860460996627808
-0.8157903164379585 0.15917722839589782 0.5560114833043072 27.776527404785156 -0.29468932517201746 -0.9416229160735008 -0.16280198265039034 -23.0374698638916 0.4976387859037081 -0.2966629297459277 0.8150746866875737 -1.6749471426010132
-0.816742448517327 0.16184046876085406 0.5538406227979203 27.87542152404785 -0.2961453895889021 -0.9413660692462883 -0.16164105882179042 -23.29973030090332 0.4952067053414752 -0.2960364611716927 0.8167819370197787 -1.77480947971344
-0.8176450021598933 0.16423960273970512 0.5517988794251503 27.980058670043945 -0.29739167836592667 -0.9411618859395134 -0.1605381390619538 -23.55452537536621 0.49296535383497786 -0.29536360193273953 0.8183798033747368 -1.8864727020263672
-0.8184827863918224 0.1664154582247136 0.5499016490647554 28.08493995666504 -0.29847481319379726 -0.9409984311165188 -0.15948272171360311 -23.799760818481445 0.4909161988254274 -0.29466565442906534 0.819861840696763 -2.016735792160034
-0.8192408983763605 0.16840994382061691 0.5481627871808067 28.046249389648438 -0.2994423710925014 -0.9408629141055292 -0.15846527460409798 -23.844213485717773 0.48905890935754803 -0.2939643986662129 0.8212224518940148 -2.1492979526519775
-0.819903152699306 0.17026467677850382 0.5465974387382827 27.885648727416992 -0.30034166915014493 -0.9407423911530447 -0.15747582436601926 -23.596988677978516 0.48739481118067307 -0.29328091197547124 0.8224552296052305 -2.1207897663116455
-0.8204537285214193 0.17202228999092023 0.5452192321457318 27.744895935058594 -0.3012200869084893 -0.9406237359069989 -0.15650382324787818 -23.339996337890625 0.48592400496182914 -0.2926351298026959 0.8235548204019063 -2.0789389610290527
-0.8208761388692217 0.17372388532578192 0.5440426236081809 27.618192672729492 -0.302124363195344 -0.9404935523980437 -0.15554017828688552 -23.07642936706543 0.48464753563694724 -0.29204775219991486 0.824514934149777 -2.0356462001800537
-0.821153698748474 0.17541132810242827 0.5430814570624214 27.506942749023438 -0.3031018290718113 -0.940338027559372 -0.15457579092170987 -22.80603790283203 0.48356580136008676 -0.2915394654229371 0.8253295437919845 -1.9943820238113403
-0.8212694092799223 0.17712625935693666 0.5423493759812275 27.414892196655273 -0.3041994328216563 -0.9401432387523497 -0.15360141828520035 -22.52819061279297 0.4826792542175293 -0.29113051862431333 0.8259925899628568 -1.9581753015518188
-0.8212057750747852 0.17891102087254407 0.5418596881058467 27.337753295898438 -0.30546419425103916 -0.9398951283787502 -0.15260659776187915 -22.245697021484375 0.48198827891805085 -0.29084015242094174 0.8264982182227488 -1.9262359142303467
-0.8209446161722695 0.18080630456835087 0.541626270971139 27.272714614868164 -0.3069428869873049 -0.9395789879261438 -0.15158294618980717 -21.960140228271484 0.4814935111771119 -0.2906895348581027 0.8268395207162731 -1.8979400396347046
-0.8204678963096657 0.18285379505306015 0.5416612601616304 27.21704864501953 -0.3086820118508694 -0.9391799781480052 -0.15052037804102242 -21.672679901123047 0.4811941881245987 -0.2906982254514225 0.8270106982587966 -1.8726314306259155
-0.8197558889215435 0.18509467121125217 0.5419780855972394 27.168325424194336 -0.3107283993311297 -0.9386825171261306 -0.14940881463576883 -21.384105682373047 0.4810905781945476 -0.29088673866463904 0.8270046921520371 -1.849690556526184
-0.8187888890822745 0.18756961511920234 0.542588605298203 27.124530792236328 -0.31312782147948337 -0.9380706715595073 -0.14823758826764455 -21.094961166381836 0.4811815899750609 -0.2912748781545178 0.8268151080048933 -1.8285753726959229
-0.8175458160260495 0.19031864457653166 0.5435049698253482 27.084081649780273 -0.3159262599987017 -0.9373273894988244 -0.14699647321807316 -20.805578231811523 0.48146592500563695 -0.29188384405765044 0.826434743120469 -1.8088393211364746
-0.8160043418946864 0.19338161616987093 0.5447388957441431 27.046010971069336 -0.3191689155918356 -0.9364349924549432 -0.1456732927678992 -20.516157150268555 0.4819420269378377 -0.2927337620320537 0.825856420473686 -1.7902777194976807
-0.8141413078410438 0.19679786085684733 0.5463007713970792 27.008974075317383 -0.32290087249829447 -0.9353743521332358 -0.1442561884674957 -20.226911544799805 0.4826064208096646 -0.2938459176736993 0.8250730993431956 -1.77247953414917
-0.811931179012764 0.20060560167340968 0.5482017449116634 26.972761154174805 -0.3271664046002707 -0.9341251259876787 -0.14273189096847058 -19.937875747680664 0.48345620716655935 -0.2952416663950952 0.8240767283307863 -1.7555160522460938
-0.8093470130107806 0.2048425257182867 0.5504515893226944 26.937278747558594 -0.3320089867691824 -0.9326654337966443 -0.14108586500928377 -19.649059295654297 0.4844867854080523 -0.29694229785981996 0.8228595423926868 -1.739418864250183
-0.806360610396162 0.20954465513103082 0.5530584087666927 26.90279769897461 -0.33747088316628626 -0.9309714583340563 -0.13930379313689525 -19.360414505004883 0.4856912280621254 -0.29897020131340435 0.8214139332334988 -1.7247527837753296
-0.802955410565357 0.2165013796119546 0.5553285165286751 26.868959426879883 -0.3435645119002594 -0.9294619773072798 -0.13440185602430513 -19.07190704345703 0.48705855377619145 -0.2987098682102114 0.8206987144057694 -1.7119072675704956
-0.7991765340054503 0.22409396070477353 0.5577622829402169 26.83574676513672 -0.3501871633265724 -0.9277526921733502 -0.1290112119406266 -18.783641815185547 0.48855482613144213 -0.2984239248799402 0.8199130093631445 -1.7002935409545898
-0.7950867577278119 0.23217895570285432 0.5602945477287886 26.803485870361328 -0.35720654908127747 -0.9258606609213079 -0.12322953319640526 -18.495555877685547 0.49014337594148993 -0.29811905186869725 0.8190753945355632 -1.6905922889709473
-0.7907514369706848 0.2406125265834295 0.5628656828941833 26.772260665893555 -0.36449229082523066 -0.9238072264587597 -0.11715621311543414 -18.207651138305664 0.4917901329406399 -0.29780164605608206 0.8182033028218082 -1.6831297874450684
-0.7862394811138053 0.2492499807455367 0.5654219003861136 26.74175262451172 -0.37191566477353843 -0.9216189581505579 -0.11089289550524552 -17.91999626159668 0.49346349067985923 -0.2974776345808705 0.8173131837247084 -1.677240252494812
-0.7816246159838073 0.25794405149483685 0.5679153334667016 26.712440490722656 -0.3793484478844635 -0.9193286064650031 -0.10454505451126879 -17.63252830505371 0.4951340371816651 -0.2971527883657574 0.8164205445667331 -1.6740529537200928
-0.7769838896914298 0.266548021150194 0.5703053459164589 26.684383392333984 -0.38666539545175543 -0.9169748382454701 -0.09821923429161732 -17.345279693603516 0.4967755097829538 -0.2968321048094524 0.8155395725740576 -1.673799991607666
-0.772398204661815 0.2749133435675729 0.5725588764168303 26.657270431518555 -0.3937424009534084 -0.9146028818096261 -0.09202440044343055 -17.05829620361328 0.4983652627608098 -0.29652018837513416 0.8146826638387026 -1.6757216453552246
-0.767952939920402 0.2828914700068968 0.5746483257305709 26.631765365600586 -0.40045769301845974 -0.9122638233993786 -0.08607178759082643 -16.77155876159668 0.4998819042233319 -0.2962214251435643 0.8138617506161421 -1.6814980506896973
-0.7637366359086648 0.2903337546265001 0.5765523930185308 26.607572555541992 -0.40669145781996024 -0.9100143100511355 -0.08047368289342213 -16.485132217407227 0.5013067016380199 -0.2959396330784959 0.813087525710593 -1.690228819847107
-0.7598406203845456 0.2970915727290567 0.5782549861670063 26.584415435791016 -0.41232569657616186 -0.9079156829084416 -0.0753434315111871 -16.19989013671875 0.5026228720985664 -0.2956783897113106 0.8123697054304244 -1.700958251953125
-0.7563591172466583 0.30301640452561873 0.5797429985314377 26.562522888183594 -0.4172437848249205 -0.9060328871028219 -0.07079570264571793 -15.915855407714844 0.5038139634655152 -0.2954411380909775 0.8117179461738397 -1.7141183614730835
-0.7533875839212502 0.30796030482157205 0.5810056790148489 26.5418643951416 -0.4213305351809819 -0.9044328993070742 -0.06694558069885644 -15.633034706115723 0.5048640693467982 -0.2952314029794326 0.8111415968728192 -1.7294180393218994
-0.7510228385867141 0.31177687783256464 0.5820308190896187 26.52206039428711 -0.4244723114443855 -0.9031826577961135 -0.06390886850359181 -15.351407051086426 0.505754834616749 -0.29505298694527204 0.8106514554088324 -1.745906949043274
-0.7493604932718358 0.3143202467229626 0.5828049704861883 26.50311279296875 -0.4265556761399067 -0.9023474371408606 -0.06180095337571802 -15.070966720581055 0.5064672805583968 -0.29490996114973217 0.8102586059638279 -1.7634512186050415
-0.7484959842084729 0.3154448358097736 0.5833080808498496 26.48506736755371 -0.427466576383383 -0.901988429035774 -0.06073878464906972 -14.791692733764648 0.5069774035387171 -0.2948074446931787 0.8099768409372081 -1.7818435430526733
-0.7485211591387602 0.31500632322156996 0.5835127167868707 26.467660903930664 -0.427090051699917 -0.902160081251614 -0.06083810923297761 -14.513547897338867 0.5072574908865607 -0.2947510884229425 0.8098219766176771 -1.80025053024292
-0.7495242393580877 0.3128625645897929 0.5833784623149688 26.450706481933594 -0.42531029181686186 -0.9029066932623044 -0.06221461996015551 -14.236498832702637 0.5072716927735429 -0.2947482297494397 0.8098141211230117 -1.8180569410324097
-0.7515872916215118 0.3088742436444481 0.5828492469636645 26.43402862548828 -0.4220098121835795 -0.9042593893008914 -0.06498211509299097 -13.960508346557617 0.5069756024640836 -0.29480783312905523 0.809977826876718 -1.8344759941101074
-0.7547854182633738 0.3029029789541109 0.5818494287336795 26.417308807373047 -0.4170662507826228 -0.9062338658229747 -0.06925260207149465 -13.685558319091797 0.5063148376604325 -0.29494061398232674 0.810342717242907 -1.8486932516098022
-0.7591510482071219 0.3017676500880619 0.5767373504172912 26.399213790893555 -0.41040289079532705 -0.9096376721354117 -0.06425552629080487 -13.411577224731445 0.5052317816931822 -0.2854743259776586 0.8143987082349372 -1.86150324344635
-0.7645780652210359 0.29959558158460087 0.5706687915751503 26.37989616394043 -0.40212550138185654 -0.9136755235925322 -0.05909415137137132 -13.13872241973877 0.5037017602919887 -0.2746625658565376 0.8190512875246918 -1.8715460300445557
-0.7709238749211214 0.29642968796900837 0.563742688792679 26.35877799987793 -0.3923867145027381 -0.9182275576058863 -0.05376633458657222 -12.86708927154541 0.501706134463542 -0.26265489248008467 0.8241986181121183 -1.8786489963531494
-0.7780425650446717 0.2923150696302802 0.5560590499629984 26.335371017456055 -0.3813386890473124 -0.9231744094230886 -0.048268147074535375 -12.596784591674805 0.49922997828093724 -0.24960150210560872 0.8297400309327245 -1.8828645944595337
-0.7857892993207789 0.28729913216677105 0.5477174323765674 26.309383392333984 -0.3691345291784093 -0.9283990467659959 -0.042601752689582606 -12.327906608581543 0.4962608955390235 -0.23565741791891565 0.8355780663340776 -1.8844735622406006
-0.7940198819828714 0.28143569163683235 0.5388194303185484 26.280780792236328 -0.355929272477144 -0.9337891587835863 -0.036771727347700095 -12.060525894165039 0.4927948660546274 -0.22097909043875727 0.8416183586276276 -1.8839181661605835
-0.8025936456410554 0.2747865124175173 0.5294674801817553 26.249731063842773 -0.34188070965613326 -0.9392388916495358 -0.03078773746104478 -11.79467487335205 0.48883639424823777 -0.20572476031428277 0.8477713740460998 -1.881708025932312
-0.8113756092990665 0.2674212664471142 0.519764838062744 26.216527938842773 -0.32714925959104496 -0.9446506660306409 -0.024667410016009764 -11.530354499816895 0.48439961042882773 -0.19005521676525589 0.8539531790424529 -1.8782910108566284
-0.8202377749703872 0.2594181705997751 0.5098158542790666 26.18144416809082 -0.31189681555909343 -0.9499371119127419 -0.018435288307369888 -11.267560958862305 0.47951055145400645 -0.17413126133335433 0.8600860043453386 -1.8739346265792847
-0.8290596875878349 0.2508670293923839 0.49972569273612744 26.14413070678711 -0.29628902146125347 -0.9550213933619582 -0.012122457775412154 -11.006370544433594 0.47420760240457405 -0.15811347755591415 0.8660988846759249 -1.8686455488204956
-0.8377301791485501 0.2418666603596123 0.48960051628876583 26.10501480102539 -0.2804933943825099 -0.9598386150301967 -0.00576964510966653 -10.746747970581055 0.46854199667854307 -0.14216311653660973 0.8719277754751723 -1.8627245426177979
-0.8461488274071765 0.2325250580808876 0.4795458885674445 26.06422233581543 -0.2646774075207474 -0.9643368388136819 0.0005755475052942466 -10.488686561584473 0.46257759546432453 -0.12643796372654265 0.877516614944201 -1.8562819957733154
-0.8542252513082984 0.22296120668047306 0.46966745718951164 26.02176284790039 -0.24901160000648312 -0.96847622637771 0.006857259175626032 -10.232200622558594 0.4563906693716313 -0.11109500104315144 0.8828167746784926 -1.8493725061416626
-0.8618804406958737 0.2133007378039137 0.46007053937216275 25.97737693786621 -0.23366480257240876 -0.9722301458883754 0.013011666483023196 -9.977346420288086 0.4500698456736287 -0.09628779090920225 0.8877870213835872 -1.8419973850250244
-0.8690458048010467 0.20367894755585533 0.45085948529474273 25.9304141998291 -0.21880673169429002 -0.9755838010290526 0.018970011464650008 -9.724273681640625 0.4437150023640898 -0.08216528155033061 0.8923933343457867 -1.8341366052627563
-0.8756633502149762 0.1942371865280394 0.44213754925357274 25.881383895874023 -0.2046066294030593 -0.9785337168216717 0.024655470944264467 -9.472904205322266 0.43743550872626125 -0.06887438139712 0.8966083288106135 -1.8259353637695312
-0.88168537523614 0.18512213006076395 0.4340054101695883 25.830078125 -0.1912315062045266 -0.9810867674750052 0.02998775950605441 -9.223294258117676 0.4313483628454559 -0.056555739295057056 0.9004110384837217 -1.817403793334961
-0.8870719207898459 0.17648424597766207 0.42656385016537607 25.776107788085938 -0.17884729155229293 -0.9832583212332691 0.034881514157828176 -8.975545883178711 0.42557849293711086 -0.045347377512152766 0.9037845770437487 -1.8085583448410034
-0.8917905512485612 0.1684764568982361 0.41991105745717605 25.716501235961914 -0.16761830701067376 -0.9850703949492378 0.03924818657502279 -8.730395317077637 0.42025434662673333 -0.03538361860478765 0.906716209006858 -1.7995425462722778
-0.8958129905767911 0.16125388446786604 0.41414522894497996 25.6501407623291 -0.15770836580841974 -0.9865491317166573 0.042998628619377796 -8.488309860229492 0.41550831191193205 -0.026795437170041014 0.9091946146337222 -1.790576457977295
-0.8991314601226594 0.15494382818942684 0.4093348598930954 25.57588005065918 -0.14924032085550196 -0.9877274093166519 0.04606399369965662 -8.249865531921387 0.4114485922307202 -0.019671679913534246 0.9112206543756227 -1.7818175554275513
-0.9018029819570181 0.14956502353543893 0.40544011329452045 25.492225646972656 -0.14218162269435475 -0.988653570179086 0.04846136956532736 -8.01587963104248 0.4080879413820385 -0.013943525629864648 0.9128361354545399 -1.7734637260437012
-0.90389397677474 0.14510493228135046 0.4023931378365822 25.39773941040039 -0.13646299973744852 -0.9893706236395656 0.05023563258997074 -7.787338733673096 0.4054053877947395 -0.009504088945401206 0.9140876018414839 -1.7657296657562256
-0.9054629593958833 0.1415423798045234 0.4001282093046194 25.290721893310547 -0.13201418993493574 -0.9899124664098019 0.05143503185850961 -7.565613269805908 0.40337213936744803 -0.0062500852582381 0.9150146739896542 -1.7588757276535034
-0.9065612876592799 0.13885283647205676 0.3985806336504728 25.16759490966797 -0.128766889004497 -0.990304622816575 0.052113744101000406 -7.353790760040283 0.40195238525682575 -0.004079685255663389 0.9156514818174888 -1.7534013986587524
-0.9072351987133084 0.13700679570398627 0.39768509168254024 25.03087043762207 -0.12665295169713048 -0.9905658806635035 0.05232844247388285 -7.152052402496338 0.40110263529678863 -0.002893785801386651 0.9160285486608523 -1.7492724657058716
-0.9075249070027961 0.1359724474265085 0.39737895856526156 24.881088256835938 -0.1256050147607719 -0.9907092227630595 0.05214035096891037 -6.961397647857666 0.4007766503135041 -0.0025941227920563067 0.9161721165209228 -1.746586561203003
-0.907467501776597 0.13571432560349214 0.3975982332019743 24.720048904418945 -0.12555574682881368 -0.9907432057286476 0.05161060686314172 -6.781569004058838 0.4009220468589886 -0.003085794632221403 0.916106975311228 -1.745213270187378
-0.9070954754885958 0.1361969055514283 0.39828156028911704 24.54973602294922 -0.12643860663006737 -0.9906725705258954 0.050804889145259435 -6.611912727355957 0.40148608581315165 -0.00427328045304062 0.9158551533799459 -1.744946837425232
-0.9064398140583493 0.13738134519763656 0.39936603446156144 24.374176025390625 -0.12818606376055264 -0.9904996671614511 0.04978697028972834 -6.459111213684082 0.40241172516148277 -0.006064267865338854 0.9154387080016974 -1.7458611726760864
-0.9055290197311168 0.13923018558080175 0.40078940835298854 24.1990909576416 -0.1307312229747225 -0.9902247160636968 0.048624675177370805 -6.317773342132568 0.40364160063642657 -0.008364635061193112 0.9148789488866583 -1.747266173362732
-0.9043899579187185 0.1417043874034978 0.4024905844940706 24.025741577148438 -0.13400636252250822 -0.9898469793549387 0.04738409295734363 -6.186529636383057 0.4051186231454502 -0.011082601341899999 0.9141969575142064 -1.7490200996398926
-0.9030496211181716 0.1447650622542056 0.40440630379466486 23.853002548217773 -0.13794309735176125 -0.9893652227411429 0.04613196205854647 -6.067422866821289 0.406783829191045 -0.014125607275605134 0.9134152306195502 -1.7512097358703613
-0.9015339026928967 0.14837446382340347 0.40647464961597884 23.68354034423828 -0.14247333357533004 -0.9887781382356332 0.04493487028142324 -5.957260608673096 0.4085804345722492 -0.0174014893728422 0.9125564183393591 -1.753520131111145
-0.8998690886326018 0.1524956994688205 0.4086327017836996 23.518478393554688 -0.14752842660904256 -0.9880848690087566 0.04385949131270028 -5.854330539703369 0.41045217342071794 -0.02081713907970216 0.911644481173854 -1.7558705806732178
-0.8980826836125866 0.1570912197340809 0.41081606842682394 23.356170654296875 -0.15303804258517817 -0.9872856071754867 0.04297077362379313 -5.761712074279785 0.41234312279570196 -0.024279179281614674 0.9107050403596653 -1.7582931518554688
-0.896202030304397 0.16212559186972325 0.4129615155667274 23.19964599609375 -0.15893278149207402 -0.9863814224234596 0.042332735147462636 -5.6744513511657715 0.4142007868721029 -0.027694439130708095 0.9097641046973475 -1.7606146335601807
-0.894256420053139 0.16756419438844705 0.41500324812306594 23.04740333557129 -0.16514250472545727 -0.9853746589178033 0.04200874546597925 -5.595326900482178 0.4159728456603227 -0.030968085532913407 0.9088495856585289 -1.7628451585769653
-0.8922758773281199 0.17337276585159808 0.41687605208179174 22.901020050048828 -0.17159656374508406 -0.9842690396981806 0.04206039470215055 -5.52161169052124 0.4176103184180356 -0.03400502246122376 0.9079896917907154 -1.7649285793304443
-0.8902919335705234 0.17951832607743004 0.4185133732888548 22.759967803955078 -0.17822434439844906 -0.983069515012119 0.04254893321318565 -5.454366207122803 0.41906605217197185 -0.0367082995546594 0.9072133953270332 -1.766842007637024
-0.8883365649899716 0.18594988765963386 0.41985805527724185 22.62501335144043 -0.18494275574418603 -0.9817852853916832 0.04351816271532637 -5.392205715179443 0.4203026580924326 -0.03899093058316021 0.9065458526366413 -1.7686816453933716
-0.8864380834697502 0.19254089338164315 0.4208984777238749 22.4959659576416 -0.19161404859266562 -0.9804403284835709 0.044953516713997506 -5.335597038269043 0.42132123202659044 -0.04080155216198022 0.9059931858379342 -1.7704497575759888
-0.8846271938242417 0.19914678081369733 0.42163406840314616 22.373517990112305 -0.19808793804431793 -0.9790650845834822 0.04682658380545658 -5.283132076263428 0.4221325582657635 -0.042096553791019384 0.9055561735259285 -1.7721953392028809
-0.8829384186162733 0.20562332351668597 0.4220649212589774 22.25722312927246 -0.204216069004186 -0.9776933564239515 0.04910700525327812 -5.235904216766357 0.42274761512263087 -0.04283397752275924 0.9052346128367538 -1.7739477157592773
-0.8814092913531307 0.21182722934649223 0.4221929488086703 22.146484375 -0.2098511570730176 -0.9763620019869016 0.051766137109554466 -5.1909356117248535 0.4231786301214744 -0.042970524589747344 0.9050267294533318 -1.7756868600845337
-0.8800816175729391 0.21761332757537005 0.4220198882419806 22.040372848510742 -0.2148451741703532 -0.9751109304524297 0.05477430463189421 -5.150583267211914 0.42343582458964163 -0.04246307777083093 0.9049303782503485 -1.7775726318359375
-0.8789980183657012 0.22284017613722876 0.4215503998436009 21.939882278442383 -0.21905453294409452 -0.9739810470361155 0.05810362820923558 -5.11241340637207 0.42352992256252153 -0.041269551894360754 0.9049415609754166 -1.779451847076416
-0.8782037290309175 0.22736339831632937 0.420789847099762 21.844818115234375 -0.22233335430891124 -0.9730147465654377 0.06172667598328217 -5.0769758224487305 0.4234691132514143 -0.0393470211356224 0.905055645830583 -1.7814077138900757
-0.8777438722778051 0.23103878514727172 0.4197460832889769 21.75505828857422 -0.22453714724590174 -0.9722538517856901 0.06561643997171102 -5.044654846191406 0.42325968882641796 -0.03665416000349376 0.9052666504235102 -1.7834981679916382
-0.877662393299558 0.2337212353224696 0.4184293339944408 21.671024322509766 -0.225520913164952 -0.9717383971747884 0.06974815539797294 -5.014337539672852 0.4229054753877498 -0.033149232502614576 0.9055672737414651 -1.7855803966522217
-0.8780014733684458 0.2352648418469748 0.4168499333735781 21.592636108398438 -0.22513980167809863 -0.9715047725729973 0.07409822243640773 -4.986329078674316 0.42240440630181053 -0.028791162856107205 0.9059501015388255 -1.7877395153045654
-0.8787980051490598 0.23552192023677512 0.4150222779972358 21.519792556762695 -0.22324801749209602 -0.9715839121460017 0.0786449257417105 -4.960944175720215 0.4217515724118661 -0.023539896921025295 0.9064058055976173 -1.7900652885437012
-0.8800832664467532 0.23434158580639763 0.4129618206107629 21.452762603759766 -0.21969750439119312 -0.9719993787250311 0.08336794541330203 -4.937480926513672 0.4209352096043937 -0.017355947680734722 0.9069246497892802 -1.7923781871795654
-0.8818797144921574 0.23157062543421195 0.4106862727231563 21.39156150817871 -0.21433915142615625 -0.9727646010965086 0.08824828054679398 -4.91593599319458 0.41993677778106797 -0.010201778744821817 0.9074960200338598 -1.7946832180023193
-0.8841987794862104 0.22705255668016375 0.4082152065517612 21.336162567138672 -0.207021204880229 -0.9738803694894401 0.09326975207992158 -4.896467685699463 0.41872991185850844 -0.0020402029587290454 0.9081085279232064 -1.7970784902572632
-0.8870381784033727 0.22062618750692797 0.4055704075015633 21.286561965942383 -0.19758868483492187 -0.9753321316170489 0.09841719697567852 -4.879127025604248 0.4172792610231572 0.007163687702674573 0.9087500755975024 -1.7995983362197876
-0.8903782361446467 0.2121279157398858 0.4027757986321916 21.24286651611328 -0.1858851379954207 -0.9770862234973284 0.10367848052586541 -4.86367130279541 0.41553978398267866 0.017443027706816425 0.9094077351287749 -1.802099585533142
-0.8941796336670679 0.2013883783737377 0.39985685412535377 21.205097198486328 -0.1717502895830496 -0.9790871735073258 0.10904194010367946 -4.8501057624816895 0.41345449660532996 0.028827551568457725 0.9100683224392556 -1.8045849800109863
-0.8983787470354898 0.18823577435862565 0.39684117745837877 21.17327308654785 -0.15502295505665414 -0.9812532904487132 0.11449831173024497 -4.838441848754883 0.4109543895378738 0.04134335781213642 0.9107179675862181 -1.8070586919784546
-0.9028845583474817 0.17249472475168517 0.39375759577500613 21.14742088317871 -0.1355406062616419 -0.9834730820868961 0.12003933049100146 -4.82869291305542 0.40795614758439336 0.05501151464322438 0.9113426989364424 -1.8095232248306274
-0.9075528676747107 0.15407822855262168 0.39065034476049715 21.127548217773438 -0.11323789315416048 -0.9855897297454266 0.12565852209199307 -4.8208794593811035 0.4043822102039309 0.06980533007172915 0.9119222795634291 -1.8119747638702393
-0.9121370559885964 0.13326335075233744 0.38761691196168874 21.11362075805664 -0.08843935735590958 -0.9873833351504984 0.1313492654625529 -4.815028190612793 0.40023052252786745 0.08552794171110371 0.912414653556009 -1.8143889904022217
-0.9163851858986886 0.1104301287376327 0.38476405462622904 21.1055850982666 -0.06157420825060658 -0.9886419521831961 0.13709743710846692 -4.81117582321167 0.3955335737250844 0.10194251836397306 0.9127764868826729 -1.8167791366577148
-0.9200737738836394 0.08597633836954022 0.382194086626264 21.10340118408203 -0.033082650573966324 -0.9891868502435223 0.14288076685229706 -4.80933141708374 0.39034572988892635 0.11881685295388844 0.9129692035395366 -1.819057822227478
-0.9230160700891815 0.06031359157693454 0.38000474342857066 21.093814849853516 -0.00341134210812968 -0.9888813922304295 0.1486672621844789 -4.8050336837768555 0.38474627626806784 0.13592594590988882 0.9129591667354886 -1.821610689163208
-0.9250686721236666 0.03386786958268064 0.3782868214269257 21.076772689819336 0.026986723663686395 -0.9876372056861943 0.154416536323885 -4.798293113708496 0.3788398983756279 0.15305462212653495 0.9127182555665507 -1.824410080909729
-0.9261346501427431 0.007075669680796086 0.3771266958245563 21.052221298217773 0.057656883497166043 -0.9854186918070363 0.16008024744703472 -4.789114475250244 0.3727603701982996 0.16999981392895083 0.9122224343183789 -1.827431559562683
-0.9261674533379614 -0.019619621441698334 0.3766018040742233 21.02010154724121 0.08814591752061128 -0.9822452636237105 0.16560356069009305 -4.777494430541992 0.3666662591539134 0.18657253962808187 0.9114529838970318 -1.8306503295898438
-0.9251693310326996 -0.04577250133526026 0.3767845366227507 20.980365753173828 0.11800725429597797 -0.9781914197603154 0.17092640006980517 -4.763424873352051 0.3607436719473146 0.20259917183644235 0.9103941886464105 -1.834045648574829
-0.9231908321657144 -0.07093971633354709 0.3777383274856973 20.932950973510742 0.14680404049469412 -0.9733846280767141 0.1759856230445814 -4.746889591217041 0.3552003112324203 0.21792182651233713 0.909034001800768 -1.8375972509384155
-0.9203255205930869 -0.09468418122150299 0.379520542225948 20.877811431884766 0.17411258377819586 -0.9680010988662968 0.18071712913756433 -4.7278523445129395 0.3502652485119595 0.23239788815747864 0.9073618226842033 -1.8413066864013672
-0.9167040662887757 -0.11657747295523321 0.3821823486884188 20.81499671936035 0.19952330673988913 -0.9622597766825153 0.1850582941845518 -4.706019878387451 0.34618507321547587 0.24589797676737377 0.9053673730063989 -1.845516324043274
-0.912486140770569 -0.136203604554814 0.3857688699310884 20.744359970092773 0.222642560017698 -0.9564141485153362 0.188950435269279 -4.681607246398926 0.34321907489298853 0.2583032222523755 0.9030393745588511 -1.8498793840408325
-0.9078500698395102 -0.15315886138556745 0.3903211675933973 20.665843963623047 0.24309037847000303 -0.9507427826580601 0.19234143890207173 -4.654578685760498 0.3416362372285866 0.2695005090954101 0.9003633472157825 -1.8543813228607178
-0.9029810507054841 -0.16705193518618833 0.3958773459259439 20.579416275024414 0.260498130677361 -0.9455379126730106 0.19518908681472583 -4.624919891357422 0.3417103246617236 0.2793773552894285 0.8973195347093831 -1.8593523502349854
-0.8980576209361187 -0.17750255851603058 0.4024740379189961 20.485021591186523 0.2745037370643158 -0.9410930006014636 0.1974630663102809 -4.592592239379883 0.3437153005268799 0.2878138390334915 0.8938808568509116 -1.8647204637527466
-0.8932367717438568 -0.18413891677563343 0.4101474477956788 20.382612228393555 0.2847457937992777 -0.9376883651583173 0.1991490968102574 -4.55754280090332 0.3479193908338998 0.2946750569278276 0.8900105102224072 -1.870231032371521
-0.8886368266513023 -0.18659492723764787 0.4189354645387278 20.27198600769043 0.29085677250496644 -0.9355756264622326 0.20025130475928174 -4.520299434661865 0.3545799320422646 0.2998009010976742 0.8856593540938442 -1.8766109943389893
-0.8843199436240278 -0.18450569228844577 0.42887747297096135 20.15323257446289 0.2924540545081411 -0.9349604719587968 0.20079726560970199 -4.480356216430664 0.3639352460404811 0.3029959824613939 0.8807636296428849 -1.8831942081451416
-0.8802707883116972 -0.1775075073792445 0.44001639068233656 20.026037216186523 0.2891349039270904 -0.9359830153700189 0.2008402406638646 -4.438612461090088 0.37619721766139547 0.3040178938201735 0.8752421228785611 -1.8906158208847046
-0.8763684112092065 -0.16539390807373558 0.4523530291782597 19.890525817871094 0.28062448833599685 -0.9386486400079883 0.20047101325955757 -4.394557476043701 0.3914438713031675 0.3026278007441657 0.8690155981545663 -1.8984637260437012
-0.8723655971228669 -0.14859676111591832 0.4657223073273629 19.74635887145996 0.267251325675234 -0.942681265778775 0.199821820816839 -4.349611759185791 0.40933481879910244 0.29878258606482677 0.8620753867169161 -1.9074110984802246
-0.8679671682489449 -0.12771068076145914 0.47991976085732546 19.59389877319336 0.2494913382086998 -0.9477030565014768 0.1990301204757482 -4.302823066711426 0.4294031520619521 0.2924874334346748 0.8544378469391772 -1.9169002771377563
-0.8628739627348011 -0.10333806852573567 0.49474212275458346 19.432537078857422 0.22782420397173053 -0.9533116138624057 0.1982248696801252 -4.256839275360107 0.4511592363223746 0.28375730910132635 0.8461306831764146 -1.9280166625976562
-0.8568077582755094 -0.07609417018924104 0.5099903358124613 19.262638092041016 0.20274583803632645 -0.9591042713201785 0.19751739643468622 -4.210830211639404 0.47410398703010703 0.2726328556843436 0.8371957569670047 -1.9402376413345337
-0.8495366189875502 -0.04660395156401077 0.5254670348345567 19.084144592285156 0.17477203307572514 -0.9647000492158069 0.19699886166574032 -4.165438652038574 0.4977371489589455 0.2591946888762175 0.8276930855121247 -1.9537866115570068
-0.8408922013829593 -0.015503906488721506 0.5409805306449668 18.8964786529541 0.14444588813476755 -0.9697586121001157 0.19673235539335032 -4.124224662780762 0.5215704085301226 0.24357311662259906 0.8177019296812714 -1.9697203636169434
-0.8307847853730211 0.016567985193192677 0.5563471418631908 18.699993133544922 0.11233371204862018 -0.973996850329074 0.1967518047856774 -4.086988925933838 0.5451401448527534 0.22595494554375606 0.8073206209767204 -1.987793207168579
-0.8192136207644131 0.048976943174877254 0.5713932993930761 18.49474334716797 0.07902355687860764 -0.9772018633626812 0.19705784860988748 -4.054708003997803 0.5680178879333944 0.2065860045543955 0.796666744448353 -2.008068084716797
-0.8062712566146328 0.08110125292901589 0.5859601074564756 18.280847549438477 0.04511871164340893 -0.979240476070729 0.19761678037153382 -4.02854585647583 0.5898228230720642 0.18577049496116413 0.7858742651246345 -2.030508279800415
-0.7921466310103503 0.11234181788852997 0.59990251785807 18.05847930908203 0.011229283739453921 -0.9800646268753342 0.19836136300804794 -4.009641170501709 0.6102275134453138 0.1638677610184874 0.7750933742028357 -2.054885149002075
-0.7771188034421234 0.1421306377496404 0.6130948108975993 17.82788848876953 -0.022035736311112414 -0.9797129451485883 0.19919079153792865 -3.9991185665130615 0.6289680370749453 0.14128491398999368 0.7644853049058108 -2.0807552337646484
-0.7615502375812825 0.16993890996441402 0.6254294544710851 17.589372634887695 -0.0540775724052629 -0.97830768975318 0.19997419916716574 -3.99810791015625 0.6458458421346737 0.11846869227733758 0.754220337267202 -2.1074252128601074
-0.7458763125350473 0.19528043615420526 0.6368155758573623 17.35968780517578 -0.084313810816793 -0.9760479493507997 0.20055318963718494 -4.006703853607178 0.6607266512746935 0.09589552556570081 0.7444758830692957 -2.13200306892395
-0.7305886743772262 0.217713314479346 0.6471793426633338 17.139169692993164 -0.11218284656883683 -0.9731988249805795 0.20074624776600936 -4.024148464202881 0.6735393068020902 0.07406051414104953 0.7354317388022652 -2.1537022590637207
-0.7162206949850705 0.2368369126933344 0.6564573046748681 16.92068862915039 -0.13714559658277292 -0.9700770811418475 0.20035354247247203 -4.050811290740967 0.6842653004595936 0.05346712475160084 0.7272704209286521 -2.172419309616089
-0.7033259122367541 0.25228514065555785 0.6645937623697226 16.70456886291504 -0.15868290530055962 -0.9670335514273221 0.19916286295199387 -4.0859551429748535 0.6929302971740458 0.03461673321193742 0.7201730938045535 -2.1877734661102295
-0.6924593969440707 0.2637160372938838 0.6715309637372392 16.49085807800293 -0.17629053068030587 -0.9644324044120058 0.19695630508448775 -4.127285003662109 0.6995867582911434 0.017999694277641656 0.7143209213159036 -2.2005302906036377
-0.6841561280698149 0.2707936740596467 0.6772009882699498 16.279315948486328 -0.18946735989766988 -0.9626287357399245 0.1935149520351373 -4.172074317932129 0.7042957560272004 0.0040869569403751554 0.7098949111136392 -2.2116479873657227
-0.6789053240966356 0.27317472943225907 0.6815153175922418 16.069416046142578 -0.1977059150165003 -0.9619412551361828 0.1886303073064177 -4.217044353485107 0.7071067331603699 -0.006677489546023513 0.7070752994219442 -2.222263813018799
-0.6779725110908772 0.27062432280929793 0.6834586674475193 15.860447883605957 -0.20088113655664094 -0.9625834462944667 0.18187874503520013 -4.258094787597656 0.7071068117200131 -0.013985164420772925 0.7069684377645734 -2.2338452339172363
-0.6787234145758222 0.26328179402337615 0.6855780214113989 15.651935577392578 -0.1983293779435348 -0.9645542901336847 0.17407032839985623 -4.291539669036865 0.7071067701210805 -0.017824654850396998 0.7068820957758071 -2.2477245330810547
-0.6829452869657728 0.2514417117691685 0.6858300085253111 15.44378662109375 -0.19085249376739766 -0.9676977216176603 0.1647314335479249 -4.3137125968933105 0.7050964903004435 -0.01838981127090049 0.7088728759145867 -2.2651312351226807
-0.6900982131694166 0.23531917543166986 0.6843897587300222 15.236433982849121 -0.17855656373333606 -0.9717886747090633 0.15409193767016485 -4.323173522949219 0.7013430043339152 -0.01586371272312584 0.7126474113406407 -2.2855546474456787
-0.6995280687201159 0.2150917660851056 0.68146607636411 15.03051471710205 -0.16152391247981795 -0.9765379743314165 0.14242054060389517 -4.318413734436035 0.6961109873934737 -0.01044590116188382 0.71785818681617 -2.307265043258667
-0.7107727073775979 0.19092585763382158 0.6770151219388743 14.82662296295166 -0.13990652698802786 -0.9816016211554558 0.12994006715070122 -4.301610469818115 0.6893680600037018 -0.0023609811033133005 0.7244074154886613 -2.3283441066741943
-0.7233287714136117 0.16298229209421503 0.670993487978081 14.625263214111328 -0.11386562362066019 -0.9865953333388847 0.11689425987367089 -4.273168087005615 0.6810507383468234 0.008149889425699663 0.7321908706748506 -2.3472845554351807
-0.7366617334996854 0.13143082352133814 0.6633667379555155 14.426928520202637 -0.08358363629302587 -0.9911064379987675 0.10354614575845168 -4.233570098876953 0.6710761999514465 0.020831879077467308 0.741095652849771 -2.3626646995544434
-0.7502190111058001 0.09645696611658322 0.6541158070731968 14.232131958007812 -0.04927187065013756 -0.9947068063585117 0.0901701289046794 -4.183385372161865 0.6593509825108866 0.035417835501830225 0.7510005717642924 -2.373173236846924
-0.7634392734522902 0.05827390799116168 0.643245386612354 14.041600227355957 -0.01118008557864766 -0.9969645867523379 0.07704945456130102 -4.1226372718811035 0.6457828438702078 0.05163104113977848 0.7617734270462111 -2.377211332321167
-0.7757663811708309 0.017128930219234062 0.6307876993051286 13.855239868164062 0.030397613892767197 -0.9974565749359912 0.06446988588936224 -4.053991317749023 0.6302876382372885 0.0691880110026712 0.7732725989059452 -2.3758349418640137
-0.7866615911653505 -0.026691699864075855 0.6168071774416745 13.67269229888916 0.07511914788662245 -0.9957802788784831 0.052713848441168706 -3.979644775390625 0.6127974009458484 0.0878019894709502 0.7853471563830587 -2.370086669921875
-0.7956141048339246 -0.07286139806313091 0.601406196228139 13.493532180786133 0.12259415841782989 -0.991565548936075 0.042052758350959736 -3.9012451171875 0.5932696423306496 0.10718665418505316 0.7978359183776305 -2.3607335090637207
-0.8021575917176574 -0.12101139185248978 0.5847216783151203 13.317245483398438 0.17238395777287302 -0.9844855063296322 0.03274231099736391 -3.8202319145202637 0.5716878249117154 0.12706113044047315 0.8105729455014524 -2.3484673500061035
-0.8058781447171879 -0.17073473265769445 0.5669303898464864 13.143281936645508 0.22400703728496696 -0.9742664636690994 0.025014096356242334 -3.7378551959991455 0.5480704910082232 0.14715471053966828 0.8233858318261201 -2.3338983058929443
-0.8064281244735513 -0.22158886252170498 0.5482445221471961 12.971089363098145 0.2769437786066546 -0.9606968530114676 0.019070923022525013 -3.655203104019165 0.5224708829677869 0.16721223824887854 0.8361006182455922 -2.3175690174102783
-0.8035347934514553 -0.2731054183538399 0.5289095066064716 12.80013370513916 0.3306480403430066 -0.9436336573562311 0.015079592893464541 -3.573228120803833 0.4949784936037692 0.18699986943919844 0.8485442473433344 -2.299959659576416
-0.7970072088142964 -0.3247986456398207 0.5092006960802219 12.630271911621094 0.3845578418842395 -0.9230070056561056 0.013165627789286663 -3.492044687271118 0.465719631692052 0.20631022102719 0.8605471035081876 -2.281423330307007
-0.7867443101668784 -0.37617086176155434 0.48941687055271427 12.461865425109863 0.43810391241341096 -0.8988242704629948 0.013412410474165207 -3.4107232093811035 0.43485440362045896 0.22496758341644413 0.8719468069003178 -2.262181282043457
-0.7727361259822692 -0.4267280445642561 0.4698745104645288 12.295241355895996 0.49072698766563877 -0.8711691115894302 0.015855680026122934 -3.328425407409668 0.402574096507118 0.2428323598593256 0.8825908122264974 -2.2424328327178955
-0.7550681239955328 -0.47600914331585586 0.450874066237538 12.130717277526855 0.5418972392318907 -0.8401954729255667 0.020468253179948395 -3.2444028854370117 0.36907927365096227 0.2597823372654277 0.8923528601434467 -2.2223620414733887
-0.7339184272694809 -0.5236514468207912 0.43261172471025733 11.968616485595703 0.5911457149920353 -0.8061086827743399 0.027120752245723523 -3.157994270324707 0.3345302464065796 0.2756409871523293 0.9011723256075069 -2.2021331787109375
-0.7095262222644605 -0.5693389119651037 0.4152417888911413 11.809304237365723 0.6380546672427637 -0.7691656502588766 0.03564328929217028 -3.0685408115386963 0.2990966090226522 0.29023680983678 0.9090125481460195 -2.1818981170654297
-0.6821850788702895 -0.6127822513728778 0.39890027647160653 11.653482437133789 0.6822524228714582 -0.729677717967778 0.045848221201708644 -2.9749574661254883 0.2629736672230929 0.3034276525033981 0.9158474272735142 -2.1618566513061523
-0.6522327728819592 -0.6537324243807859 0.38370083045509645 11.50127124786377 0.7234268048893896 -0.6879998481912728 0.05753144232778168 -2.87727689743042 0.22637594383290754 0.3151033579668834 0.9216636077505471 -2.142146587371826
-0.6200461728713751 -0.6919820829143809 0.36973441878331487 11.353018760681152 0.7613273617822459 -0.6445259160968799 0.07047688756722201 -2.7752153873443604 0.18953467152277453 0.32518785402433537 0.9264607211780764 -2.1229002475738525
-0.5860358768219046 -0.7273688325093206 0.35706656602321274 11.20849609375 0.7957684671574359 -0.5996820762933862 0.08446273764423119 -2.6693005561828613 0.15269085681692418 0.3336405084315769 0.9302523922990107 -2.104140281677246
-0.5506354253527699 -0.7600572940611457 0.34512829222047725 11.067343711853027 0.826633673076626 -0.553996138537231 0.0988182625919061 -2.5602197647094727 0.11609219992066556 0.3397075039357922 0.9333388521256865 -2.085756778717041
-0.5142922546983555 -0.7908464966711128 0.33176090104216516 10.929269790649414 0.8538769603277843 -0.5082641889830575 0.11207877059808542 -2.4485485553741455 0.07998508222578335 0.34092423337219996 0.9366819383979348 -2.0674145221710205
-0.47746339934973725 -0.8181265196324314 0.3204648189045377 10.794198036193848 0.8775182622627999 -0.46251929880629006 0.12663963687176974 -2.3342766761779785 0.04461391797039557 0.34167952251468436 0.9387569984918719 -2.049776554107666
-0.4406052559648062 -0.8420130038232118 0.3112573048280145 10.661261558532715 0.8976428409063469 -0.4171912957873996 0.14208713132727102 -2.2185122966766357 0.010214626070994298 0.34200222822642906 0.9396436224986511 -2.032715320587158
-0.40416701357112766 -0.8626571988998835 0.3040914045598833 10.529961585998535 0.9143962797986562 -0.3727018134020314 0.15802785127063773 -2.101837158203125 -0.022988445605856445 0.34192969375742144 0.9394443122908258 -2.016141891479492
-0.3685844985774547 -0.8802431124222606 0.29886038620328725 10.400060653686523 0.9279783825329756 -0.3294623483928254 0.17409963395414424 -1.984511375427246 -0.0547867589832504 0.34150640407561356 0.9382812941839217 -2.000016212463379
-0.3342743385070472 -0.8949839509710945 0.2954054740857813 10.271646499633789 0.9386361851704138 -0.287873087528218 0.18997683376060165 -1.8664263486862183 -0.08498693137423122 0.34078264771132377 0.9362929074357293 -1.9845064878463745
-0.3016323680381174 -0.9071175467284246 0.29352286277072615 10.144073486328125 0.9466548733040211 -0.24832368713869862 0.2053774506989267 -1.748290777206421 -0.11341280968861532 0.3398133352640042 0.9336297080616531 -1.9694139957427979
-0.2710292642250217 -0.9169026215295684 0.2929722180785206 10.017212867736816 0.9523494076342625 -0.2111906930262667 0.22006611951355548 -1.6302356719970703 -0.13990619611837304 0.3386562767929897 0.9304505266140682 -1.9546602964401245
-0.24280862372504247 -0.9246133471417638 0.2934861675310352 9.891002655029297 0.9560549595008355 -0.17683655763821166 0.2338541132768959 -1.5123013257980347 -0.16432555083920014 0.3373707014101426 0.9269186173399593 -1.9404244422912598
-0.21728812180683033 -0.9305323965041473 0.2947801404062162 9.765362739562988 0.9581164536935017 -0.14561039675956544 0.24659779706499782 -1.39457368850708 -0.18654418587414623 0.33601647491123166 0.9231978094129023 -1.926641821861267
-0.19476069203239038 -0.9349437304885689 0.29656111285733766 9.640311241149902 0.9588782137608626 -0.11784809487245701 0.258194495893522 -1.2770386934280396 -0.20644816301881197 0.33465212886675405 0.9194493507698549 -1.9132213592529297
-0.1754946497552498 -0.9381239157361201 0.29853835035253207 9.515864372253418 0.9586740083767795 -0.0938706101328059 0.26857485775122913 -1.1596311330795288 -0.223932520126221 0.33333440758077126 0.915828804500435 -1.9006496667861938
-0.15965473520150597 -0.9408182382829717 0.2989505110245887 9.392074584960938 0.9578149664871345 -0.07432765027927574 0.2776074393405393 -1.0423583984375 -0.23895785298036676 0.33066061591621004 0.9129965506949773 -1.8882876634597778
-0.14705214079678963 -0.9427152879891636 0.29943873109300684 9.268880844116211 0.9565628829771977 -0.058496829594119226 0.2855968694467592 -0.925297737121582 -0.25172031860267824 0.3284296069463676 0.9103685377272335 -1.8767400979995728
-0.13739710527857152 -0.944028507193402 0.2998870004972973 9.146279335021973 0.9551088399077019 -0.04604272590584452 0.29265537979221096 -0.8085354566574097 -0.2624674063407361 0.32663472717602476 0.9079761096038876 -1.8659453392028809
-0.13038802694169427 -0.944924164287212 0.30019541331666927 9.024306297302246 0.9535833079778165 -0.03662660826422004 0.29889357021044116 -0.6921105980873108 -0.271436617235657 0.3252334781555756 0.9058395815543114 -1.855741262435913
-0.12571491433006382 -0.9455312334310308 0.30027728339216486 8.90064811706543 0.9520682337478392 -0.029907772227712015 0.30442011012521053 -0.5739901661872864 -0.2788580976110515 0.32415461089851716 0.9039701043895072 -1.8465447425842285
-0.12306411651570132 -0.945950031236308 0.30005626410764646 8.775405883789062 0.9506081988722259 -0.025547094182644114 0.3093402628429182 -0.4541769325733185 -0.28495486565965583 0.3233046309331972 0.9023717859918031 -1.8376836776733398
-0.12211764658293839 -0.9462601638941623 0.2994644930873075 8.648426055908203 0.9492197982098789 -0.02320447247713653 0.31375679617094365 -0.3328262269496918 -0.28994664177990026 0.32257286724715595 0.90104255739477 -1.8300906419754028
-0.12255797619851444 -0.9465268662406999 0.29844000059423115 8.519782066345215 0.9479002170123155 -0.022543286293172593 0.31776875055786896 -0.2099539190530777 -0.29404884128003206 0.32183643629593023 0.8999758814625014 -1.8232680559158325
-0.12406491415498938 -0.9468066498629489 0.29692602589031264 8.389456748962402 0.9466339787324659 -0.023225931202025263 0.32147265269216935 -0.08562133461236954 -0.2974760618686089 0.32096374233719654 0.899160869210869 -1.817336082458496
-0.12631948136573973 -0.9471515646921893 0.29486827928522313 8.257267951965332 0.9453984102249471 -0.024917825908396363 0.32496299465653267 0.03994842618703842 -0.30044173240685684 0.3198171594100865 0.8985831903475773 -1.81318998336792
-0.12900105805518602 -0.9476121952763445 0.2922154246171646 8.123323440551758 0.9441680408819291 -0.027284190635416483 0.3283325806534444 0.16677352786064148 -0.3031590961818939 0.3182557152745533 0.8982248393900383 -1.8098620176315308
-0.13178866655215254 -0.9482396595869469 0.28891745422323734 7.987448692321777 0.9429172935896146 -0.029991871747693133 0.3316737328742002 0.2946229577064514 -0.30584101232183025 0.316136102992842 0.8980641622770931 -1.807749629020691
-0.13436072048195397 -0.9490862522734006 0.2849253981960914 7.84935998916626 0.9416218298212992 -0.03270963925237119 0.335079705598486 0.4231220781803131 -0.3086997350105092 0.31331352547505953 0.8980752242205721 -1.8068642616271973
-0.13639287227572905 -0.9502051121845788 0.280191415233709 7.709202289581299 0.9402592449520571 -0.03510759248225376 0.3386443698517482 0.5523595809936523 -0.31194476542260535 0.3096412468137797 0.8982275667095972 -1.8066304922103882
-0.1375580300080952 -0.9516483580908094 0.27466923912837105 7.566858768463135 0.9388073146359112 -0.03685801466324029 0.3424650533137557 0.682155430316925 -0.3157825428461827 0.30497030887965254 0.8984845554239916 -1.8070569038391113
-0.1375262385240566 -0.9534643129139003 0.2683138790988048 7.421683311462402 0.9372417157824905 -0.03763769554899321 0.34664300089696654 0.8117218017578125 -0.32041301458354854 0.2991474684388705 0.8988026992683642 -1.8081984519958496
-0.13596069035778502 -0.9556933974740935 0.26108393420863507 7.2739996910095215 0.9355324128770035 -0.037125820586061176 0.3512844686323941 0.941351592540741 -0.32602729200784153 0.2920133618008532 0.8991298023065399 -1.8094820976257324
-0.13251745285427874 -0.9583629451728941 0.2529418708093829 7.12368631362915 0.9336383695912998 -0.03500657474919011 0.3565023626166161 1.0708492994308472 -0.3328040256906666 0.28339902089433183 0.8994033997268526 -1.8107738494873047
-0.12684494838809635 -0.9614802844288014 0.24385655972955067 6.970491886138916 0.9315009740897308 -0.03097121838709993 0.3624178788380908 1.1998647451400757 -0.3409051104608197 0.2731235000623881 0.8995483641113282 -1.8118722438812256
-0.11858078534572786 -0.9650251507482676 0.2338055939665984 6.813826084136963 0.9290368318133028 -0.02471863239911859 0.36916060779370585 1.327610731124878 -0.3504699166563251 0.2609893630698399 0.8994750635138852 -1.812306523323059
-0.10746029759340225 -0.9689201031339608 0.222814088836439 6.654055595397949 0.9261450283970164 -0.01606097089813363 0.3768254656857726 1.4544570446014404 -0.36153515847926526 0.24685193731604463 0.8990864531437944 -1.8118691444396973
-0.09364991157145441 -0.972976808588681 0.21105881647361752 6.491228103637695 0.922763164535451 -0.005230302528593966 0.385332046567606 1.5804895162582397 -0.37381524345481026 0.23084361347900617 0.8983169762821898 -1.8105559349060059
-0.07743380566994285 -0.976985530019083 0.19875432038776228 6.325449466705322 0.9188438672661078 0.00744039954743142 0.3945511222161686 1.7058794498443604 -0.38694954881345056 0.21317578330548315 0.8971210242130997 -1.808415174484253
-0.05911209052180133 -0.9807485652119906 0.18611290280032755 6.15659236907959 0.9143504785712816 0.021621086424902847 0.40434605347186836 1.8304866552352905 -0.40058577494790115 0.19407416225873209 0.8954698523417529 -1.805349349975586
-0.039000118282787544 -0.9840890787715584 0.17334265434818524 5.985161781311035 0.9092645544998366 0.03699008194979225 0.4145717112485625 1.9550204277038574 -0.41438745239708025 0.17378267715711335 0.8933547002260436 -1.80159330368042
-0.017432300311945648 -0.9868585571900246 0.1606434032466237 5.811381816864014 0.9035917545888006 0.05323326129575345 0.42507430048281086 2.079838275909424 -0.4280397831334922 0.15256607746363954 0.8907892770248145 -1.7972725629806519
0.005240593553136941 -0.9889428797805715 0.14820430732782713 5.635380744934082 0.8973670099352042 0.0700483863292442 0.43568988174230083 2.2051713466644287 -0.44125387891684525 0.13071038254086464 0.8878118101472063 -1.7924697399139404
0.02865284551480962 -0.9902667145248933 0.13620149980076424 5.457276344299316 0.8906567685854041 0.08714750871134369 0.446246380711835 2.3312201499938965 -0.4537725586865188 0.10852255908095512 0.884484776100533 -1.7872072458267212
0.05242685989958018 -0.9907963546766677 0.12479586499758977 5.277335166931152 0.8835608719329092 0.10425912178254182 0.4565634907811731 2.458400011062622 -0.465372549631182 0.08632855312444424 0.8808948694170111 -1.7816143035888672
0.07617711735975263 -0.9905407417651934 0.11413187851787593 5.095721244812012 0.87621208431307 0.12113044306398224 0.466454498388502 2.5869667530059814 -0.47586702984605284 0.06447057209598867 0.8771511359162182 -1.7758523225784302
0.09951372149096127 -0.9895508242252559 0.10433688470591843 4.912513732910156 0.8687749066286198 0.13752795590427325 0.4757270466950825 2.717052936553955 -0.4851053296423905 0.04330389843777335 0.8733828436216495 -1.7699980735778809
0.12204568536236837 -0.9879172866623431 0.09552112540241103 4.728028297424316 0.8614427251206738 0.15323676121695462 0.4841848059867276 2.84910249710083 -0.4929718876580051 0.023193312084551054 0.8697360451616637 -1.764105200767517
0.14338630145941644 -0.985766244556463 0.0877797222987011 4.541234016418457 0.854433615779211 0.16806123490300617 0.491628536142218 2.981687307357788 -0.49938318431866824 0.004509148026434512 0.8663694955409169 -1.7579134702682495
0.16362404290894894 -0.9832422375353708 0.08038578797628435 4.351939678192139 0.8504276450081351 0.18188091988821165 0.4936518526112663 3.114508628845215 -0.4999999931880479 -0.01241101555295318 0.8659364719798425 -1.7514233589172363
0.1819130238554963 -0.980508359516147 0.07423616821134929 4.159333229064941 0.8467039965187264 0.1945814978107266 0.49520741410943214 3.2463810443878174 -0.49999999403096607 -0.027228617825521856 0.8655972552754228 -1.7442916631698608
0.19775129302694894 -0.9777758141549504 0.0696339239149554 3.9624316692352295 0.8431455532069874 0.20589626932267202 0.4967014217679363 3.375715970993042 -0.5000000022134534 -0.03951181510168503 0.8651235832260713 -1.7361446619033813
0.21071801554392244 -0.9752646816552955 0.06675865967068612 3.7616772651672363 0.8399987503180333 0.21557600171344748 0.4979247804130519 3.5030064582824707 -0.5000000173893733 -0.048844530922498436 0.8646468610997136 -1.7272469997406006
0.22042058178317814 -0.9731848911819878 0.06577183820958543 3.5563573837280273 0.8375050944367828 0.22339270564431601 0.4986791712688104 3.627020835876465 -0.49999998391880063 -0.05483490348322467 0.8642876543380593 -1.717289686203003
0.2264966528490427 -0.9717170874876061 0.06682191356721517 3.344647169113159 0.8358823345994751 0.22913568612336815 0.49879611069985763 3.744063138961792 -0.4999999889527114 -0.05712039241267022 0.8641396136145543 -1.7053414583206177
0.22861618941412237 -0.9709933951305333 0.07004616014205184 3.127924680709839 0.8353050978557294 0.23260532731273337 0.49815675765964096 3.8559234142303467 -0.5000000314339952 -0.05537678501516685 0.8642530765044389 -1.6920385360717773
0.22762595210079684 -0.9709538912488518 0.07372222866218026 2.905959367752075 0.8396421562667968 0.23405559452968172 0.4901214421844867 3.961887836456299 -0.4931404215331062 -0.04966406888355249 0.8685309464331596 -1.6772167682647705
0.2230035567402966 -0.9716045353892894 0.07908249169152687 2.676201105117798 0.8459346541654619 0.2331959462589297 0.4795979686470354 4.054821014404297 -0.4844212779834694 -0.040053432554095325 0.8739174720632932 -1.6591540575027466
0.21508991851075787 -0.9727967234601451 0.08603988482233849 2.452003002166748 0.8539088247353592 0.23008944598592151 0.46679606455599987 4.133502006530762 -0.4738945515556314 -0.02693291055748373 0.8801696270235582 -1.6397302150726318
0.20422698817877416 -0.9743499020677006 0.09451775304189605 2.234583616256714 0.8632658365450981 0.22478369652057217 0.45193404964954687 4.201150894165039 -0.46158794693267136 -0.010703182667288202 0.887029880628196 -1.619753360748291
0.19075839744843448 -0.9760651053489413 0.10444206012457599 2.023493528366089 0.8736913917578286 0.21732296117161598 0.4352402583813556 4.254286289215088 -0.447520486426235 0.008224394674425622 0.8942358601404137 -1.598820447921753
0.1750302483569376 -0.9777373129712013 0.11573313693132165 1.8207299709320068 0.8848644435661537 0.20775878500674216 0.4169546783103452 4.299266338348389 -0.4317167227157988 0.02942845691465268 0.9015290551341939 -1.5784368515014648
0.1573922592851827 -0.9791663496588614 0.12830018087612355 1.626552700996399 0.896466300327639 0.19616078779873108 0.3973274691071035 4.337474346160889 -0.4142171521001767 0.052480520442554746 0.9086638244588026 -1.5587307214736938
0.1381939859183614 -0.9801675529849002 0.14203517286780987 1.4408446550369263 0.9081890177822755 0.182621289017751 0.37661940042589515 4.366885185241699 -0.3950887624770685 0.0769482480183141 0.9154145710503252 -1.5399529933929443
0.11778617722130069 -0.980579943176957 0.15681004908700336 1.2645715475082397 0.9197429568946044 0.16726442838298716 0.3550992878625396 4.393644332885742 -0.3744319827396727 0.10239915056673377 0.9215829340134555 -1.5223793983459473
0.09651495056273401 -0.9802742878245514 0.17247372248531506 1.0971386432647705 0.9308649695987463 0.1502469253279674 0.3330409431337493 4.412940979003906 -0.3523851198501407 0.12840631627595528 0.9270040697044653 -1.5064224004745483
0.07472065292156027 -0.9791587057775087 0.1888519338717233 0.9393712878227234 0.9413244674965914 0.131762541786564 0.3107199373619317 4.431194305419922 -0.329127742554824 0.15455374949207157 0.9315514304635615 -1.491662621498108
0.05273199537481321 -0.9771834755904248 0.20574691175521498 0.7907922267913818 0.9509294236553515 0.11204020369394407 0.2884098194977429 4.444270133972168 -0.30488123571366577 0.1804423669464493 0.935140622751718 -1.4790774583816528
0.030863084277717445 -0.9743435942993652 0.22293952156730884 0.6519299149513245 0.9595306939464288 0.0913437810780744 0.2663778538712365 4.456765174865723 -0.27990769443434654 0.20569607168381915 0.9377317359939854 -1.4674606323242188
0.009408817091880295 -0.9706799818324087 0.24019127176224847 0.5224694609642029 0.9670253702355839 0.0699681573602034 0.24488035910695205 4.465939044952393 -0.2545062032282583 0.22996701899501282 0.9393304864066129 -1.4583861827850342
-0.011357834551515622 -0.9662788039312382 0.2572474930247445 0.4027343690395355 0.9733579474447638 0.048235874069782025 0.2241597791728938 4.4743804931640625 -0.22900940098698305 0.2529398614808265 0.9399872981767591 -1.4502416849136353
-0.03118984749706527 -0.9612692508033325 0.27384050261623016 0.29264402389526367 0.9785202291151243 0.026490522115272197 0.20444171162105085 4.4814934730529785 -0.20377770885353103 0.2743349771685339 0.9397951721925077 -1.444033145904541
-0.04986501915000846 -0.9558195700430097 0.28969368199525025 0.19224487245082855 0.9825493685150999 0.005093585779684995 0.1859322290902878 4.48740291595459 -0.1791932428852929 0.2939098584714383 0.9388859232076874 -1.4394869804382324
-0.06718867383732186 -0.950131999165669 0.3045239994966429 0.10169433057308197 0.9855240401242994 -0.015584080638347486 0.16881795748005052 4.492902755737305 -0.1556536168711175 0.31145837698175155 0.9374250001801919 -1.4353805780410767
-0.08298961134157706 -0.944436212371261 0.3180455394612544 0.020904541015625 0.9875591345892606 -0.035165657864854594 0.15326556102478656 4.497580051422119 -0.13356526531506818 0.32680822705182677 0.9356049928428969 -1.4336410760879517
-0.09711847606090473 -0.9389817434426598 0.32997164588641587 -0.04999999701976776 0.9887984655527992 -0.05327500702387272 0.13942513455986283 4.501675128936768 -0.11333841417646982 0.33981621372146015 0.9336376945924869 -1.4327175617218018
-0.10949388186451908 -0.9375762685916297 0.33009366914261623 -0.11050170660018921 0.989407751608916 -0.07096205514015202 0.12663604457845118 4.505458831787109 -0.09530682499395411 0.3404631071115963 0.9354151387515008 -1.4306085109710693
-0.1202469848124243 -0.9361105771376805 0.3305111949911519 -0.16111327707767487 0.9895558824718313 -0.08636284504356778 0.11541496636648035 4.508698463439941 -0.07949728365746664 0.34093759893408543 0.9367185999670045 -1.4288372993469238
-0.12954529192402453 -0.9346632856158456 0.3310929776695838 -0.20185302197933197 0.9893851450454064 -0.09966908332672264 0.10575021793022789 4.511299133300781 -0.06584111256501604 0.3412779165879373 0.9376536309030099 -1.4289199113845825
-0.1375393900693016 -0.9332914425149844 0.331737847565912 -0.23268188536167145 0.9890094235055683 -0.11105697969739503 0.09760485376084518 4.513426303863525 -0.05425197136093829 0.3415163694302107 0.9383087407749434 -1.4290329217910767
-0.14436434299062306 -0.9320350214820227 0.33236975675276337 -0.25359129905700684 0.9885176765098024 -0.12068964706610685 0.09092201228921554 4.515107154846191 -0.044628911039228975 0.34167927625488775 0.9387563754656415 -1.4291094541549683
-0.15014010949648515 -0.9309205360849131 0.33293378172808064 -0.26457762718200684 0.9879773373506047 -0.12871742663344388 0.08563063098257206 4.516360282897949 -0.036860933276206126 0.34178762349775293 0.9390540410550211 -1.4291521310806274
-0.15497650425596365 -0.9299634151292389 0.33339215595116334 -0.26563963294029236 0.9874370372510473 -0.13528317220924757 0.08164900968093489 4.517202854156494 -0.030828243438048936 0.3418574408114684 0.9392460325007279 -1.4291634559631348
-0.15897148862670685 -0.929170522885934 0.33372174817306843 -0.2668078541755676 0.9869300084883822 -0.14052032852795615 0.07888723353950985 4.517881870269775 -0.02640500234672777 0.34190082870662275 0.9393649978473724 -1.4291720390319824
-0.1622157359135779 -0.9285418158637293 0.33391039398992206 -0.26808348298072815 0.9864763801148728 -0.14455719487631807 0.07725004132651092 4.518413543701172 -0.023460743753637298 0.3419258890490435 0.9394340210470067 -1.4291781187057495
-0.16479427749193598 -0.9280714351396814 0.3339554721571174 -0.2694665491580963 0.986085648277471 -0.14751807623668323 0.0766388377040525 4.518814563751221 -0.021861847294105924 0.3419383401451211 0.9394680575579402 -1.4291833639144897
-0.16678701466923312 -0.9277493435798255 0.33386111966643867 -0.2709582448005676 0.985759121021942 -0.14952372823905818 0.07695199812571968 4.519098281860352 -0.021472006421700107 0.34194123790601116 0.9394759937111385 -1.429187536239624
-0.16827080706983405 -0.9275620737433805 0.33363683076205264 -0.27256104350090027 0.9854918280450407 -0.15069269842813166 0.07808692270087547 4.519280910491943 -0.022153833630119524 0.3419361197553251 0.9394620256626456 -1.4291912317276
-0.1693216808760281 -0.9274934160651891 0.33329586187206534 -0.27427610754966736 0.9852741816641515 -0.15114334712636263 0.07994045012055276 4.519376277923584 -0.023768789017390546 0.34192345894244547 0.9394271621011823 -1.4291943311691284
-0.17001501608648978 -0.9275253957258244 0.3328536233673344 -0.27610471844673157 0.9850936946295322 -0.15099354001363646 0.08240973046484282 4.519400596618652 -0.026178370962462366 0.3419028972644178 0.9393705880726457 -1.4291964769363403
-0.17042719188695238 -0.9276386742266818 0.33232674033922116 -0.2780517637729645 0.9849362232154995 -0.15036213554291583 0.08539241414178136 4.5193657875061035 -0.02924394746807643 0.34187383385386194 0.9392907288281656 -1.4291986227035522
-0.1706357465464356 -0.9278131455656646 0.3317321342832009 -0.2801184058189392 0.9847871977500651 -0.14936893921145405 0.08878679601393197 4.519289970397949 -0.03282707949414987 0.34183576014570505 0.9391861881104797 -1.42919921875
-0.17072048184107896 -0.9280282929632251 0.33108609837882375 -0.28230589628219604 0.9846324106951527 -0.14813538765234008 0.09249282530954943 4.519186496734619 -0.03679039125371905 0.3417885228980828 0.9390564800514103 -1.429199457168579
-0.1707635948080477 -0.9282634434007281 0.3304039562929843 -0.28461912274360657 0.9844587807712307 -0.14678502116009584 0.09641092534278516 4.519071578979492 -0.04099638582429915 0.3417325521644866 0.9389026356020583 -1.4291988611221313
-0.1708500495285859 -0.9284980657732601 0.3296992605866672 -0.28705930709838867 0.9842547136538219 -0.14544326078198028 0.10044359881714073 4.518960475921631 -0.04530915168388777 0.3416688451533447 0.9387275861639877 -1.4291976690292358
-0.17106645868501502 -0.9287118267661417 0.3289842086448288 -0.28963011503219604 0.9840105996018834 -0.14423697875134334 0.10449322385603085 4.518869400024414 -0.04959240450018615 0.3415992341697808 0.9385363906799297 -1.4291958808898926
-0.17148012149466146 -0.9293950966455236 0.32683225401333027 -0.2922692894935608 0.9837208305600198 -0.14343233210475587 0.10826122865225504 4.518831253051758 -0.05373914266603974 0.34007634501424666 0.9388611101261304 -1.4290127754211426
-0.1720715388729746 -0.9298386565967248 0.32525598873546435 -0.29274535179138184 0.9833898748192879 -0.1427833459670927 0.11205922638206539 4.518762111663818 -0.05775586215088335 0.339135649575269 0.938962870178778 -1.4288967847824097
-0.1727980494702392 -0.9300868288627768 0.3241594127512951 -0.2977319359779358 0.9830242876748099 -0.1422428920238638 0.11588878077760674 4.518810272216797 -0.061677256267716196 0.33868193108678113 0.9388772367112834 -1.4288537502288818
-0.17361583606346376 -0.9301825706369105 0.323446945806099 -0.3072216808795929 0.9826302868571997 -0.14176429385478462 0.11975226235354251 4.518967628479004 -0.06553823936391545 0.3386196542895337 0.9386380926160598 -1.428871750831604
-0.17448048003116118 -0.9301682224220894 0.32302266187409523 -0.32121214270591736 0.9822138135154713 -0.14130230607472755 0.12365145707737935 4.519232273101807 -0.06937280899236059 0.3388520861586874 0.9382785711495361 -1.4289385080337524
-0.17534624585136815 -0.9300858231755449 0.32279104013850934 -0.3396948277950287 0.9817805856910691 -0.1408116928351164 0.12758898354093975 4.519594669342041 -0.07321595199089447 0.33928222571891087 0.9378310059308602 -1.4290423393249512
-0.17616728580806523 -0.929977293164835 0.32265666211752986 -0.3626672327518463 0.9813359500379856 -0.14024869116868338 0.13156769279924152 4.520051956176758 -0.07710279225854148 0.3398125053956632 0.9373273817629881 -1.4291704893112183
-0.17689577891922853 -0.9298846524694577 0.3225250633707638 -0.3901123106479645 0.9808852430409774 -0.13956938668926916 0.1355895507907005 4.520610809326172 -0.0810680170289253 0.34034529437166755 0.9367993687092562 -1.4297256469726562
-0.17748476027793086 -0.9298513776578567 0.3222973399469367 -0.42200925946235657 0.9804331415473497 -0.13873278473966316 0.1396569704453475 4.521285533905029 -0.08514701888310455 0.34077797743716387 0.9362800624114325 -1.4312783479690552
-0.1778849624916196 -0.9300435617470687 0.3215212487102241 -0.45835936069488525 0.9799841718718209 -0.13775213754887278 0.14371976719094082 4.52205228805542 -0.08937540489450602 0.34065132005254745 0.9359320034844414 -1.4329711198806763
-0.17804730026626836 -0.9302804218309438 0.3207452191786105 -0.4991821050643921 0.9795422092601519 -0.13649016226240285 0.1478766238569304 4.522892475128174 -0.09378816100998251 0.3405125142540646 0.9355506445354744 -1.4348729848861694
-0.17792009923906815 -0.9305702596402445 0.3199741085773162 -0.5444799661636353 0.9791107359676667 -0.13488645517706987 0.15214404662233155 4.523800373077393 -0.09842055171362347 0.3403595688134128 0.935130343277093 -1.4369839429855347
-0.17745200324717486 -0.9311251903779779 0.31861680179667173 -0.5941613912582397 0.978692173315708 -0.1329813458473234 0.15645316087318656 4.524905681610107 -0.10330738809079093 0.33959069701658423 0.9348827424151382 -1.4400609731674194
-0.1765892124125082 -0.9319997350017645 0.316532374357144 -0.648144543170929 0.9782882066620776 -0.1307467245424781 0.1608026079617796 4.5263566970825195 -0.1084824168491211 0.33805589475418774 0.934852810476879 -1.445068597793579
-0.17527650156746855 -0.9331718362426665 0.3137968642956127 -0.706555187702179 0.9778992682306477 -0.1281180615979639 0.1652234350397787 4.527899742126465 -0.11397881027731802 0.33582150963848384 0.9350041414196499 -1.450417399406433
-0.17345589306803622 -0.9346743559347742 0.31031742058396383 -0.7692931890487671 0.9775246142177693 -0.12505897288966705 0.16972295630875214 4.529735565185547 -0.11982771698722737 0.3327823638020745 0.9353594050331308 -1.4568053483963013
-0.17106829669425083 -0.9365357681728136 0.30600064182789855 -0.836077868938446 0.9771616454895867 -0.12153526658519553 0.1743109220908114 4.5324530601501465 -0.1260585437414349 0.3288311632266983 0.9359376633306117 -1.4662954807281494
-0.16805017311612436 -0.9387794110515442 0.30075298286360685 -0.9072460532188416 0.9768061734354794 -0.11751217240012024 0.17899885160564827 4.535317420959473 -0.1326983001171346 0.32385815834022275 0.9367534651243636 -1.476318359375
-0.1643375013139246 -0.9414217036741664 0.2944798151200274 -0.9821227788925171 0.9764514745880045 -0.1129588385114178 0.1838010298585481 4.539803504943848 -0.13977018078548537 0.3177506516962336 0.937815984034081 -1.4901894330978394
-0.15985996439164507 -0.9444715197713257 0.2870859455381688 -1.0612047910690308 0.9760886983223928 -0.10784276693165695 0.18873470965305095 4.544819355010986 -0.14729441534558982 0.3103924708516087 0.9391277172177565 -1.5054436922073364
-0.15453800323819894 -0.9479183562981864 0.2785117508258763 -1.143579125404358 0.9757070979257497 -0.10212069650663397 0.19382214115603957 4.552424430847168 -0.15528575147920753 0.3016987788141419 0.9406721970216796 -1.5250622034072876
-0.14825647678573473 -0.9517056280809194 0.26884273203898246 -1.229827880859375 0.9752966916724753 -0.09568932209919134 0.19909775701630122 4.561333656311035 -0.1637570771105964 0.29171895912898843 0.9423819122738372 -1.5467973947525024
-0.14089164743495441 -0.9557617554060786 0.25820342868783996 -1.3190563917160034 0.9748429395405119 -0.08843077761973639 0.20460019745245367 4.5736589431762695 -0.17271591389063948 0.280534248306086 0.9441767570832599 -1.572778582572937
-0.13232019638273818 -0.9600103515119333 0.24672148390273585 -1.4113903045654297 0.9743239896168675 -0.08022779838642558 0.21037172724284345 4.58927059173584 -0.18216511435042626 0.2682230887824562 0.9459768737964448 -1.6018917560577393
-0.12241832550547771 -0.9643701103916158 0.23452940916588208 -1.5067541599273682 0.9737097983834762 -0.0709628611331975 0.21645669514200916 4.60836124420166 -0.19210148909481436 0.25486184987764127 0.9477037803894746 -1.6340078115463257
-0.1110636986627156 -0.968754590769353 0.22176428410062088 -1.6042003631591797 0.972960339965104 -0.06051971582888105 0.22290253666340537 4.633289813995361 -0.2025167442320432 0.24052423341379736 0.9492813394596769 -1.6698745489120483
-0.09813513482756542 -0.9730717381206335 0.2085686644327597 -1.7027941942214966 0.972024373679246 -0.04878302260006845 0.2297582069904606 4.665768146514893 -0.21339660795299834 0.22528117803511857 0.9506367752918379 -1.7093007564544678
-0.08351375510295339 -0.9772230017042645 0.19509140844412107 -1.802370548248291 0.9708377056052127 -0.03563897915691516 0.23707385461045533 4.70554256439209 -0.22472116518879634 0.20920102319243067 0.9517012818166368 -1.751670241355896
-0.06708450732822441 -0.981102338228271 0.18148793568595362 -1.9022557735443115 0.9693213262785715 -0.02097639853610439 0.2449003003795747 4.753468990325928 -0.2364652940667632 0.19234914251816657 0.9524106110677502 -1.7967967987060547
-0.04873668544675158 -0.9845950322064614 0.1679206897497208 -2.001162052154541 0.9673799542377775 -0.0046870510963689105 0.2532865090977723 4.811151504516602 -0.2485975857295888 0.17478745408746482 0.952705928533586 -1.8443979024887085
-0.028365546845027678 -0.987576211665451 0.15455944456648038 -2.0973143577575684 0.9648996665997449 0.013333613074794526 0.26228009485676373 4.880117893218994 -0.26108241830480244 0.1565740748492165 0.9525337421515462 -1.8937407732009888
-0.0058741403768584055 -0.9899091161644227 0.14158190636308166 -2.191671133041382 0.9617464047380493 0.0331849375416452 0.27192391011787337 4.95805025100708 -0.2738783442484439 0.1377632086405095 0.9518466005070366 -1.9442706108093262
0.018824841434881612 -0.9914433034081438 0.1291735323976964 -2.2842137813568115 0.9577638168791929 0.054959901493438545 0.28225499163846757 5.044561862945557 -0.2869391859296172 0.11840432996718779 0.9506031339223902 -1.9957457780838013
0.04580538163161785 -0.992012670408526 0.11752756596869876 -2.3733325004577637 0.9527713422649343 0.07874214093962173 0.29330265017370694 5.140913963317871 -0.30021431740051474 0.09854205695635618 0.9487680573451833 -2.0475289821624756
0.075127810197896 -0.991433248040107 0.10684534063548325 -2.4588377475738525 0.9465626562770125 0.10460619492305817 0.305084712375965 5.246442794799805 -0.3136478118474208 0.07821546307708403 0.9463125231438935 -2.0990889072418213
0.10683292014197204 -0.9895011392826997 0.09733561800378494 -2.543504476547241 0.9389036143088282 0.13261252519745798 0.31760655093774903 5.358335018157959 -0.3271799660916885 0.05745792825183743 0.9432135793494751 -2.151017904281616
0.1409389015819535 -0.9859904108814831 0.08921398808839534 -2.626309871673584 0.929531238072738 0.16280499586418135 0.33085678286628295 5.477391719818115 -0.3407460982430103 0.036296597243099804 0.9394544446436649 -2.2027196884155273
0.17743710772215177 -0.9806510262037919 0.08270210159752847 -2.708048105239868 0.9181524875755139 0.19520743307584926 0.3448043903879907 5.602850914001465 -0.3542768442363875 0.014752046549148884 0.935024221483336 -2.2539238929748535
0.21628603591021078 -0.9732071894182845 0.07802638742637155 -2.7902307510375977 0.9044437292122727 0.22981835445910548 0.3593954154441961 5.733457565307617 -0.3676980981169802 -0.007161732909859442 0.9299176405590355 -2.3052074909210205
0.2574067998170704 -0.9633557021436084 0.07541571822458315 -2.872138500213623 0.8880505115517648 0.26660675689749136 0.37454923055487727 5.869945049285889 -0.38093047704349325 -0.029438551662692214 0.9241349161975321 -2.3556535243988037
0.30059234016915976 -0.9507935488610085 0.07507244818119063 -2.954432249069214 0.8686301062089715 0.3054201024238136 0.3901285680680387 6.012033462524414 -0.39386036055817963 -0.05205947060541993 0.9176948446522212 -2.4046924114227295
0.3452697468838486 -0.9353333060383298 0.07707404558066983 -3.0378856658935547 0.8460115191541451 0.3457418879381089 0.4058658108088038 6.1592583656311035 -0.4062675366618144 -0.07492765537770538 0.9106769652924911 -2.4524333477020264
0.39076880214402965 -0.9168795214027039 0.08143516748474466 -3.1226513385772705 0.8201394252852501 0.38697142115523164 0.4214551486242394 6.3118896484375 -0.41793667745688406 -0.09790333212638147 0.9031854024478315 -2.497844696044922
0.43641992502611116 -0.8954163935295293 0.08813132949623709 -3.209291934967041 0.7910499244966896 0.42852341432081464 0.43658641794335834 6.470174312591553 -0.428692974043178 -0.12081873024246764 0.8953352268444557 -2.5389130115509033
0.48156765813683333 -0.8710141261214842 0.09709265025445302 -3.29925537109375 0.7588759984040289 0.4698368863753958 0.45095511888364465 6.634223461151123 -0.4384059872799352 -0.14348411862607274 0.8872499636625548 -2.570955753326416
0.5255863867133876 -0.8438307980345021 0.10820598130427447 -3.395581007003784 0.723849147437893 0.5103889557412891 0.464268807492763 6.802981853485107 -0.44699145613199487 -0.16568855767907495 0.8790596908055943 -2.5837175846099854
0.5678974156921318 -0.8141094702894862 0.1213189829959449 -3.5029942989349365 0.6862942258372153 0.549709386013849 0.4762560514164359 6.9704155921936035 -0.45441474539532234 -0.1872040632925727 0.8708971683580417 -2.5643060207366943
0.6079816940223566 -0.7821746930271288 0.13623879521495497 -3.6279895305633545 0.6466247394884171 0.5873878769753286 0.4866743554615889 7.126029014587402 -0.460689381270333 -0.20779372360668924 0.8628945836047557 -2.513108968734741
0.6453911595456744 -0.7484253150799125 0.15274095366935403 -3.7699573040008545 0.6053341513891926 0.6230843698031903 0.4953144791633769 7.274406433105469 -0.46587639599170083 -0.22721227047519912 0.8551805469041547 -2.46274471282959
0.6797619513029665 -0.7133217307305094 0.17057490445084267 -3.9208030700683594 0.5629810690342479 0.6565379337295578 0.5020062325142767 7.4235758781433105 -0.47008084992885935 -0.24521429412200535 0.8478761374684441 -2.4310741424560547
0.7108167928214933 -0.6773772822844863 0.18947164560389895 -4.074771404266357 0.5201791891280041 0.6875672411035862 0.5066210617012827 7.576037883758545 -0.4734480945585252 -0.261555551281341 0.8410919066028489 -2.4118101596832275
0.7383709304068267 -0.6411426756960436 0.20915171175841543 -4.22932243347168 0.47758065198992095 0.7160734032795211 0.509073277594264 7.732666015625 -0.4761565813627271 -0.2759980987561374 0.8349251220965616 -2.3978428840637207
0.7623299786248865 -0.6051922455373067 0.22933676031393752 -4.383212566375732 0.4358615081873765 0.7420378768778648 0.5093177151437168 7.894089221954346 -0.4784116944331582 -0.28830909666554605 0.8294577237023544 -2.385280132293701
0.7826834906952551 -0.5701135957837924 0.24975396152126467 -4.535540580749512 0.3957107982246324 0.7655122755666866 0.5073498991082366 8.060799598693848 -0.48043679871707895 -0.2982640505645763 0.8247539260769221 -2.3719189167022705
0.7994970770240697 -0.5344864534689963 0.2740960687206274 -4.685311317443848 0.35781749661874906 0.790300894323964 0.49738429362439057 8.233028411865234 -0.482463535351077 -0.29958091976772644 0.8230918597384272 -2.3566174507141113
0.8128995112990195 -0.5009392915233175 0.29707610260324213 -4.83237886428833 0.32286005336665047 0.8121370897370422 0.4859986969257542 8.41322135925293 -0.48472236431786286 -0.2991540968824666 0.8219191297497199 -2.3367536067962646
0.8230664615448087 -0.47085811710875747 0.31757555547129823 -4.975002288818359 0.2915002741692102 0.8301250017916858 0.47531050015713805 8.602043151855469 -0.48743121570061887 -0.2986387700101062 0.8205033180965617 -2.3102989196777344
0.830202234946541 -0.44508004795395967 0.3356605428153105 -5.110973834991455 0.2643779838686586 0.8444538163836559 0.4658347707509838 8.799986839294434 -0.49078358849426823 -0.29799581021950505 0.8187368114090811 -2.275144100189209
0.8345179127748439 -0.42440097233847734 0.3513739716257779 -5.240284442901611 0.2421091476195532 0.8553135525991502 0.45806319146942387 9.006275177001953 -0.4949373838142067 -0.2971910856980331 0.8165258383448578 -2.2315289974212646
0.836209940305805 -0.4095701187829825 0.36469885321159967 -5.363525390625 0.22528409173024583 0.8628551359887998 0.452468885461783 9.219992637634277 -0.5000000137470403 -0.29619812980139415 0.8137976739676246 -2.1801719665527344
0.838858762990057 -0.3938607150807173 0.3757521960959071 -5.482375144958496 0.21521179549823702 0.8740015631466073 0.4356663295409821 9.439494132995605 -0.49999985883319603 -0.28459621349096104 0.8179273417812801 -2.1230695247650146
0.8399180170052463 -0.38240489033385006 0.385102875292734 -5.597204685211182 0.21103960219899942 0.8838765550003946 0.41740211046941605 9.664700508117676 -0.5000000110136629 -0.2693115953118072 0.8230864192883676 -2.0600366592407227
0.8395311369470292 -0.3751703925985987 0.39298173827016725 -5.709228515625 0.21257347816775768 0.8924651934805555 0.397892441251875 9.894964218139648 -0.49999998647609056 -0.25050559862631466 0.8290035938286283 -1.9916918277740479
0.8377230723650382 -0.37210839908694726 0.39969412474569854 -5.820109844207764 0.21959073049659295 0.899666873021587 0.37733198733679096 10.1295166015625 -0.4999999651072523 -0.22833058690527788 0.8353832521521111 -1.9185229539871216
0.8344183138815375 -0.37313890085884516 0.40560256178301546 -5.93289041519165 0.23183235306046565 0.9053059453497533 0.35591418261827823 10.367380142211914 -0.4999998375335132 -0.20294951584135998 0.8419095298701743 -1.8420355319976807
0.8294598469285002 -0.3781312986264315 0.41111200825618965 -6.048571586608887 0.2489906324885039 0.9091471858388215 0.33384885714096135 10.608537673950195 -0.500000027266323 -0.17455118298206884 0.8482522368100401 -1.763513445854187
0.8226319318780655 -0.38688972385997566 0.4166449882407249 -6.163942813873291 0.2706967634353298 0.9109117686244862 0.3113888438063378 10.85531997680664 -0.49999996692019805 -0.14337395632736957 0.8540749040493102 -1.685203194618225
0.8136844836897736 -0.3991380601620044 0.4226184685181409 -6.272131443023682 0.29650891356374504 0.9103024099326557 0.2888459566067128 11.112292289733887 -0.5000000251797536 -0.10971933011512414 0.8590469390081862 -1.611952781677246
0.8023628135440678 -0.4145125374641142 0.4294103768270029 -6.361276626586914 0.3259050621579187 0.9070327549512816 0.266603585694813 11.385269165039062 -0.49999980590145277 -0.07396578756796748 0.8628610875268161 -1.5521221160888672
0.7884373100295258 -0.4325644988078079 0.4373266085256592 -6.416223049163818 0.3582828127983648 0.900860862314739 0.24511860966241727 11.525047302246094 -0.5000000342066959 -0.03657404982627106 0.8652527403438882 -1.5098787546157837
0.7717353028756215 -0.45277540450033316 0.4465636073114699 -6.401813983917236 0.3929689741564545 0.8916225478819902 0.22491024311678692 11.235551834106445 -0.5000000076458967 0.0019144680692308597 0.8660232832702106 -1.5134682655334473
0.7521662170576179 -0.4745848766015289 0.4571817765597662 -6.38433313369751 0.42923885836705267 0.8792594075167268 0.20653546126775396 10.955038070678711 -0.4999999843849815 0.04089118724671836 0.8650594929948877 -1.5209115743637085
0.7297412411486597 -0.4974284222282694 0.4690870769124942 -6.366730690002441 0.4663453001251389 0.8638358148923928 0.19055116362906244 10.68341064453125 -0.49999978201796025 0.07970351101858787 0.8623500265630551 -1.5288363695144653
0.7045809154539207 -0.5207810433292263 0.48202991451468824 -6.348908424377441 0.5035531039325017 0.8455398617312085 0.17747285353966621 10.41262149810791 -0.5000000050980581 0.11768367402699212 0.857992160668995 -1.5371932983398438
0.6769114729940775 -0.5441994910172333 0.49561857481895544 -6.331081390380859 0.540176842359232 0.8246665278380199 0.1677322176637329 10.142618179321289 -0.49999983670777104 0.15418181423296548 0.8521901967589358 -1.5454351902008057
0.6470478975519014 -0.5673533757871647 0.5093517107623887 -6.3133225440979 0.5756120314612563 0.8015868596613973 0.16164558656277894 9.87335205078125 -0.4999998075106725 0.1885965360262148 0.8452405214423897 -1.5534155368804932
0.6153727490837475 -0.5900390073013742 0.5226570094698055 -6.295868873596191 0.6093574868544462 0.7767096368462618 0.1593913211080885 9.604762077331543 -0.49999983289951694 0.22039988632700647 0.8375106311011807 -1.561159610748291
0.582304104809393 -0.6121843872873346 0.534931963415687 -6.278505802154541 0.6410319443765483 0.7504357168096518 0.1610101898179302 9.336806297302246 -0.49999997581095257 0.24915158217040223 0.8294115463936055 -1.5685155391693115
0.5482704520674342 -0.6338293970797082 0.5455820807058688 -6.26123046875 0.6703726080459014 0.7231234976443144 0.166412059468026 9.069442749023438 -0.5000000777715018 0.27450446727189526 0.8213691129305176 -1.5754402875900269
0.5161298981161024 -0.6565594024476549 0.5500360709337525 -6.243884086608887 0.7005401271222178 0.6930804076178103 0.1699502246774534 8.80288314819336 -0.4928016422073375 0.2976059469061534 0.8176657274240148 -1.5820668935775757
0.48606459554646003 -0.6927420726006288 0.5327754027779822 -6.225209712982178 0.7323419308774568 0.6555405110827046 0.18423336996349055 8.537701606750488 -0.4768820663800792 0.30062444873697686 0.8259591004321305 -1.5860930681228638
0.4552773284246731 -0.726007770017876 0.5153981685029189 -6.206921100616455 0.7621810606174033 0.6170179501909605 0.1958797589805427 8.273103713989258 -0.4602201484709491 0.3036471093486915 0.834263656121709 -1.5901129245758057
0.42383813558707956 -0.7564322329925701 0.4981681560597207 -6.189015865325928 0.7900287362247385 0.5777416689596169 0.2051076787614223 8.009063720703125 -0.4429625613539034 0.30663470259843467 0.8424721528935889 -1.594122290611267
0.3918331597850887 -0.7841036683812204 0.4812984647014223 -6.171474456787109 0.8158703178969122 0.5379181094682537 0.21213140239222328 7.745553493499756 -0.4252321710167572 0.30955701371025823 0.8505010617248883 -1.5981173515319824
0.35936279758462253 -0.8091181401955624 0.46495829374109243 -6.15429162979126 0.839705354259595 0.4977343884813442 0.21715293355345278 7.482550621032715 -0.4071281097393321 0.31239128305632446 0.8582880568495066 -1.6020944118499756
0.3265410414278689 -0.8315755602592501 0.44928057585735576 -6.137597560882568 0.8615469009847689 0.4573626838832705 0.2203549699794229 7.220024108886719 -0.3887259776072904 0.3151213464216697 0.8657890339815182 -1.6060292720794678
0.2934926403002926 -0.8515782687802609 0.4343691082832396 -6.121257305145264 0.8814213213895856 0.416962565116274 0.22189788978603175 6.957962512969971 -0.37007907842703025 0.31773679584346326 0.8729746870773112 -1.6099395751953125
0.2603521112832531 -0.8692306721230861 0.42030324384996204 -6.105231761932373 0.8993685757827569 0.37668269013967337 0.22191510954334445 6.696347713470459 -0.3512163763904644 0.32023146252294893 0.8798288852757478 -1.613828420639038
0.2272621820577565 -0.884638156394936 0.40714522330062547 -6.089514255523682 0.9154405426105939 0.3366639946540031 0.22051296480803828 6.43516206741333 -0.33214531992964896 0.3226029865853359 0.886344627949565 -1.617695927619934
0.1943701356950024 -0.897908612794858 0.39494350661673133 -6.074084281921387 0.929701270629712 0.29703814850417243 0.2177702590408348 6.174389362335205 -0.31285107917251215 0.32485144512842623 0.8925221234560898 -1.6215417385101318
0.16182794300860465 -0.9091519154608604 0.3837375554665619 -6.058932781219482 0.9422252730447581 0.2579299038649768 0.21373745466795233 5.914013385772705 -0.2932972071079691 0.3269785303441997 0.8983661775671502 -1.6253662109375
0.1297902378884404 -0.9184804926877885 0.37356134529801016 -6.044086933135986 0.9530961762628978 0.21945692355443885 0.20843785044243884 5.654017925262451 -0.27342672316711353 0.32898669160927824 0.9038836118671897 -1.6291738748550415
0.09841204308362517 -0.9260098555884849 0.3644459042561737 -6.029521465301514 0.962405063785604 0.18172876657320036 0.20186913731328784 5.394389629364014 -0.2531631153543788 0.3308782294935354 0.9090808733392695 -1.6329631805419922
0.06784835563334779 -0.9318584010665534 0.3564218301388645 -6.015187740325928 0.9702482295145172 0.14484722362073577 0.19400426524514774 5.135117053985596 -0.2324112169448709 0.33265477926981807 0.9139616097337748 -1.6367318630218506
0.038254738301712554 -0.9361476288576273 0.349519945041352 -6.001074314117432 0.9767246559932613 0.10890693649069005 0.18479238501371859 4.876189231872559 -0.21105809951838636 0.334315563754449 0.9185246771095656 -1.6404802799224854
0.009785594968047095 -0.9390019152139363 0.343772665224681 -5.987165451049805 0.981933172011434 0.07399414971176921 0.17416116533830198 4.617595195770264 -0.18897483386600555 0.33585751299173217 0.9227612059099167 -1.64420747756958
-0.017405155818576767 -0.9405484544201403 0.3392133037467968 -5.973442077636719 0.9859690524217928 0.04018710254567287 0.16201859293135407 4.3593244552612305 -0.16601833699143995 0.3372737785195718 0.9266522055797028 -1.647912859916687
-0.043160690975132365 -0.940917075024004 0.33587529334981164 -5.959889888763428 0.9889205640212796 0.007558649345382806 0.14825311084731993 4.101367473602295 -0.14203264698787849 0.3385526912436917 0.9301660080014051 -1.6515945196151733
-0.06732276094933759 -0.9402403074327897 0.3337900689607932 -5.9465012550354 0.990865006124186 -0.023825572980468557 0.13273613566270764 3.843716859817505 -0.11685112535476373 0.3396770618555882 0.933255221336843 -1.6552672386169434
-0.08972784842142645 -0.9386535508273125 0.3329841208480365 -5.93325662612915 0.9918643452305594 -0.053903772634451674 0.11532347530371789 3.586365222930908 -0.0902996892465053 0.3406228043085953 0.9358536591299589 -1.6589266061782837
-0.11025587560579458 -0.9380880536430458 0.3283815547600105 -5.919907093048096 0.991951917135738 -0.08316663028677446 0.09547096782518263 3.329373598098755 -0.062249787028821446 0.3362649479487049 0.9397078528968041 -1.661916732788086
-0.12898347832858503 -0.9365467874074406 0.32594996136686694 -5.9067063331604 0.9911047375735981 -0.11088396905902442 0.07359446015079424 3.072650194168091 -0.03278202979421735 0.33254302037859695 0.9425181579789598 -1.664980411529541
-0.1460370219760177 -0.9341694175286986 0.32557746784209174 -5.893630027770996 0.9892770125295619 -0.13722124601696978 0.05001321947381018 2.816216468811035 -0.0020446742922425043 0.3293900863651522 0.9441917126894286 -1.6681084632873535
-0.16154283933291436 -0.9310661389568193 0.32713874113027497 -5.880668640136719 0.9864156977894716 -0.1623489834458265 0.025037546377722597 2.5600929260253906 0.02979903043338905 0.32673942593777633 0.9446445708958912 -1.6712936162948608
-0.1756300192154699 -0.9273212461255005 0.3304987183554917 -5.867902755737305 0.982465650357681 -0.1864408404159435 -0.001029024905246062 2.3060050010681152 0.06257269546401706 0.3245229106076266 0.9438058795499855 -1.6745034456253052
-0.18843025801383473 -0.9229964880435597 0.3355167967838484 -5.855319499969482 0.9773746600714128 -0.20966893114275342 -0.027887509098973834 2.0539729595184326 0.09608752112074558 0.32267076466998035 0.9416213495413962 -1.6777294874191284
-0.20008038705890613 -0.9181338798813968 0.3420497293205934 -5.842887878417969 0.9710971780248464 -0.23220328893176206 -0.05524403534728739 1.8040210008621216 0.13014649264017078 0.32111027891240973 0.9380565437276456 -1.681010365486145
-0.2107229580433181 -0.9127584698728892 0.34995401216270683 -5.830629825592041 0.9635978581305724 -0.25420865550945915 -0.0828077730062002 1.5561676025390625 0.1645448351047434 0.31976543768733845 0.9330997064092228 -1.6842950582504272
-0.22050784998081852 -0.9068799002861507 0.35908931278140044 -5.818544864654541 0.9548532606432831 -0.2758448797580201 -0.11029439219730937 1.3104324340820312 0.19907671570459298 0.3185568218831061 0.926763191163745 -1.6875667572021484
-0.22959136020917054 -0.9004950767297103 0.36931886507847844 -5.806638240814209 0.9448547205415375 -0.29726207243178665 -0.1374220410412085 1.0668343305587769 0.23353236261314048 0.31740175972907214 0.9190858276206919 -1.6908154487609863
-0.23813875113323846 -0.8935884868802435 0.3805122223053792 -5.794904708862305 0.9336077788466419 -0.3186032927825766 -0.16391600625057812 0.8253912329673767 0.2677059029714163 0.31621441767126396 0.910132952689376 -1.6940298080444336
-0.24632258168570287 -0.8861338440565873 0.3925455338800658 -5.78335428237915 0.921132934500797 -0.3400010810270182 -0.18950826335125648 0.5861193537712097 0.3013955917554874 0.3149064548686715 0.899997012190821 -1.6971997022628784
-0.25432288539543324 -0.8780945445076654 0.4053021599621902 -5.771986961364746 0.9074647712539622 -0.36157705120537653 -0.21393860094573508 0.34903472661972046 0.33440627819635105 0.31338794958884425 0.8887971839263245 -1.700313687324524
-0.2623275436792927 -0.8694235690775891 0.4186728046572594 -5.760810375213623 0.8926504230029351 -0.383441808205762 -0.23695485230857194 0.11415039002895355 0.36655079066872887 0.3115686718081305 0.8766786643963953 -1.703359603881836
-0.27053026045939166 -0.8600635575058186 0.43255526262688015 -5.74978494644165 0.8767470166619697 -0.40569388831509434 -0.25831596496948384 -0.11851821839809418 0.39765317419845847 0.3093592507655385 0.8638106314555727 -1.7063796520233154
-0.2791308516271729 -0.8499460872937993 0.44685301427186375 -5.738945007324219 0.8598183207553435 -0.42842026145467993 -0.27779225127523793 -0.34896132349967957 0.42754932225808817 0.3066720206818106 0.8503845299437099 -1.7093340158462524
-0.2883336323788793 -0.8389908010662134 0.46147389109837483 -5.728322505950928 0.8419313880413478 -0.4516954803128511 -0.29516559910618334 -0.5771716237068176 0.45608689333280633 0.3034231843337225 0.8366116882633263 -1.7121881246566772
-0.29834573618537713 -0.8271499994342442 0.4762485696943722 -5.717922210693359 0.8231529965569344 -0.4755510387756398 -0.3102746425003974 -0.8031448125839233 0.48312417240223543 0.29945632061344074 0.8227496253936037 -1.714921474456787
-0.3093755073975868 -0.814447840899529 0.49087830454867437 -5.707741737365723 0.803543331846192 -0.4999479907277806 -0.32306364761881745 -1.0268861055374146 0.5085321123272415 0.29449400846426477 0.809115794995156 -1.7175002098083496
-0.32163136072095794 -0.8000931942625504 0.5063636522258821 -5.697880744934082 0.7831518068091652 -0.5253611360445314 -0.3326693917773915 -1.2483359575271606 0.5321902998856003 0.28956269999561135 0.7955670477583436 -1.7200524806976318
-0.33523886635025524 -0.7847355515037137 0.521349227192635 -5.688259124755859 0.7620246521650716 -0.5512575214198574 -0.33975516857104127 -1.467560887336731 0.5540156423612035 0.2833818259596008 0.7827907822240278 -1.7224178314208984
-0.3500060263379693 -0.7681226395956591 0.5361747775377931 -5.678903579711914 0.7402487662913608 -0.577555443269066 -0.34418232661540094 -1.684571385383606 0.57404489853253 0.27643682911448264 0.7707497220096206 -1.7246572971343994
-0.36566687623927496 -0.7503237556618907 0.5507286058584987 -5.669809341430664 0.717925453504096 -0.6039525087037845 -0.3461566270365812 -1.8994048833847046 0.5923434635685182 0.26880407162065095 0.7595219498130461 -1.7267796993255615
-0.38196533951039524 -0.7314351206776928 0.5648939224774132 -5.6608567237854 0.6951645431525337 -0.6301614964970004 -0.34589412581914486 -2.1120903491973877 0.6089735112106585 0.2605746583454927 0.7491676114674821 -1.728901982307434
-0.3986575659688212 -0.7115793261774607 0.5785559676061128 -5.651618480682373 0.6720846036981042 -0.65591613695771 -0.3436223315653925 -2.3324828147888184 0.6239987424408616 0.25185091589133707 0.7397274400729754 -1.731075406074524
-0.4155113083834468 -0.690909186399756 0.5916036246963863 -5.642082214355469 0.6488181828435867 -0.6809699140066947 -0.3395805380602078 -2.5606131553649902 0.6374835827039169 0.2427436350682369 0.7312251427685159 -1.7333123683929443
-0.4323110931731403 -0.6696043012751373 0.6039347633919407 -5.632226467132568 0.6255117549544892 -0.7051018887763539 -0.33401552487537645 -2.7965087890625 0.6494937745145826 0.23336967703164282 0.7236687299510373 -1.7356276512145996
-0.448857238024827 -0.6478710848615461 0.6154593709360894 -5.622023582458496 0.6023261732993266 -0.7281172225749561 -0.32718265716312245 -3.040194272994995 0.6600987508178706 0.22384898389328245 0.7170503968192414 -1.7380367517471313
-0.4649686267961559 -0.6259404637901941 0.6261011993962428 -5.611442565917969 0.5794371210932218 -0.7498487385736379 -0.3193422802554073 -3.2916908264160156 0.6693704495976022 0.21430213496286224 0.7113492785937602 -1.7405534982681274
-0.4804809608849123 -0.6040659565654638 0.6358005712059106 -5.600453853607178 0.5570339377802958 -0.7701567996195806 -0.31075986896750746 -3.551015615463257 0.677385590626261 0.20484829537581234 0.7065309175779465 -1.7431939840316772
-0.49524916176993783 -0.5825212378301245 0.6445132079663174 -5.588945388793945 0.5353201651045059 -0.7889286012318876 -0.30170181138134067 -3.8181769847869873 0.6842226162577927 0.19560334770948284 0.7025515936685252 -1.746040940284729
-0.5091450638627328 -0.5615950502374166 0.6522133880050666 -5.576796531677246 0.5145084280299578 -0.8060785370938679 -0.292435410856401 -4.093181133270264 0.6899654929272593 0.18667723906637287 0.6993562947340939 -1.7491796016693115
-0.5220578133005862 -0.5415878932545928 0.6588916401441608 -5.564130783081055 0.494820578279027 -0.8215452923162188 -0.28322416560856545 -4.376045227050781 0.6947001042776803 0.1781737538278594 0.6968829733631535 -1.7524889707565308
-0.5338888841023348 -0.5228115837063358 0.6645530132159787 -5.55089807510376 0.47648602742058144 -0.8352867614856732 -0.2743302603792168 -4.666775226593018 0.6985153721321504 0.1701883486882958 0.695062731604734 -1.7559798955917358
-0.5445533547897368 -0.5055802465348945 0.6692161520024442 -5.53750467300415 0.4597370082774039 -0.8472792116588455 -0.2660071816904722 -4.957164764404297 0.7015009101971184 0.16280832842481036 0.6938226871385325 -1.759538173675537
-0.5539724966331039 -0.49021245438553407 0.6729087772792063 -5.523908615112305 0.4448087594974547 -0.8575085410041874 -0.25850390631324216 -5.247215270996094 0.7037468582156664 0.15611166410675603 0.693086941069732 -1.7631734609603882
-0.5620695861816388 -0.4770244784297107 0.6756666539562715 -5.509819030761719 0.4319343163882576 -0.8659662009061891 -0.25206206619463895 -5.536911964416504 0.705344261063922 0.15016719304483392 0.6927765061816298 -1.767102599143982
-0.5687671216889191 -0.46632765260823256 0.6775267387333122 -5.495265960693359 0.4213434656411786 -0.8726415867279836 -0.24691363889900406 -5.826260089874268 0.7063806659636029 0.14503510446013543 0.6928139528235947 -1.771281123161316
-0.5739787187764197 -0.4584244804079469 0.6785244477205546 -5.480392932891846 0.4132580971749851 -0.8775144627708874 -0.2432819614094549 -6.115273952484131 0.706941422970171 0.1407670536404907 0.6931222555208315 -1.7755578756332397
-0.5776030088086678 -0.4536065440763617 0.6786868699085564 -5.465164661407471 0.407890512924705 -0.8805454772340554 -0.24138142428254566 -6.40395975112915 0.7071068474291526 0.13740729854614359 0.6936275229725648 -1.7799389362335205
-0.5795628900579872 -0.4520796710714502 0.6780345326541731 -5.449554443359375 0.4053920948104175 -0.8817043743104975 -0.2413599921009189 -6.692319869995117 0.7069399592135496 0.1349865449800961 0.6942726602290209 -1.7844281196594238
-0.5799415595539522 -0.4537428059389935 0.6765982955644647 -5.433145523071289 0.40570598710384154 -0.8810756559928842 -0.24312206902049527 -6.9803147315979 0.7064491768911811 0.13350338750502816 0.695058562996281 -1.789389967918396
-0.5788386541966115 -0.4584062790416934 0.6743956522272402 -5.416282653808594 0.4087118720659302 -0.8787428895773299 -0.2465066726270244 -7.267955303192139 0.7056205907144563 0.1329459189010078 0.6960064400616911 -1.7945501804351807
-0.5763275937115346 -0.4658622601534152 0.671430457524399 -5.399101257324219 0.41427252549471644 -0.8747593744674993 -0.25134500472748367 -7.555243492126465 0.7044322390030866 0.13329812956670073 0.6971419004098931 -1.7998135089874268
-0.5724615775817012 -0.4758887071306961 0.6676957994612099 -5.381630897521973 0.422238186323285 -0.8691541048350622 -0.2574607854776809 -7.8421759605407715 0.7028532252206662 0.1345402559602 0.6984957146060892 -1.805178165435791
-0.5672764265135277 -0.4882531631828058 0.6631789385709008 -5.363350868225098 0.43244887793326353 -0.8619374239722439 -0.26467309105829706 -8.12870979309082 0.7008462198630336 0.13664818256411845 0.700101314315021 -1.8111025094985962
-0.5607969636036563 -0.502713390620438 0.6578647372399755 -5.34471321105957 0.44473544732015746 -0.8531078814561306 -0.27279538943019493 -8.414876937866211 0.6983674874375658 0.13959294211504814 0.7019947741983597 -1.8172298669815063
-0.5530413896048278 -0.5190193794607256 0.6517392923003522 -5.325876235961914 0.45892172209762233 -0.8426578204901827 -0.28163566988875455 -8.700688362121582 0.6953675821972962 0.14334113614359997 0.7042139194294219 -1.823446273803711
-0.5440252047934433 -0.5369152779458367 0.6447934249492603 -5.306452751159668 0.47482514208825977 -0.8305788470212399 -0.2909980469380026 -8.98611068725586 0.6917930767146462 0.1478538575391693 0.7067967004878213 -1.8301016092300415
-0.5337638813395161 -0.5561433041824134 0.6370249164596645 -5.28648567199707 0.49226000245731505 -0.8168652843878365 -0.3006845475622306 -9.271146774291992 0.6875872373438147 0.15308733577617284 0.7097802890098134 -1.8371816873550415
-0.5222796292618658 -0.576442168873817 0.6284412580362126 -5.266420841217041 0.5110366416520986 -0.8015209394400281 -0.3104927286235851 -9.555828094482422 0.6826899294313873 0.15899248278841488 0.7132011291842876 -1.8443325757980347
-0.509598762946528 -0.5975558334040717 0.6190606810064213 -5.245520114898682 0.5309665604305452 -0.7845582987472031 -0.32022302785941376 -9.840087890625 0.67704033299939 0.16551526162762165 0.717092104028775 -1.8521944284439087
-0.4957611615453698 -0.6192275646254354 0.6089155063810071 -5.224372386932373 0.5518592788331199 -0.7660075163172531 -0.32967229381806196 -10.123970985412598 0.6705760263154169 0.17259695290915777 0.7214832532897071 -1.8602917194366455
-0.4808157694544253 -0.6412105895030668 0.5980511481078177 -5.202307224273682 0.5735285847702422 -0.7459129098606037 -0.33864272228224584 -10.407416343688965 0.6632353717160993 0.18017466751021588 0.7263992916380021 -1.8687713146209717
-0.46482751430251634 -0.6632647055071554 0.5865281854914141 -5.179452896118164 0.5957909606902785 -0.7243393155700258 -0.34693758383793155 -10.690422058105469 0.6549568788150096 0.1881820563923488 0.7318599596540638 -1.8775893449783325
-0.44787505682300877 -0.6851627323407224 0.574421416459364 -5.154864311218262 0.6184693305776668 -0.7013701454576067 -0.35436648571159796 -10.972905158996582 0.6456807420162067 0.1965501189828462 0.7378783301583193 -1.8865658044815063
-0.43005388094641117 -0.7066903288612634 0.5618206462714673 -5.129148960113525 0.6413925912010598 -0.6771104368657641 -0.36074506266869966 -11.25489330291748 0.6353496702094997 0.20520778586937993 0.7444599124084967 -1.8955917358398438
-0.4114741500096609 -0.7276517789679179 0.5488277620881179 -5.099970817565918 0.6644007555940138 -0.6516830529042706 -0.3658973005140561 -11.536169052124023 0.6239075731548152 0.21408429910246637 0.7516031220250984 -1.9041061401367188
-0.39226375335428726 -0.7478683257003274 0.5355577608611379 -5.067763328552246 0.6873422258255126 -0.6252322479047385 -0.369655651623531 -11.8167085647583 0.6113017359713913 0.22310895005395115 0.7592974278925135 -1.9115532636642456
-0.37256545409733827 -0.7671823252732521 0.5221362486952711 -5.03262186050415 0.7100770417435194 -0.597919873109195 -0.37186344285215245 -12.096474647521973 0.597482700337019 0.2322134904121849 0.7675228450466955 -1.917948842048645
-0.3525187713655037 -0.7854681271054718 0.5086947386560808 -4.994655609130859 0.7324620946439169 -0.5699177713661722 -0.3724151095093505 -12.37541675567627 0.5824343703326597 0.24131629696818696 0.7762323421970772 -1.9233129024505615
-0.3322045794548474 -0.8026572165395087 0.4953599803438671 -4.954434871673584 0.7543038400786868 -0.5413893720043383 -0.37138021584798375 -12.65355396270752 0.5662736390048322 0.2502777269710519 0.7852994493506467 -1.927815556526184
-0.3117017186545262 -0.8187054348101421 0.48224832773183507 -4.912955284118652 0.7754125364461502 -0.5125047179271723 -0.368882518458842 -12.930978775024414 0.549160665843761 0.25896008401822546 0.794583059204833 -1.9317739009857178
-0.29110334823147527 -0.8335817453722942 0.46946811865184584 -4.871700286865234 0.7956174719741897 -0.48344720441173256 -0.365063883225771 -13.20787239074707 0.5312736384743961 0.2672457190088544 0.8039453008343396 -1.935677170753479
-0.2705171696085207 -0.8472685897185818 0.4571174879867099 -4.834090232849121 0.8147712813493552 -0.4544115785738221 -0.3600803748420294 -13.484668731689453 0.5128042706874857 0.27503827758028926 0.8132562485652004 -1.939866304397583
-0.2500615416911697 -0.85976246752601 0.44528386990842356 -4.801424503326416 0.832751198865556 -0.4256008726446706 -0.3541035695839195 -13.771193504333496 0.4939581623528599 0.28226299197323274 0.8223946359305271 -1.9447078704833984
-0.22986592789145843 -0.8710725018736815 0.4340441817074894 -4.775665283203125 0.8494596641099136 -0.39722639463089016 -0.34731753548995636 -14.06745719909668 0.4749525599940184 0.2888665572337329 0.8312497686418077 -1.9503930807113647
-0.21006610816375487 -0.8812212817765837 0.4234634373177554 -4.758212566375732 0.8648254828355428 -0.36950267726060687 -0.3399186016320878 -14.355514526367188 0.45601437964082214 0.29481659390420795 0.8397226098656136 -1.9566106796264648
-0.190805157897867 -0.8902423225921127 0.41359642017958886 -4.749367713928223 0.8788020498693095 -0.3426488524329122 -0.3321125126698904 -14.635173797607422 0.4373789533860424 0.3001006014525951 0.8477259463663483 -1.9633865356445312
-0.17222897559644074 -0.8981801786259468 0.40448676948506423 -4.745876312255859 0.8913670296963182 -0.31688383996926167 -0.32411332946470855 -14.906103134155273 0.4192874888848509 0.30472446355650257 0.8551847770948908 -1.970388412475586
-0.1544851688078897 -0.9050886315088071 0.39616776967834266 -4.744390964508057 0.9025204478206346 -0.2924249488497613 -0.31613998569598195 -15.168222427368164 0.40198404680290356 0.30871057384503225 0.8620363146133878 -1.9772826433181763
-0.13772209979949346 -0.9110282977625811 0.3886644618467607 -4.746287822723389 0.9122805160098245 -0.2694882909286538 -0.3084158250823091 -15.421466827392578 0.38571606569556655 0.31209534076651474 0.8682278588804705 -1.984212040901184
-0.12208533617330253 -0.9160657099186572 0.3819931750734279 -4.748575210571289 0.920681287472035 -0.24828450535765784 -0.3011656874515078 -15.665825843811035 0.3707305458015131 0.31492605403575297 0.8737164545201048 -1.990883708000183
-0.1077182537960063 -0.9202701432785172 0.37616438054297024 -4.752062797546387 0.9277675278577169 -0.22902034929227721 -0.29461346517568393 -15.901256561279297 0.3572732736322712 0.31725784939096574 0.8784664279002923 -1.9973864555358887
-0.09475909111184899 -0.9237117088811504 0.3711837732545982 -4.755495548248291 0.9335899077500307 -0.2118962854417828 -0.28898070586678215 -16.12775993347168 0.34558732441880075 0.3191498755942719 0.8824470285004168 -2.003603219985962
-0.08334086989565498 -0.9264583026475162 0.36705491804431534 -4.758867263793945 0.9381984070305671 -0.19710787290196696 -0.2844859143883376 -16.345308303833008 0.3359137515052666 0.3206610358237272 0.8856288453150748 -2.0095412731170654
-0.07359051977202935 -0.9285731280441496 0.3637806774335131 -4.762166500091553 0.9416370722381808 -0.1848444508646302 -0.28133992459524887 -16.553876876831055 0.32848753338047637 0.32184542075172745 0.8879816808666459 -2.015207529067993
-0.0656269338760363 -0.9301114254369328 0.36136663075290637 -4.766075134277344 0.9439357790818127 -0.17528981744233896 -0.27974760923061126 -16.753416061401367 0.3235403383184879 0.32274791428095784 0.8894691862611375 -2.0211586952209473
-0.05956108549314276 -0.9311176166793367 0.35982281890434675 -4.7698974609375 0.9451034732993777 -0.16862216518651135 -0.27990353725036304 -16.943931579589844 0.3212972173118389 0.3233984374068692 0.8900458127705924 -2.026845693588257
-0.05549426171074556 -0.9316220287783987 0.3591667891272797 -4.774415016174316 0.9451194696575136 -0.16501421174404912 -0.2819920176118298 -17.125362396240234 0.321977600139326 0.3238065864328745 0.8896514596128136 -2.032900094985962
-0.05346257845717761 -0.9318904145392065 0.35877849433133 -4.779327392578125 0.9439642192940879 -0.16434944069543955 -0.28621812317810946 -17.297733306884766 0.325688970333988 0.3233721024347065 0.8884577524957191 -2.0390329360961914
-0.05327329626767352 -0.9317770516877845 0.3591009354663348 -4.784160137176514 0.9417305284925591 -0.16648451201476283 -0.29227815341611113 -17.461090087890625 0.33212282006797156 0.32260569307937875 0.8863520740557171 -2.0449111461639404
-0.05467297964849133 -0.9313223685263783 0.36006875895969237 -4.790821552276611 0.938522693717261 -0.17103238609106886 -0.29987176640306173 -17.615346908569336 0.3408607027424143 0.3215378186005698 0.8834180281925059 -2.052077054977417
-0.05740447405545557 -0.9305533085474563 0.3616286303790106 -4.797150611877441 0.9344327795494124 -0.17760693887243922 -0.3086926558373569 -17.760698318481445 0.35148272626400257 0.3201973066965808 0.8797349475394735 -2.05880069732666
-0.06121093887200785 -0.9294913172405171 0.3637294490921729 -4.804545879364014 0.9295542514873903 -0.18582386413015128 -0.31843113079825675 -17.897058486938477 0.3635685829442978 0.31861478731255927 0.8753870588497685 -2.066209554672241
-0.06583738008154166 -0.9281593082781688 0.3663137150593603 -4.81328010559082 0.9239923215502389 -0.19530020849544844 -0.3287795892050397 -18.024438858032227 0.37670098101836547 0.31682507321584563 0.8704701280811281 -2.0745325088500977
-0.07103376643958703 -0.926586885630424 0.3693114504088891 -4.821470737457275 0.9178726695907553 -0.20565480557336757 -0.33943462310571715 -18.143083572387695 0.39046634482852177 0.31486956715804015 0.8650972137476586 -2.082261085510254
-0.07655735358773658 -0.9248146576552532 0.3726349696387055 -4.831019401550293 0.9113463490981619 -0.21650896727891195 -0.3501024122642829 -18.252763748168945 0.40445865499095596 0.31279660495890255 0.8594018154094689 -2.090996265411377
-0.08217170302505444 -0.922897423720611 0.3761756989916033 -4.840410232543945 0.9045934400537478 -0.2274837429821746 -0.36050222591621633 -18.35374641418457 0.4182804315691675 0.3106629877675791 0.8535396819115277 -2.099484443664551
-0.08765001430337088 -0.9209054770780072 0.37980334027012885 -4.84904146194458 0.897823424458686 -0.23820195188859172 -0.3703686388042915 -18.446157455444336 0.43154440499894975 0.3085335190934584 0.8476889135230621 -2.107236862182617
-0.09277389937901925 -0.9189251849302031 0.3833660236575528 -4.858115196228027 0.8912730389863053 -0.24828680407582654 -0.3794549155010749 -18.529827117919922 0.44387540320469143 0.30648028879979194 0.8420477771522639 -2.1153533458709717
-0.0973324258603831 -0.9170581201611938 0.3866921296361625 -4.866474628448486 0.8852043491902661 -0.25735966364253715 -0.38752969396478226 -18.605009078979492 0.45490620907036505 0.3045823497450531 0.8368332768078787 -2.1228160858154297
-0.10112061222687058 -0.9154182513758419 0.38959472125640926 -4.873891353607178 0.8798962448221918 -0.26504166579222493 -0.3943799104187341 -18.671789169311523 0.46428140187893485 0.30292299424454217 0.8322742573378397 -2.129443407058716
-0.10393784802423994 -0.9141275385755467 0.39187723455937373 -4.880393028259277 0.8756390698395748 -0.27095238892674717 -0.3998012284940767 -18.730205535888672 0.4716493857926396 0.3015885378337531 0.8286079958151048 -2.135293483734131
-0.10558375996488029 -0.9133094800835787 0.3933419164304024 -4.88621187210083 0.8727221849877987 -0.2747113498599928 -0.4035959143601717 -18.78024673461914 0.4766634635272573 0.3006650426098182 0.8260705022518571 -2.140672445297241
-0.10585242935368377 -0.9130819661395599 0.393797646400583 -4.890988826751709 0.871425228371673 -0.27593441520727957 -0.40555920635783105 -18.82204246520996 0.47897112079675586 0.3002357767071271 0.824890989057201 -2.1451823711395264
-0.10452904392212786 -0.9135463648896894 0.39307342593154276 -4.894709587097168 0.8720019047831323 -0.2742380113883441 -0.40547033327279985 -18.855642318725586 0.47821162368904707 0.30037734985614445 0.825280007429045 -2.148831844329834
-0.10138261059971837 -0.9147766152240049 0.391031086369484 -4.897365570068359 0.8746640940532056 -0.26923798210533156 -0.40308018007083224 -18.881092071533203 0.47400874342365373 0.30115552996941997 0.8274183089144007 -2.151629686355591
-0.0961597921971864 -0.9168067911671662 0.38758044588750606 -4.898952484130859 0.8795644913819243 -0.26054893114330274 -0.39809616926081964 -18.898441314697266 0.46596094242398756 0.30262115284600727 0.8314450300443816 -2.153581380844116
-0.08857860003735646 -0.9196181520396491 0.38269607530598304 -4.899472713470459 0.8867733502975292 -0.24778461485690928 -0.39017407633299866 -18.90773582458496 0.453637362678073 0.3048036073923565 0.8374412839734429 -2.1546924114227295
-0.07840531412829976 -0.9234397393662286 0.37564831222258194 -4.899270057678223 0.8961820513045868 -0.23034904213203528 -0.3792058144442894 -18.912334442138672 0.43670394735558055 0.3069175240159571 0.8456307088889149 -2.155219793319702
-0.06570757188060306 -0.9277835223063085 0.3672876947767988 -4.899555683135986 0.9072941572654241 -0.20875810164656183 -0.365016940961577 -18.922367095947266 0.4153309851065521 0.3092536026206053 0.8554895569652486 -2.156309127807617
-0.05063378888831044 -0.9323855341915013 0.35790143203575275 -4.900366306304932 0.9194973941912818 -0.18339751272971894 -0.34769224092578577 -18.93777847290039 0.3898214482275906 0.31148445860906304 0.8666121800129297 -2.1579198837280273
-0.033347016856561496 -0.9369805811788571 0.34778638121769423 -4.9017333984375 0.9321643741961841 -0.15467364032646302 -0.3273310930351654 -18.95852279663086 0.3604962634289076 0.3132785589246272 0.8785778215797986 -2.16001033782959
-0.0140324412606333 -0.941313323751666 0.3372422232162781 -4.903433799743652 0.944676012773205 -0.12301821344362901 -0.30406208256219186 -18.982288360595703 0.32770462536129435 0.314317905453585 0.8909623633061527 -2.1622941493988037
0.007094368108387761 -0.9451480293555302 0.3265652653704918 -4.9054856300354 0.9564433701739962 -0.08889340439971105 -0.27805402767166815 -19.00901222229004 0.2918317145057234 0.3143138006190414 0.9033499239768955 -2.16473388671875
0.029785091777869144 -0.9482776521414125 0.3160416788288437 -4.907790184020996 0.9669285667804248 -0.05279043016473234 -0.24952418164774265 -19.038652420043945 0.25330218130078763 0.31302182820402896 0.9153443832875526 -2.1672630310058594
0.05375518353519532 -0.9505318520598977 0.3059404818958721 -4.910492897033691 0.9756641649685523 -0.01522796480523142 -0.2187408198853339 -19.071128845214844 0.21257896753751282 0.3102536177185877 0.9265812836730589 -2.169891357421875
0.07868806864322647 -0.9517838954505466 0.2965056562937405 -4.913602352142334 0.9822693464395804 0.023256107219696454 -0.1860271069552647 -19.10637092590332 0.17016203718326364 0.30588653098488805 0.9367381230972041 -2.172605037689209
0.10423702999207435 -0.9519552968855156 0.2879509581682993 -4.917132377624512 0.9864649518537423 0.0621130594673685 -0.1517526494259567 -19.144315719604492 0.12657622344905686 0.29987177355532046 0.9455450169516846 -2.1753954887390137
0.13003221535581516 -0.9510191268184416 0.2804536385842548 -4.921086311340332 0.9880826749653315 0.1007936454382154 -0.1163325770050266 -19.184890747070312 0.08236656119454074 0.29223836412210535 0.9527919437800794 -2.17826771736145
0.15568664231030566 -0.949001383562918 0.27414967335711116 -4.925458908081055 0.9870721098321599 0.13875962753467502 -0.08021481009094945 -19.228031158447266 0.038083059194762195 0.2830938709370199 0.9583358184061903 -2.1812360286712646
0.18080639252572905 -0.94597958711147 0.26913132331678663 -4.930243968963623 0.9835020222891309 0.17549633144004162 -0.04387265440199377 -19.27366828918457 -0.005728924421017523 0.2726236571163621 0.9621036955575415 -2.184321880340576
0.20499741413145273 -0.9420798788220737 0.26544596835892 -4.935353755950928 0.9775579870209439 0.21052242751757994 -0.007790348109394385 -19.321752548217773 -0.04854319943079449 0.26108582770938066 0.9640942632120211 -2.187539577484131
0.2278738801222468 -0.9374719219968756 0.26309673168915637 -4.940590858459473 0.9695351620581522 0.24339835894297818 0.02754647702951843 -19.372257232666016 -0.08986136150150714 0.24880440979080168 0.9643761202859319 -2.1908788681030273
0.2490642478671598 -0.932362208399794 0.2620452494937176 -4.946156024932861 0.9598273766663508 0.2737317801528503 0.061662951082011905 -19.425098419189453 -0.12922231787178623 0.23616016785692356 0.9630835725323283 -2.1944518089294434
0.26821666125778276 -0.9269856738407959 0.2622162907175175 -4.952022552490234 0.948912504502415 0.3011801951479448 0.09410392579271212 -19.480234146118164 -0.1662073446712936 0.22358007635872149 0.9604098437816775 -2.1983110904693604
0.2850018382761572 -0.9215960370142762 0.2635046427272051 -4.958156585693359 0.9373349073997237 0.32544970786831384 0.12444178967846936 -19.537626266479492 -0.20044256920415474 0.2115259610733634 0.9565979010236367 -2.2025158405303955
0.299113288437767 -0.9164556824304771 0.26578228462565684 -4.964526176452637 0.9256859923821393 0.34628895871804594 0.15228066383315153 -19.597246170043945 -0.23159595028289898 0.20048176777667326 0.9519298170567518 -2.207125186920166
0.31026458832003373 -0.9118246841758599 0.26890821958838207 -4.970698356628418 0.9145832505042117 0.36347891610833055 0.17725844251223563 -19.659114837646484 -0.25937109154983007 0.19094193586613364 0.9467142198128974 -2.2120885848999023
0.31826985732318913 -0.9079219899439688 0.2727305595192088 -4.97697114944458 0.9045900077951907 0.3769168496906147 0.19912459972690305 -19.723182678222656 -0.28358634613918493 0.18333398101684928 0.9412584319345776 -2.2175519466400146
0.32328361567387737 -0.9048283149355244 0.2770801767138248 -4.983388423919678 0.8960011727607523 0.38687599656860344 0.21796527634099574 -19.789472579956055 -0.30441682320164476 0.17779956065747052 0.9357979023174978 -2.223546028137207
0.32554187611561947 -0.9025536518990853 0.281814464388802 -4.989949703216553 0.8889723520312529 0.39369299670444935 0.2339529475554702 -19.8580265045166 -0.32210346818863156 0.17436378577415418 0.9305087995238734 -2.230076789855957
0.32527495924777156 -0.9010705040313899 0.2868242452286378 -4.996030330657959 0.8835841795596985 0.3976694854499407 0.2472609511706086 -19.92463493347168 -0.33686079991322115 0.17300556958259078 0.9255235677038313 -2.2366364002227783
0.32270606369973326 -0.900322222745703 0.29202858024799627 -5.00156831741333 0.8798551791722916 0.3990741606153336 0.2580594466646425 -19.98934555053711 -0.3488777151597938 0.1736655105638527 0.9209368221031657 -2.2431957721710205
0.3180516935223987 -0.9002299865163284 0.29737029378259294 -5.006886959075928 0.8777524419112852 0.3981470562535435 0.2665137375735323 -20.05214500427246 -0.358320765469028 0.17625235593730113 0.9168104144588678 -2.249833345413208
0.3115240412630089 -0.9006984231347487 0.30281202465843515 -5.012000560760498 0.877201256320019 0.3951053628253237 0.27278142931154575 -20.113067626953125 -0.36533645811189397 0.18064911521855537 0.9131786076912938 -2.256535530090332
0.30332966087523017 -0.9016222467053634 0.308331706250413 -5.016921043395996 0.8780946154030598 0.39014568313841547 0.27701298223839976 -20.17212677001953 -0.37005535158063946 0.1867181570561156 0.9100523977178991 -2.263284206390381
0.29367391445503077 -0.9028899112012656 0.31391948047171225 -5.021340370178223 0.8802996218517112 0.38345192751887835 0.27935138275976157 -20.22939109802246 -0.3725965750465149 0.19430498586764916 0.907423475963995 -2.2699694633483887
0.2827601333302465 -0.9043888836536639 0.31957386332855897 -5.025424480438232 0.8836653567469196 0.375197569573973 0.27993270811236554 -20.284860610961914 -0.37307136620812964 0.20324254207587295 0.9052680403096844 -2.2766125202178955
0.2707915101008864 -0.9060092051184221 0.32529875237689787 -5.02937126159668 0.8880286869761764 0.36555054519820984 0.2788868050171244 -20.338537216186523 -0.3715871488152538 0.21335444487044636 0.9035501489620673 -2.283245086669922
0.2579731674900466 -0.9076463257623588 0.33110118118974247 -5.033192157745361 0.8932195133305412 0.35467811878323985 0.27633735372173923 -20.390443801879883 -0.36825092784771635 0.22445841349005463 0.9022248471156311 -2.289842367172241
0.24451130115587355 -0.9092046192312143 0.33698840332522456 -5.036900520324707 0.8990658155577441 0.34274875270793265 0.27240402312125395 -20.440597534179688 -0.36317335103576903 0.23636889153562263 0.9012407359921493 -2.296382427215576
0.2306146322970251 -0.910599248595047 0.34296632462771526 -5.040712833404541 0.9053980668748621 0.32993573250438807 0.26720170829554074 -20.491724014282227 -0.3564705203376154 0.24890042361339676 0.9005428070088068 -2.3031060695648193
0.21649376720845798 -0.9117584508643883 0.3490372129691341 -5.0443115234375 0.9120529494004923 0.31641867748175906 0.26084217072888616 -20.54387092590332 -0.3482669468234861 0.26186971535109815 0.9000746557548334 -2.309891939163208
0.20236157839344499 -0.9126245312852956 0.3551988970793812 -5.047984600067139 0.9188764407997154 0.30238591283411725 0.25343410635256913 -20.5970458984375 -0.3386973252527414 0.275098572544048 0.8997804716989953 -2.316803455352783
0.18843262365685665 -0.9131549888997084 0.36144309730490976 -5.051773548126221 0.9257268230318711 0.28803507740067147 0.24508293148668586 -20.65125846862793 -0.3279069920893908 0.2884159503813238 0.8996072721496451 -2.3238298892974854
0.17492136563479893 -0.9133230881555094 0.3677546090622669 -5.055683612823486 0.9324768552638774 0.2735727896886007 0.2358915919213458 -20.706539154052734 -0.3160528915255278 0.30166018196653077 0.8995063670559941 -2.3309502601623535
0.16204187510990692 -0.9131174197581147 0.37411095739786704 -5.059715270996094 0.9390149776949139 0.25921542437909234 0.22596069443287622 -20.762920379638672 -0.3033039768540563 0.3146806976893409 0.8994346869708016 -2.338146924972534
0.15000816481847357 -0.912541104092315 0.3804816471655008 -5.063787937164307 0.9452460678491679 0.24518972507388037 0.21538772001644318 -20.820425033569336 -0.2898403382958977 0.32733886426786224 0.8993563510846777 -2.3453752994537354
0.1389958581907048 -0.9161727322620334 0.3759091327240532 -5.067175388336182 0.9510979770404433 0.22923994569379058 0.20703063871776162 -20.87879753112793 -0.27584921510746746 0.32875001438452944 0.9032334352573347 -2.351224899291992
0.1290374411204302 -0.9192995845805255 0.3718031906522113 -5.070693016052246 0.9565352436391233 0.2142676037815348 0.19781233946840104 -20.938373565673828 -0.2615141802375815 0.330117657449268 0.9069909954210534 -2.357170343399048
0.12012386308442824 -0.921971058456929 0.36815706551074584 -5.074338436126709 0.9615361210298883 0.2003233457314506 0.1879330867882335 -20.99915885925293 -0.24701932206301097 0.3314210683145653 0.9105720894057552 -2.3632097244262695
0.11223902548204112 -0.9242354907606721 0.36495363921629986 -5.078103065490723 0.9660860763903342 0.18744906121114646 0.17759657219605712 -21.061166763305664 -0.23255127211772286 0.3326433631826123 0.9139301388875353 -2.3693413734436035
0.1053605070103964 -0.9261390297866038 0.3621680011658133 -5.08195161819458 0.9701777725863358 0.17567940489257955 0.16700849162843617 -21.124391555786133 -0.21829854131882914 0.33377124532008057 0.917029172194404 -2.3755509853363037
0.09945935053851473 -0.927724647775414 0.3597705039333283 -5.08567476272583 0.9738111818472373 0.16504196598671916 0.15637433156539962 -21.18886375427246 -0.20444955294581535 0.33479565017070156 0.9198436024276264 -2.3817639350891113
0.09450262567107492 -0.9290313535930966 0.357728944568721 -5.089498043060303 0.9769925271465684 0.15556056890982028 0.14589897635081217 -21.25456428527832 -0.19119324161966206 0.3357106692397956 0.9223575721581809 -2.3880627155303955
0.09045276499910754 -0.9300938961617372 0.35601073245998593 -5.093416690826416 0.9797341339608462 0.1472541254036463 0.13578383299788616 -21.32149314880371 -0.17871576331148534 0.3365138435106149 0.9245642806585741 -2.394446849822998
0.08726970709414933 -0.9309422255115103 0.35458506875413887 -5.097426414489746 0.9820526142274819 0.14013975366525994 0.12622801722125104 -21.389657974243164 -0.16720245546244097 0.3372053116460597 0.9264642015129424 -2.400918483734131
0.08491168441663988 -0.9316013996758261 0.353424444502033 -5.101430416107178 0.9839679445080334 0.13423264284142233 0.11742521780453585 -21.459062576293945 -0.15683459449421383 0.337787551158785 0.928063834147192 -2.4074339866638184
0.08333855210349128 -0.9320912907241574 0.3525060446140857 -5.105400085449219 0.9855012001859373 0.12954973819483584 0.10956390722188782 -21.529714584350586 -0.14779062949108318 0.33826423264930566 0.9293735732980606 -2.413983106613159
0.08251126455189589 -0.9324267205697149 0.3518128792265204 -5.109450340270996 0.9866728349993886 0.12610886769595503 0.10282640790533265 -21.601606369018555 -0.14024481415124335 0.33863987399013024 0.930405517958504 -2.42061710357666
0.08239616655522969 -0.9326172440642999 0.3513345240805588 -5.113581657409668 0.9875000614162119 0.12393271325301353 0.09738742880230417 -21.67473602294922 -0.134367036284873 0.3389185133032072 0.9311711662741513 -2.4273388385772705
0.08296528965828204 -0.9326671001236827 0.3510681430417712 -5.117756366729736 0.987994318208579 0.12304910869415825 0.0934138321510156 -21.74911880493164 -0.13032263003593136 0.3391032249868075 0.9316786006472748 -2.4341259002685547
0.08420015136922882 -0.9325750061079858 0.35101879222071475 -5.12188720703125 0.988158344929716 0.12349413805373405 0.09106197456748714 -21.82476043701172 -0.12827088467443953 0.3391947167174861 0.9319299996758238 -2.4409258365631104
0.08609302410783493 -0.9323337556348402 0.35120045458940147 -5.126097202301025 0.9879828205248572 0.12531401769528883 0.09047841354054183 -21.90165901184082 -0.12836641908114527 0.33919045545666426 0.9319183963091322 -2.447809934616089
0.08864944322177754 -0.9319296485321757 0.3516367534874082 -5.130385398864746 0.9874432197127041 0.12856669471555676 0.09179593048346597 -21.97981834411621 -0.13075612436852557 0.3390836699055445 0.9316249785957387 -2.454779624938965
0.09189163309315629 -0.9313413843119603 0.3523622477442129 -5.134718894958496 0.9864958631210704 0.13332572331213532 0.09513234753915294 -22.05925750732422 -0.13557964379834822 0.33886203294434925 0.9310159412256783 -2.461787700653076
0.09586030970462717 -0.9305386842722795 0.353424048553785 -5.139086723327637 0.9850742775071962 0.1396817490630083 0.10058666299452648 -22.139989852905273 -0.1429666703011881 0.3385066706159777 0.9300396578272766 -2.4688196182250977
0.10061721722412659 -0.9294800366550848 0.3548845404603237 -5.143543720245361 0.9830851062173926 0.14774545022877278 0.10823564971965062 -22.222015380859375 -0.1530354518783494 0.33799133627411143 0.928623716621555 -2.4759275913238525
0.10625333622788385 -0.9353643127240278 0.3373482340590385 -5.147193431854248 0.980414910317695 0.15513014074748305 0.12133112979945612 -22.305038452148438 -0.16582168786739154 0.31784940131133443 0.9335282137776213 -2.480664014816284
0.11289681114898448 -0.9414225091885637 0.3177703089111678 -5.150881290435791 0.9769673321059624 0.16346014087084643 0.1371700198448667 -22.3892765045166 -0.18107772372699138 0.2949651530937028 0.9381931658407344 -2.485055446624756
0.12068008290673848 -0.9474082584778324 0.29640160147614536 -5.154634952545166 0.9726476586887917 0.17254765187096377 0.15551154259741845 -22.47469139099121 -0.19847632009092353 0.26952717785376984 0.9423174893640403 -2.4892218112945557
0.12972442217600005 -0.9530813990813466 0.27350945324841336 -5.158525466918945 0.9673613002770419 0.18220576509310632 0.17610557598539234 -22.561262130737305 -0.21767794793550843 0.24173726624577124 0.9456105990790328 -2.4931530952453613
0.14013585776131637 -0.9582130572188735 0.24937858437476126 -5.162646293640137 0.9610202128102464 0.19225621175096735 0.19868995851153579 -22.648969650268555 -0.23833189450774042 0.21181427246157666 0.9478041053097017 -2.4968101978302
0.15199738911234967 -0.9625910854674739 0.22431048990535213 -5.166920185089111 0.9535486158545318 0.20253289620842546 0.22299206971399993 -22.7377872467041 -0.2600804316070996 0.17999674478161343 0.9486618686144643 -2.500324010848999
0.16536812099984277 -0.9660241951948068 0.19862184888679194 -5.171497821807861 0.9448876775908412 0.21289002388353306 0.2487269878156682 -22.827701568603516 -0.28256089838115994 0.146543822896412 0.9479895815234138 -2.5036211013793945
0.1802770554062162 -0.9683467006044671 0.17264081418513633 -5.176291465759277 0.934999616246066 0.22320402981227405 0.2756005781838473 -22.9186954498291 -0.3054110360052064 0.11173463430827618 0.9456423587076789 -2.506826639175415
0.19672294353044917 -0.9694215926155135 0.146703303505808 -5.181402683258057 0.9238703757606618 0.23337958578240814 0.3033108928671789 -23.010751724243164 -0.3282736850260303 0.07586662448556108 0.9415310101152259 -2.509932279586792
0.2146725947398741 -0.9691433621145947 0.12114792914808413 -5.186767578125 0.9115112953572663 0.2433523784051399 0.3315520748851979 -23.10386848449707 -0.3508031292673542 0.03925256162062604 0.9356262078963216 -2.5130279064178467
0.23406140653805996 -0.9674396945241944 0.09631041183775857 -5.192426681518555 0.89796004890417 0.25309192631131383 0.360016982110635 -23.198034286499023 -0.3726701068524893 0.0022168209134116323 0.927961247662634 -2.516172409057617
0.25479419364284284 -0.9642723035160126 0.07251788439975676 -5.198322772979736 0.883280312987615 0.26260293525858003 0.38840132219404055 -23.293251037597656 -0.393568046942831 -0.03490878206842768 0.9186324451923656 -2.5194525718688965
0.27674869008456315 -0.9596363202311162 0.05008288559738441 -5.204452991485596 0.8675603045429494 0.2719270185904482 0.41640702989005196 -23.3895263671875 -0.4132181996449612 -0.07179017658281892 0.9077978244236898 -2.5229125022888184
0.2997782178641355 -0.953558894673036 0.02929939392105363 -5.210731029510498 0.8509105953403986 0.281142504100346 0.4437454801185423 -23.48685646057129 -0.43137475451358026 -0.10809406449072514 0.8956737656034275 -2.5267279148101807
0.3237167592465259 -0.9460964719519633 0.010436740054960897 -5.217178821563721 0.8334609278832414 0.2903636258718002 0.4701402412712482 -23.58527374267578 -0.44782847327401265 -0.14349366024542434 0.8825300153504343 -2.530853748321533
0.3483828425418102 -0.9373314041871846 -0.0062636847756711855 -5.223733901977539 0.815357508383643 0.299738161894901 0.49532733401891305 -23.684778213500977 -0.4624084001668936 -0.17767068702615743 0.8686838311070071 -2.535407543182373
0.37358514202511794 -0.927367321392736 -0.02059108717223057 -5.230370998382568 0.796757876463396 0.3094447438934338 0.519057643013054 -23.785396575927734 -0.4749852923529446 -0.21031833417367385 0.8544911762907788 -2.54042911529541
0.3991292814460383 -0.9163232074098447 -0.03236659164174813 -5.237126350402832 0.7778270942335394 0.31969091015865114 0.5410940153412729 -23.88715934753418 -0.4854696985071031 -0.24114207746485844 0.8403390210548088 -2.5458788871765137
0.4248210802913335 -0.9043281346398979 -0.041444838506470405 -5.243896484375 0.7587335575463876 0.3307060020814271 0.5612102358655996 -23.990097045898438 -0.4938121488917695 -0.2698595284329278 0.8266349838476781 -2.551896810531616
0.45047407674745754 -0.8915137076604106 -0.0477117934279718 -5.251194953918457 0.7396440233916529 0.3427389164089675 0.5791862859562669 -24.10233497619629 -0.4999998248395028 -0.29619815028523483 0.8137977825775098 -2.5591442584991455
0.4771993162389454 -0.8783949406863102 -0.026516801424314812 -5.258569240570068 0.7226899937344998 0.37508529675616054 0.5805430157304207 -24.22629165649414 -0.4999999855371112 -0.2961981572090491 0.8137976813243277 -2.570784330368042
0.5029391477584586 -0.864303853424776 -0.0055733838086530485 -5.266380310058594 0.7050192788074063 0.4065040091647095 0.5811215940256411 -24.35931396484375 -0.5000000301618789 -0.29619814227658636 0.8137976593416936 -2.5833795070648193
0.5274190263832232 -0.849475262991832 0.014864325545775964 -5.273891448974609 0.6868982212911005 0.43664454791236995 0.5809581502703309 -24.50136375427246 -0.5000000041960952 -0.2961981032068909 0.813797689515364 -2.597161293029785
0.5504270068765433 -0.8341671747047061 0.03457216721725598 -5.281628131866455 0.6686030932370683 0.46522230080502525 0.580119052046649 -24.65239906311035 -0.5000000138147535 -0.29619813550872814 0.8137976718487215 -2.6119236946105957
0.5718083905060141 -0.8186502487490824 0.053356675027472794 -5.288522720336914 0.6504115049985958 0.49201466699435664 0.5786937373325323 -24.81240463256836 -0.5000000387123819 -0.29619813923368565 0.8137976551957611 -2.6279540061950684
0.5914555540818743 -0.803201149980146 0.07105096914380402 -5.29507303237915 0.6325980862409867 0.5168506532460305 0.5767885778371418 -24.98134422302246 -0.4999999888299439 -0.2961981007868252 0.8137976998372098 -2.645078659057617
0.6095726909540619 -0.7879336603535331 0.08707285067635567 -5.300678730010986 0.615701422718553 0.5397677193271805 0.5740754020463547 -25.159225463867188 -0.49933244687820305 -0.2963298095943391 0.8141595368479136 -2.663424015045166
0.6269044735449367 -0.7726493783707489 0.10001859403451424 -5.304804801940918 0.6006821833287772 0.5610987416324636 0.569516564087331 -25.34607696533203 -0.49615692646653525 -0.2969530943461628 0.8158720267771901 -2.68304443359375
0.6424389514877984 -0.7581977729365057 0.11139268703726063 -5.307776927947998 0.5867421562610469 0.5801591686636121 0.5649327226154313 -25.54180908203125 -0.4929562208527198 -0.2975760005942507 0.8175834441773727 -2.703897714614868
0.6560711989129743 -0.7448922993885216 0.12126848011158281 -5.308082103729248 0.574045261161406 0.5968562155878652 0.5605664064607019 -25.746368408203125 -0.48994144557796454 -0.2981578780207101 0.8191820674789956 -2.7262847423553467
0.6677036984003744 -0.73303799165344 0.12971921189690144 -5.30548095703125 0.5627665282227705 0.6111102496148355 0.5566310245825175 -25.959699630737305 -0.4873044283141203 -0.2986629632351234 0.8205698194164003 -2.750222682952881
0.6772443909111061 -0.7229271351533613 0.13680786614226112 -5.299738883972168 0.5530882787440057 0.6228475361729298 0.5533121204160489 -26.181753158569336 -0.4852147884137892 -0.299060702771636 0.8216625251052266 -2.7757396697998047
0.6846014601500557 -0.7148373753098629 0.14257758456544958 -5.289900779724121 0.545197404849044 0.6319904908275107 0.5507701964063323 -26.412445068359375 -0.48381879924851967 -0.29932515157217976 0.8223890947295035 -2.8030009269714355
0.6896783361040661 -0.7090292824947085 0.14704172630163773 -5.274815559387207 0.5392826135536969 0.6384482202076776 0.5491430895789758 -26.651607513427734 -0.48323705924465377 -0.2994350458424796 0.8226910707512822 -2.8321592807769775
0.6923681304487852 -0.705743169649502 0.1501763977192431 -5.255284309387207 0.5355302027150131 0.642107599203954 0.5485482959818138 -26.899232864379883 -0.4835636193086398 -0.29937336143619864 0.8225216207149331 -2.8630096912384033
0.6925481120116421 -0.7051949627380651 0.15191174108003946 -5.2310471534729 0.5341205217090443 0.6428241432716202 0.5490832260380621 -27.155241012573242 -0.4848632599386844 -0.29912737313052173 0.8218457481825074 -2.8955254554748535
0.6900735122929528 -0.7075706239632977 0.1521261310092964 -5.203147888183594 0.5352222553761845 0.640413194378993 0.5508249066766356 -27.407793045043945 -0.487171104419893 -0.29868838706833534 0.8206397275594315 -2.92812442779541
0.684772017636235 -0.7130184014717753 0.1506387832698946 -5.171792984008789 0.538986966085101 0.6346412699737679 0.5538262442648068 -27.65685272216797 -0.4904898921005186 -0.2980523739357185 0.8188922078872801 -2.9606449604034424
0.6764377878617686 -0.7216388806722165 0.14720477252734473 -5.137124061584473 0.545542003035586 0.625218012748592 0.5581096303224142 -27.90238380432129 -0.4947886842649065 -0.29722005725867795 0.8166054099052679 -2.9928715229034424
0.6648263659885073 -0.7334718283023198 0.1415096469268723 -5.098720550537109 0.5549827777425456 0.6117889772526635 0.5636562460589863 -28.144306182861328 -0.5000000194956836 -0.2961981168052773 0.8137976751658386 -3.024318218231201
0.6523561879814123 -0.7427788159603691 0.15070180676711287 -5.056488037109375 0.5695887975340342 0.61164618518201 0.5490514965611395 -28.3846435546875 -0.5000000057260929 -0.2723390803994282 0.8220896663753295 -3.0572259426116943
0.6366192417084524 -0.7544770398999909 0.1596256162096262 -4.99967622756958 0.5871251451763679 0.6083872379453121 0.533993476183842 -28.6190185546875 -0.5000000049881842 -0.24623030879447397 0.8302834636693628 -3.088684558868408
0.6175943814605175 -0.7682040618649157 0.16864074039995597 -4.892806053161621 0.6071055535395384 0.6019533899390385 0.5187243614891732 -28.830495834350586 -0.5000000268498506 -0.21797852113257493 0.8381439837372837 -3.1211047172546387
0.5952796827158192 -0.7835391204529405 0.17806893627352874 -4.705078125 0.6290008785906649 0.592303617327704 0.5035219157421933 -28.973411560058594 -0.4999999940779253 -0.1877308488777196 0.845433104569324 -3.1403534412384033
0.5697205270968255 -0.800004306421977 0.18817978294919732 -4.491969108581543 0.6522411468677437 0.5794446212535505 0.4886976746752332 -29.073768615722656 -0.5000000073371658 -0.15568249935885933 0.8519172213637972 -3.131276845932007
0.5410261634550988 -0.8170830896547644 0.19916303637292004 -4.277364253997803 0.6762327185373164 0.5634447202742598 0.47459388699675825 -29.16156578063965 -0.5000000008366876 -0.12208714836249263 0.8573766543171253 -3.108715057373047
0.50939046555233 -0.8342368660563811 0.2111165671301242 -4.064555644989014 0.700372296957953 0.544458446476434 0.46156651277395455 -29.244428634643555 -0.4999999992582217 -0.08725738577848718 0.8616183316114407 -3.0807628631591797
0.4750999971807733 -0.8509342922975724 0.22403308432206845 -3.8537817001342773 0.7240718183672508 0.5227353004567221 0.44996422913689893 -29.323026657104492 -0.4999999945251723 -0.05156196125488577 0.8644890801082322 -3.049145460128784
0.4385374386741874 -0.8666809845842597 0.23780030664644206 -3.6452648639678955 0.7467830607180813 0.4986245447843494 0.4401006970718578 -29.398298263549805 -0.49999997510561756 -0.015415391615488605 0.8658882090638049 -3.015462636947632
0.4001776862008388 -0.881049530923981 0.2522093248188417 -3.4390954971313477 0.7680220040052765 0.4725693600985016 0.4322272564980274 -29.470523834228516 -0.5000000208306614 0.020734607657867415 0.8657771394617741 -2.980151414871216
0.3605722884197199 -0.8937068142636588 0.26697519540674214 -3.2353391647338867 0.7873930243901701 0.445088791165018 0.42650696725957943 -29.5399112701416 -0.4999998499654447 0.05642781333673025 0.8641851953815037 -2.9434728622436523
0.3203266170750534 -0.9044333743716596 0.28176431590239714 -3.034006357192993 0.8046060246421426 0.41675024009035844 0.42299927008707316 -29.606367111206055 -0.5000000035028201 0.09121134089203164 0.8612087364802203 -2.9053497314453125
0.2800765685339824 -0.9131302768132139 0.29622662494322216 -2.8351330757141113 0.8194858826118785 0.3881407537241523 0.4216510921345719 -29.67007827758789 -0.5000000039580598 0.12465894619107737 0.8570065012451598 -2.8659605979919434
0.2404616020508359 -0.9198154032162655 0.31002877599546275 -2.6387462615966797 0.8319724845146099 0.35983669975302135 0.4223024206909566 -29.731204986572266 -0.5000000029497331 0.1563878944066751 0.8517880156079412 -2.8254246711730957
0.20210078545077392 -0.9246101200912137 0.3228798512528952 -2.444661855697632 0.8421135528345641 0.3323768496181345 0.4247003578645443 -29.78973388671875 -0.5000000366525269 0.18606922277162197 0.8458003355902837 -2.784389019012451
0.1655765983220835 -0.9277172385145537 0.3345521117120893 -2.2526941299438477 0.8500496316298319 0.3062466478274455 0.42851909462757864 -29.845632553100586 -0.5000000138540743 0.21343316531735043 0.8393129750507506 -2.7435014247894287
0.1314216373955106 -0.9293972179726178 0.3448900758923655 -2.0624022483825684 0.8559955256318497 0.28186713153761067 0.433385025418522 -29.898223876953125 -0.5000000133225363 0.2382681921354968 0.8326033000738982 -2.7036590576171875
0.10011485331912295 -0.9299434350391558 0.35381100007273136 -1.8735485076904297 0.8602191273658566 0.259594829778624 0.4389004183936622 -29.947370529174805 -0.5000000690588102 0.2604145387258228 0.8259444284946793 -2.665830612182617
0.07208450879737344 -0.9296598289119042 0.3612982508938156 -1.6862157583236694 0.8630201649120317 0.23972930346767335 0.44466398101725535 -29.99347496032715 -0.5000000185466509 0.2797542914172959 0.8195959479444463 -2.6302380561828613
0.04771497270706865 -0.9288432082488896 0.3673875009706696 -1.500360131263733 0.8647099386166399 0.2225240860426791 0.4502885221593784 -30.036550521850586 -0.5000000034371704 0.2961981188677274 0.8137976842815721 -2.5971288681030273
0.027326230443994626 -0.9338973697309251 0.3564954136302195 -1.314599633216858 0.8682316963951481 0.1989156449867867 0.45453964354530607 -30.073957443237305 -0.49540589268248014 0.29709976268780536 0.8162749123342727 -2.566810131072998
0.010489533348821412 -0.9375982079378762 0.3475623255788911 -1.1301745176315308 0.8706582309048458 0.1795056619639025 0.4579650229881592 -30.107444763183594 -0.4917765901786786 0.2978041601364634 0.8182105276502178 -2.541271209716797
-0.0030795822287105756 -0.9402774377777935 0.34039514711482677 -0.947357177734375 0.8722106978047238 0.16397022516174126 0.46082780286719327 -30.137468338012695 -0.4891206546531167 0.2983154459065702 0.8196150803427611 -2.520134925842285
-0.01366565797706587 -0.942186580099127 0.3348099432113172 -0.7660192847251892 0.873068598311768 0.15197542811964948 0.46330841983475124 -30.16334342956543 -0.4874058600734902 0.29864346222370386 0.8205166726137019 -2.504340648651123
-0.021553023983378494 -0.9435121684376874 0.3306361371162946 -0.5861034989356995 0.8733766893984819 0.1431829605183748 0.4655231446797691 -30.18309783935547 -0.4865682126614105 0.2988033263322327 0.8209555082952265 -2.4966814517974854
-0.027023015922819915 -0.9443898316632243 0.3277157342294409 -0.39813232421875 0.873252429535898 0.13725426512972844 0.4675376573211503 -30.200435638427734 -0.48651819176685085 0.2988128386713073 0.8209816907368328 -2.4938433170318604
-0.030355019752172474 -0.9449160186160604 0.3259022714536036 -0.20218749344348907 0.8727926870791011 0.13385114916384971 0.4693791593677328 -30.214916229248047 -0.48714628004028504 0.29869313288103894 0.8206527366752775 -2.496685028076172
-0.03182694828479249 -0.9451588388883778 0.3250566329642437 0.0014538574032485485 0.8720789461925271 0.13263552089685882 0.47104790648526473 -30.225996017456055 -0.4883291481886054 0.298467063287715 0.8200317403380181 -2.506742000579834
-0.031714631680264005 -0.9451666772733068 0.32504481892428616 0.21241454780101776 0.8711827025502351 0.13327017114958273 0.47252487792605113 -30.23453140258789 -0.4899335474476654 0.2981593762635978 0.8191862458754106 -2.523855447769165
-0.03029404292917126 -0.9449762945211918 0.3257331327267823 0.43056029081344604 0.8701697727573946 0.13541583686652425 0.4737796087898711 -30.241718292236328 -0.491819923897304 0.2977958258920647 0.818187514289306 -2.546830892562866
-0.027841470659385747 -0.9446188924906239 0.3269862389479252 0.6557812094688416 0.8691032072826369 0.13873153221773366 0.4747769761262164 -30.24823570251465 -0.49384660331175356 0.29740327825749846 0.8171088192396021 -2.575502872467041
-0.024632538072848542 -0.9441252599661053 0.3286650750566964 0.8880078196525574 0.8680466512862318 0.1428747691324564 0.47548061110428724 -30.254920959472656 -0.4958712022883047 0.29700891205363095 0.8160254021180161 -2.6095190048217773
-0.020946248724948824 -0.9435300349664627 0.3306241488163542 1.1272168159484863 0.8670654595023467 0.14749793233364222 0.47585906410962187 -30.262712478637695 -0.4977536977284423 0.2966402418308859 0.8150127749453848 -2.6483850479125977
-0.017061151436899735 -0.9428736244640243 0.33271345840185235 1.3733325004577637 0.8662279918907432 0.1522527174201681 0.4758867261261916 -30.27320671081543 -0.4993575704608649 0.2963248864477103 0.8141459196576335 -2.691859006881714
-0.013263190261165458 -0.9422014510386035 0.33478427896907936 1.6264781951904297 0.865923843939718 0.15659858042007468 0.4750292423704886 -30.287330627441406 -0.49999998428075887 0.2961980929566691 0.8137977054821877 -2.7386419773101807
-0.009828378746093658 -0.9415729221516035 0.3366657619095144 1.8868077993392944 0.8659696449651922 0.16033456078684166 0.47369758561359565 -30.303470611572266 -0.49999997697008197 0.2961980095952387 0.8137977403149609 -2.788236618041992
-0.007038812035321751 -0.9410515264195989 0.3381900053941197 2.154472589492798 0.86599680138327 0.16336683197741964 0.47261064122976215 -30.320201873779297 -0.4999999951190768 0.2961980804006077 0.8137977033931212 -2.8402678966522217
-0.005183152288558035 -0.9406993208773125 0.3392018906688413 2.429636240005493 0.8660098958302318 0.16538290623082097 0.47188489555267454 -30.335887908935547 -0.49999999525646466 0.2961980452798608 0.8137977160916126 -2.8943560123443604
-0.004555285731141667 -0.9405761235790352 0.33955235991661614 2.712481737136841 0.866755879542327 0.1656285213146425 0.4704268680740208 -30.348445892333984 -0.49871183528237506 0.2964519331698827 0.8144954000294444 -2.9500834941864014
-0.0054427897938890135 -0.9407375215075983 0.33909186316837625 3.0031676292419434 0.8683065467168968 0.16374783637567336 0.46822044702347587 -30.355236053466797 -0.4959981017784618 0.29698411019788074 0.815957303614678 -3.0068676471710205
-0.008057219071299637 -0.9423901292801857 0.3344187875345998 3.2914233207702637 0.8704549909714736 0.15799578514512536 0.466203218102607 -30.35289764404297 -0.4921820698823644 0.29485280414411885 0.8190351848209337 -3.0615875720977783
-0.012295639852494156 -0.9439795983295377 0.3297746733426065 3.5768089294433594 0.873124795170057 0.15060149657068544 0.46365103395756185 -30.338356018066406 -0.4873416761368395 0.29363533024531446 0.8223602516731104 -3.113800525665283
-0.017975637697532076 -0.9454759724188593 0.32519542128999845 3.8585314750671387 0.8762108561960005 0.14176583843927226 0.46060501792303776 -30.307086944580078 -0.4815925787775792 0.2932194274433785 0.8258879799562036 -3.162238121032715
-0.024911603235848068 -0.946847199850466 0.32071762059411646 4.134832859039307 0.8796077299982845 0.13168993779394406 0.45710830402771335 -30.253807067871094 -0.47504700120249677 0.2934929989269916 0.829573508635224 -3.205265998840332
-0.03291612717235998 -0.9480624053784094 0.3163766806831342 4.403802394866943 0.883212302352043 0.12057496317436761 0.45320823826305656 -30.178436279296875 -0.4678167991275821 0.29434563656287605 0.8333715190060307 -3.242318630218506
-0.041799032190523666 -0.9490940875987289 0.3122070687749914 4.663765907287598 0.8869270449854773 0.1086240612961838 0.44895571071192797 -30.082191467285156 -0.4600144104060926 0.29567080713634797 0.8372368338923437 -3.273115873336792
-0.05136775611262123 -0.9499205940892576 0.30824052062807444 4.913671016693115 0.8906622055569337 0.09604236482734535 0.4444060077798564 -29.967470169067383 -0.45175456746380876 0.2973663213672376 0.8411248906625602 -3.2977373600006104
-0.061427767863743876 -0.9505275726511364 0.30450609676198037 5.153317928314209 0.8943381433287723 0.08303725931022599 0.4396181285541926 -29.837553024291992 -0.44315450434642123 0.2993361775599215 0.844992271018672 -3.3166136741638184
-0.07178335693089533 -0.9509092662660261 0.30102942878917927 5.383377552032471 0.897886469836016 0.06981818484811186 0.4346553903380605 -29.69615364074707 -0.43433516660886273 0.3014912741588432 0.8487967805387392 -3.330460786819458
-0.0822361297259836 -0.9510692951386135 0.2978328638888461 5.604996204376221 0.9012514210615874 0.05659823134638259 0.429584120100977 -29.546674728393555 -0.42542107964011433 0.3037496272475114 0.8524981342764554 -3.339982748031616
-0.09258928509990655 -0.9510211219674657 0.29493397541895877 5.820315361022949 0.904389678057662 0.043590369946501895 0.4244751934691658 -29.39314842224121 -0.41654115583870804 0.3060370977833731 0.8560576851316057 -3.346268892288208
-0.10264409280779191 -0.9507877310201841 0.29234719214173294 6.031044960021973 0.9072709805344058 0.031010989095180796 0.4194015813459412 -29.238311767578125 -0.40782785350169865 0.30828721851031793 0.8594390221600181 -3.34975528717041
-0.1122029851422991 -0.9504012243824153 0.2900827516719374 6.238564491271973 0.9098772454230276 0.01907677368034194 0.41443874694260013 -29.084186553955078 -0.3994169355279775 0.3104409596015882 0.8626079771339263 -3.3506555557250977
-0.12106889303497087 -0.9499018102421032 0.2881473130849263 6.444160461425781 0.9122011215547884 0.008005619474706516 0.40966452603442816 -28.932600021362305 -0.39144787261329345 0.3124459328517527 0.8655322651819082 -3.349146604537964
-0.1290463670665416 -0.9493362675670377 0.28654438788573927 6.649017810821533 0.9142446624908137 -0.001984848547425311 0.4051576945873074 -28.785261154174805 -0.3840621463435124 0.31425580576678197 0.8681817530263378 -3.3453710079193115
-0.13594001755135054 -0.9487562459957586 0.2852751256457073 6.8542046546936035 0.9160170466091837 -0.01067590569862048 0.4009972510615289 -28.64383888244629 -0.3774030762321992 0.3158284514123922 0.8705281772170979 -3.339444398880005
-0.14155648033436813 -0.9482158073396255 0.2843387866377152 7.060665607452393 0.9175312234339746 -0.017849551413747 0.39726294508559673 -28.51002311706543 -0.371615684409444 0.3171248590470171 0.8725443294614379 -3.3314640522003174
-0.14570339946836824 -0.9477687588870092 0.28373385251171507 7.2691850662231445 0.9188011058990211 -0.0232882530163529 0.394033228383321 -28.385555267333984 -0.3668447180785041 0.3181069583476993 0.8742041614340887 -3.3215160369873047
-0.1481882208090501 -0.9474901385644414 0.2833772900861743 7.479608535766602 0.9198374096877171 -0.026807747258032977 0.39138278504034957 -28.27074432373047 -0.3632346224583214 0.3186593510476116 0.8755094671318385 -3.310209274291992
-0.14881958376086118 -0.9473498884910286 0.2835152910607815 7.691097259521484 0.9206431481242098 -0.028089693193129817 0.3893933267895843 -28.16464614868164 -0.3609278671718051 0.31896576291563244 0.8763514801644716 -3.2986743450164795
-0.1474642599918306 -0.9474469937664075 0.2838987249496884 7.9030327796936035 0.9212132141999164 -0.02708424781680635 0.3881142325445649 -28.066425323486328 -0.36002847944089167 0.31876423501264195 0.8767946489733411 -3.2880139350891113
-0.14422802626180153 -0.9477396883354414 0.28458348440214354 8.114914894104004 0.9215447564991226 -0.023873440215944064 0.38753750866364967 -27.975351333618164 -0.36049069087786123 0.31815018781401927 0.8768277594740637 -3.2795023918151855
-0.1392749206567025 -0.9481921540326067 0.2855418279465812 8.326326370239258 0.9216249268208495 -0.01863918976650336 0.3876339444209088 -27.890775680541992 -0.3622291964192466 0.31715015313862616 0.8764734962482397 -3.274689197540283
-0.13276933695828197 -0.9487607393973431 0.28674965133695435 8.536849021911621 0.9214301251903186 -0.011564708830298032 0.388371963330805 -27.81215476989746 -0.365155894866031 0.31578365519430723 0.8757521656020674 -3.2756359577178955
-0.12487559982687058 -0.9493972865305101 0.2881854904334769 8.745988845825195 0.9209298344844904 -0.0028339659539787787 0.38971811427407477 -27.739654541015625 -0.3691806123352747 0.3140648992891055 0.874682179142959 -3.2875146865844727
-0.11575924692068623 -0.9500517913216765 0.289829933855751 8.952606201171875 0.9200897161696123 0.007367637658327653 0.39163839458645733 -27.672698974609375 -0.37421212026239564 0.31200530720135033 0.8732800108366807 -3.312689781188965
-0.10558681542841591 -0.9506750749248876 0.29166474988288343 9.156698226928711 0.918875005552958 0.018853365047506843 0.39409805226166367 -27.611942291259766 -0.38015805736264113 0.30961500697308714 0.8715608979751892 -3.3469231128692627
-0.09452532904926286 -0.9512211028023366 0.29367222502585266 9.35922622680664 0.9172533845337593 0.03143572609193629 0.397061737877671 -27.55617332458496 -0.3869253038113327 0.30690423377428216 0.8695393036326355 -3.380249500274658
-0.08274333495855529 -0.9516488405340887 0.2958344551097133 9.561226844787598 0.9151969133718364 0.04492600674655495 0.4004950232805295 -27.50313377380371 -0.3944212852707111 0.3038850740459839 0.8672287538461044 -3.3984227180480957
-0.07041086003415054 -0.9519240563973134 0.2981323559114915 9.761112213134766 0.9126842832034038 0.059134149879626285 0.4043643796274634 -27.45073699951172 -0.40255398393599423 0.300572359291567 0.8646424387266455 -3.39786434173584
-0.057697634042156665 -0.9520205323018903 0.30054598500323204 9.956759452819824 0.9097027250787003 0.07387074496053397 0.4086368375750802 -27.398300170898438 -0.4112322154334751 0.2969848802794536 0.86179350535675 -3.3759124279022217
-0.044774760574764816 -0.951921116679036 0.3030534745486507 10.14819049835205 0.9062487750088308 0.08894581202737911 0.41328174447679583 -27.34697914123535 -0.4203669570868599 0.2931464312307543 0.8586948184577607 -3.343764543533325
-0.031813267537152023 -0.9516185551749315 0.30563056368005065 10.335845947265625 0.9023299526696161 0.10416974202850088 0.418269436321809 -27.297332763671875 -0.42987041364096906 0.2890861295401277 0.8553599459780956 -3.305598735809326
-0.018983464612275847 -0.9511157316218525 0.3082506985113631 10.520209312438965 0.897964530817435 0.11935478489808488 0.42357305947823953 -27.249794006347656 -0.4396581961764603 0.2848390780482213 0.8518024243634794 -3.2640678882598877
-0.006455035619653382 -0.9504257522903045 0.3108845797053277 10.701765060424805 0.8931825046151595 0.13431453034681956 0.4291673570847441 -27.20479965209961 -0.449648024530899 0.2804469581242102 0.8480366488037754 -3.221109628677368
0.0056034362963114925 -0.949571844737704 0.3134994628115132 10.881027221679688 0.8880247979467826 0.14886469146535536 0.43503018500616836 -27.16295051574707 -0.45976141609888244 0.27595763319096417 0.844077499374549 -3.178420305252075
0.017025588666007396 -0.9485864933261016 0.3160597949911785 11.05860710144043 0.8825431404845495 0.16282428811655664 0.44114153781185156 -27.12520408630371 -0.4699231155351316 0.27142570968614305 0.8399406821955517 -3.1378722190856934
0.027646954982916583 -0.9475106704706888 0.31852656910273347 11.235295295715332 0.8767989428327039 0.17601538874721323 0.4474842977933646 -27.09326171875 -0.48006172491422994 0.2669121808167497 0.8356426437204012 -3.102123975753784
0.03730458024121619 -0.9463927439364024 0.32085688790729383 11.41161823272705 0.8708627064034073 0.18826235636980815 0.4540434249824788 -27.069591522216797 -0.4901086766103607 0.2624843983908652 0.8312011944846003 -3.07376766204834
0.04583929097705958 -0.9452865852999012 0.3230046920011729 11.586977005004883 0.864811412506184 0.19939468990479697 0.4608068775928026 -27.054372787475586 -0.4999999802017784 0.25821508338945254 0.8266347382661816 -3.0530078411102295
0.05348044801992752 -0.9444209030349355 0.32435936797056586 11.760782241821289 0.8643725186535818 0.20642787034764692 0.4585277345376163 -27.048053741455078 -0.4999999906760514 0.2558450551689677 0.8273713296153888 -3.040806770324707
0.0599950588634523 -0.9436824139482051 0.3253676297926079 11.932112693786621 0.8639447821492231 0.21236153395508311 0.4566201838436137 -27.04825782775879 -0.5000000063091024 0.25370471123164573 0.8280301402665032 -3.0345611572265625
0.06542736714350583 -0.9430751654569145 0.32608049915179294 12.098408699035645 0.8635503547502807 0.21725385426576715 0.45506213599610035 -27.051437377929688 -0.5000000444393314 0.2518134132747545 0.8286072413728862 -3.0108580589294434
0.06982253667914823 -0.9425982909336535 0.3265475084894152 12.260805130004883 0.863206123337294 0.2211635373748863 0.45383023077889806 -27.05489158630371 -0.5000000020046895 0.2501902309539342 0.8290988157816459 -2.9786407947540283
0.07322417862532082 -0.9422475983598267 0.3268144474312387 12.420303344726562 0.8629242395428881 0.22414676409066647 0.452901738743639 -27.05817413330078 -0.4999999764739749 0.24885275070374818 0.8295012549678287 -2.9470317363739014
0.07567713129425618 -0.9420154702490482 0.32692480115545985 12.576908111572266 0.8627125557590027 0.22626014457842586 0.45225368225269286 -27.061302185058594 -0.5000000179348414 0.24781686945568265 0.829811292570994 -2.916057586669922
0.07722827854263808 -0.9418917179146189 0.3269186209398128 12.7306489944458 0.8625751131160275 0.2275608163549711 0.4518630866675565 -27.064308166503906 -0.49999996722621215 0.2470952581165965 0.8300264852341037 -2.885881185531616
0.07792594571777689 -0.9418642451051278 0.3268322058435151 12.881488800048828 0.8625123458350965 0.22810593019061065 0.4517080228354542 -27.067169189453125 -0.5000000002660291 0.24669703768878937 0.8301449098377627 -2.856315851211548
0.07782148630785457 -0.9419196065560705 0.3266975222650056 13.029425621032715 0.8625217855037534 0.2279534976664951 0.45176694482114194 -27.069887161254883 -0.49999998580025373 0.24662655511292503 0.8301658608452154 -2.8273613452911377
0.07697047290996134 -0.9420430878259516 0.3265430553225157 13.185769081115723 0.8625981407529728 0.22716390930997038 0.452018811418868 -27.072710037231445 -0.49999999386953153 0.24688333071788823 0.8300895295955193 -2.7969584465026855
0.07543201968143981 -0.9422198028453889 0.32639217749936233 13.350546836853027 0.8627340318257343 0.22579844384618936 0.4524434252880155 -27.075674057006836 -0.5000000007364918 0.24746091788934196 0.8299175220350952 -2.765263557434082
0.07327134260304347 -0.94243436016865 0.3262649033019868 13.523703575134277 0.862920219502185 0.2239222239860018 0.4530204547031664 -27.0787353515625 -0.5000000051274482 0.24834716503046733 0.8296527469332464 -2.731992244720459
0.07055673352310748 -0.9426721169266196 0.3261763745638774 13.70524787902832 0.8631463928286877 0.22160086596849643 0.4537304935188258 -27.0819091796875 -0.5000000519013712 0.2495242196082338 0.8292994705940236 -2.697185516357422
0.06736333907362552 -0.9429189114203185 0.32613817169226506 13.895307540893555 0.8634015144437952 0.21890411598473375 0.45455342135012367 -27.085344314575195 -0.5000000054050127 0.2509679551075472 0.8288637283076896 -2.6615686416625977
0.06377008765823633 -0.9431617086375096 0.32615850024188325 14.09375 0.8636743319989363 0.21590338461751302 0.45546940265718583 -27.088905334472656 -0.5000000241662517 0.2526494010890902 0.8283527364372452 -2.624403715133667
0.05986006450177478 -0.9433887880197566 0.3262428042370562 14.300628662109375 0.8639541355881758 0.21267208748774896 0.4564579222707075 -27.09267234802246 -0.5000000242779308 0.2545352192570177 0.8277752097519293 -2.586008310317993
0.055719522756488615 -0.94358999462178 0.3263943272078405 14.516061782836914 0.8642311628603511 0.2092850182989694 0.4574978450841552 -27.096771240234375 -0.4999998319248065 0.2565885873636428 0.8271411396550746 -2.547027587890625
0.0514369048167857 -0.9437563702277654 0.326616225067559 14.739879608154297 0.8644965368071007 0.20581869186991592 0.45856777462604814 -27.101041793823242 -0.49999998267139806 0.2587712884604281 0.8264607901147711 -2.506535053253174
0.04710172548678071 -0.9438805725737129 0.3269111380392045 14.9723482131958 0.8647435546137963 0.20234961829888098 0.459644663548043 -27.105783462524414 -0.5000000122100643 0.2610442427869595 0.8257456576317664 -2.4660558700561523
0.04280968307320582 -0.9439601060594633 0.32727152213930594 15.213274002075195 0.8651117800364923 0.19887776707670018 0.4604663308046284 -27.110782623291016 -0.499748876014007 0.2634140313855592 0.8251449018153988 -2.424471378326416
0.03911328725243346 -0.9442546026739844 0.32688437724875236 15.462910652160645 0.8763953685592865 0.18956277300499125 0.44271561194348075 -27.115575790405273 -0.48000136325654436 0.2691638913741109 0.8349547837171812 -2.383584499359131
0.03546697088257611 -0.9444885871824785 0.3266242530163074 15.721105575561523 0.8884933753191674 0.17942466382980882 0.42235803771624114 -27.120643615722656 -0.4575167931238898 0.27522372479785673 0.8455355021038596 -2.3422656059265137
0.03184434026748484 -0.9446616208597671 0.3264971057567378 15.988116264343262 0.9010804252324245 0.1684811317601248 0.39958500410273223 -27.1263427734375 -0.432481219541244 0.2814756300560054 0.8565812655134906 -2.30230712890625
0.02822124814331517 -0.9447730312574166 0.32650800995060775 16.26371955871582 0.913838401532017 0.15675737962791148 0.3746017883267501 -27.13239288330078 -0.4050962071392941 0.2878038278773644 0.8677937656036109 -2.26220703125
0.024573348883886403 -0.9448221031920144 0.32666090039129125 16.548412322998047 0.9264630777189683 0.1442853924285683 0.3476318327702898 -27.139522552490234 -0.37558263557854676 0.2940967848371559 0.8788883689071781 -2.225800037384033
0.020877073061902895 -0.9448077565601304 0.3269594026239053 16.841869354248047 0.9386707128832031 0.13110588622495745 0.31891776271087074 -27.147357940673828 -0.34418227815462366 0.3002491461119941 0.8896004775534416 -2.191035032272339
0.01711028229870537 -0.9447284859522985 0.3274069731541103 17.126710891723633 0.9502039146019648 0.1172695106413072 0.2887219814095391 -27.1553955078125 -0.3111587358805156 0.30616327295125734 0.8996912200199653 -2.160355806350708
0.013250214840264674 -0.9445826139580015 0.32800627618226436 17.40300750732422 0.9608369905602266 0.10283504629274509 0.25732708917860875 -27.163875579833984 -0.27679723513404814 0.31175092407599697 0.9089525025874059 -2.134936571121216
0.009274683877983025 -0.9443680120510126 0.3287598486034785 17.670576095581055 0.9703807695955641 0.08787027945262449 0.2250332775125461 -27.172563552856445 -0.24140244869943717 0.31693512238900934 0.9172115273796877 -2.113525629043579
0.005161388483984342 -0.9440821862562339 0.32966981308965393 17.92933464050293 0.9786862702920034 0.07245081966714667 0.1921563505884891 -27.18130874633789 -0.20529623574446054 0.3216515262255234 0.9243342205425191 -2.095292568206787
0.0008881073006900553 -0.9437222408320224 0.3307378772145838 18.17924690246582 0.9856473560236815 0.05665965338371953 0.15902507111132858 -27.19008445739746 -0.1688149899415002 0.3258496828867928 0.9302276513486514 -2.0800092220306396
-0.0035680308635578917 -0.943284977856612 0.331964937464497 18.420297622680664 0.9912026070398988 0.04058513706881811 0.12597713461740995 -27.198965072631836 -0.13230518112706124 0.32949400176506394 0.9348417202113839 -2.0680251121520996
-0.008230245260241076 -0.9427669184450653 0.33335086702834843 18.652387619018555 0.9953358607325249 0.024319856746740087 0.09335453340712309 -27.20763397216797 -0.0961186111156414 0.33256440286569067 0.9381695638549497 -2.0576133728027344
-0.013122599358320386 -0.9421642985504733 0.3348943593478032 18.875507354736328 0.998075264137145 0.007959448902140509 0.06150133568258992 -27.21605110168457 -0.06060993733414846 0.3350568335522628 0.9402464324772958 -2.048475503921509
-0.01827092248334533 -0.9414732172867244 0.33659226747415305 19.089643478393555 0.9994915385179 -0.008400093678126386 0.030758785042973635 -27.22419548034668 -0.026131165736123285 0.3369831146481718 0.9411479918797513 -2.0404536724090576
-0.023702059319569813 -0.9406896302243399 0.33843940664823047 19.29047966003418 0.9996947581843798 -0.024662786242505286 0.001461996385365566 -27.223234176635742 0.006971573903066769 0.33837075311431863 0.9409870512361809 -2.0040712356567383
-0.029444454500071493 -0.9398094514138673 0.3404279940491961 19.4799747467041 0.9988300698468702 -0.04073405108381778 -0.026062015501450514 -27.217145919799805 0.0383603397911195 0.33926233524437577 0.9399093319122025 -1.9523959159851074
-0.03552952797745951 -0.9388286645289179 0.3425469183930101 19.6607608795166 0.9970723500667114 -0.056523023158267016 -0.05149637448884534 -27.211278915405273 0.0677080598905648 0.33971441905208943 0.9380883391845125 -1.9030404090881348
-0.04198958958613075 -0.9377435547979124 0.3447809446610455 19.832849502563477 0.9946198217646404 -0.07194157155882064 -0.07453737609093744 -27.205533981323242 0.09470102702327499 0.33979616789572786 0.9357191243979761 -1.8560638427734375
-0.04886192756432073 -0.9365505409956998 0.3471103516107822 19.996232986450195 0.9916870089716594 -0.08690710192514928 -0.09488957725596338 -27.199996948242188 0.11903523962063839 0.3395883387215078 0.9330114532699069 -1.8114382028579712
-0.056165980549238714 -0.9354532701183648 0.34895925557835566 20.150930404663086 0.9884856766239586 -0.10128546229497748 -0.11241584513300357 -27.194730758666992 0.1405042694661528 0.3386272796933973 0.9303709559682269 -1.7690908908843994
-0.06384461300238703 -0.934203435368732 0.35098120567323066 20.29692268371582 0.9851730039799694 -0.11511971353912392 -0.12720693292329993 -27.189611434936523 0.15924200959438528 0.3376557313298995 0.927701778310472 -1.729164958000183
-0.0718212529141381 -0.9328105365237904 0.3531376651959428 20.434215545654297 0.9818618407614992 -0.1284071801803991 -0.13949523911072792 -27.18462371826172 0.1754680406406934 0.33671367514301664 0.9251134350366982 -1.6916723251342773
-0.08001937986647883 -0.9312879174313473 0.355386710066891 20.56279182434082 0.9786338714910923 -0.14114311800787044 -0.14951376461507795 -27.179914474487305 0.18940075083309665 0.33582947322324264 0.9226840848841271 -1.6565511226654053
-0.08836080496627796 -0.929652276922941 0.3576856331441099 20.682661056518555 0.9755447620361979 -0.1533201170342947 -0.15749717132802066 -27.17548370361328 0.2012580070691577 0.3350217690308818 0.9204648982258743 -1.6238045692443848
-0.09676877209344065 -0.9279227310758339 0.3599933470222657 20.79383087158203 0.9726290338199431 -0.16493094462262586 -0.16367817837565302 -27.171199798583984 0.21125474507809652 0.3343010449559707 0.9184847543771941 -1.5934935808181763
-0.10516360657809959 -0.9261208450114538 0.3622717161009915 20.89630889892578 0.969904656138459 -0.17596519777766034 -0.1682890583846926 -27.167037963867188 0.2196032191303768 0.333671139906255 0.9167540545540205 -1.565629243850708
-0.11346666183577492 -0.9242695021042572 0.36448759119041974 20.99007797241211 0.96737634157969 -0.18641375854260778 -0.17156026456587659 -27.163183212280273 0.226513422127125 0.3331303019930294 0.9152681964813877 -1.5401300191879272
-0.12159689729984502 -0.9223928675190121 0.36661368293764685 21.075145721435547 0.9650392047113223 -0.196265936539174 -0.17372108543449657 -27.159637451171875 0.2321928679722736 0.3326726320340394 0.9140106082307552 -1.5169949531555176
-0.1294736624445489 -0.9205155210735243 0.3686295514414617 21.151514053344727 0.9628808385337653 -0.20551290102722847 -0.17499982370244155 -27.15640640258789 0.23684818242432862 0.3322884634983749 0.9129552647902202 -1.4962228536605835
-0.13701495431436667 -0.918662241061792 0.3705220494674474 21.21918487548828 0.9608843057463687 -0.21414544519469897 -0.17562197833039794 -27.153486251831055 0.24068288943036772 0.33196598492871177 0.9120692581080447 -1.4778121709823608
-0.14413694461871102 -0.9168578912237965 0.3722850366273607 21.278175354003906 0.9590294351642613 -0.22215428945908305 -0.17581244029774315 -27.150724411010742 0.2438997410504985 0.3316912404263679 0.9113143460628264 -1.4618295431137085
-0.15075694267360013 -0.915126393398607 0.3739198153895661 21.328481674194336 0.9572935682093581 -0.229532933712905 -0.17579435885756556 -27.148216247558594 0.24670096980089937 0.3314488142178298 0.9106482938285729 -1.448230266571045
-0.15679029279914025 -0.9134912694113004 0.3754337555325718 21.370094299316406 0.9556530357773945 -0.23627408033816066 -0.1757891753487873 -27.14606475830078 0.2492871422544896 0.33122237193415455 0.9100261870061227 -1.4369710683822632
-0.16215224310074694 -0.9119750371269657 0.3768397294801412 21.403018951416016 0.9540828788002182 -0.24237153295001623 -0.17601676168975372 -27.144264221191406 0.2518581156875527 0.3309948212173854 0.9094008565476429 -1.4280487298965454
-0.16675708923902832 -0.9105994586613175 0.3781543323488998 21.427257537841797 0.9525566481006946 -0.24781913223977392 -0.17669609462321084 -27.1428165435791 0.2546132466068802 0.33074809686775347 0.9087231652547781 -1.4214617013931274
-0.17051932058225255 -0.9093850250257948 0.37939693932213203 21.442811965942383 0.9510454264748412 -0.25261166434433097 -0.17804478037413649 -27.1417236328125 0.2577513493455551 0.3304636489782524 0.9079416383306385 -1.4172075986862183
-0.17335232370500536 -0.908351612545194 0.380586809877353 21.460365295410156 0.9495168693176417 -0.25674306125559115 -0.18027954786478673 -27.140653610229492 0.26147024065330887 0.3301217176794843 0.9070021856473374 -1.4124157428741455
-0.17516948506904922 -0.9075181041133529 0.3817414599007422 21.479921340942383 0.9479328892693832 -0.2602076491057012 -0.18361703839318372 -27.139604568481445 0.26596783441244126 0.329701182972385 0.9058466984013169 -1.4070837497711182
-0.1758844846970017 -0.9069027924352192 0.3828733120969286 21.50147819519043 0.9462481554919843 -0.2629988387984613 -0.18827118478056745 -27.13857650756836 0.2714388997009968 0.32917918504040145 0.9044125097903332 -1.401208519935608
-0.17544651632217495 -0.9067015764564439 0.3835502198693308 21.525060653686523 0.944413233914071 -0.26503260798996936 -0.19452855911151304 -27.13758087158203 0.27803266627930434 0.3281005454939604 0.9028000157998373 -1.3947325944900513
-0.17394692707177345 -0.9067373159395405 0.38414828705207676 21.55065155029297 0.9423940158277909 -0.26645961823047165 -0.20221965973772307 -27.136600494384766 0.28572011741257625 0.3268435585034971 0.9008536522490846 -1.3877041339874268
-0.17151436405982795 -0.9069764766099004 0.38467712928824294 21.57823944091797 0.9401580667472191 -0.2673741773025266 -0.21121993003011905 -27.135622024536133 0.2944242388990487 0.3254300542176273 0.898559762820831 -1.3801257610321045
-0.1682762521637875 -0.907384104764333 0.38514567293264496 21.607826232910156 0.9376699695255324 -0.2678701716718608 -0.22140596057576123 -27.13463592529297 0.30406928685366624 0.3238821661492314 0.8959030144177353 -1.3720000982284546
-0.16436023959133145 -0.9079245588970736 0.3855628444145446 21.639404296875 0.9348942066082763 -0.2680412264631224 -0.23265150626296507 -27.133625030517578 0.3145767538960269 0.3222218122159009 0.8928687303520819 -1.3633300065994263
-0.15989281455162174 -0.9085622709785109 0.38593896876207173 21.6729679107666 0.931796002233004 -0.2679810159836936 -0.24483134050798927 -27.13258171081543 0.3258688356952108 0.3204696160741577 0.8894429307695517 -1.3541173934936523
-0.15500186691397605 -0.9092617638679361 0.3862867665620342 21.70851707458496 0.9283431132005204 -0.26778502924740216 -0.2578182349721085 -27.131492614746094 0.33786607616975617 0.31864435171321864 0.8856140760483175 -1.3443654775619507
-0.1498132702480265 -0.9099884195591144 0.386622632971606 21.746063232421875 0.9245066725935991 -0.2675487829175328 -0.2714867604308885 -27.130136489868164 0.3504902229556533 0.3167628845487618 0.8813727239850597 -1.3341704607009888
-0.1444540400618315 -0.9107084014038256 0.38696671423044005 21.78558349609375 0.9202628912147677 -0.2673695022265672 -0.2857092233935651 -27.12868309020996 0.3636608878651252 0.3148392556394548 0.8767137513154123 -1.323449730873108
-0.13904883634434184 -0.9113891419622028 0.38734384340619665 21.827077865600586 0.9155936087003796 -0.26734401342425307 -0.3003589888670368 -27.127138137817383 0.3772979788155515 0.3128849795046298 0.8716359473897843 -1.3122005462646484
-0.13372274828273817 -0.9119987741845869 0.38778404102995573 21.870534896850586 0.9104857644824013 -0.26757185253656585 -0.3153109202121734 -27.125484466552734 0.39132326696301717 0.3109076062369031 0.8661423446047596 -1.3004229068756104
-0.1285997149824074 -0.9125061663136176 0.38832281641189725 21.915958404541016 0.9049329373408617 -0.26815308036544416 -0.3304395624106831 -27.123720169067383 0.4056580976907569 0.3089116733471691 0.8602412951304814 -1.2881176471710205
-0.12380068604147298 -0.9128811625912134 0.3890004795906751 21.96334457397461 0.8989354244846914 -0.26918665663430585 -0.3456206685031612 -27.1218204498291 0.42022433620887356 0.3068982353747881 0.8539467081625485 -1.275285005569458
-0.11944711824617565 -0.913093078887457 0.389863328912207 22.01268196105957 0.8924986799799349 -0.27077457466573424 -0.36073152890850013 -27.119773864746094 0.4349465394468123 0.30486416483807066 0.847277610244026 -1.261924386024475
-0.11565749304488016 -0.9131111716835286 0.3909620601149258 22.063974380493164 0.8856347464861362 -0.27301721962488434 -0.3756496953342764 -27.11758041381836 0.4497493080806357 0.30280288297014446 0.8402594682274983 -1.248035192489624
-0.1125484017591456 -0.9129031906950243 0.39235267512826555 22.11721420288086 0.8783595095908413 -0.27601604579985534 -0.39025596007280794 -27.115211486816406 0.46456154508611547 0.30070401872914254 0.8329223636974485 -1.2336163520812988
-0.11023426186827462 -0.912434964277973 0.39409496758194074 22.172414779663086 0.8706940246462005 -0.27987125765215715 -0.404430457044968 -27.11245346069336 0.47931234383829346 0.29855404050733286 0.8253030727805317 -1.2187594175338745
-0.1088277621863577 -0.9116691364328917 0.3962523234672764 22.237192153930664 0.8626617062878883 -0.28468324269300493 -0.41805529757947685 -27.108869552612305 0.493934508494779 0.2963356829770946 0.8174434930394395 -1.2014977931976318
-0.10843778317270558 -0.9105644837664983 0.3988904211480136 22.3115234375 0.8542879768819476 -0.2905498239969605 -0.4310137495837972 -27.104711532592773 0.5083633540446618 0.29402911535830195 0.8093908694728871 -1.1817126274108887
-0.10917226023869242 -0.9090738937818507 0.40207719810837256 22.389623641967773 0.8455990432567725 -0.2975683566254004 -0.44318769294565186 -27.100238800048828 0.522535812779953 0.29161229188695525 0.8011982248999501 -1.1609152555465698
-0.11107567575438543 -0.9073746811397162 0.4053805400883286 22.471508026123047 0.8366360521131532 -0.3055293769132044 -0.4546338264444766 -27.095470428466797 0.5363788871313113 0.28865721516987486 0.7930792530196138 -1.139052152633667
-0.11395202128964232 -0.9052572909078775 0.40929717089436995 22.557165145874023 0.8275103850669427 -0.3144631390629315 -0.46512309852021705 -27.09023666381836 0.5497649492741102 0.2856959422687302 0.7849435197011422 -1.116262435913086
-0.11755199226707602 -0.9027884328381195 0.413708320737852 22.646657943725586 0.8183581599908234 -0.32406084675122687 -0.474630898256015 -27.08379554748535 0.5625579535394333 0.2827677724504156 0.7768982789097649 -1.092903971672058
-0.12163391044023442 -0.9000474904711828 0.41847306571336607 22.739931106567383 0.8093262338499838 -0.3340095864760546 -0.48314453670128205 -27.07708740234375 0.5746270434231394 0.279914470934643 0.7690589378767797 -1.0685769319534302
-0.12596523326793635 -0.8971281186066878 0.4234311027935702 22.836999893188477 0.8005722908779723 -0.3439943386046753 -0.49066475529257986 -27.07015037536621 0.5858470509323654 0.27718050763565 0.7615472402291887 -1.0432876348495483
-0.13032121076127734 -0.8941404450092802 0.4284031356378251 22.93791389465332 0.7922645302281759 -0.3536964600889053 -0.49720793262266555 -27.062185287475586 0.5960983947034604 0.2746118692248816 0.7544899105440535 -1.0174206495285034
-0.13448419823673846 -0.8912112388355641 0.4331934073803531 23.042707443237305 0.7845814825787804 -0.36279344813053066 -0.502804943480116 -27.052913665771484 0.605265146542492 0.27225620611243906 0.7480178210538546 -0.9911227226257324
-0.13824384301609893 -0.8886382314315213 0.43727649548814973 23.1513671875 0.7777083915004033 -0.37078028580736355 -0.5076333691223074 -27.04349136352539 0.6132359233264105 0.2698964121563447 0.7423595012169891 -0.9638800024986267
-0.1413934902685957 -0.8865140383233785 0.44056865613118656 23.263935089111328 0.7718359608747802 -0.3774015289738367 -0.5117004352438201 -27.03253173828125 0.6199009037016878 0.26769562152524184 0.737605534012622 -0.9363555908203125
-0.14372989513371115 -0.8848957567368522 0.4430589316941555 23.380409240722656 0.76715608144129 -0.38245082484437914 -0.5149785561394756 -27.020633697509766 0.6251505930193919 0.26587754001601566 0.7338227781709523 -0.9083187580108643
-0.1450476749898304 -0.8839185593071932 0.444577498859693 23.50078773498535 0.7638573430039479 -0.385631079903584 -0.5175042316265098 -27.00774574279785 0.6288744958407785 0.26453100144348196 0.7311225736881026 -0.8798235654830933
-0.1451392015668953 -0.8837130370902359 0.4449560430483846 23.625089645385742 0.7621210387535103 -0.3866434266546681 -0.519305673870416 -26.993560791015625 0.6309565234291463 0.2637387508529758 0.7296134160229768 -0.8510409593582153
-0.1437881165935988 -0.8844001269461922 0.4440285947819407 23.75331687927246 0.7621126654339355 -0.38518321613250134 -0.5204019361945198 -26.97855567932129 0.6312759006263806 0.2635722016210774 0.7293973072482309 -0.8217806816101074
-0.1407660125595525 -0.8860853675503376 0.44163067275866036 23.885488510131836 0.7639783639836829 -0.38093460436968624 -0.5207935162408668 -26.96288299560547 0.6296999198609599 0.2640862522110793 0.7305726947540587 -0.7919961214065552
-0.13582746495323672 -0.8888505511960189 0.43760209940413974 24.013240814208984 0.767833621068493 -0.3735689183826694 -0.5204592141323356 -26.909807205200195 0.6260850023129633 0.2653129489055063 0.7332302564828057 -0.7747149467468262
-0.1287049236226232 -0.8927459245175737 0.4317867030057284 24.14311981201172 0.773755251517543 -0.3627392298779399 -0.5193486900499344 -26.84974479675293 0.6202724025654524 0.2672544954997418 0.7374531722427262 -0.7590139508247375
-0.11910607999062772 -0.8977793624549031 0.4240353264285109 24.27205467224121 0.7817702048995554 -0.34807942261545455 -0.5173741994755815 -26.778982162475586 0.6120858505475955 0.26987577123884116 0.7433155316940897 -0.7453005909919739
-0.10670772562432906 -0.9039059984723216 0.41420696181720384 24.400854110717773 0.7918432368999556 -0.32919976371366577 -0.5144043193312705 -26.70046615600586 0.6013299838423859 0.27309606642465994 0.7508800097455611 -0.7329681515693665
-0.0911549979373541 -0.9110569898660321 0.4020770169597926 24.527807235717773 0.8038607863816138 -0.3056355126928028 -0.510288907873707 -26.612234115600586 0.5877912915899435 0.27669856269459003 0.7602231928412693 -0.7225835919380188
-0.0720597205017976 -0.9189114337458222 0.38782621573637904 24.654327392578125 0.8176141516344533 -0.27712015296946557 -0.504689528190603 -26.51720428466797 0.5712394381765639 0.280724416019301 0.7712841930976846 -0.7133416533470154
-0.04911209417794288 -0.9272703414349283 0.37115726599463017 24.782052993774414 0.8327215227199339 -0.24320571165158433 -0.49741918682238334 -26.41789436340332 0.5515096262119562 0.28464134575847927 0.7841023125079727 -0.7044363021850586
-0.022429549901789858 -0.9355436350282255 0.35249825850545424 24.91212272644043 0.8484746049962065 -0.20429420454045782 -0.488215856632815 -26.315858840942383 0.5287605885159511 0.2881353587280751 0.7983672432426753 -0.6953423619270325
0.007722697967876724 -0.943149731442458 0.33227841340676423 25.04512596130371 0.8641005704564402 -0.16093819651796554 -0.4768952726106641 -26.211854934692383 0.5032599368844611 0.2908048847278262 0.8137333438820631 -0.6857760548591614
0.041025999432789895 -0.9495432625110756 0.3109412484543711 25.181835174560547 0.8788594989404575 -0.11374918693024322 -0.46332181428768965 -26.106863021850586 0.47531342132604304 0.29228191030669487 0.8298484418342909 -0.6753054857254028
0.07709880512665129 -0.9542382064244024 0.2889380896454852 25.32210350036621 0.8920715800452084 -0.06340165011883186 -0.44742432526389864 -26.00071144104004 0.44526853731617777 0.29224933902773675 0.8463605930773024 -0.6640170216560364
0.1154960328135331 -0.9568288920107639 0.2667192115648771 25.46579933166504 0.9031422271038341 -0.010628012584342983 -0.42920992878827263 -25.893199920654297 0.41351515573949926 0.29045742676330627 0.8629250831977111 -0.651926577091217
0.15571195501777713 -0.9570078861407421 0.2447237073292459 25.613754272460938 0.9115863587758413 0.043791996963674085 -0.40876958240032624 -25.785402297973633 0.3804787741232687 0.286737104097747 0.87921427170815 -0.6385918855667114
0.19718995025300284 -0.9545801334385546 0.22336716939525728 25.764789581298828 0.9170465481152001 0.0990480068531337 -0.38628373112055525 -25.675697326660156 0.34661470267317585 0.2810093613793905 0.8949256878132023 -0.6245855689048767
0.23933478592343016 -0.949472262515789 0.20303025134234243 25.920223236083984 0.919308446615748 0.15431912529682135 -0.3620187668458148 -25.56580924987793 0.3123953268343276 0.273291109040841 0.9097918055749352 -0.6092575192451477
0.2815288579933477 -0.9417366016767302 0.18404802411143995 26.07854461669922 0.9183092624015013 0.2087964426795461 -0.3363214892212181 -25.453556060791016 0.278297683613379 0.2636972100473016 0.9235876681229006 -0.5933620929718018
0.3231492792633097 -0.9315500349790306 0.16670055681421866 26.240760803222656 0.9141403391811166 0.2617055605692523 -0.3096088497587991 -25.340246200561523 0.24478967215435513 0.2524375802009291 0.9361374282170662 -0.5763058066368103
0.3635853736554278 -0.9192075025783263 0.15120596306878573 26.4058780670166 0.9070426876420757 0.31232711813461683 -0.28235674964973767 -25.224321365356445 0.2123187199916259 0.23981104745495185 0.947318015589103 -0.558775007724762
0.4022550953679307 -0.9051104325623327 0.13771689481455834 26.574628829956055 0.8973969637987644 0.36001469204007297 -0.2550845171311863 -25.106718063354492 0.1812995521651834 0.22619577003586633 0.9570610983644594 -0.5402087569236755
0.4386171006126149 -0.8897516952351306 0.12632086081243413 26.7464542388916 0.8857081698378225 0.4042057576794655 -0.22833909726830443 -24.986434936523438 0.15210547962752105 0.21203685124284488 0.9653519030811 -0.5212170481681824
0.47218136233118313 -0.8736964964197009 0.11704355262468397 26.921743392944336 0.8725846121296521 0.4444286889408646 -0.2026801300592847 -24.863927841186523 0.125063406884717 0.19783218289814086 0.9722250622505799 -0.5013757348060608
0.5025126222022893 -0.857562021169324 0.10985647170450719 27.10030746459961 0.858714240899721 0.4803000377817257 -0.17866652227792695 -24.738733291625977 0.10045355644971121 0.18411749931730237 0.9777575514624001 -0.48112913966178894
0.5292301130151581 -0.8419952444835098 0.10468761027513004 27.275970458984375 0.844837996062148 0.5115160222393044 -0.15684425205334532 -24.615482330322266 0.0785127243678167 0.1714507721173459 0.9820592573020781 -0.4608340263366699
0.5520004316162059 -0.8276510369336673 0.1014361107207293 27.44873046875 0.8317223853816679 0.537834883143871 -0.1377371123867755 -24.49399185180664 0.0594423851351116 0.16039762945955388 0.985260982335749 -0.44084593653678894
0.5705274803474274 -0.8151690777371918 0.09998884372525028 27.618593215942383 0.8201298793541794 0.5590545744542654 -0.1218399104245397 -24.37416648864746 0.043420906933360245 0.15151685544142227 0.9875005151179558 -0.42098480463027954
0.584535084832671 -0.8051525870892835 0.10023994265309316 27.78563117980957 0.8107904489194899 0.574981389606624 -0.10961409374239817 -24.255971908569336 0.030619969637375316 0.14534687168793442 0.9889068228857241 -0.40144866704940796
0.5938881473412658 -0.7980471290190069 0.10206688156341115 27.949787139892578 0.8042703904368308 0.5855566721503878 -0.10135345463649015 -24.13925552368164 0.02111888998377031 0.14228198608637663 0.9896008432298193 -0.3821365237236023
0.5989837717757243 -0.7938176165787829 0.1052237271650627 28.12203598022461 0.8006278307854722 0.5912931385028364 -0.09678585088335549 -24.016204833984375 0.014612245586378657 0.1422181984439616 0.9897274707262992 -0.3617224097251892
0.6003144151552248 -0.792234216309584 0.10948766809636341 28.30204963684082 0.7996919852280188 0.5927704699600967 -0.09547721563470615 -23.88657569885254 0.010739260631466171 0.1448727595223652 0.9893920112015582 -0.3396499454975128
0.5983330341295807 -0.7929969923484746 0.11468805690028648 28.48971176147461 0.8011949457637181 0.5904934747848403 -0.0969748169330466 -23.750341415405273 0.009178188926078232 0.14991072797768165 0.9886569346771603 -0.3158123791217804
0.5934645762201932 -0.7957599019064425 0.12068958235753341 28.683996200561523 0.8048024865642014 0.5849182135702146 -0.10081488508106119 -23.60655975341797 0.00963090815371078 0.1569613390350573 0.9875577875023096 -0.28843504190444946
0.5861164736840437 -0.800151879210153 0.12737523100133266 28.88262939453125 0.8101406948956016 0.5764747885834812 -0.10653108748953448 -23.45334815979004 0.011812440486786889 0.1656314834929997 0.9861169696976393 -0.25358885526657104
0.5766882677731273 -0.8057941999172833 0.13463413086025067 29.077899932861328 0.8168184021684184 0.5655876243257457 -0.11365886278065211 -23.28582763671875 0.01543825417143311 0.17551736834064152 0.984355278199347 -0.19988982379436493
0.5655795418622236 -0.8123151777205732 0.14235109367936397 29.216054916381836 0.8244459645314565 0.5526918727938457 -0.1217396620474534 -23.09165382385254 0.020214682651819797 0.18621424701785155 0.9823011864050969 -0.07394195348024368
0.553196599224015 -0.8193619046702929 0.15039811096571015 29.292245864868164 0.8326500941995296 0.5382461732948183 -0.13032604330293446 -22.88392448425293 0.025832987370772505 0.19732492520853495 0.9799977197192589 0.09725768864154816
0.5399548339628935 -0.8266107488951956 0.1586299060424224 29.055194854736328 0.8410868567771536 0.5227392449773895 -0.13898410382916576 -22.931888580322266 0.031963676835304225 0.20846666777063505 0.9775070187941237 0.11771697551012039
0.5262823599777174 -0.8337730766106738 0.16688119814843128 28.82308006286621 0.8494489493029137 0.5066954055970649 -0.14729646457061318 -23.07793617248535 0.03825389005657172 0.21927658941619282 0.9749125177314846 0.060246579349040985
0.5126186088873806 -0.8406007402936473 0.17496444564579072 28.60633087158203 0.8574712472760828 0.49067236806557835 -0.15486667592389458 -23.23078727722168 0.04433082355614086 0.2294145214119842 0.9723187519780458 0.005763244349509478
0.49941390572939004 -0.846885994435861 0.18267419958083575 28.40043830871582 0.8649311231723845 0.47525920944430455 -0.1613159508732244 -23.38447380065918 0.049798623794978056 0.23856402970011595 0.9698491123888132 -0.04206756502389908
0.48712831098679205 -0.8524588422605766 0.18978917484122504 28.20421028137207 0.8716442044179014 0.4610706156200404 -0.16628369828831982 -23.537424087524414 0.054243797247605 0.2464301314034361 0.967641359593856 -0.08200561255216599
0.47622859594793987 -0.857181614387058 0.1960765267905637 28.016830444335938 0.8774563613784773 0.44873725889827826 -0.16942610882890105 -23.688241958618164 0.05724210231898241 0.25273415367388796 0.9658409751552512 -0.11427032202482224
0.46718601919967 -0.8609385926614881 0.20130067841520483 27.837846755981445 0.8822308617897734 0.4388962983022276 -0.17040758739644157 -23.835792541503906 0.05836034586977146 0.2572057133942756 0.9645928109971079 -0.14079253375530243
0.46047504249429677 -0.8636221703120155 0.20523031497671151 27.666776657104492 0.8858301297364313 0.43218035165375185 -0.16889382728678118 -23.979162216186523 0.0571639439770672 0.259570588838574 0.9640308049637123 -0.16331176459789276
0.45657184718047866 -0.8651154554111837 0.20764729030475196 27.50330924987793 0.8880928950643752 0.4292038533079558 -0.16454501524439955 -24.117855072021484 0.05322741867104361 0.25953670475349544 0.964265285482846 -0.18282927572727203
0.45594958535397184 -0.8652721724939227 0.20836036840817013 27.347232818603516 0.8888088557394564 0.4305460179037513 -0.1569998230137245 -24.25162124633789 0.04613885103315053 0.2567765448300719 0.9653688478765361 -0.199951171875
0.4590779671882769 -0.863891868378222 0.20721549119760402 27.19862174987793 0.8876856928380841 0.4367333714257213 -0.145870055233052 -24.38064193725586 0.03551803447334924 0.2509079553005602 0.9673591200759116 -0.2143649309873581
0.46629087783996914 -0.8607494351687749 0.20416470581338514 27.05705451965332 0.8843783301929292 0.4480521327508966 -0.13085967836785764 -24.504344940185547 0.0211609623693544 0.24157751591157653 0.970150770487554 -0.2272198498249054
0.47740263870092176 -0.8557563440085719 0.19941865572327938 26.92258644104004 0.8786778687511901 0.46404988064766545 -0.11217357637943773 -24.622772216796875 0.003453046229528231 0.22877672075622144 0.9734727980338056 -0.23833099007606506
0.49208245444741405 -0.8488237672743945 0.19326942369426447 26.79509925842285 0.87038176579093 0.4840565800110691 -0.09013772310553564 -24.735673904418945 -0.01704229455417894 0.2125733742924827 0.9769964793888648 -0.2480398565530777
0.509976113770593 -0.8398323190344911 0.18602698537737022 26.674551010131836 0.8592706738878669 0.5073643173561159 -0.06507963176028277 -24.84291648864746 -0.03972747638265656 0.19303659077727153 0.9803869655607189 -0.2564184367656708
0.5307036902047295 -0.8286536676155393 0.17800756262136097 26.560861587524414 0.8451393746066201 0.5332400754130812 -0.03734246192985287 -24.9443302154541 -0.06397679808034708 0.17025898249656835 0.9833203182008494 -0.26366209983825684
0.5538600800517303 -0.8151693147470503 0.1695228598741642 26.45403289794922 0.8278235763423293 0.5609411092726722 -0.007293721940129574 -25.03983497619629 -0.08914672274899849 0.1443747215504454 0.9854992651444976 -0.26975005865097046
0.5790160596571361 -0.7992879042002559 0.16087028581526913 26.3539981842041 0.8072235476833867 0.589730046301171 0.024670155148796682 -25.1292667388916 -0.11458859770749814 0.11557386680725547 0.986667185319674 -0.27484434843063354
0.6057247265596544 -0.7809580611961747 0.15232223175539264 26.26075553894043 0.7833212122945291 0.6188939781656302 0.058121615254131884 -25.21253204345703 -0.13966185593661892 0.08411153573102793 0.9866204009411659 -0.27900055050849915
0.6335269354865445 -0.7601802560690176 0.14411662047061208 26.174301147460938 0.7561942501641501 0.6477612389951257 0.09260471518329014 -25.28955078125 -0.16374943673706593 0.05031257833129186 0.9852181313952516 -0.2822381556034088
0.6619615795353407 -0.7370134745134631 0.13644781275150553 26.094642639160156 0.7260228519688179 0.6757209585021816 0.1276401373391507 -25.36024284362793 -0.18627314792567656 0.014571363233623291 0.9823899377209506 -0.2846014201641083
0.690574608703731 -0.7115805820149989 0.12945958872514615 26.021799087524414 0.6930926940486614 0.7022392164714144 0.16273475445024826 -25.424551010131836 -0.20671049143683382 -0.022652994257034695 0.9781398747526517 -0.2861587405204773
0.7189338947948543 -0.6840660360695286 0.12323844047708482 25.955785751342773 0.6577885255161539 0.726877905952121 0.19738988205565167 -25.482404708862305 -0.22460701372482994 -0.06084544465103463 0.9725479531883413 -0.2869696021080017
0.7466384370686993 -0.654715067002231 0.11781012406357227 25.89664077758789 0.6205872076214853 0.7493055027729062 0.2311120534520209 -25.53377342224121 -0.23958831780405654 -0.09944568645500147 0.9657680846959668 -0.287096232175827
0.7733283218533116 -0.6238297378792117 0.11313604534848616 25.844398498535156 0.5820455016342272 0.7693048146336772 0.2634257698267277 -25.57862663269043 -0.2513689333368416 -0.1378642822452478 0.9580224940125889 -0.28661224246025085
0.7986961807433606 -0.5917585294054183 0.10911578136046965 25.799100875854492 0.5427813347012166 0.7867806631808719 0.29387856462258943 -25.61695671081543 -0.25975533404712803 -0.1754936777226012 0.9495941951767928 -0.2855938673019409
0.8224933214086978 -0.5588883958811215 0.10558644414656614 25.760799407958984 0.5034554343802449 0.8017576246226588 0.3220517612937883 -25.64876365661621 -0.26464572891147903 -0.21172735370957407 0.9408156917590466 -0.28411865234375
0.8445322170297678 -0.525636701774889 0.1023298204141957 25.72954559326172 0.46475356379583854 0.8143745452042364 0.3475603905258198 -25.67406463623047 -0.2660252983042261 -0.24596779844241687 0.9320570705657126 -0.28226348757743835
0.8646881339432312 -0.49244139349532245 0.09907524912992988 25.705392837524414 0.4273659276193692 0.8248733112439026 0.3700572716588014 -25.692888259887695 -0.2639560473408571 -0.27764274593423977 0.9237108371683675 -0.2800939977169037
0.8828958549640471 -0.45975307282975647 0.09550927342882018 25.688392639160156 0.3919697878091631 0.8335846802440255 0.3892252128360977 -25.705278396606445 -0.2585625547757141 -0.30620857742078766 0.916177773350671 -0.2776782214641571
0.899143489989994 -0.42802856450936977 0.09128270576983215 25.67861557006836 0.35921276220674037 0.8409076854936235 0.4047721037146224 -25.71128273010254 -0.25001435134091254 -0.3311582891032709 0.9098499940549416 -0.2750799357891083
0.9134951315688951 -0.3956571543846186 0.09477373467471586 25.6716251373291 0.3295846789569215 0.856232303050465 0.39779414602248725 -25.715778350830078 -0.2385384329553424 -0.3321470448418335 0.9125665765334862 -0.27522003650665283
0.9261563451471461 -0.36520984886396696 0.0941073357206485 25.667743682861328 0.3030618514159788 0.8692170514012344 0.39065999509760774 -25.717464447021484 -0.22447257863712355 -0.33329188985947755 0.9157120604174099 -0.27508360147476196
0.9373312578667273 -0.33669496572955565 0.08970291566249197 25.659208297729492 0.2794531743601179 0.8801850707054644 0.38364067126318924 -25.723188400268555 -0.20812504982830002 -0.3345306284327194 0.9191154564440626 -0.2753732204437256
0.9471854793059405 -0.31003821614029037 0.08195103614062586 25.646005630493164 0.2585282989383202 0.8894436888020056 0.3768992479407983 -25.73298454284668 -0.18974400238224687 -0.33580683284118473 0.9226217993181921 -0.2760970890522003
0.9558484679013945 -0.28510256016828517 0.07120559385361708 25.625751495361328 0.24002969239204366 0.8972740003021437 0.37052006039075636 -25.748966217041016 -0.169527145852037 -0.33706957526196013 0.926091058293937 -0.27747222781181335
0.9634166086423235 -0.2617051175471692 0.05778295286454785 25.59842300415039 0.22368127562885137 0.9039260053389058 0.36453321358293045 -25.771163940429688 -0.14763172127010515 -0.3382723877612107 0.9293958610587607 -0.2795059084892273
0.9699564799634082 -0.23963203236406716 0.04196327015451748 25.56398582458496 0.20919622309906294 0.9096167689750456 0.35893491588376497 -25.799604415893555 -0.12418279759323125 -0.339372689921368 0.9324187954548393 -0.28220245242118835
0.9755081351028032 -0.21865061280829717 0.023995580151501404 25.522418975830078 0.1962828137468297 0.9145311307361436 0.3537030787851556 -25.83431053161621 -0.09928209997717805 -0.3403303107762028 0.9350499153473545 -0.2855673134326935
0.9800884599633021 -0.19851897946157954 0.004101882530720802 25.473690032958984 0.18464972465466523 0.91882318990986 0.34881001256963046 -25.875301361083984 -0.07301431251281618 -0.3411072565592858 0.9371844800736291 -0.28960511088371277
0.9836942926845511 -0.17899358344357358 -0.017516724176325302 25.41777229309082 0.17400998598266837 0.9226186717326084 0.3442314793110435 -25.92259407043457 -0.04545396922329829 -0.34166662648901813 0.9387213926535719 -0.2943258583545685
0.9863053294052235 -0.1598351437026217 -0.04067584079543875 25.35462760925293 0.16408505886018626 0.9260169946731347 0.33995384839031445 -25.97620391845703 -0.016670052360530103 -0.34197259015028963 0.9395620559282922 -0.2997341752052307
0.9878867734452619 -0.1408126952262327 -0.06520358667308257 25.28423309326172 0.1546079758686335 0.9290934331890077 0.3359788180865976 -26.0361328125 0.013270141284633382 -0.34199002510042176 0.9396098797278044 -0.3058303892612457
0.988391546435576 -0.12170703488059835 -0.0909370584264931 25.20655632019043 0.14532670993081018 0.9319008421404497 0.3323265980908043 -26.102386474609375 0.04429783646383609 -0.34168438372055226 0.9387701974424464 -0.3126184046268463
0.9877622868505154 -0.10231316340472828 -0.11771865302473344 25.1215763092041 0.13600702233283354 0.9344709700636149 0.32903813758365846 -26.17498016357422 0.07633973114962045 -0.34102202671159504 0.9369504910855855 -0.32010772824287415
0.9859328543369743 -0.08244117716926658 -0.14539552622378585 25.039499282836914 0.12643524118955757 0.93681567960725 0.32617558496512916 -26.244953155517578 0.10931850952279035 -0.3399703439256892 0.934060827102156 -0.3273864686489105
0.9828293582528159 -0.061916990341505274 -0.17381812006637293 24.96030044555664 0.11642069403868657 0.9389279610270412 0.3238217194709977 -26.31230354309082 0.14315262678661755 -0.33849751891063096 0.9300143843701765 -0.3344518840312958
0.9783708699630382 -0.04058310634712103 -0.20283848817960137 24.883962631225586 0.10579834530314589 0.9407823386352108 0.32207965077474265 -26.377031326293945 0.17775587455520092 -0.33657332453906996 0.9247276605951796 -0.3413082957267761
0.9724700947920318 -0.018298973899790884 -0.23230811929287243 24.810462951660156 0.09443079104887658 0.942335603268277 0.3210707655874261 -26.439130783081055 0.2130369461784976 -0.33416875731765716 0.9181211800169479 -0.34796416759490967
0.9650324217499756 0.005060642744239709 -0.2620816950235026 24.739789962768555 0.08221035168533986 0.943527343170549 0.32093240840603454 -26.49859046936035 0.24890536966315085 -0.33125600762029994 0.9101184397474374 -0.3544195592403412
0.9559560526521805 0.02960469836281969 -0.29201299154747873 24.67192840576172 0.06906092672466865 0.9442803024535408 0.3218156285797496 -26.555404663085938 0.28526937059136115 -0.3278082857907894 0.9006459426263534 -0.3606753349304199
0.9451461313976823 0.05451777832122762 -0.32206614561439495 24.606985092163086 0.05499421276196949 0.9453416429613251 0.3214106635534575 -26.609664916992188 0.3219851345430196 -0.32149181938285787 0.8904878343937179 -0.3670233190059662
0.9325836841072165 0.08060731850869454 -0.3518382189868651 24.544851303100586 0.04025960078760765 0.9454347576501374 0.3233145273127212 -26.661212921142578 0.35870159838148735 -0.3156827192449149 0.878451810908659 -0.37304380536079407
0.918326476357841 0.10755109907808577 -0.3809320725631906 24.48557472229004 0.02515376691138916 0.9445760731534608 0.32732755770963723 -26.710052490234375 0.3950237598301647 -0.31017543924863583 0.8647239016336699 -0.37876251339912415
0.9025005497289654 0.13501805647205062 -0.4089778504582194 24.429189682006836 0.009956622045228236 0.9427959012169325 0.33322177948927795 -26.756183624267578 0.4305735981413212 -0.30480487705261977 0.8495294953729233 -0.3841976821422577
0.885300975962841 0.1626704181541206 -0.4356380573558801 24.375743865966797 -0.005074291901230002 0.9401424012456752 0.3407440636925569 -26.79961585998535 0.4649907886409608 -0.2994504974742565 0.8331344225522541 -0.3893643021583557
0.8669864998263094 0.19016904584109237 -0.46061930389727795 24.325275421142578 -0.01970822243053802 0.9366843704342626 0.34961975938553186 -26.840354919433594 0.49794175873042906 -0.2940376237627717 0.8158405976196511 -0.3942721486091614
0.8478771538570784 0.21717580590535251 -0.48367241113855286 24.27783203125 -0.03374605325242415 0.9325134699767308 0.3595550475265811 -26.878414154052734 0.5291176956567463 -0.28853647540877403 0.7979856931684786 -0.3989245593547821
0.8283444455061706 0.2433605023895641 -0.5045999856081782 24.233449935913086 -0.047022639876558164 0.9277435701338576 0.37024416189093834 -26.91380500793457 0.5582421973822063 -0.2829620715784764 0.7799346864384882 -0.40332120656967163
0.8088045504733984 0.2684007821499682 -0.5232554053947354 24.192169189453125 -0.05940632264720147 0.9225111389411872 0.3813713247728123 -26.946550369262695 0.5850693018464224 -0.27737018345654707 0.762075910501192 -0.40745359659194946
0.7897087076028126 0.29149937864162456 -0.5398039175365832 24.15409278869629 -0.07080068365283143 0.9173274997890211 0.3917875972068482 -26.976703643798828 0.609382819195444 -0.27117959064496466 0.7450598695991097 -0.411394327878952
0.7715322375368112 0.3129135007425258 -0.5539161917605396 24.11918830871582 -0.08114115690611365 0.9119663105006732 0.4021611134455033 -27.004249572753906 0.6309945475971873 -0.2653348630784257 0.7290015715605653 -0.41502562165260315
0.7547641192089163 0.3323872628308067 -0.5655526782384052 24.087488174438477 -0.090391427272348 0.9066004202726542 0.41219542432821177 -27.029197692871094 0.6497388046211005 -0.2599892026013598 0.7143144267759489 -0.4183279275894165
0.7398966207330704 0.3496611198505188 -0.5747087017721796 24.059017181396484 -0.09853766035063855 0.9014223017492572 0.4215781818378333 -27.051584243774414 0.6654647399527679 -0.2552938212608213 0.7014141035833559 -0.42128294706344604
0.7274147052687463 0.36447354701772783 -0.5814007912645967 24.033823013305664 -0.10558247603145993 0.8966372239964319 0.4299930572684152 -27.07142448425293 0.6780266862844331 -0.25139753791214525 0.6907091215684519 -0.42387115955352783
0.7177845693835336 0.37655832878717144 -0.5856527443595801 24.01192283630371 -0.1115341364525089 0.8924572619308438 0.437127180615315 -27.088748931884766 0.6872739252733865 -0.24844287200061427 0.6825911594735153 -0.42607513070106506
0.7114417566273462 0.38564824002332954 -0.5874743074330181 23.993364334106445 -0.11639864822237586 0.8890907278075166 0.44268389672395364 -27.103580474853516 0.6930382252221009 -0.24656259386534857 0.6774252030205192 -0.4278787076473236
0.7087822120024456 0.391474592865079 -0.5868350867918865 23.978168487548828 -0.12016819413969484 0.8867311104947573 0.4463939323041243 -27.11595344543457 0.6951168110944556 -0.24587716612539512 0.6755420328240278 -0.4292663335800171
0.710145484073947 0.3937684791606879 -0.5836435352754783 23.966373443603516 -0.12280740194263681 0.8855447466348474 0.44802772652540573 -27.125877380371094 0.6932616630663195 -0.24648912050413702 0.6772232866607718 -0.43022552132606506
0.7158019007910785 0.39226008682651897 -0.5777193636245288 23.956621170043945 -0.12424111302506485 0.8856580603554217 0.4474080307300765 -27.129056930541992 0.6871621239985306 -0.24847902207293845 0.682690552835986 -0.43234679102897644
0.7259322440559134 0.38667611336372865 -0.5687740855505519 23.950223922729492 -0.12433991080802112 0.8871462062963139 0.4444223163099612 -27.129465103149414 0.6764332661986687 -0.25189917032014775 0.6920873097896117 -0.434152215719223
0.7404759091723915 0.3758320582115794 -0.5571765357189482 23.948246002197266 -0.1229431463262324 0.8907872489061678 0.4374734962915899 -27.130023956298828 0.660742317932435 -0.2554375485449019 0.7058124737397633 -0.4347594976425171
0.7587416695165562 0.36066451911568387 -0.5424317317324658 23.94259262084961 -0.11997196420634451 0.8958555443026701 0.42784292859253664 -27.130897521972656 0.6402482383761012 -0.2595456576273611 0.7229925621077162 -0.4366229176521301
0.7798534492769511 0.3415563695580626 -0.5245644327107565 23.93320655822754 -0.11535985752263067 0.9020804396016764 0.4158641409888624 -27.132047653198242 0.6152403602846613 -0.2637994065618082 0.7428924364768009 -0.43979552388191223
0.8029139582524358 0.3189067725498078 -0.5036145808704023 23.920053482055664 -0.1090383374686341 0.909175977789226 0.4018826723971579 -27.133440017700195 0.5860373849896287 -0.2677639106243973 0.764763147361095 -0.4443322718143463
0.8270336187351112 0.2931470694041882 -0.47966674804664433 23.90306854248047 -0.10095945824798312 0.9168492083394056 0.38625731961696086 -27.135038375854492 0.5530122794949319 -0.27102089378337857 0.7878610879213912 -0.4502847194671631
0.851359067873174 0.2647474363310057 -0.4528758466801698 23.8821964263916 -0.09111163176968229 0.9248105956165603 0.3693562410351407 -27.13680076599121 0.5166104994155524 -0.27319252770070995 0.8114674575743075 -0.4577001929283142
0.8751007056403274 0.23421802661809346 -0.42348632917123485 23.857372283935547 -0.07953156257133795 0.9327845326993723 0.3515504887093393 -27.13870620727539 0.47736095938269063 -0.27396155125115645 0.8349081284149158 -0.46661895513534546
0.8975610619562293 0.20210734356136817 -0.3918376726893082 23.828529357910156 -0.06631526308743241 0.9405181583480868 0.33320846282645367 -27.140708923339844 0.43587432356316996 -0.27309012339535577 0.8575752786561999 -0.47707000374794006
0.9181558943303461 0.16899345721279707 -0.3583726623582064 23.795595169067383 -0.05162055472488852 0.9477911974493687 0.31468581850376887 -27.14278793334961 0.3928422991943934 -0.270431243492239 0.8789436105387559 -0.48907193541526794
0.9364359126833753 0.1354735583787422 -0.32362740368679493 23.75849151611328 -0.03566974202047622 0.954422999512369 0.2963180850133949 -27.144920349121094 0.34902070273989033 -0.2659391903838439 0.8985882795123354 -0.502630889415741
0.9520988937260574 0.10214810636088942 -0.28822467092964504 23.717145919799805 -0.018743490692522673 0.9602790162266258 0.27841137288459167 -27.1470890045166 0.305215297982059 -0.25967282368724737 0.9161952010985512 -0.5177392363548279
0.9649963138585387 0.06960812654406673 -0.2528573173915639 23.671485900878906 -0.001177545834686565 0.9652750703703487 0.26123294567746574 -27.1492862701416 0.26226080077899583 -0.25179107855629784 0.9315688515264002 -0.5343768000602722
0.9751309304002755 0.03842140116979534 -0.21827382918903077 23.62143898010254 0.01664827741915712 0.9693777956610427 0.24500923276136377 -27.151500701904297 0.22100340141198577 -0.24254996436092707 0.9446306216468134 -0.5525121688842773
0.982648038254861 0.009120626782071782 -0.18525562631395462 23.56693458557129 0.03431868519381414 0.9726042780846547 0.22991986886303628 -27.15374183654785 0.182277428005887 -0.23228803761392897 0.9554146779388669 -0.5721023678779602
0.9878159890485941 -0.01780389749180772 -0.15460463451672246 23.507919311523438 0.05139531626615812 0.9750176832486703 0.216099603929062 -27.156015396118164 0.14689483736962883 -0.2214125980753965 0.9640530940605158 -0.5930966138839722
0.9910010392745676 -0.041907196602557165 -0.1271248481990908 23.4443359375 0.06742637259727187 0.9767208255341097 0.20364212051130637 -27.158329010009766 0.11563141629808538 -0.2103811204478248 0.9707570034380473 -0.6154382228851318
0.9926340018462518 -0.06278707361012036 -0.1036123629986925 23.376129150390625 0.08195634022667601 0.9778474804381345 0.19260701777827738 -27.160707473754883 0.08922385709744238 -0.19967996491453432 0.9757904564692083 -0.6390661597251892
0.993171051096927 -0.08007639662804457 -0.0848471211420476 23.30325698852539 0.09453418516388697 0.9785512132176923 0.1830322674983363 -27.163164138793945 0.06837068888365205 -0.18980330295664166 0.9794386938896811 -0.6639184355735779
0.9930488282046788 -0.09343027724047322 -0.07158776498873554 23.22567367553711 0.10471960263003453 0.9789929521636231 0.1749474333591701 -27.165721893310547 0.053738530183861405 -0.18122798599753268 0.9819717854729616 -0.689935564994812
0.9926340566618505 -0.10250854719886418 -0.06457265137979193 23.143339157104492 0.11208850435083983 0.9793263909531487 0.16839236079784606 -27.16840362548828 0.04597604536527333 -0.17438984412476097 0.9836027579865316 -0.7170632481575012
0.9921669401630172 -0.10709105012253903 -0.06431383856688508 23.056224822998047 0.11633424155762179 0.9796787384680627 0.16338884183088428 -27.171215057373047 0.0455094175832698 -0.16959090888746556 0.9844632123822376 -0.7452636361122131
0.9917072081249345 -0.10745934101173986 -0.07049328608010189 22.964365005493164 0.11756399335491889 0.9801214178177785 0.15981462323990547 -27.174171447753906 0.051918405402063994 -0.16677678604707236 0.9846268241401493 -0.7745428085327148
0.9911463211526764 -0.1039860349739277 -0.08255831027774937 22.867809295654297 0.1160107119084263 0.9806724215885841 0.15755353457819635 -27.177274703979492 0.0645792907054279 -0.1657362545310587 0.9840533568592713 -0.8049285411834717
0.9902539200305951 -0.09701033784440523 -0.0999308171454315 22.766597747802734 0.11193057701424351 0.981309774803216 0.1565332929600585 -27.180524826049805 0.08287774003493223 -0.16619302099358854 0.9826042743544964 -0.8364541530609131
0.9887218467258029 -0.08685236029569933 -0.122007283873482 22.66075325012207 0.10559823135021225 0.981983252745155 0.15670961956355045 -27.18391227722168 0.10619850913654785 -0.16782597784345454 0.9800797507438175 -0.8691659569740295
0.9862042697510772 -0.07382654908682225 -0.1481579527891616 22.550317764282227 0.09730298611157141 0.9826247180622899 0.1580531314045264 -27.18742561340332 0.13391514932417375 -0.17028888426123465 0.9762522361964392 -0.903106689453125
0.9823531760391927 -0.05825260109453467 -0.1777325856207348 22.435327529907227 0.08734538175519518 0.983157613461941 0.16053626187830522 -27.19106674194336 0.16538748988889707 -0.1732274272669937 0.970896099812286 -0.9383205771446228
0.9768507116821359 -0.040465211782526114 -0.21006011930278437 22.315826416015625 0.07603329777788899 0.983505467715054 0.16412170058713085 -27.19481086730957 0.19995405651079837 -0.17629396362322866 0.9638147195778286 -0.9748513698577881
0.9694362707190833 -0.020819042188736887 -0.24445834920619838 22.19186019897461 0.06367747806556298 0.9835988964047409 0.16875541407192093 -27.19866180419922 0.23693563641100043 -0.1791641104510592 0.9548621501163373 -1.0127391815185547
0.9599291332462858 0.00030828718930060034 -0.2802426878690028 22.063472747802734 0.05058642462009876 0.9833820778848733 0.17435797239869502 -27.202604293823242 0.2756393890379049 -0.1815477729244783 0.943961510527295 -1.0520209074020386
0.9482467180108367 0.022516288967904276 -0.3167351867298463 21.93071937561035 0.037060603851572796 0.9828177344009564 0.18081983461204695 -27.206640243530273 0.31536435027414494 -0.18320021200338457 0.931119223782906 -1.092726707458496
0.9344154417452771 0.04538582217552938 -0.35328162897811494 21.79364776611328 0.023386531099608678 0.9818907179216093 0.18799917080273063 -27.21076202392578 0.3554164492410365 -0.1839313600363964 0.9164324319905182 -1.1348806619644165
0.918578317139561 0.06848361748720616 -0.38926067026726263 21.652311325073242 0.009831056761164435 0.9806104144013542 0.19572063123381608 -27.21497344970703 0.39511672402470044 -0.1836115718125377 0.9000941978995967 -1.1784985065460205
0.9009946580397256 0.0913700051782447 -0.4240992199210063 21.50676918029785 -0.0033636308558591954 0.9790115477522049 0.2037770236196867 -27.219276428222656 0.4338171413987051 -0.18217549649050052 0.8823915096526577 -1.2235885858535767
0.8820354326888906 0.11360668350445008 -0.4572822071155196 21.35706901550293 -0.015984364367243813 0.9771538302116753 0.21193133840569037 -27.22368621826172 0.47091187665750844 -0.1796215843538069 0.8637002320580512 -1.2701510190963745
0.8621746089829285 0.1347639010157904 -0.4883581007909463 21.203275680541992 -0.027848632898573693 0.9751199240034523 0.21992177576852534 -27.22820472717285 0.5058452305506244 -0.17601086555808793 0.8444766295965082 -1.318178653717041
0.8419729796479045 0.15442724564294194 -0.5169465420582325 21.04543113708496 -0.038805047891139394 0.9730129201540868 0.22746433890037188 -27.23284912109375 0.5381223557900153 -0.17145869186585827 0.8252431442809162 -1.3676568269729614
0.8220632019933345 0.172203260314495 -0.542732096955325 20.88359260559082 -0.04873180914115897 0.9709518239983426 0.2342600398107221 -27.237632751464844 0.567307062098028 -0.16612824146228036 0.8065755418324774 -1.4185644388198853
0.8031294900707027 0.18772071626751113 -0.5654590655943058 20.717802047729492 -0.05753085688826673 0.969067075452897 0.2399983412002484 -27.242570877075195 0.5930204234969271 -0.16021840080709102 0.7890860798153415 -1.470878005027771
0.7858851258121088 0.20063228886407852 -0.5849198694628581 20.547977447509766 -0.06512247587805405 0.9674949523950656 0.24436157681923337 -27.247833251953125 0.6149338437285741 -0.153948698452539 0.773405563777486 -1.5241658687591553
0.7709505335198211 0.21070348318194443 -0.6010318768921491 20.37417221069336 -0.07146904713882689 0.9663509841176884 0.24709907081137206 -27.253402709960938 0.6328723806318076 -0.14754598493273674 0.7600675839447814 -1.578460931777954
0.7585063094594187 0.21808408714573796 -0.6140907990224757 20.19646644592285 -0.07666364974557584 0.9656588941946906 0.24824500975925903 -27.259174346923828 0.6471405282610109 -0.14121696426597305 0.7491774861043027 -1.6340612173080444
0.7485572016728945 0.22301378596580648 -0.6244413239791573 20.01482391357422 -0.08080639047064594 0.9654050190069551 0.2479182860042519 -27.265140533447266 0.6581279838167884 -0.13512216896341625 0.7406818185779039 -1.6909465789794922
0.7410436602691294 0.225727415730322 -0.6323775987198169 19.82870864868164 -0.08397348682799649 0.9655606832552269 0.24625397552455447 -27.27193832397461 0.6661852198036816 -0.12938199542212186 0.7344777411029626 -1.7473467588424683
0.7358543287126376 0.22645139234272021 -0.6381521556971483 19.6385498046875 -0.08622186224628714 0.966086557594691 0.2433979328293951 -27.27898597717285 0.6716280201016456 -0.12408275521152741 0.730424036073198 -1.8048309087753296
0.732835131632475 0.22540340080531313 -0.6419859630479564 19.444360733032227 -0.0875917862579204 0.9669353835577259 0.23950708341136837 -27.286231994628906 0.6747446545363361 -0.11928650774279856 0.7283477055947712 -1.8635234832763672
0.7318019079726081 0.2227929313727846 -0.6440724161287862 19.245067596435547 -0.08811437308868823 0.9680548099574646 0.234746122808034 -27.295055389404297 0.6757971772231947 -0.11503562338918674 0.7280556164254371 -1.9195903539657593
0.7325463734598877 0.2188229131326178 -0.6445869556692263 19.041589736938477 -0.08781414118779612 0.969389129819042 0.2292888824084804 -27.30420684814453 0.6750292492464427 -0.11136088935005384 0.7293382377093283 -1.9764742851257324
0.7348431484770295 0.21368901213938435 -0.643694456421104 18.832616806030273 -0.08671287992856062 0.9708817859551775 0.22331465279954235 -27.315649032592773 0.6726711110125523 -0.10828464245394712 0.7319754180419992 -2.0286242961883545
0.7384573224885314 0.20758020852956924 -0.6415537700691109 18.61852264404297 -0.08483310959069515 0.972477000320642 0.2170065145670494 -27.328786849975586 0.668942543407311 -0.10582504842515528 0.7357424364175084 -2.077714681625366
0.7431474790433121 0.20068320807992066 -0.6383244272204547 18.3978214263916 -0.08220153526159171 0.9741201015384138 0.21055387761669908 -27.348278045654297 0.6640592834922252 -0.10400133544114643 0.7404113655490783 -2.1129653453826904
0.748672516815212 0.19317824410601217 -0.6341700312768604 18.171825408935547 -0.07884912350320342 0.9757597822789318 0.20414618049267608 -27.37548065185547 0.658234212335057 -0.10283488362948479 0.745756467233478 -2.1340293884277344
0.7547937454394094 0.185244632640428 -0.6292621297388401 17.941837310791016 -0.07481485014777317 0.9773476124031829 0.197975712467878 -27.411733627319336 0.6516817782038364 -0.1023526775795853 0.7515549143937356 -2.144566059112549
0.7612788672991443 0.17705899456204113 -0.6237824930602102 17.708148956298828 -0.07014510768351964 0.9788389660754853 0.19223408220277277 -27.450834274291992 0.6446193838784243 -0.10258845420881467 0.7575892416021011 -2.160656690597534
0.7679041947112534 0.16879838540887382 -0.6179241481186979 17.470731735229492 -0.06489570766582464 0.9801925907396325 0.18711235177208058 -27.49219512939453 0.6372689344942315 -0.10358373493210359 0.7636482927278122 -2.1817150115966797
0.7744568112943354 0.1606371419594904 -0.6118924383115848 17.229551315307617 -0.0591284834476443 0.9813709978006684 0.18279712011107316 -27.53557777404785 0.6298574996655925 -0.1053882028445641 0.7695276842428745 -2.207054376602173
0.7807359450709597 0.15275152725204474 -0.6059029253901348 16.984622955322266 -0.052913088010470545 0.9823390398160262 0.17947204788078772 -27.58089828491211 0.6226167273623088 -0.10806008409905757 0.7750299536360856 -2.236436128616333
0.7865517202942233 0.1453195052757273 -0.6001821662533935 16.735694885253906 -0.04632400139425864 0.9830630970398576 0.1773161981693396 -27.627655029296875 0.6157844413404929 -0.11166552119979409 0.7799617510994726 -2.268339157104492
0.7917269670099946 0.13852185533684722 -0.5949622721679013 16.482669830322266 -0.0394391042615422 0.9835096715732686 0.17650292625587796 -27.675724029541016 0.6096006617156855 -0.11627734738924113 0.7841343071948323 -2.3023486137390137
0.7960925724493941 0.13254208190671796 -0.5904821865346483 16.225650787353516 -0.03233564539696744 0.9836439412430485 0.1771976379430714 -27.725282669067383 0.604310369038682 -0.12197210082504568 0.7873574693191505 -2.338895320892334
0.7995279488038733 0.12753228317706655 -0.5869331953715993 15.964301109313965 -0.025092759790133784 0.9834369401249273 0.1795052595436557 -27.775819778442383 0.6001045013058859 -0.12879169827813075 0.78948545646329 -2.376432418823242
0.8020732629267003 0.12348871311937112 -0.5843192779895576 15.69879150390625 -0.017792812060819008 0.9828960819457735 0.18329950336707349 -27.82762908935547 0.5969605487275391 -0.13662294766169067 0.7905518790282813 -2.4157092571258545
0.8038029918898292 0.12037333619578444 -0.5825899159460761 15.428980827331543 -0.01051507533191625 0.9820364115063815 0.18839830059327245 -27.88047981262207 0.5948026424115174 -0.14530914083004404 0.7906295404116337 -2.456052780151367
0.8047870340926808 0.11815051385529989 -0.5816857277190451 15.154899597167969 -0.0033336696386547376 0.9808730233031983 0.1946201397666338 -27.934432983398438 0.5935543078801188 -0.15468861700775646 0.7897877660265328 -2.4975883960723877
0.8050911303691771 0.11678489275136808 -0.5815406783931214 14.876569747924805 0.003681614892116193 0.9794230405420661 0.20178442300415667 -27.98955535888672 0.593139711630124 -0.16459585802925214 0.7880948458193008 -2.5403172969818115
0.8047772067260224 0.11624089217014352 -0.5820839308224806 14.593905448913574 0.01046342250318675 0.9777071076790701 0.20971248981247445 -28.04566764831543 0.5934847633459355 -0.17486242186735393 0.7856201175472168 -2.583937406539917
0.8039035395249848 0.11648305633553357 -0.5832416280804503 14.307035446166992 0.01694517580388364 0.9757502986755902 0.21822973136461554 -28.103132247924805 0.5945182588921697 -0.18531878539756758 0.7824352929300887 -2.6287786960601807
0.8025255372093804 0.11747287013549504 -0.5849383616321675 14.029458999633789 0.023060441162064786 0.9735837173470411 0.22716285209102202 -28.15895652770996 0.5961719367600309 -0.19579292658021566 0.7786168195723413 -2.6722545623779297
0.8006973371461272 0.1191693526515416 -0.5870966186887071 13.761198043823242 0.028741831042008288 0.9712445428627798 0.23634285499591962 -28.213214874267578 0.5983792120682782 -0.20611332646843133 0.7742477737886394 -2.714421272277832
0.7984695814903672 0.12152967298122277 -0.5896413028440896 13.502302169799805 0.03392029239580289 0.9687761192185791 0.24560587247778354 -28.26620864868164 0.6010788144647768 -0.21610962361002595 0.7694159404280313 -2.755155086517334
0.7958921695241536 0.12450647160442264 -0.5924979265944758 13.252726554870605 0.03852457989786463 0.9662284566527349 0.25479094626412224 -28.31784439086914 0.6042114788994236 -0.22561185270967235 0.7642171031081941 -2.794290065765381
0.7930145745214425 0.12804855789401778 -0.5955933607905967 13.012513160705566 0.04248063752845927 0.9636575055868024 0.2637415541043876 -28.36840057373047 0.6077197380633207 -0.23445208198581718 0.7587548624033751 -2.83172345161438
0.7898829396059185 0.1321022339285069 -0.5988605359435623 12.781734466552734 0.04571121376403109 0.9611243668166904 0.27230577747714907 -28.418275833129883 0.6115516549366306 -0.24246432995868408 0.7531371867342327 -2.8673198223114014
0.786545435072038 0.13660899122325793 -0.6022327308311151 12.560492515563965 0.04813587299717192 0.9586943452211412 0.28033567409769244 -28.468046188354492 0.6156534871972534 -0.24948574299540915 0.7474808678112705 -2.900818347930908
0.7830471914646577 0.14150761946597662 -0.6056506332634222 12.333613395690918 0.04967046239953907 0.9564358551352827 0.2876861139795533 -28.523162841796875 0.6199757584811909 -0.2553547505818384 0.7419056612878483 -2.9335649013519287
0.7794346960714302 0.1467341891415172 -0.6090571666904663 12.100543975830078 0.05022732404051656 0.9544180711554793 0.2942165212417266 -28.58321762084961 0.6244667889325788 -0.2599138764837996 0.7365364935503182 -2.961509943008423
0.7757526908512532 0.15222155625214437 -0.612402123158644 11.859514236450195 0.049715177828512445 0.9527101529993579 0.2997861995913405 -28.640830993652344 0.6290756422963132 -0.26300563146844386 0.7314997430521528 -2.9835216999053955
0.7720472287898075 0.15790068516778316 -0.61563824616533 11.620219230651855 0.04803947640132568 0.951378023270576 0.3042565784742509 -28.729354858398438 0.6337470198944255 -0.2644753872505269 0.7269233001587021 -2.990629196166992
0.7683635995410234 0.1629136180044439 -0.6189317668120322 11.378851890563965 0.04510236284272471 0.9508730535537132 0.3062779993591449 -28.83067512512207 0.6384223960407129 -0.26324815116946076 0.723268453023838 -2.991497039794922
0.7647474901579842 0.16955272304422103 -0.6216213883107253 11.13233757019043 0.04080336250747671 0.9500757882769735 0.3093397519523977 -28.93686866760254 0.6430368277984919 -0.26193104176133297 0.7196497533221806 -2.9902195930480957
0.7612429688536778 0.17536587335238082 -0.6243043751522133 10.880014419555664 0.0350939273756295 0.9501873203176175 0.30969738870222874 -29.045772552490234 0.6475164543331642 -0.2576642520237956 0.7171691394621114 -2.9879772663116455
0.7578848554962914 0.18098442165107625 -0.6267816086397168 10.621278762817383 0.02814123032896526 0.9507856785868856 0.3085687355349659 -29.15610122680664 0.6517811112366926 -0.25149797715628064 0.7154929423281275 -2.984605550765991
0.7547112437306545 0.1862374617304236 -0.6290679982599159 10.356233596801758 0.020168348594853502 0.9518222392645044 0.30598637642297255 -29.26802635192871 0.6557470368224969 -0.24361862139359047 0.7145948439562108 -2.9804766178131104
0.7517653437887283 0.19095808096238764 -0.6311765832105765 10.080291748046875 0.011401249468534241 0.953246813003188 0.30197768958951554 -29.368680953979492 0.6593321464851929 -0.2342125633146688 0.7144407573737663 -2.970409393310547
0.7490974864514217 0.19498314408774925 -0.6331149416289414 9.790532112121582 0.0020691239515133047 0.9550099012045876 0.29656669962636883 -29.39310073852539 0.6624565453810802 -0.2234673625450921 0.7149920722350039 -2.947577953338623
0.7467634353075553 0.19815353232911664 -0.6348854615701579 9.51494026184082 -0.007595307854997915 0.9570646978016635 0.28977487040873356 -29.31204605102539 0.6650463765680154 -0.21157112715893972 0.7162059586225524 -2.9213292598724365
0.7448232957243881 0.20031250118533972 -0.6364850037629587 9.249276161193848 -0.017354739507780645 0.9593688488139317 0.28162071113831144 -29.227201461791992 0.66703603438111 -0.19871163477336812 0.7180366390671286 -2.899402379989624
0.743341085736605 0.201307172720266 -0.6379023847480887 8.992663383483887 -0.026968140846281782 0.9618845772068645 0.27212272876565635 -29.141897201538086 0.6683687228134039 -0.18507696329620515 0.7204372061615326 -2.881439208984375
0.7423836982681162 0.20098834132082657 -0.6391166804260843 8.736747741699219 -0.036190739434202174 0.9645787420611487 0.26130074768920564 -29.05463981628418 0.6689967674996348 -0.17085531018038375 0.7233614504922175 -2.8670055866241455
0.7420169517161386 0.1992064787663144 -0.6400996970655554 8.481511116027832 -0.044772022971546754 0.9674235751969227 0.2491728157569352 -28.965614318847656 0.6688843766488534 -0.1562318948573889 0.7267635693293555 -2.856778383255005
0.7423059693413655 0.19581550331631298 -0.6408105309224832 8.227070808410645 -0.0524581900034191 0.9703941686443563 0.23576109891708946 -28.87465476989746 0.6680044806599286 -0.14139111047731218 0.7306015108773397 -2.852109909057617
0.7433100350403077 0.1906690168454298 -0.6411985011083335 7.973658084869385 -0.05899057717253414 0.9734679250926512 0.22108892016711162 -28.781583786010742 0.6663409814901285 -0.12651294333389518 0.7348361528638658 -2.8544812202453613
0.7450810070758875 0.1836211127559536 -0.6412001090494656 7.721758842468262 -0.06410578542727363 0.9766216039273437 0.20518452918564567 -28.685993194580078 0.6638860905076515 -0.11177445903536322 0.7394333838405042 -2.866281032562256
0.7476586073184485 0.17452412492512337 -0.6407401475807164 7.471975326538086 -0.06753572788887836 0.9798290640563503 0.18807958605062997 -28.587724685668945 0.6606402442791066 -0.09734646911715324 0.7443642472534973 -2.8895514011383057
0.7510677124047003 0.16322976694452662 -0.6397291103009195 7.224605560302734 -0.06900898589517197 0.9830572655993597 0.16981216805055538 -28.487455368041992 0.65660875051197 -0.08339337944672609 0.7496068923212779 -2.9241838455200195
0.7553126158633642 0.14958641185181215 -0.6380648538408475 6.979828357696533 -0.06824901609415905 0.986262547492983 0.15042692317145478 -28.38643455505371 0.6518012918979383 -0.07007205435800755 0.7551456701049322 -2.9704246520996094
