1.0 0.0 0.0 0.0 0.0 1.0 0.0 0.0 0.0 0.0 1.0 0.0
0.9994220344830388 -0.005902620563161739 -0.033477694966515974 0.0569863 0.00496663404306547 0.9995963380651616 -0.027973084795952525 -0.0250673 0.03362929580092352 0.027790645858033373 0.9990479220071115 -0.132956
0.9977274843343376 -0.010124641458491183 -0.06661350192874498 0.0941833 0.006319467927955184 0.9983491592074698 -0.05708783263398019 -0.0602913 0.06708152747948913 0.05653713775099328 0.996144377450349 -0.261789
0.9945547989864139 -0.019075470064248857 -0.10245427397098449 0.141065 0.010113343548701966 0.9961314622038487 -0.08729163928972783 -0.0922521 0.10372305479188092 0.08578016349628842 0.9909002429383041 -0.372373
0.9904236274683097 -0.028048773191353196 -0.13518248582924935 0.158577 0.012402535826716061 0.9932623114900979 -0.1152222100049073 -0.147257 0.13750350998277172 0.11244219357433384 0.984098337487982 -0.486155
0.984487643536237 -0.04001598790746625 -0.17082974107647644 0.191253 0.014430479128972053 0.9888128481827205 -0.14846182182933018 -0.174439 0.17485948929519032 0.1436936741146422 0.9740514806840856 -0.626559
0.9771759266411153 -0.05355506545921641 -0.20557009353681913 0.232172 0.015544855364197092 0.9831324792296234 -0.18223305341106502 -0.192623 0.21186213881858104 0.174878195460363 0.961525897148768 -0.712799
0.965651971588859 -0.06988492197237231 -0.25026459487403596 0.348432 0.012834083436873592 0.9748052740826468 -0.22268804171529158 -0.155562 0.2595217834188207 0.2118272298397246 0.9422195437526987 -0.777773
0.9512708853299573 -0.08940351310547512 -0.2951113596050792 0.465349 0.010803357509189045 0.9661215925092363 -0.25786111756902347 -0.159847 0.3081671465131997 0.24210758007922062 0.9200092007573054 -0.849626
0.946761094535168 -0.10451528237311025 -0.30449956588645494 0.341288 0.011267716222193969 0.9560139698041087 -0.2931046367946517 -0.149513 0.32173975266619853 0.2740690520468475 0.9062944809853117 -0.898346
0.9325191186454787 -0.12290892808218312 -0.33956072911682283 0.407546 0.007398836134535618 0.9466027054116163 -0.32231750701949635 -0.172377 0.3610448041234133 0.29805488337736985 0.8836345035762176 -0.965173
0.9163137129518789 -0.14098470265566854 -0.3748232824591262 0.487125 0.00021540875994970066 0.9361523908604896 -0.3515944463231108 -0.167774 0.4004611504945359 0.32209007234511505 0.8578396424981249 -1.03039
0.8987976276587059 -0.1582732885505289 -0.40879382412957727 0.577733 -0.009266857418017568 0.9254761312452455 -0.37869256112172 -0.163038 0.4382658438307471 0.34415620962977633 0.8303490552199051 -1.09572
0.8826758232445346 -0.176833495473108 -0.4354460999232227 0.628497 -0.016733861555880192 0.9141034818919698 -0.40513553567961164 -0.159144 0.46968432903069224 0.36489003723277996 0.8038979361780006 -1.14481
0.8643649065344595 -0.19368533777862357 -0.4640682043420513 0.718753 -0.02784307395316135 0.9029991137097638 -0.42873927260308237 -0.130383 0.5020936880548432 0.3835082666240219 0.7751279493390264 -1.21064
0.8477261384864059 -0.20787830221143033 -0.48800307949501714 0.782747 -0.03862870500236425 0.8933698134985434 -0.447658574674291 -0.116425 0.5290257245888588 0.3983428018670235 0.7493028726249232 -1.27533
0.8298946034209664 -0.22078088582442756 -0.5123775440701303 0.880148 -0.05092498640691234 0.8845611846247191 -0.4636358014808281 -0.0850319 0.5555912103086341 0.4108616690686722 0.7228492899061963 -1.3398
0.81247617139238 -0.23028617314504746 -0.5355844932200606 0.982015 -0.06646120921448802 0.8761032991813279 -0.47752059309870704 -0.0372454 0.5791937314831093 0.42356969629779 0.6965079567304813 -1.39605
0.7968506664621025 -0.23899503816145423 -0.554896735522122 1.06673 -0.08142606151726078 0.8675741893430347 -0.49059639469890454 0.0468701 0.598664189562638 0.43611511980207834 0.6718666463036609 -1.46093
0.7823403364170984 -0.23695456634072143 -0.576017474999728 1.14412 -0.09870807841602514 0.8659526061392451 -0.4902884856653944 0.042215 0.6149799291604543 0.4404300369081683 0.6540803232928449 -1.50429
0.7692235213824659 -0.23532269602804332 -0.594069358649352 1.23412 -0.11349360399253047 0.8646158075338398 -0.48944734876735513 0.0776009 0.6288198279354318 0.4439174856847829 0.6383751952406632 -1.56928
0.7606050670707112 -0.23111416731329334 -0.6066845750581121 1.33038 -0.12457743889929421 0.8651661282045627 -0.4857654087363763 0.158963 0.6371502127941665 0.44505484187300914 0.6292581299131059 -1.66276
0.7527534236328347 -0.2208558541095409 -0.6201491553768269 1.42076 -0.13724314831955564 0.8686924607428981 -0.4759597954531302 0.202018 0.6438374029585289 0.4433915880505564 0.6236002711654504 -1.73538
0.7494955510303117 -0.20538896719536429 -0.6293423481223802 1.50088 -0.1480852047089751 0.8745502432804116 -0.4617712032213292 0.255488 0.6452342141672825 0.43929175286202987 0.6250564492390547 -1.83403
0.7436869628468117 -0.18643354318468028 -0.6420064137275353 1.61558 -0.16074535431624623 0.8822875618197991 -0.4424133692869362 0.291625 0.6489149654287761 0.4322166033757616 0.6261774312516303 -1.90825
0.7397769132288416 -0.16578903437955234 -0.6521074410962527 1.73225 -0.17199092243193448 0.8903786488313848 -0.4214795182523226 0.32765 0.6504992246379847 0.4239573773207553 0.6301673594853097 -1.98312
0.7371055755032238 -0.13950007128973554 -0.6612224290450378 1.86452 -0.18526537599968781 0.8992584845093622 -0.3962460327796602 0.361927 0.6498862292876774 0.41457678196937653 0.6370039095909541 -2.06755
0.733072125394251 -0.11187512489518225 -0.6708868871871343 2.01433 -0.1969725618348545 0.9091904237549504 -0.3668440857319469 0.373881 0.6510046611616307 0.40106948248649005 0.6444658263739429 -2.13436
0.7317184628021466 -0.07934371317070127 -0.6769731651806807 2.15618 -0.20868945201435696 0.9194252059594458 -0.3333256714751777 0.367507 0.6488734882952232 0.38517770681429137 0.6562022023438148 -2.21877
0.73487334562065 -0.04932089611990473 -0.6764086154849319 2.28141 -0.2180468910640815 0.9272183161810812 -0.3045024588334377 0.410148 0.6421967916406944 0.37125953636809167 0.6706337580692969 -2.32908
0.73660242946346 -0.015321793898114708 -0.6761524262622092 2.41459 -0.2282768524595789 0.9354426365413561 -0.26988284934709017 0.395587 0.6366368977208878 0.35314631014963216 0.6855517078149712 -2.4202
0.7844816837978058 -0.030794277679141863 -0.6193869551806687 2.05436 -0.20109733332336052 0.9321655193047268 -0.3010436964123026 0.675556 0.5866415859074371 0.3607203308403469 0.7250741290395335 -2.53398
0.7845480209052245 0.001891974881313846 -0.6200651766747944 2.21079 -0.21269672019134592 0.9401442938779453 -0.2662495294053756 0.636924 0.5824470002614315 0.340771370745531 0.7379907619792215 -2.58874
0.8002052944081408 0.021859318489952678 -0.5993276708081612 2.16152 -0.21723245370235458 0.9420381978337351 -0.2556835835180332 0.683159 0.559000490035237 0.3347927777257501 0.758572506833092 -2.63687
0.8039176966824175 0.054323309950289805 -0.5922544343074874 2.26505 -0.23026230172027454 0.9465858272822911 -0.22573113209033083 0.667589 0.5483571914065852 0.31784312102725437 0.7734857083672175 -2.71492
0.805773703146053 0.08543645122251832 -0.58602845675001 2.42341 -0.24176308466859764 0.9507841962372562 -0.1938040842629458 0.630094 0.5406286620313621 0.2978422820688439 0.7867722826855318 -2.80551
0.8057082150758369 0.11494038350623408 -0.581053336965505 2.50566 -0.2532655065449386 0.9536437956075252 -0.16254259224525797 0.587475 0.5354352018254352 0.2781226695879219 0.7974690748282613 -2.82216
0.8011019365335806 0.1420215455558687 -0.5814340615066077 2.65746 -0.2610654199088396 0.9570729485794469 -0.12592147404340914 0.510276 0.5385912492883344 0.2526682641238626 0.8037899069375442 -2.88956
0.8006985845386541 0.16869764429739545 -0.5748242179364967 2.79997 -0.2693661738852861 0.958446101410509 -0.09393047991678558 0.45452 0.5350921799878946 0.2300482025565627 0.8128678757438363 -2.96588
0.7996626172736037 0.1954487147228464 -0.5677495032567779 2.94003 -0.27675464671525757 0.9590883848238436 -0.05963502005956055 0.378893 0.5328663660399702 0.2048152094185845 0.8210384679990204 -3.04196
0.7987995148799157 0.2170075035410301 -0.5610945360939646 3.08347 -0.28460162755458834 0.9580194428953751 -0.03465055017910543 0.33515 0.5300200454896881 0.1873672608577206 0.8270261549296879 -3.13345
0.801244799058842 0.23092975146756034 -0.5519766497491416 3.216 -0.2844184856241281 0.9586276078223627 -0.011799769321989631 0.290208 0.5264151375259201 0.16644686662086888 0.8337760751998472 -3.22976
0.8021896506436789 0.24108407580505747 -0.546232764298695 3.35986 -0.28278934405455086 0.9591484507446313 0.008027223889391491 0.25493 0.525853545475705 0.1480294491896625 0.8375949682771714 -3.32642
0.8020259757623764 0.2492714131398569 -0.5427873403034258 3.50216 -0.2849058348051967 0.9583643276966414 0.01914368544765556 0.237926 0.5249599979963826 0.13928954730999593 0.8396519651104346 -3.42945
0.8050699252958007 0.25564911309790644 -0.5352625022887999 3.62716 -0.28420526340073177 0.9582868147998699 0.030228278747563134 0.218561 0.5206628310524329 0.12778854233840187 0.8441447179290361 -3.53819
0.8064003426403652 0.2603608508403032 -0.5309714820394928 3.7522 -0.28339310682201563 0.9581920267415555 0.039451069626516864 0.19866 0.5190441545719089 0.11866030186470983 0.846470849094113 -3.64536
0.8072065435553846 0.2624779550084957 -0.5286992710189098 3.87966 -0.28262903507886317 0.9582103586200573 0.04420109912221049 0.185824 0.518206932191918 0.11374634837118439 0.8476575627341866 -3.75251
0.8071877849340889 0.26447459519217137 -0.5277320042892377 3.98652 -0.282010983600202 0.9581671795185415 0.04884118367043998 0.147703 0.5185727383714318 0.10940221474641253 0.8480055839595245 -3.83799
0.8064852368237745 0.2624457155218239 -0.5298148820008155 4.01408 -0.27832639291812306 0.9591086898396812 0.05142898092706441 -0.0170332 0.5216473730313291 0.10598475115905906 0.8465525682031007 -3.84955
0.8058661990881677 0.2613237904945614 -0.5313092749884423 4.04242 -0.278015259391659 0.9592675128397069 0.050133365693032096 -0.180383 0.5227687679199842 0.10731130104456515 0.8456932658804517 -3.86063
0.8036039861712988 0.25836757044826336 -0.5361593344802092 4.09502 -0.2765999259162499 0.959788825967132 0.047936317461396954 -0.340247 0.5269849280508166 0.10977981640218026 0.8427545772750092 -3.85912
0.8013618324526001 0.2550884888891902 -0.5410629134624181 4.16499 -0.2757044965644039 0.9602183170357418 0.044360051884730835 -0.484827 0.5308542587776603 0.11362502569978528 0.8398113535028826 -3.84494
0.7971159003901813 0.24995062118842354 -0.5496643778822418 4.28361 -0.27322548468379465 0.9610840092891144 0.04080884227795755 -0.596551 0.5384738395358276 0.11765293900401694 0.8343882250363203 -3.81625
0.7931464509529486 0.244514138313526 -0.557791666758778 4.42729 -0.27406324444301 0.9611908253452197 0.031647042793063934 -0.645141 0.5438823819412729 0.12776945424071018 0.8293774298694884 -3.77651
0.7875276251811831 0.2372934180593301 -0.5687636357241967 4.57375 -0.2755069393661103 0.9611011843185198 0.019504867665734962 -0.648122 0.5512677806090296 0.14133770638884519 0.822269716586435 -3.72346
0.7840244134580014 0.22526140514548826 -0.5784142273956591 4.68426 -0.27430685982246633 0.9616384470982415 0.0026914153935478358 -0.613871 0.5568316314256715 0.156552855018243 0.8157387681295173 -3.65463
0.7811797659657791 0.21221486425608974 -0.5871311817936602 4.74636 -0.27081843081787565 0.9625503605723804 -0.012416959826146337 -0.570338 0.5625082672947965 0.16870582310859938 0.8093965619362711 -3.56412
0.7772127724728746 0.19919972882980538 -0.5968750072998196 4.80377 -0.2706452154098427 0.9621700432927753 -0.031304555031793344 -0.513146 0.568059392740572 0.1858716649307009 0.8017233004566486 -3.48211
0.772526815476184 0.19407934626795043 -0.604595341300635 4.86536 -0.27151046443013455 0.9616762982891768 -0.03821995570064338 -0.480334 0.5740073057681051 0.19367990257388992 0.7956153016777706 -3.41923
0.7766579003403022 0.18088132044428848 -0.603394111467227 4.91284 -0.26612747482837057 0.9624220113142928 -0.054037387790554656 -0.433608 0.5709454203165734 0.20254831535236828 0.7956101476021089 -3.37414
0.866929370919979 0.16926227866901383 -0.46881099267835286 4.75858 -0.2407236097212584 0.9657891969550312 -0.09645398264314085 -0.356429 0.4364465712536379 0.1964726649300842 0.8780164476683875 -3.35735
0.8978250445577847 0.15659567248266235 -0.4115677158433528 4.73906 -0.22540229073131743 0.9663384334582203 -0.1240316062727051 -0.305178 0.37829088899666446 0.20412698837051269 0.9028998703737297 -3.36558
0.9257170900973265 0.14910963863734186 -0.34758334938138225 4.6786 -0.21231311555058655 0.9654180375372275 -0.1512982278910495 -0.258642 0.3130032109530859 0.21385585908085378 0.9253619083741498 -3.37017
0.94086704356342 0.11961679786104351 -0.31695587706445866 4.67151 -0.1880926666784835 0.9625842270219876 -0.1950711527373025 -0.203726 0.28176294127866935 0.2431530948969257 0.928162818348182 -3.39021
0.9406537124214329 0.11576150712109975 -0.3190138974665962 4.67106 -0.1923119556759935 0.9563503476442636 -0.22002300848950096 -0.170442 0.2796188566814675 0.2683156462634035 0.9218568267135636 -3.41482
0.9384429181458009 0.09901825415594806 -0.33093847574118873 4.77396 -0.18887845978175466 0.9492243903886743 -0.2515909062778729 -0.119089 0.28922278059043927 0.2986108538468711 0.9094953222267704 -3.47618
0.9362948775277529 0.07989983647180438 -0.3420057286758057 4.88048 -0.1841441424765034 0.9408807085671042 -0.2843139585701991 -0.0768981 0.2990699535340906 0.3291800546479731 0.8956548746671755 -3.54139
0.9336810767474492 0.06024626951710133 -0.35300146449129177 4.99996 -0.17935886254385797 0.9318684233870855 -0.31535954071668904 -0.0425807 0.30995168228402536 0.35775917668641344 0.8808736153080998 -3.61083
0.9310555527505593 0.04047592721049234 -0.36262550518241543 5.1175 -0.1749772097070721 0.9216274070845581 -0.3463898072890166 -0.0178548 0.32018515545771076 0.38595935255807146 0.8651686797367764 -3.68097
0.9242097984132062 0.02182125015071637 -0.38126117237253687 5.25266 -0.17498652745891183 0.911586287152 -0.37200827448365104 -0.00380028 0.3394347709426554 0.4105292609769635 0.8463154034736788 -3.7492
0.5668792436400035 -0.8197538541741868 0.08155698435268238 3.928 0.6227684130687049 0.36163155281863696 -0.6938170678859582 0.593984 0.5392656365966817 0.4441016083877062 0.7155182280092017 -3.71604
0.5621377743519425 -0.8209234183653865 0.10042840149048288 4.00637 0.617205751031011 0.33557935087928914 -0.7116484807527386 0.702809 0.550507205712051 0.46202948005806294 0.6953204843929063 -3.74036
0.5629606286150663 -0.8193488391990318 0.10836424840568373 4.09658 0.6074655619157994 0.32129940524262757 -0.7264656105260978 0.808178 0.5604113861402636 0.4747990858183419 0.6786051181581343 -3.76101
0.5638731339349866 -0.8169222924992776 0.12118191632442951 4.17701 0.593737506165577 0.2990060337804482 -0.747041608971794 0.928943 0.5740408196275051 0.4931869420215928 0.653638874012839 -3.76534
0.5618644764019066 -0.8164058730109441 0.13337826161278987 4.25587 0.5868658786836861 0.2797576960604883 -0.7598184466908874 1.04477 0.5830066471271462 0.5051901444091779 0.6363066614435194 -3.77458
0.5632018664529537 -0.8148839398345756 0.13699570147851053 4.33732 0.5727858468757167 0.26549989608140545 -0.7755167172921749 1.16119 0.5955837734884804 0.515241661534122 0.6162840245996806 -3.77488
0.5661965311710866 -0.8126859260687918 0.13770647646185266 4.41549 0.5626730201309684 0.2589871100802503 -0.7850635319698496 1.27227 0.6023458811235646 0.521983967552635 0.6039140477845222 -3.78447
0.567664804644735 -0.8111371128264784 0.14075956011290963 4.48506 0.5537070173888468 0.24964888245962746 -0.7944079395254096 1.37161 0.6092332955953756 0.5288969839980033 0.5908491955277706 -3.78566
0.5734281547056915 -0.8080642345388378 0.13495311871160084 4.56015 0.5409260888538834 0.2497275421836564 -0.80314078533726 1.47032 0.6152878332846067 0.533543201188125 0.5803038296253624 -3.78527
0.5775269226040467 -0.8062768176579553 0.12798572957505688 4.63018 0.530965197709629 0.25189208120387957 -0.8090898208777271 1.56075 0.6201117741896809 0.5352271225696044 0.573579388382452 -3.7874
0.5779994908062428 -0.8063480155790415 0.1253772961882086 4.68459 0.5273672152625521 0.2518519484963553 -0.8114520419006966 1.64412 0.6227362273819831 0.5351387425802124 0.5708118054978576 -3.79131
0.5799019654079639 -0.8057238483070229 0.12051054221644575 4.73709 0.5250556607006361 0.2565246571208757 -0.8114873094850192 1.72551 0.6229207523290573 0.5338578280388313 0.571809020355103 -3.79347
0.5810506607824967 -0.8063814313356023 0.1101322695733149 4.80576 0.5233408685237967 0.2665627373971632 -0.8093569313745879 1.80515 0.6232932415300059 0.5279140973950935 0.5768988133412493 -3.79688
0.5827867501644157 -0.8068206509858243 0.09695380846366602 4.87757 0.5209482238064299 0.2793694718022447 -0.8065764975114637 1.91576 0.623676640532355 0.5205700100541185 0.5831246116281924 -3.80175
0.5861875813306638 -0.8060848908022102 0.08130970614936073 4.94942 0.520186131764961 0.2975295189907199 -0.8005514184913782 2.02284 0.621120364996281 0.5115694812530747 0.5937222903322286 -3.80968
0.5905720478534511 -0.8043320531765069 0.06538045982589702 5.00818 0.5199897278627393 0.31733435863754256 -0.7930382006847675 2.12685 0.6171185779179031 0.5023433617168284 0.6056532074773653 -3.81616
0.5943512174862982 -0.8029323144356486 0.04523636488012289 5.07335 0.5211044337746935 0.3416711524906878 -0.7821195513833168 2.22533 0.612533100634497 0.4884265778913936 0.6214842545361798 -3.82502
0.5992165454802977 -0.8001655309108693 0.02597411720895948 5.12351 0.5238199904623972 0.367322620724493 -0.7685614548597035 2.32135 0.6054355037612447 0.4741405017990097 0.639248492637371 -3.83436
0.605269879105742 -0.7960171900799368 0.0022375309075065575 5.18404 0.5232652717196443 0.39575532847759537 -0.7546993940594873 2.4243 0.599868176234985 0.45796763322186024 0.6560669310837733 -3.83875
0.6101612542043626 -0.7920923603297982 -0.017115390002221065 5.22363 0.528198580977463 0.42279125098547776 -0.7363788543565936 2.52182 0.5905163019944103 0.44026952063174185 0.6763529006972193 -3.84919
0.6151654183395917 -0.7871967508780277 -0.043506131592588926 5.28449 0.5301113209325853 0.45384731521739863 -0.7162433957036314 2.62296 0.5835696149545355 0.41754507526377993 0.6964930829698022 -3.85525
0.6226305991849858 -0.7794545132647674 -0.06915055104429779 5.33789 0.5291207134985385 0.48446769680544666 -0.6966507886300161 2.72095 0.576508809564384 0.39716710904002384 0.7140699405460551 -3.85206
0.6297299329940514 -0.7706916317129688 -0.09733766125662177 5.39482 0.5289557207594042 0.5171881088878276 -0.6728464204414938 2.80701 0.5688989866111613 0.37222421849287823 0.7333505806912267 -3.84691
0.636534734897231 -0.7614144084559423 -0.12276656656027896 5.44364 0.531673812247213 0.5485229707559091 -0.6453258928042696 2.89264 0.5587007147300129 0.3455005776388798 0.7539780250188816 -3.85064
0.6478189029396547 -0.7467279884733861 -0.15075801877363706 5.49079 0.531253086478055 0.5846710567994778 -0.6131312367254841 2.94677 0.5459861052275983 0.3171073423487256 0.7754625112324423 -3.85051
0.6558368118359973 -0.7329075030703542 -0.18089960802603472 5.54516 0.5338738766461413 0.6197213851619003 -0.575260018259427 2.98118 0.533719739259862 0.2806991213313536 0.7977162673583826 -3.8545
0.6674016906876548 -0.7143925764557332 -0.21028131151436003 5.5886 0.5343597045014864 0.6560799662689921 -0.5329341273230325 2.9978 0.5186855400648297 0.2433152781175433 0.8196114847671659 -3.85793
0.6781232934878292 -0.6962465393740274 -0.2353498571040802 5.62926 0.5361153935818692 0.6876577926704849 -0.48959886125696256 3.02918 0.5027216760731305 0.2058337110126715 0.8395852546448008 -3.86164
0.6869778798250499 -0.6800123549137899 -0.2562120016620629 5.67776 0.5401541562670061 0.7137048358067094 -0.4459359761373783 3.08344 0.48610171785188916 0.1679541738413179 0.8576109347429768 -3.87049
0.6934074284571181 -0.6664222760081405 -0.2739844670790955 5.72486 0.5473216875554515 0.734455467437303 -0.4012656684578253 3.13821 0.46864176989672934 0.1282829544077556 0.8740242417212915 -3.87817
0.6953416039855532 -0.6592674129862263 -0.2861232810192952 5.76155 0.5603978249795115 0.7466336495611665 -0.3584584649596182 3.20267 0.44994925438879296 0.08890821962800555 0.8886174637927995 -3.88635
0.6997296292102455 -0.6486176327813725 -0.2994555266652812 5.80635 0.5695054042351583 0.7595088134119594 -0.3143405110648425 3.27024 0.4313259099013661 0.04941182848919812 0.9008420675418709 -3.89602
0.7019788323779272 -0.6413034703058531 -0.3097669734929653 5.85005 0.5823680257486439 0.7672434766958933 -0.2686725331201997 3.33291 0.40996731757415567 0.00820405029650706 0.9120633158283385 -3.90582
0.7054589549701173 -0.6327866139011351 -0.3192315211880019 5.89311 0.5933288190568773 0.7736417464904991 -0.22234963585241513 3.395 0.3876707047599047 -0.032550719725776764 0.9212230323414047 -3.91465
0.7057639603849839 -0.6294600430165743 -0.3250804307664098 5.93228 0.6080028000199936 0.7736957069717603 -0.17812228434790228 3.45574 0.363634194472343 -0.07193752330348711 0.9287600149400327 -3.92415
0.7060580432479269 -0.6262347842369782 -0.3306237054062725 5.96935 0.6228441587630209 0.7713239049907792 -0.13086094713305318 3.50927 0.3369676445294013 -0.1135316193905487 0.9346461244443622 -3.93304
0.7042600735811496 -0.6257171378795439 -0.33540395364888853 6.00596 0.6382481811679412 0.7649163363051592 -0.0868461725656768 3.5594 0.31089710194096154 -0.15290867149159482 0.9380628604669236 -3.94118
0.7045920284641558 -0.6246940419967075 -0.3366116862477915 6.0317 0.6508480736203055 0.7579190753457448 -0.04422058674179148 3.61266 0.2827487550626938 -0.18792559464018377 0.9406046525451752 -3.95163
0.7025866410349011 -0.6236710494480906 -0.34264622268399736 6.06728 0.6619589619044819 0.7495083508288648 -0.006896723289739198 3.67723 0.26111749193348766 -0.22197219221810582 0.9394391950989975 -3.95786
0.7030236628216137 -0.6209781140444319 -0.34661781747437975 6.10464 0.6708193821337745 0.7408736549387254 0.03328038418341163 3.74413 0.23613361909423863 -0.2559148477434534 0.9374158653649414 -3.96407
0.6989836355231616 -0.6252518092753931 -0.3471052466740764 6.14067 0.683942364221132 0.7262606197209874 0.069053274115685 3.81737 0.20891318698069916 -0.2856670916299859 0.9352804889792328 -3.9762
0.6937933419422145 -0.6306524500827912 -0.3477474455423451 6.18003 0.6967862715230437 0.7098776501118262 0.1027745770544798 3.89826 0.18204310064835988 -0.3136099632924385 0.9319383565612303 -3.98839
0.6856194747917173 -0.6372397733758296 -0.35192528612512475 6.22579 0.7116598400997399 0.688468571816241 0.13982595470983877 3.97838 0.15318683943322994 -0.34631849048127167 0.9255254158450923 -3.99608
0.6798127326449753 -0.6408712013433422 -0.35656521398267826 6.27606 0.7216220379574043 0.671259334201824 0.1693296801542094 4.07395 0.13082921259403138 -0.3724177889624309 0.9187974246787811 -4.01401
0.6804891281624472 -0.6400084527353164 -0.35682450431557966 6.32167 0.7252625679130936 0.6577489901261444 0.20337274540149813 4.16894 0.10454068125288835 -0.3971843985045029 0.9117652107575714 -4.02816
0.676913266029491 -0.6450239194214437 -0.35458789269726504 6.36228 0.7324301758744686 0.6380640117445964 0.23752969158588838 4.25529 0.07303744068478296 -0.4204978719215963 0.9043489768710009 -4.0439
0.6690387522406186 -0.6530254714508646 -0.35488713929458227 6.41684 0.7418985406054862 0.6153317299338845 0.26637082720152133 4.35746 0.04442638233939247 -0.4415026565865137 0.8961594170566335 -4.06059
0.6676283430926695 -0.6564143995520377 -0.3512727310225987 6.47356 0.7442169906628568 0.6013090848148737 0.2908065599807214 4.47699 0.020333870956081163 -0.4555738365839695 0.8899657370439069 -4.08727
0.6642457617600033 -0.6589107731950957 -0.3530073100536499 6.53915 0.7474932140474494 0.5819520780771346 0.32028998388135455 4.58798 -0.005609183263767137 -0.4766218331016169 0.8790905330362553 -4.10843
0.5081690010193494 -0.6941567643476358 -0.509814331804646 6.49966 0.8610281703705136 0.3958097787071789 0.31931975965821485 4.91658 -0.019868473303265938 -0.601232904613674 0.7988267885958773 -4.10654
0.5065130030529204 -0.6924118562646281 -0.5138194226014463 6.55457 0.8612707377358771 0.3781634490409114 0.33941880049487405 5.05214 -0.040709876666596645 -0.6144576690982491 0.7878987744806667 -4.13725
0.5012378018320418 -0.6975098575248255 -0.512094390391342 6.59354 0.8629533564177776 0.3592946816574537 0.35527290408918194 5.1897 -0.06381356173945132 -0.6199897824870717 0.7820105491294594 -4.17618
0.4915834842693429 -0.7021403188674405 -0.5151161525465316 6.65296 0.8668348070234358 0.3379395965128398 0.3665982084535898 5.32243 -0.08332523823101459 -0.626734235325842 0.7747651921351891 -4.21319
0.48574011641474624 -0.7063228573749852 -0.5149413174867836 6.70899 0.8677985130976354 0.3190450310975692 0.38096720173459 5.47411 -0.10479637384433393 -0.6319163625683282 0.7679188959437652 -4.25471
0.4807777396029757 -0.7061277650149139 -0.5198426151993466 6.77951 0.8685683240010201 0.30226729818532083 0.3927130593573448 5.62976 -0.12017417211827316 -0.6403265260183971 0.7586435977670271 -4.29544
0.47895476413129706 -0.7071226238995053 -0.5201729795802668 6.84272 0.8672711362283049 0.28949414645782545 0.40501100655651356 5.79636 -0.13580541293040843 -0.6451129621516949 0.7519216421161632 -4.34324
0.4676994220151981 -0.7110743758875618 -0.5250052215004761 6.92204 0.8717636467346922 0.27305463521047346 0.40677919123512923 5.96746 -0.14589515029116046 -0.6479308590784896 0.7475962860898454 -4.39525
0.4641677913648823 -0.7116971576887144 -0.5272906382605822 6.99523 0.871908091523066 0.2623091165427387 0.4134854378514103 6.14903 -0.15596326938113217 -0.651675596532794 0.7422899537832741 -4.4473
0.465257800525536 -0.7135217989050296 -0.5238528624885728 7.05776 0.8694126365954832 0.25716999327687906 0.4218829954928984 6.33426 -0.16630347674727522 -0.6517286529264315 0.7399952138875414 -4.50439
0.4639822114316662 -0.7168844328790112 -0.5203817996151665 7.12183 0.867831561488642 0.24998800871913252 0.42938837476208924 6.52879 -0.17773263166668657 -0.6508323174154627 0.7381249259091937 -4.55866
0.4602158349880696 -0.7212644433319592 -0.5176668697253792 7.19625 0.869238019961419 0.24743315339478844 0.42802114346684167 6.74297 -0.18062848579276056 -0.6469578327728553 0.740823131883761 -4.62539
0.4605872810691124 -0.7269163986761676 -0.5093642172876238 7.24965 0.8667372699841521 0.24459876497333055 0.4346699310901785 6.94424 -0.1913788424507305 -0.6416883928428132 0.7427046150072223 -4.68034
0.4589408853581743 -0.7297784231622869 -0.506751138956215 7.32309 0.8662269536243329 0.2407161757464666 0.4378431083718277 7.16257 -0.1975452569953604 -0.6399055991478448 0.7426282351337543 -4.73473
0.4571228218288725 -0.7333712118529676 -0.5031951821992318 7.39607 0.8653490223109914 0.23604238000995198 0.44210300205342223 7.37423 -0.20545022596390522 -0.6375348307853828 0.742522419989345 -4.79084
0.45248700971568223 -0.7379789494811351 -0.5006421637869511 7.47569 0.8672737082265078 0.2334834401735294 0.43968374791863335 7.60611 -0.20758569569602428 -0.633144970198338 0.7456779637718574 -4.85307
0.4506298770792972 -0.7416394823474957 -0.49689394452623026 7.5561 0.8669455041909038 0.2308036221319269 0.44174107888440983 7.82961 -0.21292770286338325 -0.6298416993452574 0.7469680228223972 -4.91309
0.4515651749298708 -0.7429160988278809 -0.49413010725204504 7.64343 0.8650512030411028 0.22886675624190533 0.44643748051037213 8.05057 -0.2185756365830735 -0.6290434627191277 0.7460087218676694 -4.97476
0.45017057643372793 -0.7470819154759201 -0.4890961701773541 7.7339 0.865241727560832 0.22958087281779693 0.44570099363111776 8.28099 -0.2206880264102977 -0.623827888447646 0.7497570010303867 -5.04995
0.4476801254609655 -0.7500030787721852 -0.48690644594161786 7.84107 0.8659974156972261 0.22798834439558435 0.4450503239247063 8.52365 -0.22278011866632047 -0.620899908722818 0.7515665786043286 -5.13226
0.4476145852668263 -0.752625351063223 -0.48290399045086313 7.95607 0.8645016269135033 0.22613320594932085 0.44888830484986786 8.74427 -0.22864409049943296 -0.6184002377942964 0.751866361646566 -5.22158
0.4472056387973077 -0.7544951301076716 -0.48035842375428334 8.08714 0.8642728658806428 0.22623564998922652 0.4492770236462271 8.97436 -0.23030312618449705 -0.6160799699046868 0.7532635267633019 -5.32792
0.4440940295157392 -0.7586901025344744 -0.47662335367111736 8.22097 0.8644177749410605 0.22285037653426465 0.4506879408687156 9.19324 -0.2357167862381045 -0.6121495225798723 0.7547917319968567 -5.44002
0.44283048686094456 -0.7616299799396503 -0.4730971713756339 8.36138 0.8647320210856152 0.22335577667279743 0.44983411246378147 9.41014 -0.2369381598976521 -0.608302532202537 0.7575145791998299 -5.56163
0.441594994868278 -0.7628527419633112 -0.47228122404595235 8.52443 0.864231123704373 0.22024811270339417 0.4523221569537241 9.60474 -0.24103614942153778 -0.6079033335404984 0.756541546606918 -5.66687
0.4429306817233347 -0.7610252013070601 -0.4739757949132542 8.65583 0.8626849941689906 0.21783122959368306 0.45642541148511173 9.61524 -0.24410451045351728 -0.6110566245359373 0.753009156376598 -5.62265
0.4424765409397868 -0.7615800205950494 -0.47350858804081347 8.57598 0.8641625238815391 0.2209918070444566 0.45209042628429263 9.42977 -0.2396615176382077 -0.609227784535201 0.7559126030922365 -5.45075
0.44224108314390415 -0.760640767993628 -0.4752351485799115 8.49334 0.8646953042768362 0.22088538983603107 0.4511226832232831 9.21882 -0.23816980316844621 -0.610438585463803 0.7554070943773663 -5.28933
0.44133267247572827 -0.7603718906660464 -0.4765081951974943 8.40624 0.8658900496103417 0.2214975003566264 0.44852344344701317 9.00478 -0.23549924456615856 -0.6105517547437793 0.7561525379102157 -5.14951
0.4431241872686056 -0.7587211038546084 -0.47747590643212745 8.31705 0.8651546639568 0.2224160937010894 0.4494869171583798 8.77371 -0.23483688400959024 -0.6122690322304339 0.7549690523990197 -5.02287
0.44230360426415827 -0.7600362387801237 -0.4761432950235648 8.22268 0.8647544144334433 0.22061596486267576 0.4511412182073184 8.53544 -0.2378388622004559 -0.611288403119733 0.7548239290314791 -4.9145
0.4422195229957061 -0.7590658297034721 -0.4777666372383377 8.14637 0.8649749562882459 0.22006159991151752 0.45098915423603037 8.29089 -0.23719236597242543 -0.6126923848237077 0.7538884686102053 -4.81988
0.441840325568772 -0.7584162913841659 -0.4791470084059477 8.06894 0.8640139020571203 0.2160607520213556 0.45475018250463095 8.03624 -0.24136508395646297 -0.6149166450821233 0.7507465723182727 -4.73068
0.4417467757669621 -0.758341452001261 -0.47935167494868786 7.99164 0.863516488106 0.2145010148510973 0.4564302678360954 7.78899 -0.24330857130108224 -0.6155546740984659 0.7495954791265471 -4.65795
0.4462783874126912 -0.7573828523919995 -0.4766621611066765 7.91256 0.8600499370460987 0.21581049723751244 0.462320165111906 7.53851 -0.2472846673680563 -0.6162767594065648 0.7476986352134216 -4.58531
0.4501311724057103 -0.7562116860216265 -0.4748955817366483 7.83105 0.8566823195561545 0.21565745152342497 0.46860139453730637 7.28163 -0.2519470797380819 -0.6177667436231498 0.7449073227487444 -4.51727
0.4536498875692374 -0.7546425868689131 -0.47404255673115797 7.75188 0.8541405130956816 0.2164206129573496 0.4728700690208788 7.02171 -0.2542553114431711 -0.6194164062817192 0.7427499930878331 -4.45565
0.45667655520202716 -0.7550746538848793 -0.47043468302139374 7.67477 0.850680099410598 0.21587179772629989 0.4793148604134764 6.75999 -0.2603649215919546 -0.6190812822295994 0.7409105705801275 -4.39124
0.45780453497478757 -0.7513310578832934 -0.47530690003038056 7.61652 0.8488969593479639 0.2105530227688388 0.48481066099322384 6.49932 -0.26417600225285465 -0.6254351013997188 0.7341947791770408 -4.3218
0.47080378044581883 -0.7467202910117224 -0.4698431731006569 7.52179 0.8409730320256293 0.21887821715139533 0.49482995610840563 6.2623 -0.26666113275756026 -0.628093251872678 0.7310203192993063 -4.26572
0.4781584450666564 -0.7429698921094594 -0.46835909389089 7.44302 0.8363509426370832 0.22239711710042354 0.501055508956326 6.01568 -0.2681074451810313 -0.631296492722935 0.7277246293167641 -4.20721
0.48533327619058786 -0.7397607806798361 -0.46605321411837686 7.3575 0.8307733753700528 0.22403527511591437 0.509532917758986 5.77709 -0.2725201089797956 -0.6344778820981041 0.7233053347860393 -4.14851
0.49061529638305346 -0.7383418899700159 -0.46276115272403046 7.27286 0.8243948163450757 0.22127327131946362 0.5209715214701778 5.5175 -0.2822584236800337 -0.6370944929247842 0.7172452783717538 -4.08594
0.49584369900354885 -0.7351477937392007 -0.4622734553474419 7.19184 0.8183472438804172 0.2174230300720308 0.5320103518049449 5.26829 -0.2905973409923128 -0.6420941888497996 0.70941401033072 -4.02324
0.49935760932107315 -0.7334707413355105 -0.46115360739983324 7.10318 0.8136670684055175 0.2141642335554964 0.5404438757706095 5.0312 -0.2976371613315678 -0.6451002655946777 0.703745527534039 -3.96687
0.5042594673808235 -0.7333230973792076 -0.4560259032192949 7.01205 0.8066405897087735 0.2114561687045059 0.5519214144704787 4.76902 -0.30830723084464096 -0.6461606019922423 0.698156950722352 -3.91016
0.5103748164055752 -0.7321473186430999 -0.4510851921563102 6.92038 0.7984706772209399 0.20868453341841492 0.5647081929016727 4.50973 -0.31931508639165435 -0.648391139140302 0.6911054957725576 -3.84976
0.5187765164861314 -0.7343220382308923 -0.43776942573795896 6.81266 0.7865543442680215 0.20933738373361072 0.5809562146019865 4.25126 -0.33496744536688494 -0.6457158848440966 0.6861835079658997 -3.79131
0.5276358836856018 -0.7291951957869705 -0.43574618838093787 6.72771 0.7752118677303874 0.20358799228566904 0.5979953925633997 3.99762 -0.3473426757213665 -0.6533194439462918 0.6727010998834694 -3.72558
0.5267589157187482 -0.7341663422839666 -0.4283979768488534 6.64017 0.7694072741749325 0.1976011474885907 0.6074259073812156 3.75989 -0.3612997248234623 -0.6495795319809379 0.6689610904035576 -3.67052
0.5289812043952966 -0.734562983272806 -0.42496600923115846 6.56862 0.7617273443991803 0.19023730041411469 0.619339343434375 3.50276 -0.37409936940748 -0.6513271014908757 0.6601686668363022 -3.60305
0.535456037532253 -0.7307958326260717 -0.4233488902626597 6.48928 0.7521460124362129 0.18463326234711197 0.6326032993996847 3.25222 -0.3841395681865683 -0.65715143570674 0.6485281664677393 -3.53484
0.7634520295018775 -0.6395129572506036 -0.09035583079166376 6.09837 0.425574715929972 0.39287503566059523 0.8151903872812838 2.95123 -0.4858262650481011 -0.6608119126220966 0.5721017884311659 -3.3914
0.8109492688150944 -0.5848403031361141 -0.01797507262634515 5.85897 0.33998119401130045 0.4459762013795501 0.8279601533417644 2.85223 -0.47620801245560196 -0.6775448676144817 0.5604987789838263 -3.32137
0.8328431211456596 -0.5531181679162755 0.02079970868302211 5.62447 0.2886556977146716 0.46608533030990706 0.8363267023399172 2.74009 -0.47228193246959166 -0.6905249866520742 0.5478366718940423 -3.24297
0.8393068729547494 -0.5420698228563131 0.04152445254841139 5.38148 0.265182508479595 0.47487379873425833 0.8391502323613838 2.60699 -0.47459689232799385 -0.6932929989724548 0.5423122784599202 -3.16275
0.8420700286472342 -0.5374207807874604 0.04579269845556666 5.16985 0.25846815996256556 0.4765850657136354 0.8402742917787592 2.46455 -0.473404982166022 -0.6957338424401435 0.5402241602741051 -3.08468
0.8411130627486058 -0.5384779277533314 0.05069849106371388 4.96531 0.25393839609289753 0.4759343968714405 0.8420224111414044 2.3027 -0.477539638839988 -0.695361755633063 0.537054859525056 -2.99892
0.8396640419256427 -0.5410809552851821 0.04685825994173912 4.79619 0.2553832049778738 0.4695049415545076 0.845189048953622 2.13481 -0.4793158825996924 -0.6977080404320803 0.5324094054429399 -2.91318
0.8404014285747733 -0.5391640300753281 0.055023517902899416 4.59312 0.2507274070709269 0.47679174218783393 0.8424994966912321 1.97348 -0.4804801829347073 -0.6942418766211244 0.5358796605140089 -2.83089
0.9243196888612701 -0.26998897763035207 0.26970180707870994 4.01524 -0.0915145501721424 0.5292897699970723 0.8434912130444728 2.16594 -0.37048373768654796 -0.8043371751539047 0.4645250356818689 -2.75863
0.926534485133686 -0.2514957040681424 0.2797923492401552 3.97878 -0.10988093010608264 0.5303780424059477 0.8406100840060493 2.17419 -0.3598055433940364 -0.8095980749538034 0.4637789645661154 -2.72773
0.9146627883661878 -0.18835361761291636 0.3576519233980394 3.74348 -0.21009817439701617 0.534366147170575 0.8187255815431173 2.20232 -0.345327005450241 -0.8239998394964662 0.44919207897798746 -2.67933
0.9143995750133573 -0.18108714508512305 0.3620509123042109 3.47767 -0.21515327770038548 0.5401851132239124 0.8135779683263615 2.19497 -0.3429030246442463 -0.8218317889545212 0.45498354514601824 -2.62281
0.9109846427035114 -0.1857499941429845 0.3682443759709542 3.22105 -0.2145556876051689 0.5490908117433987 0.8077531413589484 2.1959 -0.3522397445982344 -0.8148596321667047 0.4603595792318368 -2.56129
0.9041984708477584 -0.17743909956803713 0.38851060636880863 2.98324 -0.23526621017192786 0.5522728690995259 0.7997777743898089 2.20911 -0.35647571539715495 -0.814561258593276 0.4576188592388042 -2.4902
0.9056722895167452 -0.17546286788101997 0.38596694935766823 2.74661 -0.2301072001188821 0.561181524835733 0.7950635022666368 2.21102 -0.3561016434319643 -0.8088807564641463 0.4678712871795456 -2.42655
0.9073180860970389 -0.18125395035231928 0.37936907639248213 2.50647 -0.216181092905267 0.572778319104889 0.79069003549663 2.20609 -0.36061007433444 -0.7994197912517906 0.4805084511675656 -2.35802
0.910125406361946 -0.18823727865355633 0.36910496016662503 2.27282 -0.19644060437025584 0.588316364370853 0.7844073841876492 2.20538 -0.36480519959171515 -0.7864162907382864 0.4984642254086885 -2.29277
0.6763119462411356 0.34648539047001975 0.6500384800628074 1.91365 -0.7300166403887289 0.43312518878619427 0.5286570491296567 2.69155 -0.09837609530307667 -0.8320759851298203 0.5458678400887512 -2.37426
0.21823656696493288 0.799969159265568 0.5589473544648914 1.94795 -0.9483961938251775 0.03884434157796124 0.314699502168801 2.903 0.2300379542103365 -0.5987824825020478 0.7671649615769793 -2.46674
0.031600380657446914 0.8453320806052663 0.5333058123083555 1.98667 -0.9658982854432124 -0.11136158687781372 0.23375007838697448 3.00387 0.2569862216543253 -0.522505761181277 0.8129857387508144 -2.48032
0.013367131677388178 0.85587740358837 0.5170059862492405 2.02276 -0.7840461132938658 -0.3119182813200851 0.5366364486382815 2.70962 0.6205586289944748 -0.41252982414021266 0.6668778990005166 -2.33297
-0.05656977135369268 0.8571748061232412 0.5119093793989076 2.02044 -0.7177751890369899 -0.3913086220000354 0.5759134833908186 2.81929 0.6939730823107655 -0.33485655749293175 0.6373950477781252 -2.47498
-0.034960208385708236 0.8700592336214004 0.49170592209141534 2.02079 -0.6933265295406763 -0.3754657762754928 0.6150802990512076 2.91945 0.7197750393454259 -0.31940942508946524 0.6163615107218391 -2.63842
0.03403599382508554 0.8901872555594109 0.45432169347714724 2.02225 -0.6836979040468364 -0.31083246731985364 0.6602577930337628 2.95413 0.7289710056828747 -0.3330913197599965 0.5980396688968401 -2.78712
0.04173150260106201 0.8925524554029791 0.4490084587675055 2.00128 -0.6728044540361511 -0.307131255508826 0.6730561332598411 3.01826 0.7386424360404528 -0.330182534734479 0.5876962186678933 -2.94297
0.0471399014329022 0.8936539323371164 0.4462739953339262 1.96799 -0.6650574188349918 -0.3052709678187616 0.6815484325119787 3.13439 0.7453029312604605 -0.3289259573603238 0.5799407342385599 -3.11223
0.05544251312635334 0.896119343974819 0.4403365180090958 1.94169 -0.6582914742645729 -0.2987812766404229 0.6909284215023253 3.27928 0.7507186308123769 -0.32817658369124936 0.5733425392101401 -3.28973
0.0660656064211192 0.898821830943707 0.43330664876875763 1.91809 -0.6516375739593381 -0.2899979928542162 0.7009062964083814 3.41619 0.7556479390910809 -0.32866469290072464 0.5665471840790264 -3.46252
0.07844114753497561 0.9013097552377765 0.42601374565454486 1.89602 -0.6435083670281305 -0.28060143468799315 0.7121515403450507 3.55711 0.7614091987480743 -0.33000539384115984 0.557989670242699 -3.62884
0.0850350388597807 0.9042895880869835 0.41836513124732244 1.87858 -0.6407557825128458 -0.27191585008658825 0.7179789674134185 3.71814 0.7630210150071008 -0.3291232464429727 0.5563064077541907 -3.80311
0.09289998737006633 0.9071792066102186 0.4103601825722082 1.8615 -0.6393699991707184 -0.26158760162740247 0.7230338379600634 3.87219 0.7632663994353984 -0.3295418240055091 0.5557216836907167 -3.96719
0.09869439114439843 0.9071248398321601 0.4091258267527418 1.82828 -0.6383240751594217 -0.2576947473519801 0.7253521849826252 4.05752 0.7634145611844889 -0.33274305724789693 0.5536065982489887 -4.12326
0.10413179032912545 0.9086917168126059 0.40427210395847313 1.8126 -0.6358305334100516 -0.25174105850065814 0.7296204302570329 4.24766 0.7647719287646093 -0.33302522916609145 0.5515596918852319 -4.26512
0.10452139111225772 0.9114596931342773 0.3978900684756128 1.79935 -0.6367149243640762 -0.2460107371082279 0.730802861460952 4.44616 0.7639825808825798 -0.32972707656338407 0.5546266051037916 -4.40364
0.10585571726156584 0.9115267353953018 0.3973834140759062 1.77158 -0.6348005642621015 -0.24565409332773758 0.7325860427580128 4.65041 0.7653906262396719 -0.32980763649574707 0.5526337957214815 -4.51221
0.10701457107290746 0.912447753875208 0.3949518679866819 1.74688 -0.6311344268717536 -0.24459804088157927 0.7360985896020699 4.83687 0.7682559578651798 -0.3280409956773406 0.5497016357622326 -4.60223
0.1086258870369255 0.9116700645989047 0.3963055765185123 1.71178 -0.6296894749162125 -0.2453807913666355 0.7370749164148976 5.03822 0.7692149126513251 -0.32961486699254483 0.5474143381500902 -4.67853
0.10759971832971504 0.9138119314998358 0.391624889995395 1.69506 -0.6264838422069857 -0.24354341041481586 0.7404084026380933 5.22558 0.7719716938262299 -0.3250144013610163 0.5462832075389117 -4.73825
0.10482197304084562 0.9147677032985174 0.3901440797574398 1.66876 -0.6263529638206192 -0.24399197992027027 0.7403714462671506 5.42218 0.7724599139637927 -0.3219750964539677 0.5473917414270222 -4.79385
0.10200134225844826 0.9151799307575043 0.3899248908651052 1.64009 -0.625589470900583 -0.2457478973055539 0.7404362125586694 5.60866 0.7734555837769892 -0.3194583937050148 0.5474603132790615 -4.8294
0.09807420037763676 0.9147600361600556 0.3919126528510416 1.60774 -0.6250370684742492 -0.24982908504140328 0.7395364029582939 5.79066 0.7744095261897311 -0.31748937700626956 0.5472571436123671 -4.86016
0.09009734276703213 0.916589778904175 0.3895454351352547 1.59354 -0.6258754057522404 -0.25214197842866354 0.7380409197250161 5.97302 0.7747015201358443 -0.3103024329947711 0.5509536775235621 -4.90104
0.08309546246499638 0.9178868971447798 0.3880448275233892 1.57654 -0.6281791520692586 -0.25404026895906445 0.7354281029799946 6.15331 0.7736188318695945 -0.30487240904538193 0.5554878191100049 -4.93276
0.0772288833233114 0.9178560318393116 0.38932763117562885 1.54938 -0.6315097293372105 -0.2571401352272951 0.7314878075591765 6.31956 0.7715122561133276 -0.3023561735296313 0.5597763687361607 -4.97074
0.0702321829627659 0.9181822003615605 0.38988317149562657 1.53439 -0.6358714385486544 -0.2599388101893972 0.7267044300094679 6.48864 0.7685928402700286 -0.2989536116131132 0.5655897665173288 -5.00275
0.06372355936496193 0.91859498390066 0.3900289265354637 1.51745 -0.6410514466567172 -0.26185143527783 0.7214477587339712 6.64146 0.764847926532582 -0.29600182667592856 0.5721805378403947 -5.04197
0.06089594848206353 0.9168937373019321 0.39445856303921834 1.48665 -0.646738217551327 -0.26476898163293233 0.7152811086024795 6.8084 0.7602771609202803 -0.2986691494974918 0.576866863081459 -5.05241
0.055063835573276876 0.9170839400562525 0.39487342390044367 1.47769 -0.6528476259391223 -0.2661604463177887 0.7091886872487236 6.96138 0.7554852422897562 -0.296842826604949 0.5840602580004679 -5.07207
0.04856073961395391 0.9170137912988929 0.39588831901910976 1.46084 -0.6572980300602007 -0.2690981087974089 0.703949932538272 7.10298 0.7520645944645483 -0.29440094159035657 0.5896837553668799 -5.07754
0.04394898207555864 0.9161171508670484 0.3984944828498429 1.43691 -0.6633894095443079 -0.2714831505401353 0.6972885989870022 7.24552 0.7469825823129856 -0.2950021438227928 0.5958110076702003 -5.09132
0.04566073130312309 0.9135416802967281 0.4041740911754428 1.41096 -0.6672862427869964 -0.2731982778475518 0.6928865499981552 7.36941 0.7434004088000479 -0.30133751731532377 0.5971193623172499 -5.06973
0.04359389677894543 0.912449812015336 0.4068598194916827 1.39463 -0.6703059991303665 -0.2752632657264751 0.689144398563492 7.48496 0.7408032395268448 -0.3027630675871383 0.5996207845061395 -5.04925
0.0470894730127131 0.9102161619148448 0.4114475909765353 1.37667 -0.6717573744321472 -0.2759915000393877 0.6874377948600419 7.59331 0.739273029013918 -0.30876403691981025 0.5984481248007791 -5.00468
0.0469965357633218 0.9086270643545461 0.41495564045893724 1.35111 -0.6748097442464215 -0.27740902297806685 0.6838684398628394 7.689 0.736493811716247 -0.31215555720312643 0.600113133843011 -4.98766
0.04633010996940734 0.9078785168521577 0.41666547678989296 1.33772 -0.6784103012124183 -0.2775682879225254 0.68023180515809 7.79756 0.733220965411586 -0.31418536595151 0.6030543687784852 -4.97126
0.04699367109446739 0.907159546394702 0.4181544598136242 1.32671 -0.681811306065699 -0.27680506331454374 0.6771353630142333 7.89566 0.7300170804837727 -0.31692351491864756 0.6055035490346519 -4.95164
0.049322508001361065 0.9058660576615793 0.4206827495644714 1.30517 -0.683415789630281 -0.27654704860557344 0.6756216310861916 7.97543 0.7283612762142666 -0.3208245867825823 0.6054431730784569 -4.92132
0.04903534727829212 0.9074563806505536 0.41727503152464657 1.31647 -0.6864328255913226 -0.2728605076764284 0.6740601748369909 8.0631 0.7255380835407679 -0.31948405369776944 0.6095280377183896 -4.9184
0.053570466166345365 0.9049045349767381 0.4222297807275721 1.28206 -0.6885724904261942 -0.27275410671495093 0.6719174969431869 8.14466 0.7231860967849071 -0.3267307451842607 0.6084808046013847 -4.89109
0.05569724143250032 0.90523492999435 0.42124522408560816 1.27263 -0.6909586531512227 -0.26960943721319175 0.6707360814814084 8.22343 0.7207454175589729 -0.32842118214833593 0.6104634060973937 -4.88707
0.05796661131468156 0.9062984613695827 0.4186442056111841 1.28177 -0.6923355921117248 -0.2656278072305294 0.6709048337292018 8.29485 0.7192435608804573 -0.3287323637018835 0.6120651380261519 -4.87742
0.06299654471479899 0.9048732574588472 0.42099385184324434 1.25564 -0.6927768259345175 -0.26399668943086174 0.6710931510734115 8.3617 0.7183952288274833 -0.3339313341173007 0.6102443439250773 -4.86879
0.06965041994254911 0.9033792894029105 0.4231485300455606 1.23363 -0.6924418850302045 -0.2615644998014681 0.672389952556866 8.42556 0.7181037911455719 -0.3398380083532446 0.607319580798163 -4.85238
0.07314038895989255 0.904682356368074 0.41976221552100756 1.23387 -0.6931600438346183 -0.25650262200226087 0.6735989597209571 8.48906 0.7170632030260554 -0.34022968562762784 0.6083289602540223 -4.8753
0.08429794014795733 0.9042599933531636 0.4185782145641934 1.2334 -0.6879944384281438 -0.2510526798998153 0.6809083672617514 8.52717 0.7208033781682455 -0.3453786564570217 0.600962622535868 -4.84055
0.09448391611295426 0.9021962340883751 0.42085002648534287 1.20648 -0.6841076176366399 -0.24827466191685232 0.6858253857517913 8.57463 0.7232354783108202 -0.3527061772167115 0.5937413540134228 -4.83438
0.1009614941351073 0.9028810706036439 0.41786666419759444 1.20529 -0.680252967721785 -0.24384362592996123 0.6912280274981865 8.6257 0.7259908240520064 -0.354042452876696 0.58956871096874 -4.8503
0.11145420958883362 0.9039401904231161 0.4128802384502666 1.20725 -0.6713382830606256 -0.23784538793211818 0.7019504833936874 8.65321 0.7327229141101974 -0.3554176466880068 0.580340785711826 -4.85907
0.12036019223084643 0.9063045866560658 0.4051239567494511 1.22588 -0.6625126483282177 -0.2305867940195721 0.7126757476082 8.67078 0.7393175332232322 -0.3541775354676704 0.5726847810434306 -4.88635
0.13459055172727633 0.9055685548041654 0.40228220932032643 1.2161 -0.6487796475672887 -0.2263270789243731 0.7265404477715096 8.69154 0.7489795406339299 -0.3587779897031813 0.5570529614106111 -4.86555
0.14753952589848965 0.905408097087909 0.3980807280254851 1.21689 -0.6343327388763753 -0.22218385811902625 0.7404433196274652 8.71425 0.7588504890208908 -0.3617602948348474 0.5415490969374421 -4.85616
0.16125519161296656 0.9055802413658983 0.3923279108418712 1.21271 -0.6185168649504315 -0.21704073909387112 0.7552020956972221 8.72497 0.7690472358377967 -0.36444168809463595 0.5251177058802883 -4.86091
0.1749855260102945 0.9050950920745382 0.38753443716589164 1.20116 -0.6032759757700699 -0.21250098255401229 0.768701131436822 8.75164 0.7780990700068798 -0.3683017875549388 0.5088375286260498 -4.87554
0.18945543745472052 0.9041040135850208 0.38301771478392177 1.18752 -0.5857913971985124 -0.20898305790979926 0.7830546088714916 8.77257 0.7880070280061313 -0.37272243576973824 0.49002337667382584 -4.88672
0.20356246605805875 0.9030899446417501 0.37814134169556524 1.17178 -0.5679009459159267 -0.20570190683426098 0.7969788210188176 8.78953 0.7975279543941749 -0.37698179984146396 0.4709924463811846 -4.9158
0.21953205654883304 0.9010335760181755 0.37409112664608757 1.15417 -0.5457386541877115 -0.20442456584334595 0.8126376303157178 8.82444 0.8086872062007817 -0.3825559982115804 0.446851105805408 -4.90112
0.23581495868815433 0.899524822800849 0.3677586143437099 1.14815 -0.5239970348212897 -0.20100949009598756 0.8276607350779953 8.85802 0.8184243476078901 -0.38787920549631505 0.4239472952928785 -4.89248
0.25131773270563695 0.8989913181716197 0.3586837145449335 1.15966 -0.5008280772343611 -0.19632947744936596 0.8429863423200825 8.89505 0.8282575893292077 -0.3914962913445186 0.4008990141944189 -4.88973
0.2659031366634851 0.8975159088099894 0.3517964117859903 1.1554 -0.4785621637341674 -0.19389051712436584 0.8563788430427958 8.94055 0.8368236238028844 -0.3960702725555455 0.37796105863327223 -4.88672
0.2784644992726985 0.8976435067440649 0.34160453370092075 1.16787 -0.4563388732073119 -0.1893056168908545 0.8694355733540319 8.97945 0.8451108539385153 -0.3979943695754894 0.3569147325924255 -4.90007
0.29217849630115167 0.8952601822892156 0.33636428512355293 1.16116 -0.43466058724089784 -0.18897856900646126 0.8805437379004342 9.03502 0.8518813885739001 -0.4034802429658125 0.33391884244177233 -4.88768
0.3025036407303784 0.8928090187188276 0.33374182153154025 1.13811 -0.41764857901814123 -0.19058354404512062 0.8883960699954324 9.09958 0.85677372262984 -0.4081298431057522 0.315228202065552 -4.90256
0.31026369678905197 0.8921895916933303 0.3282288392705306 1.13227 -0.4036089389236578 -0.18897987464970273 0.895201894210631 9.16409 0.860718457380641 -0.41022474261247477 0.3014620998945281 -4.93553
0.3210067887711121 0.8904635780916637 0.32253566881052176 1.14439 -0.38714453614747324 -0.18742905647122932 0.9027676649733656 9.21848 0.8643342812211122 -0.41466247103215975 0.28457210935628763 -4.92777
0.32847754738784557 0.8878460061424638 0.322229685533381 1.13353 -0.3748043817465127 -0.19062168963874682 0.907295457314145 9.30719 0.8669626152756991 -0.41879928464139615 0.270153628326874 -4.92298
0.33774526606752436 0.8844935274061098 0.3218685061102976 1.14269 -0.3628646371035077 -0.19317200508264115 0.9115996004782428 9.39219 0.8684799309072818 -0.42468314827533427 0.25570849258918554 -4.89561
0.3435949874791318 0.8801408361939902 0.32755853376604127 1.11891 -0.35802469777746393 -0.1996880693839515 0.9121090892689676 9.48979 0.8681939877473067 -0.43067015616298954 0.24650033718024683 -4.87889
0.34842395125934866 0.8770551025444691 0.3307190609709909 1.13251 -0.355828505369101 -0.2026559346672388 0.9123138971378983 9.58008 0.8671717390203713 -0.4355512819919818 0.24147102476182625 -4.86368
0.3528255105801688 0.8714164183945363 0.3408043204483801 1.11028 -0.35543537925821417 -0.2121066200545766 0.9103166882467845 9.67534 0.865551760587091 -0.4423168632117279 0.2348955986457067 -4.81318
0.35261626250743483 0.866243447053801 0.3539548867463708 1.08665 -0.3625963143627817 -0.2222180189161267 0.9050652268646269 9.78231 0.8626619756462053 -0.44748345500737835 0.2357389939506086 -4.7961
0.3515175204052928 0.8605375286868056 0.3686605411075611 1.0784 -0.3729491541440602 -0.23247501442006419 0.898256253022277 9.90124 0.858687580713349 -0.45324444772329653 0.2392177028078385 -4.76231
0.3479022360361175 0.852429807368834 0.3902915034563291 1.04053 -0.38895768729500346 -0.2475457459980921 0.8873742283458371 10.0359 0.8530392439127238 -0.46052635879760484 0.245437407901542 -4.71596
0.3414199180815108 0.8450642312000618 0.41145945691339136 1.01647 -0.4090880028169539 -0.26052052274626275 0.874514758697216 10.1671 0.8462147750355404 -0.46689988474432337 0.25675874305909646 -4.68526
0.3366165363988878 0.8344317428702713 0.43636335079071153 0.985796 -0.42998782545830594 -0.2760609770452574 0.859593396269687 10.2978 0.837734908775117 -0.4769842800798566 0.2658688006823049 -4.61544
0.3300402248483102 0.8225819878917898 0.4630683785123617 0.956008 -0.45196999401561533 -0.29296844341004197 0.8425512540346857 10.4463 0.828731907489751 -0.4873688175928862 0.27509100520829555 -4.52702
0.31697601685619964 0.8117412712164372 0.4905122968304678 0.923174 -0.4800488261181216 -0.30872685369397157 0.8211217049566008 10.6189 0.817972694703553 -0.49574573968128444 0.29181643597862067 -4.47229
0.3077134891455001 0.7991763967913506 0.5163617873250264 0.906452 -0.5041763292405428 -0.3232878954202483 0.8008065719687107 10.7699 0.8069192262125333 -0.5067563748847568 0.30344577585167654 -4.36379
0.2919236371830439 0.7875274288947733 0.5427532945936032 0.874456 -0.5307268042878401 -0.3387107257235275 0.7769196248584909 10.9403 0.7956818769233339 -0.5148549242439364 0.31908424862022167 -4.27769
0.275497764867501 0.7766252972974463 0.5665281362392017 0.845623 -0.5561359183763397 -0.35193670184192827 0.7528966716544379 11.0976 0.7841006452265652 -0.5224879955504032 0.33495144821452194 -4.18843
0.25831093571477176 0.7643685269619664 0.5907759435523363 0.811752 -0.5785357708374337 -0.3673505739302434 0.7282512737336323 11.2588 0.7736742352900838 -0.5299002838488719 0.3473238644625352 -4.0771
0.24143713810532214 0.7541994101134691 0.6106483096906169 0.789733 -0.6010554710751331 -0.3778083595224503 0.7042678213333373 11.4137 0.7618664115408699 -0.5370699146847187 0.36209871265497157 -3.96383
0.2221547351766628 0.7420419307755025 0.6324721706206142 0.749566 -0.6243032758492127 -0.39000869082493345 0.6768593951811287 11.5921 0.7489276957106932 -0.5452219676902114 0.3766169307738108 -3.84633
0.20285604410912028 0.7296119570378722 0.6530817847067585 0.712476 -0.6456656109622133 -0.401757729435366 0.6493894406746471 11.7753 0.7361829556497423 -0.553405022552475 0.3895863663226733 -3.70468
0.18242166907977725 0.7184266751213825 0.6712566179369731 0.676706 -0.6657375165610534 -0.412149777694256 0.6220338574303623 11.95 0.7235439818651449 -0.5603531682971112 0.4030985401686786 -3.57695
0.16490885970513258 0.7086092839309525 0.6860597282435512 0.649139 -0.6816596810925196 -0.4208416481180719 0.5985251760637218 12.0999 0.7128430031666138 -0.566361359854402 0.41362986219599185 -3.44033
0.14993793957906476 0.6962284642360845 0.70198613936619 0.612044 -0.6947866427052585 -0.4309450460975982 0.5758106358537454 12.2519 0.7034132038802942 -0.5740664533234825 0.4191152249387483 -3.28525
0.1346983406894462 0.6925599580446271 0.708672746427245 0.609284 -0.7040829036069163 -0.43634006768347433 0.5602451340104926 12.3735 0.6972256606465109 -0.5744284549421323 0.4288453430886605 -3.15814
0.12254728391064795 0.6838472249161247 0.7192601310934994 0.580326 -0.7118763760906137 -0.4444063965702298 0.5438152074478595 12.5118 0.6915303235362986 -0.5786673722113409 0.4323538874207139 -2.99903
0.11011896576922559 0.6835873659505054 0.7215137742903918 0.576242 -0.7160567955571251 -0.44888186693460513 0.5345724787844632 12.6322 0.6893014427044079 -0.5755114096611409 0.4400569718064568 -2.87793
0.10518578190748229 0.6833960266513037 0.7224304963397672 0.579379 -0.7164526161322964 -0.4517285673347412 0.5316361070233009 12.7424 0.68966049627458 -0.5735077786838754 0.4421054485836915 -2.73752
0.09755792467268759 0.6850276006381668 0.7219554263924296 0.563463 -0.7155041818890566 -0.4559445620835234 0.5293092876624556 12.8762 0.6917631220532287 -0.5682004423356081 0.445659107723369 -2.62155
0.08907392630728933 0.6872619139558477 0.7209278030967796 0.544616 -0.7130484000232672 -0.46136717305717584 0.5279226371822761 13.0295 0.6954335445435911 -0.5610805586107714 0.4489552225696481 -2.53285
0.09135355334099093 0.6888777012018772 0.7190980747288869 0.5263 -0.705493686348472 -0.46486667037126705 0.5349557339634516 13.1726 0.7028038039271118 -0.5561892587642705 0.44353164669596323 -2.40835
0.09280960133047744 0.6954845715168115 0.7125219917188208 0.509531 -0.6957705314123753 -0.4665973717181121 0.5460679997252093 13.3289 0.7122427574352856 -0.5464321581750359 0.4405929538623534 -2.32459
0.09438214640654402 0.7039052027650945 0.7039953664335618 0.484133 -0.6842942352401564 -0.4677443123952986 0.5594252924555153 13.4981 0.7230722025197643 -0.534539730742328 0.4375315602343863 -2.26208
0.09875973155252177 0.7266097373908667 0.6799152924831516 0.491241 -0.6997119000771481 -0.4351177457036875 0.5666355127100385 13.5184 0.7075660904213125 -0.5317055923182649 0.4654453682048863 -2.37765
0.1040371766275821 0.7338883647995239 0.6712556397463209 0.45417 -0.6822491964624012 -0.4384286433231069 0.5850780790973698 13.7079 0.7236796942057787 -0.5188334922937619 0.45508186897358344 -2.31366
0.11483087270137032 0.7487256287873923 0.6528581802134101 0.450209 -0.6909516972631898 -0.41198616318631304 0.5940144387067859 13.7999 0.7137223709004497 -0.5193046640845281 0.47002451333552436 -2.38647
0.13411403832217764 0.7791596148242599 0.6123101496397302 0.508687 -0.7022269953670404 -0.3612492027566684 0.6134951185506291 13.769 0.6992071736636406 -0.5122590244540185 0.49869832580701656 -2.56202
0.14391665487923727 0.7903276626041128 0.595541923101212 0.506504 -0.6789858243235393 -0.3589405021310774 0.6404217097331832 13.9761 0.7199071098524128 -0.496531873752944 0.48496376311157124 -2.51634
0.15724211939047095 0.8018229467179944 0.5765022792722208 0.504907 -0.6489169212978 -0.35615818194023297 0.6723527189581471 14.1779 0.7444338420188714 -0.4798242506934187 0.46431341064363163 -2.4664
0.17225195188808057 0.8173361954841674 0.5498097931305088 0.537389 -0.6155010599528035 -0.346474155725825 0.7078941337594569 14.3661 0.7690823819771984 -0.4603446567144483 0.4433904450557488 -2.44114
0.183106919257435 0.8259210999031396 0.533222460943685 0.513837 -0.5816381307397377 -0.3462640806868272 0.7360694745033858 14.5977 0.7925710952271948 -0.44492192928748175 0.41698385562209744 -2.40381
0.2000785970722504 0.8393480201944663 0.505433928411251 0.546429 -0.5404573165912301 -0.33573674624237904 0.7714834581282912 14.7929 0.8172358557580588 -0.4275227926300655 0.3864580415066856 -2.36153
0.21483945363997603 0.8512676389228433 0.4787352254455528 0.550891 -0.49694420953871266 -0.32670025070675607 0.8039361907478022 14.9919 0.8407677811177237 -0.4106219101690391 0.3528444205645159 -2.32367
0.22912298759052685 0.8657379336292244 0.4449724562632972 0.591881 -0.45206797366884727 -0.3102027195373256 0.8363066542689885 15.1808 0.8620540607992829 -0.39277487580934695 0.3202978195249201 -2.31223
0.24433442789186988 0.8754402393133809 0.4170192738203868 0.600718 -0.4022589590117336 -0.2997989288619002 0.8650481675306025 15.3913 0.8823199064067118 -0.37911078808731813 0.2789024795771158 -2.26094
0.2617422451053054 0.8851788318471183 0.3846419540000875 0.624458 -0.34517006715104176 -0.2863229711970491 0.893799071887994 15.5896 0.9013038454761967 -0.36671186484032 0.23059441952301318 -2.18238
0.27443620544683095 0.8977157811777239 0.34466091360119977 0.671832 -0.29128558434125523 -0.26397493771506403 0.9194943940086321 15.7695 0.9164264714066908 -0.3527373080392787 0.189047385653134 -2.16038
0.2853249863679278 0.9060418899818325 0.3125343913112448 0.666092 -0.2367404352270474 -0.24935997229183182 0.9390279924193552 15.9622 0.9287322641550952 -0.3419176769585996 0.143348120673362 -2.12786
0.2958339055376299 0.9161901093457845 0.27032939882911855 0.713179 -0.1785840832344594 -0.22496108383330876 0.9578623262117846 16.1321 0.9383975839427875 -0.3316446807918122 0.09706585472161011 -2.09958
0.3056025603024603 0.9234012207567674 0.23224396793349245 0.736738 -0.11965104935458037 -0.20473645503926846 0.971476510455246 16.3248 0.9446114023898553 -0.3246739433383369 0.04791794019159773 -2.06366
0.31135283175643114 0.9308603533114288 0.19120255435054495 0.772199 -0.06385008383130902 -0.1802569083648088 0.9815450136297854 16.5234 0.948146919497177 -0.31781511861408124 0.003312012731133962 -2.05978
0.31627235970562867 0.9364271627665465 0.15190774608040492 0.787255 -0.006632427979319622 -0.15794079589742777 0.9874263090936891 16.7032 0.94864524738457 -0.3133031659978597 -0.043741522497336816 -2.04704
0.3210512436708539 0.9397262544581072 0.11764635829270376 0.772838 0.05137909578016753 -0.14132198829074594 0.9886294979123185 16.888 0.9456671123890324 -0.31135616632353286 -0.09365388533372299 -2.02164
0.32472507501058595 0.9423326510466059 0.08101111300830971 0.777339 0.10621656138715996 -0.1214443265638781 0.9868988386012691 17.0747 0.9398253389574347 -0.3118660775347679 -0.13952735193008248 -2.01742
0.32620324491561953 0.9443667233415316 0.041987317748330866 0.794955 0.1635116660825981 -0.10011620857926529 0.9814482563205287 17.2505 0.931050685012053 -0.31328618964916416 -0.1870732084337431 -2.00389
0.32780701124594547 0.9447099276738197 0.008106536407551435 0.784019 0.21685737923887471 -0.08359383851493785 0.9726175750170183 17.4401 0.9195191354439817 -0.31707289811156175 -0.2322699654184494 -1.99987
0.3236493199512053 0.945875304450376 -0.02389615295462394 0.765465 0.2653477359357315 -0.06649389074234047 0.9618571315573466 17.6207 0.9082079589658436 -0.31764519660283563 -0.27250657303309633 -2.02153
0.31953229156586815 0.9457461632216353 -0.05884988868486807 0.7717 0.31602969689295407 -0.04781288126770303 0.9475437504762662 17.7994 0.89332208375726 -0.32136913843186143 -0.31416163281844356 -2.01722
0.3162623316988201 0.9437542083698967 -0.09646829392362688 0.803154 0.36631550401410884 -0.027685902743644353 0.9300787290913383 17.975 0.8750949028918606 -0.32948669923591634 -0.3544678066613467 -2.00505
0.31263366777228396 0.9415647879829532 -0.1253632314750448 0.782275 0.40911820713229635 -0.014366178598737345 0.9123682948816911 18.136 0.8572528695595627 -0.3365254268893893 -0.3897026490656814 -2.00294
0.3093357844754394 0.9378603699507025 -0.1572555211078338 0.794493 0.445980315273646 0.0029769547008914043 0.8950378182675459 18.3106 0.8398886419230732 -0.34700009253117015 -0.41734638485552433 -2.04113
0.30458058433152374 0.9337467131847073 -0.18800995522850422 0.815178 0.4834996731837964 0.018497655848215 0.8751490745920283 18.5089 0.8206453153947997 -0.3574561684247141 -0.44583220383423716 -2.05637
0.30131651200559884 0.9283683200416937 -0.21757900159653015 0.826236 0.509512964274532 0.03611607589968677 0.8597046983108719 18.6672 0.8059807062386537 -0.36990254311719883 -0.46213332466558765 -2.11665
0.29814905625252863 0.92315284820169 -0.24268489675468957 0.817311 0.5400677061937649 0.04648886945428876 0.8403366335841059 18.8284 0.7870413032251435 -0.38161184975570384 -0.48470442864048413 -2.12098
0.295012809524006 0.9178789259427619 -0.26545379923239815 0.82432 0.5710114377553818 0.05338958364660484 0.8192041810870925 19.0418 0.7661027216824674 -0.3932528825936359 -0.5083687541170402 -2.10755
0.29277010635287276 0.9117452947133087 -0.2881079353198538 0.837396 0.5953183850838923 0.06198070672157893 0.8010957573070774 19.2022 0.748252420782742 -0.40605284085009813 -0.5246326383578616 -2.102
0.29028815900519633 0.9068721791730134 -0.30547607988738423 0.827708 0.6181902370510106 0.06595507445894477 0.7832565090491941 19.3869 0.7304612348072889 -0.416212420279723 -0.5414735502761939 -2.09376
0.28776137053543155 0.9018352409247542 -0.3223144301047659 0.826205 0.6371940742040899 0.07095957840239414 0.7674297687946088 19.5643 0.7149665065069567 -0.4262134869512513 -0.5542246458919821 -2.08851
0.28389022806072145 0.8974552734078515 -0.33760979050387396 0.836607 0.6522768635264383 0.07732062456545058 0.7540267994739446 19.7359 0.7028095273399069 -0.43427589531223887 -0.5634387411520525 -2.08631
0.2814069101702387 0.8947133548918353 -0.3468402564389489 0.819255 0.663983652241162 0.07939215416097649 0.7435204068579203 19.8989 0.692774032758826 -0.4395280405570007 -0.5717335402958241 -2.07107
0.27839481110805797 0.8917306175130978 -0.35680924166537253 0.813867 0.6743324481732035 0.08306857874184018 0.7337406630183071 20.0549 0.6839386511148811 -0.4448776427463176 -0.5781970291307601 -2.05493
0.27466138542059365 0.8897683035396722 -0.3645181605557854 0.814075 0.6836930110073385 0.08584627670494166 0.7247028932435812 20.2109 0.6761101907666818 -0.44826641943383605 -0.5847497132529511 -2.02953
0.27300218627149186 0.8897005174232527 -0.36592730915822935 0.782909 0.6894933681020409 0.0843021194210616 0.7193692014566797 20.3688 0.6708715984704448 -0.4486938176060751 -0.5904279434510167 -2.0097
0.27281225634865114 0.88883419900885 -0.3681674068385925 0.75959 0.6931642871962549 0.08377848239757699 0.7158941519825864 20.5349 0.6671557117657507 -0.4505051970393402 -0.593252327175275 -1.99807
0.271203853177301 0.8869757257648904 -0.37379477246964143 0.765 0.695638350560961 0.08778057749684084 0.7130090149802782 20.6957 0.6652336095317272 -0.45339677118189436 -0.5932079000074277 -1.98386
0.27028004037144515 0.8858184327963393 -0.37719279406564343 0.755781 0.6971312423746275 0.09015252950047717 0.7112528047957869 20.8587 0.664045729360575 -0.455190317936248 -0.5931652752606809 -1.96637
0.26923879191919786 0.8848676421768911 -0.38015750519251923 0.739819 0.6973588384360978 0.09312310979449986 0.7106467032761481 21.0371 0.6642297218439921 -0.4564398561152508 -0.5919979175373355 -1.96488
0.26726005774324085 0.8851756936767965 -0.380835992073861 0.719069 0.6974351745795235 0.09503035853616287 0.7103192297944058 21.2127 0.6649482978354851 -0.45544837498918656 -0.5919548453432917 -1.94481
0.26578682283572574 0.884824216845847 -0.38267933062817006 0.70873 0.6965506330366537 0.09816574690204738 0.7107606501146504 21.3977 0.6664642379176303 -0.45546634498972255 -0.5902337063897448 -1.94102
0.2632091588565874 0.8848685097876692 -0.3843548608774937 0.687853 0.6954741632369077 0.10207460366768324 0.7112639900599556 21.5821 0.668607977041802 -0.4545200718034741 -0.5885362158472782 -1.93404
0.2581803957029949 0.886038154121922 -0.3850704775945073 0.662546 0.6946967953422334 0.10672175273797689 0.7113415705789765 21.7673 0.671371168442521 -0.4511616749378777 -0.5879744018674391 -1.92808
0.2502944381312785 0.885623481841979 -0.3911824927711329 0.653442 0.6958758963372391 0.11635511901686958 0.708673566019937 21.954 0.6731340365316492 -0.44959151981399725 -0.5871609951060683 -1.91636
0.24476923679007234 0.8860655253193219 -0.39366979254420786 0.627829 0.6951482185236204 0.12267072032835159 0.7083225597547774 22.1342 0.6759119580275543 -0.4470344273260366 -0.5859208528296633 -1.91047
0.24049567580814052 0.8846203193030555 -0.39951060135338823 0.611569 0.6957028967442929 0.12992422752891836 0.7064822535369263 22.3179 0.6768746629762306 -0.44784660965242773 -0.5841867037545792 -1.90496
0.2326372089441977 0.8846326904087867 -0.4041100494602504 0.589025 0.6971748478543762 0.13802148281864102 0.703489375754724 22.5009 0.6781055673963173 -0.44539316714634936 -0.584634728805485 -1.89063
0.2250487950437636 0.8829862352436527 -0.4119324558948838 0.572502 0.6995104611652022 0.1478844562992145 0.6991532752591032 22.6843 0.67826112565132 -0.4454946643399065 -0.584376889921973 -1.88574
0.21493643807144708 0.8819778938087304 -0.41942499022098667 0.547684 0.7028422664607823 0.15849557324076463 0.6934636989340912 22.8732 0.6780966568752788 -0.44384022811795365 -0.5858248678903731 -1.88446
0.20135420162703946 0.8813120168142298 -0.42748756064471827 0.529426 0.7082627608544206 0.17047469457065825 0.6850563773135128 23.0678 0.6766242288552863 -0.4407124998566241 -0.5898746861801358 -1.87457
0.18369380847859307 0.8787783727396394 -0.44046016429604806 0.550026 0.7176655090860928 0.18630411488039023 0.671004466338961 23.274 0.6717237540796287 -0.43936243396961705 -0.5964460158484293 -1.84135
0.16681634175879834 0.8688921316189271 -0.4660458901577492 0.682894 0.7370582022294829 0.2040673387274906 0.6442838875766819 23.5053 0.6549179449736086 -0.45098002713578866 -0.6063823055434161 -1.69944
0.14808683743776277 0.8667812882415563 -0.476193749362578 0.65652 0.7460163990006338 0.21819751792027833 0.6291656185739627 23.6971 0.6492532795449006 -0.44841949280527266 -0.6143208750095126 -1.67921
0.13135247981266546 0.8619929840431289 -0.4896065987172614 0.651772 0.7552045240205851 0.2329331744549144 0.6127056904723489 23.8964 0.6421936257437509 -0.45023353018048146 -0.6203846511280857 -1.66979
0.10715666753898022 0.8580253850067461 -0.502304576214438 0.652789 0.7684286338253365 0.24911269345993703 0.5894576326373786 24.1033 0.6309000581068827 -0.44914953483351305 -0.6326371883153656 -1.60684
0.08778548779775014 0.8531716672365566 -0.5141904456102868 0.653161 0.7791487905736769 0.26280836404430846 0.5690860444044737 24.2909 0.6206616391236754 -0.4505883598287338 -0.6416769122441321 -1.55972
0.0652849310583671 0.847903344430694 -0.5261157631928054 0.643247 0.7906128767211291 0.27773208711303854 0.5457070339940436 24.4992 0.6088260481775111 -0.4515803431185633 -0.6522315821619462 -1.52567
0.04138392191594559 0.842519381222468 -0.5370739830520234 0.636452 0.8018019583182755 0.29272452848228175 0.5209855756753777 24.7052 0.5961551732928548 -0.45218739775599237 -0.6634196007556836 -1.47491
0.01828575821696707 0.8366208606571501 -0.5474770922693664 0.632311 0.8123590658976161 0.30678332462227564 0.49594025828486266 24.9177 0.5828708082417435 -0.45381662292934266 -0.6740267751748619 -1.43314
-0.003969743850699176 0.8299520810493024 -0.5578205663971995 0.638899 0.8214649953199922 0.32080599255248676 0.47146450195782436 25.1252 0.570245125010013 -0.4563584756574008 -0.6830500999911855 -1.39487
-0.027767113737855842 0.8229452664463786 -0.5674416937696488 0.643709 0.8313541011079475 0.3342127217792669 0.44401825995322614 25.3697 0.5550489581700567 -0.4594158737292316 -0.6934390449058527 -1.36066
-0.048325263349457886 0.8184770006125189 -0.5725033348291874 0.619405 0.8378480773948099 0.3452503639494905 0.4228626081820966 25.5764 0.543760303928143 -0.45923587148771333 -0.7024436961144249 -1.34023
-0.06874381975743293 0.8130165291340602 -0.5781681508004077 0.612558 0.8454965022975723 0.3550944676402942 0.39880268762111803 25.8146 0.5295374886141004 -0.4614239291649942 -0.7118131817732863 -1.30442
-0.08590749120627547 0.8101123799468831 -0.5799464068441508 0.621892 0.8522378054834142 0.36126043243416117 0.3783934762417261 26.0453 0.5160529293197148 -0.4617454188341022 -0.7214433743033902 -1.2606
-0.10333770554880137 0.8091976970874752 -0.5783773903259324 0.611903 0.8585952408930353 0.36612724552749676 0.3588384767528124 26.2863 0.5021309898101687 -0.4595105299237165 -0.7326080411526245 -1.21071
-0.1163225982288496 0.8065339097845508 -0.5796310080636958 0.617131 0.8637244181783703 0.37026873415151706 0.34187891709239565 26.5192 0.4903561793061505 -0.46087321128210496 -0.7396936531691989 -1.16973
-0.12650895401098755 0.8043864159462095 -0.5804808165618031 0.614582 0.8676539788418249 0.37336707594125224 0.3282888965576351 26.7407 0.48080355401660274 -0.4621250052142722 -0.7451633525615124 -1.13203
-0.13388776415186515 0.8069217944540166 -0.5752836554653057 0.574044 0.8703653425084767 0.37332465411436094 0.3210807891956398 26.9304 0.4738546582766879 -0.45771816685106875 -0.7523003672496649 -1.06569
-0.1393628033184689 0.8062353483169976 -0.5749457123723835 0.558774 0.8740475976341909 0.37304569980456653 0.3112518320062083 27.1679 0.46542325481341973 -0.45915299082276584 -0.7566767638149012 -1.0047
-0.13949899817051217 0.8057332202659757 -0.5756161978864422 0.561032 0.8762288023531402 0.37122135759542707 0.3072747786457417 27.3842 0.46126252333807144 -0.4615069679049585 -0.7577916620938544 -0.918647
-0.13273499641750613 0.8127527108963783 -0.5672869218099712 0.553225 0.8767976725023845 0.3631749714392364 0.3151662761377092 27.5579 0.4621766569402284 -0.4555622581499674 -0.7608257137668631 -0.831096
-0.12174905546672182 0.817280930862095 -0.5632309007344575 0.584384 0.8776472498845627 0.3536774549223172 0.3234927551734908 27.764 0.4635865315807016 -0.45493311368690176 -0.7603442574308793 -0.736614
-0.10743158607694543 0.8251592085715617 -0.5545906010946685 0.599122 0.8784887380622902 0.33997753706431894 0.3356677097806763 27.9596 0.465527648384837 -0.4511402828403086 -0.7614173978758627 -0.622134
-0.08981755908626149 0.8335708353504495 -0.5450618942220594 0.616303 0.8775064296340368 0.3250879618034325 0.3525624526823792 28.1303 0.47107883844502163 -0.4466290178029676 -0.7606623747929466 -0.513942
-0.06774928448032935 0.8425611430180261 -0.5343227065440512 0.643522 0.8735143659325425 0.3088564577405518 0.3762716319647636 28.2466 0.48206087474702936 -0.4412464263743285 -0.7569140666218408 -0.403974
-0.04746752757296488 0.8458498134228174 -0.5313049284155895 0.733149 0.870024199863169 0.29632067920164906 0.3940202364472235 28.3991 0.4907185807349894 -0.4435449787902668 -0.7499754171380415 -0.310312
-0.02365805459795181 0.8584062192726826 -0.5124246863360706 0.726776 0.8659694282918516 0.27371460435600825 0.41854183139337237 28.5157 0.49953703137657834 -0.43384222717044724 -0.7498290979998458 -0.170615
0.0017656371534850723 0.8633856541484214 -0.5045414697883069 0.810404 0.8591925218465922 0.25683935805695646 0.4425175189252782 28.6202 0.5116493847629796 -0.4342795831760841 -0.741361012400889 -0.0630159
0.028744886945087422 0.8678924107552062 -0.4959198471810041 0.889003 0.8538038754872483 0.2366747498337341 0.46368524345087225 28.7536 0.51980060953934 -0.4367468673552859 -0.7342067148820384 0.0538119
0.05536789669274131 0.8758408140093965 -0.4794134588548592 0.924665 0.8470100205463118 0.21303761211589986 0.4870205343905859 28.8662 0.5286855597706054 -0.4330333062702143 -0.730050501370096 0.195074
0.08469567001473316 0.8855575245531991 -0.4567433789207734 0.932514 0.8350914306932974 0.18697078734252698 0.5173627615736727 28.9217 0.5435521556054917 -0.4252408674947944 -0.7236858840331886 0.315369
0.11376224111863742 0.8897433486306575 -0.44205760491498075 0.999433 0.8217952673555927 0.16576933689119555 0.5451358229823124 28.9789 0.5583105686332785 -0.4252967205542003 -0.7123285817922987 0.41651
0.1417051493296671 0.8954275829581818 -0.42205342592037454 1.03016 0.8098187289004363 0.14034190267865104 0.5696470632546241 29.0552 0.5693094738150231 -0.42250869107061506 -0.7052468567772969 0.547057
0.17116955830103084 0.8993866391024059 -0.402249494362776 1.07655 0.7922457344698839 0.1170641479714559 0.5988678330600096 29.0759 0.5857027219719099 -0.42118838856715424 -0.6924974099669252 0.637223
0.19937831159983616 0.8991319728104425 -0.3896280076349756 1.16431 0.7779229541822101 0.09655727632578576 0.620896585386785 29.1328 0.595889390927563 -0.42689388360404956 -0.6802039737618639 0.723402
0.22279920611891788 0.9047632490435287 -0.36299308110896256 1.15282 0.763127643029702 0.0698364927368271 0.6424632788931605 29.1881 0.6066273272749191 -0.42015036292072516 -0.6748903306025886 0.847872
0.24485897764126346 0.9109519778425013 -0.33197978121161187 1.10218 0.7452917443533325 0.042163895960697306 0.6654039537575518 29.2221 0.6201486086957236 -0.4103519220647687 -0.6686007801300473 0.955601
0.264961700051674 0.9122082765010844 -0.31252417152701584 1.12259 0.7308157021513588 0.02146164803830214 0.6822373539703732 29.2796 0.6290498446027493 -0.4091643410005335 -0.6609696173492817 1.03598
0.28246677045786517 0.9128206332417244 -0.29490848600079583 1.13996 0.7165893224937092 0.003595327317663405 0.6974860690433079 29.3132 0.6377399677573226 -0.4083449095429704 -0.6531019586368065 1.12473
0.2967299271684569 0.9163415206662504 -0.2688299980018347 1.08927 0.7022698259325013 -0.018625134185319636 0.7116671946642711 29.3522 0.647123204581119 -0.39996415074309233 -0.6490456349233238 1.21304
0.2990164409356025 0.9202080577243701 -0.25259908659642405 1.08872 0.6920443812408528 -0.026862450054698617 0.7213549633641014 29.3944 0.6570112194195549 -0.3905067723819924 -0.644857130130875 1.27578
0.30080731201076394 0.9249802119303706 -0.23222094775903793 1.04708 0.6778838450663324 -0.036105400582843034 0.7342818890908567 29.3873 0.670811787045326 -0.37829619028745104 -0.6378899111720274 1.32212
0.3030731379635748 0.9268021556322634 -0.22177564645447648 1.0568 0.6642866370760454 -0.03860180496896856 0.7464805184700639 29.3714 0.6832788134042426 -0.3735607915300089 -0.6273614573627894 1.32169
0.3058660331371058 0.926909201665255 -0.21745183752097952 1.10008 0.6605750500478328 -0.042129881152624477 0.7495769982919495 29.4149 0.6856285970022503 -0.37291340145179197 -0.6251791919045134 1.36164
0.3066701388179128 0.9277611062688544 -0.21263291290906464 1.11811 0.654651699004444 -0.043429149287670776 0.7546820933232378 29.4228 0.6909302272646618 -0.37063896002301344 -0.6206788077299418 1.37744
0.30781581950087944 0.9297018464436635 -0.20224712107776746 1.09241 0.646806308757151 -0.04858098388737153 0.7611054374766248 29.4085 0.697775766429984 -0.3650950078045139 -0.6162910149103837 1.38556
0.3082102107402763 0.9308733326142249 -0.19616652268702944 1.08273 0.6426902555670571 -0.05171290048585794 0.7643788401849506 29.4108 0.7013955384763899 -0.36166367601823957 -0.6142016639951318 1.3831
0.30909067912278043 0.9312449436597784 -0.19299172776964918 1.08547 0.6390911059501637 -0.05310680068629528 0.7672953968428735 29.4009 0.7042907853825826 -0.3605031520374851 -0.6115651780441909 1.38447
0.30898131560037745 0.9314973218396269 -0.1919460497521705 1.09268 0.6368835738757023 -0.052763839471003354 0.7691523194865835 29.3954 0.7063355151322728 -0.35990098172953205 -0.6095583839247444 1.38602
0.3084316142421083 0.9312859263974377 -0.19384649243685864 1.10926 0.635655783426415 -0.05017641598145792 0.7703402185241308 29.395 0.7076804818083917 -0.36081692112943026 -0.6074532781162028 1.37825
0.3091775861779392 0.9306664574800771 -0.19562506262405754 1.12248 0.6358882505431109 -0.049353531467619366 0.7702015072387851 29.407 0.7071459206036649 -0.3625247217130967 -0.6070588712146763 1.37615
0.30904741937104124 0.9315810755676146 -0.19143247432028448 1.09125 0.6332803420804267 -0.05140392092650464 0.772213471293968 29.3949 0.7095390763831109 -0.35988100332980666 -0.605838231319 1.37662
0.3091042690325252 0.9303693592022285 -0.19714818366777598 1.1215 0.6356028877542957 -0.047894041707837204 0.7705291232959909 29.4095 0.7074344633563371 -0.36348179627943245 -0.6061497041401644 1.3797
0.30861361467578674 0.9305801493245266 -0.19692186907473347 1.10675 0.6348295583303144 -0.047336862269079516 0.7712007866571815 29.4019 0.7083424798124722 -0.3630148855813762 -0.6053685853589179 1.3848
0.30924239958300026 0.9293599696356466 -0.20164122876777385 1.12238 0.636971539147657 -0.044977994449144604 0.7695740629277973 29.4177 0.7061419096867234 -0.3664246537204646 -0.605884953212922 1.38518
0.3099380015343239 0.9286753667771528 -0.20371671101367744 1.12236 0.6379018472721314 -0.04423854133659927 0.768846008448514 29.4193 0.704996218749939 -0.3682458616220021 -0.6061149370759289 1.39548
0.3093547691176989 0.9282424921943478 -0.20655629380137797 1.12035 0.640081031020132 -0.042615698378531075 0.7671246156785186 29.4316 0.7032751243662326 -0.369526423867815 -0.6073337809731352 1.4058
0.3087379540533818 0.9288085154461061 -0.20492832249772625 1.08836 0.6364834577419229 -0.04164249222988667 0.7701653789036284 29.397 0.7068024361501717 -0.3682127706580586 -0.6040278733440189 1.4023
0.30977441095344277 0.9273643344255483 -0.2098456708009658 1.09941 0.6369682283351713 -0.03855110841842385 0.7699255081702802 29.4003 0.7059116732353989 -0.37216824592537534 -0.6026437640221862 1.38559
0.30935947606127134 0.9266548583049655 -0.21355909756060307 1.09853 0.6394505842327108 -0.03649041925090682 0.767965754202189 29.4149 0.703846336138464 -0.37413797305632646 -0.603838647505907 1.4016
0.3085590294335468 0.9255183105289692 -0.21956134047375056 1.11611 0.6410761517584475 -0.03181606755244809 0.7668175177264002 29.4236 0.7027180750497369 -0.37736400824813787 -0.6031448518202669 1.39957
0.30822883686872005 0.924986961580754 -0.2222478459471783 1.11459 0.6423467466343793 -0.0300401948055814 0.7658252044587402 29.431 0.7017019603868758 -0.3788095928057359 -0.603421619754851 1.40612
0.3064808859364575 0.9263609288639536 -0.21891755532601098 1.07321 0.6403174558279916 -0.03046820501658712 0.7675058594206527 29.4158 0.7043174158840401 -0.37540260781909884 -0.6025029956149992 1.41274
0.3063536452376777 0.9250357773374428 -0.2246246974295121 1.08978 0.6416372634100612 -0.02635646419460838 0.7665552550200188 29.4229 0.7031707234045191 -0.3789645728044655 -0.6016118236087902 1.41416
0.30595021266290434 0.9249587105895943 -0.2254902460772053 1.07229 0.6426243661474259 -0.025885762780615246 0.7657439854931181 29.438 0.7024445824441545 -0.3791850616647505 -0.6023207597328492 1.42445
0.30581318928325507 0.9240495296711081 -0.22937035548433024 1.07723 0.6425020285107529 -0.022508104254786665 0.7659533462309722 29.4371 0.7026161374605424 -0.38160955433198956 -0.6005869724049704 1.42844
0.30618328989214094 0.9240287012095019 -0.22896015446340617 1.04993 0.6391962546989707 -0.021318084116674796 0.7687481299283941 29.4191 0.7054643442227495 -0.38172830472821373 -0.5971629261765087 1.43074
0.30609391242921963 0.9234572330492554 -0.2313725469946395 1.04095 0.6404295755279688 -0.01991790830886081 0.7677585790583299 29.4355 0.7043837558908064 -0.38318404932566447 -0.5975060742616328 1.45409
0.30597244140085544 0.922234991845411 -0.23635457456773537 1.04868 0.6440962845514463 -0.017702667874860967 0.7647395581354054 29.4724 0.701085473626592 -0.38622433295431746 -0.5994246602399422 1.48442
0.3057386531321985 0.9204787969571394 -0.24339815186900443 1.07006 0.6455136633816335 -0.012480758114215867 0.7636467383970929 29.4945 0.6998828376010751 -0.39059315793960375 -0.5979974904648307 1.48404
0.30406013475543536 0.9200124031477693 -0.24723392264568442 1.06614 0.6479883532524578 -0.0094958327990885 0.7615910472219451 29.5212 0.698325517578782 -0.3917741788501605 -0.5990446262880655 1.51552
0.3020326835066503 0.9194003894668024 -0.25195075300951875 1.06462 0.6509978512319241 -0.0058490684424755135 0.7590570374417015 29.5526 0.6964036586529317 -0.393279432778587 -0.6002942878023774 1.54602
0.2997767426956294 0.9196381347060494 -0.25377077399333536 1.04385 0.6511918680373316 -0.002852821426464064 0.7589077759596082 29.5668 0.697196568795952 -0.3927563654535554 -0.5997160843723172 1.56444
0.2972193813946759 0.918479860059698 -0.2608742723767207 1.05399 0.6547785742184353 0.0027871781062511203 0.7558156193031978 29.6051 0.6949285273089878 -0.3954579349348314 -0.6005725298656605 1.59652
0.29317162110962425 0.9183686341524301 -0.26579964706702397 1.04675 0.6589902952911365 0.007311756622026905 0.7521159012593741 29.6423 0.6926631152934702 -0.39565842594351497 -0.6030524178641892 1.64659
0.28918405802301617 0.9184344535224107 -0.26990875341183707 1.02437 0.6586287360417322 0.01371794529304124 0.752343010891314 29.658 0.6946803355827855 -0.3953352660210422 -0.6009403121730648 1.65843
0.284212631632367 0.9178306522050764 -0.2771463041308846 1.025 0.6614306299530036 0.021560234279012963 0.7496963905860872 29.6901 0.6940696663740444 -0.3963862386241963 -0.6009536155551313 1.68714
0.27733210700237615 0.9193892577162711 -0.27894496808787683 0.987476 0.6645798551420293 0.026099902816372145 0.7467612812755997 29.7229 0.6938447366414346 -0.39248208604839535 -0.6037692386715956 1.74712
0.27044354333673754 0.9192353845653107 -0.2861233958112045 0.973235 0.6668877173557353 0.03547510502381984 0.7443133005419194 29.7529 0.6943493805769014 -0.39210690466582454 -0.603432774222497 1.77484
0.26262497250334366 0.9185880832167929 -0.2953371923576793 0.970026 0.6705225414531583 0.04635737421868563 0.7404394068786093 29.7892 0.6938498722496215 -0.3924881236771982 -0.6037594119775995 1.80766
0.25270256983506095 0.9182273504987514 -0.30495892181538053 0.958896 0.6750496338751134 0.05847746649338119 0.7354511389056319 29.8302 0.693144575830924 -0.39171280130799746 -0.6050716307079764 1.85589
0.24163163146484798 0.9194546502347448 -0.3101891372007388 0.91851 0.678703356934005 0.06832589049437718 0.7312272738175614 29.8649 0.6935242663109549 -0.3872140478467345 -0.6075272612714578 1.90832
0.22987497286720257 0.9186436088128469 -0.32132758492947877 0.905972 0.6841247587406063 0.08230081022396105 0.7247067621559675 29.9231 0.6921927559050365 -0.3864201038038626 -0.6095479407305072 1.94143
0.21608573053698552 0.9195173547368977 -0.32832117110529935 0.862902 0.6872588668221332 0.09560989585304389 0.7200930480079134 29.9552 0.6935288076443935 -0.38124346834093836 -0.6112865210477958 1.98019
0.20077070878725126 0.9228592992783073 -0.3286667555878087 0.77303 0.6935808518179811 0.10302751844222939 0.7129733041531637 30.0106 0.691835764097599 -0.37110112392606365 -0.6193926309993556 2.05604
0.18678039584773973 0.9234833669683233 -0.33509932058989755 0.717496 0.6962290966818865 0.11621795887913419 0.7083490883508585 30.0362 0.6930931601599357 -0.3656116203935771 -0.6212487540210417 2.08365
0.16890900756831267 0.927197175483251 -0.3343279003286582 0.602249 0.70279964180899 0.12452123139151798 0.7004049731447483 30.0953 0.6910444346316981 -0.35327023750752284 -0.6306010852004106 2.14559
0.15222305595766683 0.9300218848706185 -0.3344957920461944 0.490655 0.7082948857095885 0.13338785222668303 0.6931998526803029 30.1449 0.6893087088616754 -0.3424426587620977 -0.6384250381582754 2.18881
0.13434055038196804 0.9278428074131218 -0.34793726626334043 0.458805 0.7193075838798926 0.1501977574048742 0.6782604466157658 30.2396 0.6815784740555861 -0.3413917960383397 -0.6472267186247609 2.21519
0.11633328402597155 0.929573134295581 -0.34980045029076623 0.353623 0.7267378733470525 0.16039324884597764 0.6679266944565371 30.3024 0.6769923415155717 -0.3319153411948934 -0.656896929364677 2.24789
0.09609454274505812 0.9230438351973341 -0.3724995532330402 0.37198 0.7440432571837537 0.1819752214005883 0.6428721881024229 30.4513 0.6611848987189652 -0.33893228984622176 -0.6692977159721885 2.27056
0.07686761278589621 0.9246352151121294 -0.37301620484791853 0.247802 0.7534593355818743 0.19115196856928302 0.6290945513486895 30.5296 0.6529857576770864 -0.32940953824477304 -0.6819816393307427 2.28481
0.057100618736946024 0.923191473304363 -0.38007502280204775 0.16124 0.7633042302600849 0.2050133974574818 0.6126468468293946 30.6072 0.643510816853079 -0.3250953867421987 -0.6929695650690749 2.28667
0.03674999942276824 0.9198075918490021 -0.3906448918383109 0.0979709 0.7746384689046457 0.2207411155246135 0.5926285534886209 30.6936 0.6313356318437068 -0.32438765989767293 -0.7044061087686696 2.28092
0.015917809740493866 0.9153620219451437 -0.4023170293606319 0.0364995 0.7884072514551614 0.23597617417365704 0.5680926430392155 30.8063 0.6149476637779698 -0.3262324539386939 -0.717921831964424 2.25603
-0.007279395221609336 0.9133584925747725 -0.4070912360230159 -0.0675409 0.8039106530081789 0.24745748235691573 0.5408257172190875 30.9332 0.5947055341807164 -0.32332809724352124 -0.7360599630109717 2.25149
-0.031038130445983983 0.9079751458307102 -0.41787291011995376 -0.129668 0.8205432288023788 0.2618739667368895 0.5080657784303659 31.0731 0.5707411358269047 -0.327113374992811 -0.7531609361722283 2.23749
-0.05195841622432765 0.9013720458177091 -0.42991715248621676 -0.181243 0.8360052583515506 0.2747398553795046 0.4749875997061458 31.2053 0.5462559207844033 -0.33473339672707647 -0.7678268177939196 2.21139
-0.07534430351340442 0.8958869331387012 -0.4378468213421368 -0.255429 0.8511950312231782 0.28650556499908536 0.439751725460547 31.3275 0.5194133755969839 -0.33956025128964656 -0.7841610682730044 2.1815
-0.09662123914542721 0.8875112144712987 -0.4505420960728121 -0.298628 0.8656905507623152 0.2983110385026577 0.4019830775397214 31.4492 0.4911661699128331 -0.35118993222350026 -0.7971332542542757 2.12639
-0.12009955356127663 0.879863683265822 -0.4597999522665087 -0.359245 0.8847930137365239 0.30491627995648785 0.3523739278955475 31.6363 0.45024151305429605 -0.36450783405490533 -0.8151175490904242 2.112
-0.14220424657698497 0.8708767897490843 -0.47048014764897494 -0.409036 0.9000303034567279 0.3115889202382841 0.3047257744995174 31.7936 0.41197500544943566 -0.380113090883581 -0.8281247689955108 2.07389
-0.16551949075777528 0.8633356709640463 -0.47671251024107514 -0.479703 0.9148343998467594 0.31495431315628886 0.2527484945183064 31.9669 0.36834945233610267 -0.39427820110337153 -0.8419402479382863 2.02849
-0.1893794709618073 0.8519762950313686 -0.48813093395404517 -0.50657 0.9261141265012997 0.3201676836554542 0.19951260370572071 32.1309 0.3262637593619018 -0.41428136217711203 -0.8496604688225265 1.97492
-0.2120725422030776 0.8436891191169607 -0.4931672202480317 -0.550016 0.9358208776390964 0.32071009727950195 0.14623378022113623 32.3019 0.2815395564007215 -0.4305040113478842 -0.8575556975468507 1.93753
-0.23257033099407667 0.8373554392871296 -0.49471902069514523 -0.592279 0.9434391600267471 0.3178173716055942 0.09441752821238839 32.4679 0.23629132965331406 -0.4447785815458851 -0.863908803594858 1.88947
-0.25239820695838766 0.8309892327934352 -0.4957338399842893 -0.595359 0.9494916772309918 0.31141065328752426 0.038587043008187494 32.6753 0.18644221623138155 -0.46095585471975026 -0.8676168509234451 1.85272
-0.27678343910093356 0.8193653764960658 -0.5020271981067558 -0.537159 0.9507085150167878 0.3095025911470987 -0.01901224731076795 32.8693 0.1398007414645351 -0.4825438072058244 -0.8646428319330901 1.82307
-0.29723893666823886 0.8112315555084721 -0.5035398473563333 -0.499876 0.9503348653428267 0.30232304425444845 -0.07392171958602145 33.0727 0.0922640679905577 -0.5005038863585652 -0.8608038112704929 1.8153
-0.3114296603681985 0.8062310660718207 -0.5029940702867619 -0.491084 0.9491033604927116 0.2901119005113396 -0.12262910047431844 33.2616 0.04705717526998865 -0.5155837015290476 -0.8555460647874056 1.8175
-0.32998892009457087 0.7970323214020946 -0.505813000282918 -0.467485 0.9439823083889362 0.2798503967616242 -0.1748746890806592 33.4747 0.0021711894239348495 -0.5351852334218031 -0.8447319408331472 1.80859
-0.3419821322520574 0.793730009408602 -0.5030317021665307 -0.47936 0.9387375701877768 0.2642576829029452 -0.22122308049730205 33.6789 -0.042661405723271595 -0.5478690985910661 -0.8354755862804893 1.81087
-0.35371046925762184 0.7899168404024602 -0.5009194438092286 -0.486843 0.9314717148690476 0.24872311034814873 -0.2655131988765499 33.887 -0.08514310504361827 -0.5605070915049484 -0.8237611620100784 1.80288
-0.36401451303951227 0.7868810305179038 -0.49830881801116855 -0.495914 0.9228280417195321 0.23231625012907045 -0.3072744137445553 34.1008 -0.12602317133249633 -0.5717056967855474 -0.8107223671209839 1.79674
-0.3664028510136515 0.7867135641084939 -0.4968206102979008 -0.499817 0.9152141137848953 0.2084719630016357 -0.3448515138014817 34.3172 -0.1677261956224991 -0.5810518123971006 -0.7963960789783234 1.78565
-0.36780558550004233 0.7865434573930323 -0.4960528610009086 -0.502545 0.9062403298413326 0.18361255190837328 -0.3808082133446809 34.5433 -0.20844067703796235 -0.5896064962446654 -0.7803311244222197 1.74968
-0.3668910902178798 0.7887713376022344 -0.49318425045404457 -0.514512 0.8975998450271784 0.16091131043316367 -0.4103925783708421 34.7668 -0.244346978958041 -0.5932514872732003 -0.7670379565068568 1.71866
-0.36630560542940527 0.7898004427835839 -0.4919709991552873 -0.520431 0.8889031010877821 0.1407145224603995 -0.435948047415361 35.0007 -0.2750844966687891 -0.5970047602386404 -0.7536005811733975 1.67137
-0.36623898021671664 0.7887768686477519 -0.4936598635255523 -0.509457 0.8816242115648869 0.12442567275747952 -0.45525487536262627 35.2273 -0.2976705543926225 -0.6019545692534414 -0.7409743164256727 1.60428
-0.3644588946732378 0.7890254246746876 -0.494579208328141 -0.497192 0.8771116718196165 0.11246184592844032 -0.46693409424475035 35.451 -0.3128015812801453 -0.6039794801376093 -0.7330511294045894 1.5498
-0.3487650893133396 0.7993574475480143 -0.48927557012973955 -0.50768 0.8759827485103915 0.09243398069201338 -0.47340277093148564 35.6639 -0.3331923420315035 -0.59370331838634 -0.7324610794769983 1.47985
-0.33364864660242083 0.8064777358790649 -0.4881313779626857 -0.47424 0.8763018392252788 0.07444490476660433 -0.475975884604131 35.8873 -0.3475250598025511 -0.5865591340058295 -0.7315563649668867 1.39704
-0.315524024265852 0.8150958418259685 -0.4858635186439686 -0.444392 0.8771443116556722 0.05518500218635232 -0.47704556602466147 36.1345 -0.36202547788958084 -0.576691758369849 -0.7323688750807974 1.31251
-0.2877991227611391 0.8297361042176099 -0.4782359901719043 -0.463214 0.8826300318705416 0.03600793042764291 -0.46868716196043214 36.3577 -0.37166637159975224 -0.5569932013086883 -0.742713054899248 1.2159
-0.2634579340112339 0.8377736291908718 -0.47825230081923 -0.413296 0.8865680654375375 0.014859528058596954 -0.46235944866761114 36.6223 -0.38024594981784354 -0.5458154822448981 -0.7466582062690363 1.1275
-0.23683680054765827 0.8437359778954013 -0.4816823948529147 -0.346487 0.8915804788512384 -0.00822618816380279 -0.45278756559747735 36.8901 -0.38599556945351704 -0.5366953786210426 -0.7503102631105818 1.02894
-0.2018777202280517 0.8495940692963077 -0.48727333550284185 -0.274038 0.9038492477359613 -0.0300140747488999 -0.42679701578631507 37.1191 -0.377229271720344 -0.5265824462831135 -0.7618457874293397 0.931561
-0.16909521132364716 0.8532230940251363 -0.49337324748063177 -0.208136 0.9120409324079483 -0.054298641022997536 -0.40648861631723004 37.3878 -0.3736149717554848 -0.5187118751341917 -0.7689927460483091 0.808791
-0.13478483461840113 0.8604019853502246 -0.49146868868960647 -0.169643 0.9252818269582267 -0.068171303464653 -0.37310348977833985 37.6203 -0.35452304446641525 -0.5050357383288051 -0.7869258630601375 0.699826
-0.11006173282593196 0.8650132532625255 -0.4895288414869289 -0.149281 0.9301963495285891 -0.08387664431923375 -0.3573506119505482 37.8005 -0.35017305192010373 -0.49468856891778523 -0.7954005616612513 0.637428
-0.07089429787870699 0.8672330441425294 -0.4928294285810927 -0.137289 0.943844012917365 -0.10151482059983591 -0.31440931996146 37.5501 -0.32269564268568884 -0.48744393354094 -0.8113358945873193 0.827684
-0.03122965702816554 0.8671084975030857 -0.4971393789269204 -0.129243 0.9525511079164811 -0.12484721130417104 -0.2775960385824262 37.3555 -0.30277234901652983 -0.482219895263056 -0.8220662243904077 0.99586
0.005854684869116952 0.8627994055164858 -0.5055125206218751 -0.105987 0.9581491068510128 -0.14952774160139864 -0.24411420182404653 37.1807 -0.28620973377173825 -0.4829271584120982 -0.8275659175934729 1.14815
0.029293454716242895 0.8700071638982491 -0.49216808945370716 -0.18099 0.9641350391026747 -0.15453343680905351 -0.21578471512705813 37.0324 -0.26379067437131054 -0.4681954203895069 -0.843331209217957 1.31133
0.06712048812815057 0.8634314114351168 -0.4999810374610235 -0.149215 0.9707287304903635 -0.17233413850997775 -0.16729218901249307 36.8421 -0.23060913224329757 -0.4741172243772487 -0.8497248293858474 1.50153
0.10191951024398863 0.8588391749112836 -0.5020036703743618 -0.147902 0.9755636605339499 -0.18502966377443572 -0.11848868202963131 36.6342 -0.19464829225355484 -0.4776602298299751 -0.8567104219989095 1.67636
0.12696204470939376 0.8579429232866953 -0.4978097825329363 -0.183063 0.9792672516019307 -0.18828157570864734 -0.07473752864973293 36.4371 -0.1578489440674553 -0.4779999881076864 -0.8640600223513646 1.84634
0.1565161848313846 0.8515552375273563 -0.5003562344225919 -0.183315 0.979353118542138 -0.19943445274199548 -0.03306611953782629 36.2602 -0.12794589906525689 -0.48485005568652734 -0.8651879971504196 2.01396
0.1786243102950535 0.8449114335985075 -0.5042003819377083 -0.186979 0.9793946184964091 -0.20176089050761686 0.008872672756639777 36.0734 -0.09423129539536962 -0.4953960157652541 -0.8635411110839033 2.15989
0.19959930615096036 0.8416215283740088 -0.5018299711669806 -0.186581 0.9782293826991947 -0.2008403780308274 0.052253395835932526 35.8889 -0.05681013825020598 -0.5013345644675138 -0.8633865082697093 2.32524
0.1991104958559759 0.8488131179238696 -0.4897665783619236 -0.187555 0.9799540143593988 -0.17588312909436737 0.09356951769071625 35.7168 -0.006718644274447266 -0.49857939762923714 -0.8668179993970939 2.48109
0.20217170538558893 0.8537683609646547 -0.4797980693554422 -0.161375 0.9783399913509487 -0.1538202937578369 0.13852861997319657 35.5251 0.04446867284851441 -0.4974122063680986 -0.8663738419938082 2.64601
0.2031391578048291 0.8610947056716098 -0.46610126628305615 -0.161072 0.9747320109967144 -0.1326721399565593 0.17970979388349487 35.3482 0.09290849963617856 -0.490829920790971 -0.866287480892852 2.80379
0.20419061836011124 0.8684209318411826 -0.4518310265063782 -0.155874 0.9684574901866041 -0.11186579671447358 0.22265698557848923 35.1614 0.14281554913656594 -0.4830436094862741 -0.8638707022808986 2.97581
0.20919759868801574 0.8734565477433031 -0.4396703582316179 -0.128765 0.9592751665792593 -0.09603284924849546 0.2656479750526066 34.9669 0.1898091659733599 -0.477337774609937 -0.857975016794155 3.13671
0.21265627715404375 0.8815544190686543 -0.421472554275495 -0.141569 0.9484540387030119 -0.08250117268842685 0.3059877333701138 34.7868 0.23497285854951 -0.4648175585383602 -0.8536582413469165 3.30989
0.216932347868045 0.8884057827168297 -0.4045683152247028 -0.145482 0.9358580194430359 -0.07137787250946075 0.34507240799603395 34.6095 0.2776870970942217 -0.45347586986665583 -0.8469058457444159 3.46652
0.2192033963745907 0.8904497412900889 -0.3988096403727698 -0.0818761 0.9227022501281934 -0.056334923183627816 0.3813750569167625 34.4318 0.3171284103107339 -0.4515812603134774 -0.8339687864107854 3.60823
0.2224226393493524 0.8966494864727345 -0.38281571011787013 -0.0705869 0.9093533372049715 -0.049202904409932746 0.41310480790207244 34.2918 0.35157456907326085 -0.4399986052316624 -0.8263150426896163 3.7895
0.22783996993446404 0.9001197952601505 -0.37131294386418434 -0.0277399 0.8929651696345167 -0.04112181254903351 0.4482434632566109 34.1115 0.38820375309862865 -0.4336973030968795 -0.8131448182006894 3.94731
0.23236667752028334 0.8995980291103572 -0.3697689997808703 0.0771681 0.8780177747320287 -0.030456883092687834 0.47765800058922353 33.9642 0.4184381847212334 -0.4356555569403872 -0.7969402244046663 4.07129
0.2370403609709243 0.9037753263538639 -0.3563734372042066 0.113918 0.8593213695684285 -0.02393441871013302 0.510875647691342 33.7854 0.45318721415526947 -0.42733745807613766 -0.782306874475235 4.23818
0.24215045848413058 0.9083781798305341 -0.3408991608433356 0.145397 0.8423652571937903 -0.02248642778670666 0.5384376788805109 33.6298 0.4814394343308037 -0.4175445401069905 -0.7706313178803966 4.41906
0.24639376119333495 0.9122075037177021 -0.3273646049989535 0.189555 0.826945695044223 -0.02172815646365693 0.5618618199028284 33.5038 0.5054215388097636 -0.4091519978905271 -0.7596997503812682 4.59954
0.24843392944976167 0.9163555777791758 -0.3139634338121947 0.21534 0.8198523525431621 -0.02630124065869549 0.5719705978188534 33.4843 0.5158708198062709 -0.3995005629693241 -0.7578103967745491 4.70743
0.24868928342410884 0.9199932623408327 -0.3029290965844564 0.26186 0.8160749328342023 -0.03056257686851656 0.5771374471430597 33.5114 0.5217042690161307 -0.39074074031591294 -0.7583840251137394 4.83541
0.25239290376802287 0.9250257353035635 -0.28394578911060964 0.279794 0.8010535997817329 -0.035140120227736646 0.5975602917088008 33.407 0.5427807590586391 -0.3782757737107697 -0.7498643121387001 5.0153
0.25802784803695933 0.9291401060788502 -0.2648023657620884 0.297225 0.7960990137808579 -0.049181276282046854 0.6031646229019192 33.3954 0.547401123395414 -0.3664421718894428 -0.752377660996382 5.12902
0.2637223295702831 0.933861660151314 -0.2415635166689175 0.319156 0.7799444896337647 -0.059090036434576776 0.6230529356997577 33.2715 0.5675712518934949 -0.3527191053708203 -0.7439436179781764 5.31626
0.26691165138235495 0.9386196433451683 -0.2185207895897631 0.324576 0.7739393735086944 -0.07365303384567488 0.6289619040437171 33.2568 0.5742612789395732 -0.33699910345862516 -0.7460935516265831 5.44239
0.26386496200513254 0.9432906066477872 -0.20144009838182642 0.352073 0.781310954895062 -0.08655684815805975 0.618110915449573 33.3654 0.5656222004014664 -0.32048516884091927 -0.7598426040740351 5.5375
0.2670051430504425 0.9472820549474525 -0.17710155831935745 0.339765 0.7861677752758773 -0.10782257429343449 0.6085347332655013 33.421 0.5573584867052719 -0.30171344160853825 -0.7735118075700853 5.65623
0.27093122978002826 0.9510695708313587 -0.1485359894723724 0.331537 0.785366011937917 -0.12917660992700256 0.6054036923743518 33.4568 0.5565936543140007 -0.28067788456952253 -0.7819356937056683 5.76066
0.26403060901438813 0.9528963771130624 -0.14925257782796017 0.466749 0.7852171494570973 -0.12249767044723801 0.6069829889984315 33.4601 0.5601087980936931 -0.27745777195782406 -0.7805737114957424 5.80025
0.2639466404692449 0.9568850452279866 -0.12125667488444922 0.510787 0.7756599683845699 -0.1358527584689416 0.6163567485328827 33.3785 0.5733095014306382 -0.2567392417130916 -0.7780753031255648 6.00007
0.25179264743232216 0.9603703575500271 -0.11953760512179915 0.593591 0.7789600324002193 -0.12781652591639642 0.6139089538569318 33.4047 0.5743010801157103 -0.24769277753276545 -0.7802733862794707 5.96649
0.25205945501691424 0.9635212569920384 -0.08996009371414676 0.645023 0.7681344786252842 -0.14266753819672923 0.6241917944766235 33.3123 0.5885876773120882 -0.22643489322400537 -0.7760746003104303 6.1494
0.24978687133938587 0.9652084816259894 -0.07732467849097996 0.711202 0.7677842024279831 -0.1487698048083676 0.6231973713674555 33.3362 0.5900118112449166 -0.21503518822400333 -0.778232568334788 6.15735
0.25663755925364173 0.9653552299527924 -0.047185200891013135 0.704773 0.7655948655582442 -0.17324869384825034 0.6195558020959288 33.3595 0.5899166593775667 -0.19512603640382542 -0.7835331294247523 6.18508
0.2724567926327094 0.9606379968880576 -0.054239608066402045 0.823786 0.7606912261334282 -0.18054362850520245 0.6235004865192944 33.3214 0.589165642779616 -0.21113653672700883 -0.7799392336759358 6.31345
0.2765924325581627 0.9607369757710174 -0.02193375567289324 0.881312 0.7476119339190896 -0.20078175136595555 0.6330585159210629 33.2484 0.6037988261940538 -0.19149713236698757 -0.7737931414673456 6.47875
0.28672083867124004 0.9579633837280919 0.00986489269504881 0.876775 0.7398255021317748 -0.22795018171310338 0.6330062725221843 33.2772 0.6086455348288751 -0.1741977901501258 -0.7740838086665324 6.48657
0.2931277989932196 0.9548583537661502 0.04818316822696822 0.907826 0.7247046343964586 -0.25478042937344114 0.6402266205747621 33.2068 0.6236018652487227 -0.15274965483195901 -0.7666735006552864 6.65455
0.30185453004066015 0.9491724148946694 0.08919399922053994 0.915834 0.7086228386523006 -0.28596975051977386 0.6450387386258393 33.1373 0.637759762947058 -0.13150296038751286 -0.758926515662111 6.84647
0.30657055240985426 0.9443034225675795 0.11960577963573943 0.9716 0.6936728973399249 -0.30769189812017833 0.6512630861082458 33.0514 0.6517916905662049 -0.11669079637382745 -0.7493669662791996 7.04727
0.301811829663011 0.9419670852792166 0.14699533913033652 0.977414 0.6817503859251994 -0.32102338428849 0.6573890765983308 33.0409 0.6664278136199804 -0.09819367082730707 -0.7390750788946623 6.99691
0.29236352165975954 0.9401317966462033 0.17514501459500714 0.993436 0.6619787169994302 -0.3311320391766335 0.6724104036007421 32.9987 0.6901505266552301 -0.08064600154692397 -0.7191581696622809 6.91632
0.4000799149402835 0.8971178454447873 0.18739165682035655 0.84782 0.6394655015825405 -0.41972573898509 0.6441383207970244 33.1523 0.6565210841604142 -0.13787630477323792 -0.7415997509674014 7.14532
0.4542227065692942 0.8710620807302004 0.18690260659187807 0.810684 0.5571046998972368 -0.44143432618938444 0.7033989543737846 33.1111 0.6952093829842015 -0.21537545629829244 -0.6857822734913959 6.99568
0.4539798369937839 0.8631301990295084 0.22115281396893535 0.78335 0.5284051223438595 -0.4606505073877053 0.7131543568710917 33.0948 0.7174192179499154 -0.20689941896180097 -0.6652084606718415 6.91053
0.46060513155285826 0.8555346941897104 0.2364387866338621 0.785122 0.5121862513630022 -0.47374045600130693 0.7164043720290865 33.1003 0.7249194139363975 -0.2088788342206856 -0.6564003929864132 6.89292
0.46775371027663937 0.846038993110557 0.2557821116867094 0.766381 0.48505307373255957 -0.48763522916022556 0.7259031608585612 33.1005 0.7388707479559828 -0.21547599731368894 -0.6384670018071703 6.80496
0.47511907528294545 0.8431200302049824 0.25181437403259643 0.818455 0.43342408851733255 -0.4732949667705758 0.7668998852018163 33.0389 0.765771130165664 -0.2552263487510433 -0.5902999975504087 6.65877
0.48456224726767494 0.8381208375545666 0.25050526976439547 0.872405 0.41670655017327585 -0.47295349024523425 0.7763186504957473 33.03 0.7691261792226214 -0.27178752311628096 -0.578425848932021 6.65359
0.47363892129891455 0.8337682268644184 0.2837194320136782 0.870032 0.4066291448839628 -0.4927761547391815 0.7693012412906943 33.0451 0.7812291026080234 -0.24900242005215495 -0.5724324274937892 6.67851
0.47853430877941794 0.8226375879084009 0.30703796879417367 0.947795 0.37395817952299204 -0.5073127476604383 0.7763949098423208 32.9653 0.7944559114820996 -0.2567122416665471 -0.5503986098180863 6.8257
0.48101898622158445 0.8147052991100994 0.32384565844902424 1.04646 0.35004579709520334 -0.517140585949197 0.7810464482347412 32.8628 0.8037964137953978 -0.26233735907423483 -0.5339386062119998 7.02047
0.4873107972043253 0.7952960245430634 0.36060008357470397 1.08346 0.3163477473442074 -0.5456837095511293 0.7759854327761337 32.8125 0.8139117210596797 -0.2640710557340907 -0.5175076693587761 7.21941
0.4884677644284096 0.7897710473885899 0.37102686671054097 1.20206 0.2950545337891419 -0.549654522724809 0.7815514875800792 32.6925 0.8211833322740933 -0.2722895487434144 -0.5015140441107545 7.4325
0.49426656327131463 0.7767506079368529 0.3903319837032223 1.29681 0.2726616194461708 -0.5648766086624225 0.7788260770332691 32.6259 0.8254430360194184 -0.2785191376831572 -0.4909896987017911 7.68146
0.4921218119577596 0.7695785817109551 0.40689670527932087 1.39728 0.24301958436194188 -0.5702833247854135 0.7846772655609716 32.5217 0.8359172230621645 -0.2872729295347013 -0.46767153018394225 7.87411
0.4940945680659007 0.763039393041935 0.4167030627124866 1.51461 0.21918913704564535 -0.5731401008575704 0.7895989785898658 32.4038 0.8413243607604362 -0.29879978155140874 -0.4504353566671627 8.10336
0.4932216618002939 0.7582268884190031 0.426408698327547 1.63146 0.19484732458003345 -0.5740174980595038 0.7953228476697436 32.2791 0.8478012222419589 -0.30918586254863584 -0.4308563449284418 8.32732
0.4913976773614187 0.7516541802681949 0.43993671814154256 1.72034 0.17012007882207691 -0.5782402671838316 0.7979331752651604 32.1509 0.8541589322048757 -0.3172604398479566 -0.4120173926451501 8.56212
0.487209025838242 0.7463223626418978 0.45346476838048466 1.80145 0.14472660630668527 -0.5810870292326837 0.8008695735789215 32.0111 0.8612093674413328 -0.32456246775952 -0.3911235481956432 8.77748
0.48154763635336506 0.7462463105510633 0.4595958201631224 1.90376 0.1225103911570426 -0.5765679587381294 0.8078122263342482 31.8482 0.8678151173960013 -0.3326948045062809 -0.3690678651325414 8.9803
0.47814436699573193 0.7426658629770657 0.468855393782327 1.98354 0.10648744486283274 -0.5789157207693454 0.8084039907946362 31.7136 0.8718018056856935 -0.3366066015612875 -0.35588988098641494 9.2186
0.47689102979691655 0.7411356312909337 0.47253880447030516 2.08197 0.09370401726033517 -0.5774141670087564 0.8110563709674307 31.5656 0.8739533756720155 -0.34250672368374435 -0.3448110227108697 9.4521
0.4754432654582156 0.7399861941111572 0.4757879084795172 2.18246 0.08409762245228553 -0.5765760739904199 0.8127038949086356 31.4283 0.8757175864559885 -0.34638196175129926 -0.3363602909753468 9.68705
0.4726597786451511 0.7392961303388712 0.4796185623149793 2.2673 0.07884680228914337 -0.577546192433383 0.8125414311741146 31.2978 0.8777106102924206 -0.346239263041719 -0.33127399129487045 9.92658
0.47322168791553876 0.7405526507929739 0.47711948764420453 2.3784 0.08043776481264853 -0.5756614082289592 0.8137221325906018 31.1582 0.8772633584496242 -0.34669253594410054 -0.33198386322581286 10.1789
0.4740847352853338 0.742200611817225 0.4736896827962075 2.48932 0.08522865793577483 -0.5741477805214669 0.8143036300967471 31.0245 0.8763445324961533 -0.34567698497355914 -0.33545146060747466 10.428
0.47366041506770373 0.7451821799918554 0.46941381511463537 2.60029 0.09443411429482962 -0.5728963133786114 0.814169522995394 30.8984 0.8756300641568002 -0.34131119632936513 -0.3417289247414914 10.6751
0.47875838299468393 0.7492517075243721 0.4576158754721349 2.75096 0.11104239175802938 -0.5687252280388101 0.8149976700732707 30.7759 0.8708960890628525 -0.3393722053498437 -0.35548067217643736 10.9434
0.4789685156301067 0.7538035773864545 0.44985478518570376 2.87695 0.12410706211345401 -0.5654622267827749 0.8153832885308803 30.6555 0.8690147283957042 -0.334712767610154 -0.3643909508070849 11.1587
0.47835892230490695 0.7603312773035581 0.4393962792346196 3.00862 0.1421936900021311 -0.560818119889011 0.8156371686771837 30.5391 0.8665758454831671 -0.3276879386826659 -0.37638666138299803 11.3846
0.48050514313466713 0.766719131068134 0.42574238862868563 3.15639 0.164503389457115 -0.5556392067375717 0.814986936578227 30.439 0.8614252389373404 -0.32156934864841774 -0.39311539238699195 11.6141
0.48069833298677744 0.7723870954448006 0.41514730813782014 3.27971 0.18778466843398056 -0.5531240903835505 0.8116592012282681 30.3338 0.8565430701166601 -0.31220492537388755 -0.4109282828029873 11.8522
0.475339669522869 0.7802703533359259 0.4064853924594576 3.37706 0.20414403604058856 -0.5472267008125994 0.8117069363180387 30.2059 0.8557905182502017 -0.30285493825062065 -0.41940609825116304 12.0192
0.47498319084320484 0.7871151358938083 0.3934980702154452 3.49931 0.2298911025775986 -0.5426198235441718 0.8079070540925781 30.1032 0.849435724096923 -0.2932805652336405 -0.43868606164793145 12.2378
0.47081635735701277 0.7949931746271255 0.38251511073598 3.59727 0.2530677987169873 -0.5370551018413925 0.8046915600642712 30.0053 0.8451559896833322 -0.28205969205545284 -0.45404149944688 12.423
0.469885018734249 0.8027197848920257 0.36721794089071247 3.72535 0.28064251559835596 -0.5302682085541027 0.8000346276477347 29.9187 0.8369276238766058 -0.2728673192958858 -0.47444238686329043 12.6241
0.4677169526371478 0.8105775496420592 0.3524271388983762 3.84013 0.3078623615577024 -0.5231593139627237 0.794685534378327 29.8247 0.8285297934002946 -0.26318884518597585 -0.4942367987288459 12.8205
0.46584632655085645 0.8182888799932362 0.33673507230237887 3.95432 0.33748503300607813 -0.5160885712681702 0.7872461108848143 29.7202 0.8179798607153844 -0.25309266185686646 -0.516578214773181 13.0376
0.4624642828512144 0.8263619461910461 0.32132961421919876 4.06114 0.36683935109075666 -0.5082722518262586 0.779158654264186 29.6191 0.807189988527004 -0.24245670110518996 -0.5381998425408205 13.2347
0.4607621154852795 0.8338012615865286 0.3040949343712315 4.17458 0.39645599065401826 -0.4999118497822156 0.7700070064108928 29.5249 0.7940534745267923 -0.2342297987533548 -0.5609059466326703 13.4428
0.46014739933097293 0.8404305867004993 0.2862530346165718 4.28295 0.4269047575071925 -0.49213571849923354 0.758653255838903 29.4409 0.7784707437705459 -0.22688954033956094 -0.5852387868023065 13.6519
0.45666588838938643 0.8492307708849343 0.26507237533117745 4.41381 0.4572829460171821 -0.47965059911421315 0.74888424342566 29.3341 0.7631176669841808 -0.2207768116255795 -0.6073788157196991 13.8429
0.454657249929426 0.8568990064169768 0.24292154677634042 4.53937 0.48626572436831467 -0.4673188265440774 0.7383486707931592 29.2296 0.7462120545737452 -0.2175711542439963 -0.6291505085826169 14.031
0.45223759527439256 0.8642809041425308 0.22022642020203642 4.658 0.5146235702276099 -0.4545305944834518 0.7270244285061597 29.1171 0.7284529760984045 -0.2154540726305474 -0.6503351475972122 14.2213
0.44593782473327725 0.8737718445105167 0.19406756610222575 4.79723 0.544756634800567 -0.43698943073740437 0.7157376937569799 29.0179 0.7101969200953451 -0.2134549159998151 -0.6708631257735048 14.404
0.4410946119621765 0.8816296185605097 0.1678235948095116 4.92775 0.5743641819897987 -0.4210023474728659 0.7020418861218509 28.9052 0.6895950476512477 -0.2132750315887597 -0.6920783417761944 14.6065
0.4363789409919038 0.8882997097551137 0.143167892726566 5.04829 0.6009751955480467 -0.40617499950087665 0.6883681312469732 28.7823 0.6696284299481108 -0.21434900379858013 -0.7110923079149322 14.8038
0.4302921558812016 0.894772661904059 0.11929184421506933 5.15868 0.6277102359463471 -0.39156127533442664 0.6727998419639074 28.6686 0.6487129721805239 -0.21461978279646537 -0.7301437040453811 15.0047
0.42462580668947264 0.9010787526491162 0.08803411735019306 5.29031 0.6587988166833143 -0.37421598634998715 0.6526457804175028 28.8205 0.6210290197969653 -0.2191334686541953 -0.7525313810636747 15.107
0.501567701333572 0.8365121300082288 0.22062932109774683 5.01224 0.5868538466993822 -0.5163671654354258 0.6236726008686939 29.1681 0.6356354329276291 -0.18333686702155522 -0.7499034535176017 15.1231
0.5646688886158717 0.745629043243507 0.35381686802792267 4.82251 0.3186893191978163 -0.5924424909476023 0.7398979745539465 29.3192 0.7613055654982094 -0.30503971018798914 -0.5721578550975936 14.846
0.5614045156157373 0.7340867311945103 0.3820230895252506 4.79338 0.19973182812999574 -0.5681849477474153 0.7982938443863363 29.3206 0.8030766879184756 -0.3718635989679888 -0.4656020801977433 14.6986
0.5658684750459192 0.7385539388007726 0.3665118666988425 4.7841 0.2155210767989788 -0.5615713904407654 0.7988668467860169 29.2807 0.7958288348662759 -0.3730625321850072 -0.47694948650260216 14.7255
0.5592041077191188 0.7306973486859629 0.39162756610505434 4.74851 0.224076161436708 -0.5880279781446087 0.7771827139064237 29.2045 0.7981733143784342 -0.3468493643391436 -0.49255951789776375 14.7915
0.5612251800584266 0.7435512457070499 0.36353520087590097 4.79122 0.24951525034219965 -0.5707940086595178 0.7822635997699678 29.003 0.789156788677039 -0.3483184529793008 -0.5058713455010577 14.9239
0.5616583890025215 0.7538884994315005 0.3408694537326756 4.82263 0.27239323119443526 -0.5575146448273969 0.784206189979674 28.8171 0.781243740238952 -0.3476054533920634 -0.5184869015795392 15.054
0.5643498891057259 0.7597440070672484 0.32295239028648776 4.84351 0.2927210942502835 -0.5499459191784701 0.7822236553313026 28.6468 0.7718960834511805 -0.34691285606669087 -0.5327550156013361 15.1859
0.5652609088166202 0.7665779322247162 0.3046939099980297 4.87024 0.3132867824563214 -0.5411859039606172 0.7803647924480547 28.4807 0.7631064780893781 -0.34565313709036183 -0.5460699698002239 15.3124
0.5633191341725596 0.7735842711633831 0.2902394330267604 4.89758 0.3369890146928549 -0.535845013121857 0.774150195949582 28.3396 0.7543937679033523 -0.33828611754113497 -0.5625411501637269 15.4328
0.5643475955872599 0.7767962044186144 0.2794627849208409 4.91053 0.34934138159715566 -0.5314326328312722 0.7717123530602658 28.2025 0.7479788703290144 -0.33788609554531235 -0.5712797878259612 15.5375
0.5644828278802088 0.771097192638589 0.2945645201534788 4.86032 0.36162441029886194 -0.551803105020916 0.7514925942185167 28.1963 0.7420154465402744 -0.3176829438200335 -0.5903309447263241 15.5931
0.5643852590389042 0.7713625347688275 0.2940563200045159 4.85484 0.364060837094573 -0.5522741518318648 0.7499686447528279 28.1126 0.7408974195349771 -0.316216857826087 -0.5925182803534492 15.6564
0.5558946640746651 0.762112252941891 0.3319126938957758 4.79063 0.3658827390679912 -0.5828624091163699 0.7255351358074716 28.1169 0.7463986493191289 -0.28187998502003875 -0.602853821701151 15.6917
0.5521235236750743 0.7544355046321932 0.3549460296368837 4.74375 0.3678832434498177 -0.6024711745259343 0.7083010680877047 28.1044 0.7482122251029194 -0.2604909849029502 -0.6101826882097108 15.7334
0.5449803440341334 0.7453343545192506 0.38402229699564305 4.69522 0.3669106489560355 -0.623833577238089 0.6900784329284537 28.11 0.7539051666483647 -0.23517731158362554 -0.6134481492491439 15.7587
0.5435221883608902 0.7430130555543418 0.39053198337036377 4.6923 0.36859328355097476 -0.6292636063110564 0.6842267936097761 28.075 0.7541370048475942 -0.22794497811578343 -0.6158883542260685 15.8017
0.5435316544248775 0.7380292052976234 0.399857765669136 4.69011 0.36417669716520984 -0.6365387585275486 0.6798483228883085 27.9925 0.7562728832108119 -0.2239002032602144 -0.6147520029247893 15.8777
0.5423167190877733 0.7319568211418226 0.4124703482455817 4.68655 0.3586587487790707 -0.6456431279678128 0.6741727176563662 27.9129 0.7597739651515475 -0.2176790373276604 -0.6126657804921036 15.9553
0.5402903111583791 0.7258321467988962 0.4257394441929093 4.68302 0.3530007241455515 -0.6547741607661516 0.6683272305882038 27.8467 0.7638565758184569 -0.21080439527269684 -0.6099874084869413 16.0273
0.539040954145837 0.7151967785370579 0.4448914673532868 4.66316 0.3424424750393514 -0.66866385446762 0.6600165157156516 27.7884 0.7695245292012914 -0.2034261971790273 -0.6053509570974598 16.0938
0.538275278489014 0.7033762500565465 0.46424301332811185 4.64553 0.3313817997833467 -0.6831291835950863 0.6507846197422471 27.7407 0.7748843961133329 -0.1964595871346112 -0.6007976392122174 16.1561
0.5354419013191284 0.690342931548338 0.486547641216154 4.61949 0.3184059169065456 -0.6985798904826129 0.6407837456523086 27.6921 0.7822529273774939 -0.18818281928631841 -0.5938582188829199 16.2169
0.5320153687970883 0.6814902358636403 0.5025243335264655 4.61182 0.3127512781512684 -0.7096740657242189 0.631307657527774 27.6593 0.786858491330205 -0.1787002486315482 -0.5906944521159623 16.2759
0.5296125796062825 0.6691254624672746 0.5213267986596646 4.59296 0.3020913484910054 -0.7230887415214942 0.6211952101004541 27.6258 0.7926230710051685 -0.17150448204877133 -0.5850939069478658 16.3301
0.525227391423754 0.6564481549963578 0.541490542022736 4.56907 0.2913591635083056 -0.7365925602721095 0.6103615633307189 27.6003 0.7995286268408024 -0.16281038036211454 -0.5781407743001736 16.3748
0.5222364088849452 0.6471240998958421 0.5554273422950595 4.55813 0.28408410497435244 -0.7461087920629061 0.6021776247149612 27.5754 0.8040928768095623 -0.15669100082783216 -0.5734828469306599 16.4179
0.520916197002384 0.6388127183531103 0.5661842690952157 4.54708 0.27633407759416695 -0.7537667586517619 0.596217369012173 27.5412 0.8076421195435233 -0.1541232767038341 -0.5691750366252187 16.4613
0.5193455628825399 0.6352918938407781 0.5715631163173628 4.54675 0.2769598791586942 -0.7578637542402669 0.5907078426305594 27.52 0.8084388731689113 -0.14848144540327526 -0.5695435441828263 16.5025
0.5174059080144028 0.6343917139990937 0.5743154878297153 4.55192 0.2805039881014926 -0.7597846434155814 0.5865533294501156 27.5062 0.8084606601504797 -0.14238837325831885 -0.5710664691171253 16.5341
0.5168785656956701 0.6339260468218437 0.5753036724072047 4.55384 0.2812437379994646 -0.7604829482682486 0.5852927859023387 27.4924 0.808540974942195 -0.14072474037660207 -0.5713650665603057 16.5564
0.5172798568072187 0.6338798934745982 0.574993765522841 4.55071 0.2828261237802529 -0.7607335388782205 0.5842036173572159 27.4856 0.8077319688169713 -0.1395735056321631 -0.5727899292730346 16.5719
0.5190798926882092 0.635620761960369 0.571438808597838 4.54877 0.2872569292124877 -0.7594083274004173 0.5837657483051845 27.4785 0.8050090195930778 -0.13887130459464994 -0.5767800613179785 16.5865
0.5222720778802339 0.6394804369218097 0.5641778509131264 4.5468 0.293716994427693 -0.7559870133251763 0.584990566477821 27.4732 0.8006011515424051 -0.13981561600182807 -0.582657180227794 16.5962
0.5269178091329797 0.6468594999293431 0.5512988388974358 4.54525 0.3041215623775331 -0.7492013093054347 0.5883939780725753 27.4631 0.7936420463379878 -0.1423734016106319 -0.5914914342560412 16.605
0.5321451530556632 0.6575447860731337 0.5333445325372729 4.54635 0.31641753598600997 -0.7387539213518929 0.5950819999023194 27.4502 0.7853034311652455 -0.14791043910163562 -0.6011830195579831 16.6102
0.5387546139575226 0.6668193099749748 0.5148742310350936 4.53817 0.32811742042756115 -0.7289791540581426 0.6007731280280748 27.4387 0.7759397040694873 -0.1547300901349597 -0.6115359146079512 16.615
0.5448862281724249 0.6832977690011859 0.486007363345485 4.54517 0.3480498043530305 -0.7116251060070278 0.610287671668291 27.4163 0.7628632459607984 -0.16338257978893805 -0.6255763747006964 16.6272
0.5507206997205282 0.6979565761811555 0.45778087407056534 4.53601 0.36565348166130485 -0.6947530007126662 0.6193672572470327 27.3903 0.7503360861962443 -0.1737091988532126 -0.6378251108144594 16.6368
0.5566446224183118 0.7146472818575028 0.4235870947827113 4.53279 0.3906648217746084 -0.6751702605833146 0.6257204777308092 27.3676 0.7331628477770734 -0.18282336217655998 -0.6550174477690424 16.6604
0.5645475380944399 0.7282361837248712 0.3885333163904251 4.5258 0.4109671994461563 -0.6562245989509558 0.6328311281147918 27.3405 0.7158156454080128 -0.19758880647823243 -0.6697511667355404 16.6755
0.5671207985569077 0.7484995824622512 0.3436893581390186 4.5323 0.4408544900901664 -0.6283385082001623 0.6409664871739659 27.3083 0.6957164065993517 -0.21198842932252193 -0.6863232382936305 16.698
0.5694176729071178 0.7661595265945957 0.2979313571770982 4.53327 0.47180256601545606 -0.6013805935016542 0.6447819169772284 27.2788 0.6731759446699459 -0.2265854398851415 -0.7039127687077306 16.7257
0.5684462624147625 0.7836845260754915 0.2504144770905215 4.5363 0.5015537088047718 -0.5713717486946076 0.6495984928999177 27.2399 0.6521600447212825 -0.24366552563606217 -0.7178540155809093 16.7466
0.5678108240537216 0.7982791337267767 0.2008514195714345 4.54064 0.5335510115262259 -0.5427211774176186 0.6486732934858462 27.2096 0.6268286737113856 -0.26115923923702267 -0.7340855982611052 16.7795
0.5671759195727222 0.8089376088508693 0.1546978385223112 4.52791 0.5605908710310761 -0.5167890220955444 0.6470448067623681 27.1738 0.6033650234919624 -0.28026603723635324 -0.7465933275876331 16.8087
0.5641110281474806 0.8185540167126617 0.10838851251844109 4.5175 0.588093014969651 -0.4904465960618267 0.64312420429904 27.1402 0.5795906776909877 -0.29905092899861596 -0.7580522331599364 16.8428
0.5588916839383086 0.8271772946978595 0.0584620283682645 4.51695 0.616618299622891 -0.461693324536138 0.6376685241165214 27.0999 0.5544564529291511 -0.32033887871299416 -0.7680892165563354 16.8829
0.5509177900945861 0.8345066400260968 0.00939448293694306 4.51634 0.6430947056509513 -0.43167368099962977 0.6325243336789078 27.0513 0.5319011074636093 -0.3424273658523581 -0.7744835124096583 16.9204
0.5431434041201941 0.8388995132764557 -0.03525406622295457 4.50212 0.6668970147537999 -0.40550946627219936 0.6251483379775598 27.0084 0.5101407788769653 -0.36305602789123476 -0.7797093729965298 16.961
0.5347554068700155 0.8412990361586233 -0.07907329879204317 4.49837 0.68883393493896 -0.3798094760208457 0.6174565345036682 26.9701 0.4894327991663341 -0.38465659188858603 -0.7826204964201136 16.9942
0.5281247542849896 0.8414537770015083 -0.11419187835093686 4.47134 0.705382854149426 -0.3598462519507861 0.6106928065967214 26.9241 0.4727782492706581 -0.4030709814993722 -0.7835907802480221 17.0325
0.5185665558935534 0.8410950544317902 -0.15377853074822292 4.46916 0.7243416918013735 -0.33657343746436935 0.6017037765476815 26.8861 0.4543323019850364 -0.42341165619737275 -0.7837759429640435 17.075
0.5090298774894684 0.8395394163751395 -0.18990037434283036 4.47238 0.7407616354284756 -0.3149190855507807 0.5933786051360381 26.8515 0.43836147561160865 -0.4427183505439438 -0.7822018146177254 17.1127
0.5017290157979284 0.8361391513465843 -0.221673891768642 4.47187 0.7533705952758936 -0.29644367828902 0.5869871308437022 26.8077 0.4250890975784813 -0.46151106724312646 -0.7786570451309245 17.1502
0.49501316446443455 0.8324498646201262 -0.24897628381201253 4.46586 0.7639104214518535 -0.2804235469461166 0.5812086564353718 26.7698 0.4140082547536432 -0.4779015141345466 -0.7747304742836373 17.1935
0.49340430596557017 0.8271171192615967 -0.2691272224785742 4.44877 0.7695029207247541 -0.27084678008319296 0.5783660404230521 26.7324 0.40548421159239595 -0.4924624785127944 -0.7701060066032007 17.2309
0.49059761317003 0.8224380465952349 -0.2879403435861042 4.4406 0.775170098498743 -0.26097561232062044 0.5753286436179988 26.7065 0.3980267583282797 -0.5054576038467434 -0.7655633940884254 17.2712
0.4884146693265766 0.8178084670327899 -0.30436889137375583 4.43998 0.7793414978644504 -0.2519123039105884 0.5737307912643824 26.6825 0.39252763022875975 -0.5174258424044335 -0.7603897402773504 17.3103
0.4862882510509069 0.8136749447709182 -0.3185228738126878 4.43852 0.7821250135790792 -0.24278040173499035 0.5738799000377361 26.6685 0.3896205847023169 -0.5281957599086158 -0.7544567841770559 17.3419
0.4870014190106454 0.8104359837599547 -0.3256119379086891 4.41363 0.7811477522057003 -0.2373965804270277 0.5774522082610263 26.6387 0.39068888787064265 -0.535571078222665 -0.7486827185569414 17.3811
0.48934157315351867 0.806670042001846 -0.33140348236006734 4.39788 0.7790019347563606 -0.23348434261656836 0.5819287305149623 26.6117 0.39204694926690375 -0.5429258743969096 -0.7426511189521394 17.4201
0.494372650497257 0.8029493948724651 -0.33296839446749166 4.37992 0.7747509459086106 -0.2333280769598516 0.5876384775658674 26.5779 0.39415308479578076 -0.5484799702597714 -0.7374368230362587 17.4632
0.4999974386449309 0.8006975891617235 -0.3299786842496221 4.35061 0.7692650739937458 -0.2356149590480306 0.5938996859791991 26.5495 0.3977861325912518 -0.5507893987572728 -0.7337555662035531 17.5111
0.506527185882657 0.7978018562595738 -0.32702050105547714 4.33442 0.7622212093801574 -0.2370288849964339 0.6023588097209156 26.5155 0.40304967179349876 -0.5543730745861728 -0.7281630698140542 17.547
0.5133697914635111 0.7954712082004332 -0.3219891522036952 4.31481 0.7543035391757726 -0.23934322545860615 0.611343595054348 26.4846 0.40924030593236405 -0.5567228909890576 -0.7228983293999033 17.5855
0.5223136786795581 0.7935239665124479 -0.3122629270896224 4.28364 0.7443969302809686 -0.24563857834008307 0.6209145666026314 26.4569 0.41600676827726973 -0.5567597357940088 -0.71899719425467 17.6239
0.530774034808337 0.7913789966532006 -0.30331206311232045 4.26372 0.7341478584202656 -0.2505126257091758 0.6310866393271469 26.4271 0.42344521009242303 -0.5576403034362459 -0.7139547927098155 17.6581
0.5384925856354407 0.7896243517815181 -0.2941413236681902 4.25582 0.724017267902017 -0.2550054788593309 0.6409143480461507 26.3957 0.43107392752909174 -0.5580910219895504 -0.7090202255079207 17.6909
0.547303565824825 0.7879286971914371 -0.28218287506090056 4.2377 0.7121407159701457 -0.26130300841328913 0.6515952259276403 26.3635 0.4396753432852012 -0.557574305305014 -0.7041281748166816 17.7226
0.5576400831600288 0.7862818579374908 -0.2660796450907965 4.20739 0.6985120546206849 -0.2713124974043515 0.6621710038213721 26.331 0.4484623141389541 -0.5551129332222243 -0.7005220797138036 17.7599
0.5671720853555987 0.7843967183219015 -0.2510729254205093 4.18765 0.6848509981109675 -0.27983893606027166 0.6728070156077941 26.2947 0.45748763478349086 -0.5535449016570257 -0.6959117083867182 17.7916
0.5765751988527437 0.7821409178283674 -0.23625542263939373 4.17496 0.6717161542084293 -0.28915183829943825 0.6820473756151353 26.259 0.4651434706016596 -0.5519481851285091 -0.692094468038857 17.8281
0.584372017821189 0.7806580362438446 -0.2215454247676908 4.15804 0.6587017179500197 -0.29687729305306154 0.691358025656157 26.2194 0.47394239265683424 -0.5499426363880066 -0.6877075723920193 17.8588
0.5947655098599454 0.7775933397915099 -0.20396712037219103 4.13855 0.6440795103814808 -0.3091010831772402 0.699727164461555 26.1788 0.4810567249169171 -0.5475446267570723 -0.6846746009029891 17.896
0.5957371246727414 0.7812356821833346 -0.18646202608089946 4.11688 0.6327754002522818 -0.3135412767570789 0.7080163561706079 26.1365 0.4946640992857867 -0.5397802114315422 -0.6811349001664064 17.9284
0.5955236588831782 0.7854265371493134 -0.16869121628594091 4.09195 0.6234054920482306 -0.31939259634622397 0.7136903823671167 26.0974 0.5066726400690049 -0.5301825385099513 -0.6798450644556069 17.968
0.595705261871079 0.7885922744419143 -0.15250398575000354 4.07421 0.614411351449307 -0.3251034960750212 0.7188924871286626 26.0557 0.5173334825712953 -0.5219482172881968 -0.6781859083469135 18.0068
0.5944783511861349 0.7922975604298953 -0.13733195443104562 4.06223 0.6071979235536885 -0.3303386424016258 0.7226251192481064 26.014 0.5271680677005233 -0.512972666984399 -0.6774606049976702 18.0469
0.5955804564774022 0.7940546722073731 -0.12149525672967815 4.04273 0.5994706722826209 -0.33867037371343145 0.725215341151735 25.972 0.5347137859969497 -0.5047569271584551 -0.6777179439489279 18.0931
0.5964384174416741 0.7956891075476993 -0.10554647473798692 4.02311 0.592005829860561 -0.3472894308774662 0.7272682782934462 25.9261 0.5420242721601858 -0.4962548693269929 -0.6781893489715608 18.1369
0.5952824284554129 0.7979336039021339 -0.09455577262113152 4.0178 0.5869500131388181 -0.3514521796711768 0.7293634536228975 25.88 0.5487517767156365 -0.48967675988158943 -0.6775604462948681 18.1743
0.5948441030940517 0.7995707325305792 -0.08274742711858948 4.00455 0.5825049299339471 -0.3578273915880983 0.7298270784452336 25.8343 0.5539390757266367 -0.4823341181274355 -0.6786054073416663 18.2228
0.5943902211772905 0.800885222790521 -0.07268510772220729 3.99786 0.5774990225394878 -0.3621991728238392 0.7316465254285449 25.7834 0.5596384046281557 -0.4768591187358211 -0.6777980797728393 18.261
0.5948269014820169 0.8015180318395172 -0.06123562614532352 3.97805 0.5720096007120321 -0.36851703542004355 0.7328029825938785 25.7276 0.5647884329256088 -0.47091829359383486 -0.6776798556782591 18.3031
0.5927758930536657 0.8034089181886603 -0.05613243972388726 3.97994 0.5703703422075341 -0.36958290193558996 0.7335435578934143 25.6764 0.56858984632553 -0.4668432164782893 -0.6773204543520855 18.3416
0.5915249788987695 0.8048513544506387 -0.0480884245716483 3.95947 0.5673865214268742 -0.3731418462274849 0.7340556504087791 25.6205 0.5728618809468142 -0.4614969770571816 -0.6773845329834169 18.3846
0.5910362450942727 0.805541446476921 -0.04217979365445923 3.93945 0.5652646747039058 -0.3763042110910487 0.7340783256894534 25.5662 0.575458082328114 -0.45770964455975083 -0.6777535516397065 18.4268
0.588969977049126 0.8071839629520605 -0.03960323329929505 3.93131 0.5647156539565164 -0.37600587277698816 0.7346535331798788 25.5163 0.5781095020073755 -0.4550534403674166 -0.6772855897614847 18.461
0.5885638278752773 0.8075676149854158 -0.0377778737301111 3.91212 0.5642225059162735 -0.376846801723297 0.7346015599278856 25.4619 0.5790039588244297 -0.45367503265849807 -0.6774462195687191 18.5009
0.5898818646458339 0.8068249396641132 -0.03275519039716601 3.87185 0.5611710808306236 -0.3804377963508643 0.7350878186632455 25.4102 0.5806258724870466 -0.4519962387495043 -0.6771801801256128 18.5396
0.589825667857219 0.8067682493245983 -0.03508095521088872 3.85522 0.5626626203237418 -0.37942357153386064 0.7344715985352396 25.3595 0.5792378244099797 -0.4529489433106254 -0.677732098639707 18.5849
0.5896947488772032 0.8066438437494072 -0.03982226120944704 3.83557 0.5650991703644672 -0.37688268648338374 0.7339089645742569 25.3105 0.5769948273598668 -0.4552857893348404 -0.6780795080443799 18.6289
0.5902102835105763 0.8059579917915776 -0.0456457742365316 3.81248 0.5679945650720024 -0.3744380349946374 0.7329245063429257 25.2568 0.5736148492560421 -0.458506132365361 -0.6787769378052897 18.6754
0.5898784097045304 0.8054122088007702 -0.05791921683792611 3.80323 0.574491359568027 -0.36818356154408166 0.7310270465519011 25.2059 0.5674532047192385 -0.4644911612973708 -0.6798858886096153 18.7286
0.5745970908902961 0.8154489364287109 -0.06986569414021127 3.78237 0.5866170193236003 -0.35081384569572427 0.7299384346012147 25.1553 0.5707176673104698 -0.46040490630037956 -0.6799328396792106 18.7781
0.5562485300302343 0.8266447291453748 -0.08512381931853064 3.7649 0.600965171943805 -0.32939806371571734 0.7282429386756107 25.1029 0.5739585655339213 -0.45624051485648065 -0.6800118805239634 18.8263
0.5330521992243726 0.8390376464712865 -0.10895494805645309 3.77525 0.6200537430808621 -0.2997786645895941 0.7250283497548852 25.0512 0.5756637113745074 -0.45403587970644377 -0.680046109720307 18.8799
0.5113042935458676 0.8499120898462383 -0.12734739469168949 3.75001 0.6355577230826696 -0.2742102918587358 0.7217167702559776 24.9995 0.5784758422194776 -0.44995350356669805 -0.6803730922049456 18.9297
0.48856416815718506 0.860427506544118 -0.14480869992907808 3.70924 0.6518286527610078 -0.2495973849331334 0.716114902005475 24.9513 0.5800210867137915 -0.44425854118611297 -0.6827956411332305 18.9927
0.46384094154149297 0.8706441769825586 -0.16379956665469034 3.66863 0.6677005446027269 -0.2220425020829298 0.7105442350803881 24.8973 0.5822607351411591 -0.4389485668675946 -0.6843219943548224 19.0507
0.436527766906312 0.88007832478988 -0.18683054074435176 3.64381 0.6856065359556651 -0.1909381027843843 0.7024858139208032 24.8531 0.5825694693121687 -0.43474680348467004 -0.6867372352546496 19.1128
0.40681904819021636 0.8884806389032469 -0.21236858600952446 3.62507 0.7032544013295472 -0.15622953071835693 0.693560077240712 24.8021 0.583036456013024 -0.43150259330112983 -0.6883850687908426 19.1698
0.37601803403380163 0.8957108590266752 -0.23730253918373875 3.60031 0.7199465428280697 -0.12118654028550069 0.6833672496714639 24.7479 0.5833415925092817 -0.4278035524342053 -0.6904322609593275 19.2259
0.34393104906941085 0.9011401867973653 -0.2639276363415248 3.58075 0.7379755319733977 -0.08560941902065947 0.6693751874573226 24.6989 0.5806061898521193 -0.4249910482748487 -0.6944631460283908 19.2996
0.3104604238296136 0.9049172680302393 -0.2910997479494357 3.56443 0.75529867285713 -0.048889260022853764 0.6535547069945072 24.6595 0.5771812886916858 -0.42277012462460745 -0.6986609919761507 19.3562
0.276745846707116 0.9069406578047012 -0.31760097536238263 3.54221 0.7697729485621865 -0.011393700618751917 0.6382161007433822 24.5994 0.575205479800252 -0.421104294453269 -0.7012915436541178 19.4105
0.24472248217624493 0.9091631499107654 -0.3369469892458355 3.48894 0.7829363330965394 0.019697367494043036 0.6217899259646701 24.5471 0.5719454563460074 -0.41597401428231107 -0.7069964741121539 19.4684
0.21035360051007845 0.906547715552516 -0.3659543717172412 3.49323 0.7943558814589987 0.05970769723509951 0.6045111450439756 24.4861 0.569868490394006 -0.4178591034276938 -0.7075617805807917 19.502
0.17671357288304623 0.902799580050654 -0.39207809352126677 3.48905 0.8065687393469053 0.09547893522019614 0.5833786434534278 24.4178 0.5641091932128498 -0.41932885804530606 -0.7112974953865419 19.5635
0.14453843212158454 0.8982972617193269 -0.41493453848455847 3.47136 0.8174937515703967 0.1278573403813383 0.5615660839598217 24.3533 0.5575057020185471 -0.42037427383008347 -0.7158720989943925 19.6168
0.11511781225507361 0.8950015309522417 -0.4309526063208682 3.42097 0.8260946810568017 0.15467079314469906 0.5418897707815225 24.2843 0.5516479558842459 -0.41838882076500716 -0.7215506409307664 19.6553
0.08589313858560382 0.8890368599750533 -0.44970638237589194 3.3977 0.8346641200994729 0.18225730456006145 0.5197288538777446 24.2144 0.5440203813851896 -0.4199949244219491 -0.7263925165482601 19.6942
0.058302617722275726 0.8819737345547822 -0.4676784539854506 3.37463 0.8458819031337219 0.20515195751237914 0.4923377705190941 24.1666 0.530174132448579 -0.4243053215366619 -0.7340847249453344 19.7593
0.03265189170022159 0.8739173625393525 -0.48497659471428023 3.36568 0.8560576719394036 0.22598746912645568 0.46486011456298115 24.1066 0.5158479584936687 -0.43034649673266934 -0.7407447444753376 19.8242
0.03639660712881754 0.8671282756574078 -0.4967532994806582 3.33666 0.870679616624712 0.21646617535646817 0.44165529558784505 24.0039 0.4905020817323353 -0.44858772662875296 -0.7471122802727125 19.8414
0.03743831126776909 0.8607460163740221 -0.5076560529981587 3.30227 0.88773540544472 0.20460703230296595 0.41238551411521684 23.9409 0.4588291869196164 -0.46610326927455115 -0.7564545720677872 19.898
0.040612386816445745 0.8543491444549827 -0.5181101942696262 3.25734 0.8996017097434279 0.1943910577163659 0.3910612234760856 23.8101 0.4348188103840171 -0.4819747462771788 -0.7606792662399026 19.8886
0.04064468827335019 0.8472562482878532 -0.5296270943336969 3.22418 0.9124029743708 0.18458620700463865 0.3653063707943768 23.7132 0.4072699616648399 -0.4980810997426355 -0.7655366721488183 19.9268
0.04101539023664204 0.8438975429904262 -0.5349342713815016 3.14601 0.9246108298811974 0.17086288256253102 0.34044190198744106 23.6298 0.37869849620791957 -0.5085693780568634 -0.7732687997538215 19.971
0.04126894729367912 0.8356904067969283 -0.5476480785840995 3.1247 0.9344259173552895 0.1617841634340459 0.31729180486843916 23.5066 0.3537585037338287 -0.5248308569906407 -0.7742141128825231 20.0096
0.0414645112155463 0.8304327886217618 -0.5555736475855749 3.0779 0.9428891212820304 0.1514193303225635 0.2967023615892998 23.368 0.3305159591875361 -0.5361469667792136 -0.7767275138269484 20.0647
0.043770083080971564 0.821745784775649 -0.5681707886107289 3.08654 0.9484145931394509 0.14456826659821315 0.28215204378653325 23.1652 0.3139967186886109 -0.5512112857119679 -0.77302792909218 20.1008
0.04094576932894108 0.8145057601842134 -0.5787087441889903 3.06866 0.9580820344428902 0.13236389341562768 0.2540838739425022 23.1058 0.2835529214306107 -0.5648541106751312 -0.7749435943354669 20.1141
0.03983764794593891 0.8086354972931878 -0.5869596189888486 3.03311 0.9627811654390576 0.1260969382399515 0.23906482309683286 22.9309 0.2673301129351977 -0.5746374462945386 -0.7735156210666632 20.1385
0.03839489839004566 0.8051612770782761 -0.5918117518867779 2.97971 0.9668656219281306 0.1196492819481753 0.22551035112121803 22.7596 0.2523820534648751 -0.5808608845695888 -0.7738888368918934 20.1907
0.036226446883221936 0.8037389168861434 -0.5938782686956189 2.91029 0.9707861994775301 0.11274733694407554 0.21180697088621034 22.6067 0.2371956986334068 -0.5842018413996208 -0.7761742130830565 20.2795
0.034350252774453 0.8027376267222139 -0.5953422232453516 2.83636 0.9736375564737847 0.10752886164426897 0.20116523690052612 22.4465 0.2254993764028812 -0.5865576242432405 -0.777881857793352 20.375
0.03635613451237624 0.7992751715756801 -0.5998645110239356 2.7964 0.9736434484054297 0.1069136582082772 0.2014644014849944 22.1859 0.22515920336619896 -0.5913786179692253 -0.7743220669387562 20.4654
0.041571853527489766 0.7989406358278243 -0.5999713671645681 2.70184 0.9716313240364548 0.10759903430382595 0.21060631037091465 21.8748 0.2328182792339444 -0.591706268548776 -0.771802656522138 20.557
0.04393435943863828 0.8007573358973925 -0.5973754774572079 2.58481 0.9703327869973724 0.1080963585595473 0.2162624788170099 21.6269 0.23774788019797022 -0.589154365402376 -0.7722519531789448 20.6581
0.04386963395593381 0.7968348303267588 -0.6026024463895728 2.53194 0.9734776646635449 0.1014718859124696 0.20504802552226087 21.5969 0.22453661531648542 -0.5956154040549089 -0.7712493752572669 20.715
0.048418824630342694 0.795417606322234 -0.6041245310149419 2.46292 0.9712537413446027 0.10364041215823544 0.21430080469233564 21.4054 0.2330703484905955 -0.5971344040668554 -0.7675341791309321 20.8096
0.05093633777437847 0.7981759533088069 -0.6002671380757999 2.33515 0.9684426738106187 0.10735613745063302 0.2249298719472805 21.2407 0.24397597635151222 -0.59278141613183 -0.7675193259143827 20.9134
0.054741480247426325 0.7945142094929238 -0.6047731320537936 2.3103 0.9654455158085002 0.11243752384998419 0.23510159343514345 21.1126 0.25479075011777774 -0.5967453176559652 -0.7609051843101752 21.0136
0.07979604097772808 0.7987895864619481 -0.5962950514671667 2.21068 0.9635297113778878 0.09147686260154653 0.251480573604846 20.9608 0.2554272638860725 -0.5946151529926966 -0.762358008218676 21.1203
0.10860429701730874 0.7959432927374283 -0.5955496464743111 2.19997 0.9606660840077631 0.06999889475694006 0.2687393342441639 20.8303 0.2555890876124523 -0.6013105931871712 -0.7570335453692438 21.1713
0.14147318219774924 0.7946823189650242 -0.5903095379910563 2.15448 0.9525248458980685 0.05311919946731274 0.2997912083347558 20.5674 0.26959554274079456 -0.6046969179451172 -0.7494397112256416 21.1974
0.17257567601786117 0.7897351065456666 -0.5886731669919077 2.15676 0.9440110714224639 0.037994776869698654 0.32771862010333386 20.3634 0.28117740499334165 -0.6122702494976594 -0.7389617097666724 21.117
0.20646775746236554 0.7867601311302981 -0.5817040151075955 2.13238 0.9312781252407127 0.024361623978712527 0.36349355527335414 20.1082 0.30015349169484096 -0.6167779238437088 -0.7276626100621352 20.9954
0.24011682754335306 0.7857119872698667 -0.5700882231645839 2.08154 0.9175960129423172 0.007945230193149522 0.3974348127046004 19.9138 0.316798778663805 -0.6185414669831075 -0.7190584033717338 20.8878
0.27686802475001293 0.7836780360922087 -0.5560511061203685 2.03783 0.900057581398549 -0.0088508444170258 0.4356810906157166 19.6984 0.33651217962804986 -0.6211041766883915 -0.7078058735714295 20.8003
0.3119725865935278 0.7786575028704991 -0.5443947083115542 2.01936 0.8815816925289329 -0.023603906885716203 0.4714409559823501 19.5074 0.35424119553203504 -0.6270050628210342 -0.6938139711657767 20.6913
0.3471896033592472 0.7749513404445527 -0.5281191146535408 1.96855 0.859322695833002 -0.03738633503827829 0.5100654530339296 19.3112 0.3755314683825456 -0.6309141636511236 -0.6789134218432074 20.5966
0.38464891682696845 0.7632226953039347 -0.5191688821152871 2.00276 0.8343993541769321 -0.04696707538362929 0.5491555440665485 19.0875 0.39474413046042667 -0.6444262651404777 -0.6548983587276243 20.485
0.4161295086241262 0.7573182030189173 -0.503294517582341 1.95751 0.8111021461683267 -0.058949035165769714 0.5819263868687856 18.9459 0.4110347193770594 -0.6503800047889103 -0.6387928528383824 20.4079
0.45212925938968557 0.7426362652837265 -0.494034928207685 1.98386 0.7822438161636988 -0.06400708729693422 0.6196754834987547 18.7343 0.4285717499758789 -0.666629184975576 -0.6098621031523532 20.2589
0.4835450355137262 0.7359400640873344 -0.47389494690401607 1.92979 0.7551606516284817 -0.0769710526903418 0.6510052590262142 18.5767 0.4426246591211079 -0.6726571780029346 -0.5929719487623779 20.2067
0.5114714540623809 0.7266763686710591 -0.4586266530570986 1.89819 0.7279861432346932 -0.0828688163361101 0.6805651581864357 18.4179 0.4565447699159305 -0.6819634993854836 -0.5713953609964951 20.1134
0.5384297875996352 0.7165456359725499 -0.4434588091289937 1.86518 0.6983280590107337 -0.0848829369193442 0.7107269581338868 18.236 0.471626214097258 -0.6923562945396252 -0.5460874248576385 19.9871
0.5606586114499355 0.7100804335831956 -0.4259667818613687 1.80209 0.671254449298583 -0.08853487682541306 0.7359205391089207 18.0648 0.48484985892942767 -0.6985322851721383 -0.5262824915084143 19.918
0.5806224825593108 0.6997288799954707 -0.4162415491597956 1.80043 0.6484488064225044 -0.08828370558198717 0.7561217711307762 17.9269 0.4923328936765161 -0.7089326356072181 -0.5049978613569677 19.8367
0.5984959946916558 0.6920133591275989 -0.4036335654117255 1.75618 0.6241752452423727 -0.08695347161800182 0.7764305229704721 17.7697 0.5022029545558935 -0.7166286378330925 -0.4839789126323759 19.7235
0.6128632662863653 0.6849168241284163 -0.3940654271344436 1.72764 0.6044457171222759 -0.08513371975936551 0.7920843546065476 17.6358 0.5089636449584046 -0.7236305644358713 -0.46617037049224525 19.6399
0.6246137184590621 0.6792441928108737 -0.38533755234268124 1.68316 0.5869155084659854 -0.08280305452662923 0.8054029054350217 17.5121 0.5151581200319547 -0.729226289085744 -0.450378874583808 19.5243
0.6230164737475208 0.6893328489234242 -0.36969000099315685 1.60562 0.5708049291524414 -0.07750851587846913 0.8174192087427316 17.3937 0.5348197886152689 -0.7202865078296502 -0.44176367024019325 19.4152
0.6219912281909843 0.6926053725189644 -0.36527347290945944 1.60115 0.5623914809493861 -0.07055991730833944 0.8238550359286498 17.3145 0.5448327580175658 -0.7178572950296647 -0.4334030107921099 19.3
0.6207812714278078 0.6985057672442083 -0.35597795742300425 1.52792 0.5510470699561616 -0.06578290918782315 0.831877235865675 17.2072 0.5576537812453202 -0.7125744185594698 -0.4257463543912384 19.1672
0.6212678720755347 0.6994830680390566 -0.3531991911845297 1.49915 0.5417380306617797 -0.05773542232379891 0.8385621784601244 17.1048 0.5661679408633395 -0.7123131744785868 -0.414805742731227 19.0148
0.6211184502031994 0.7008474779217099 -0.3507487469798776 1.46089 0.5355383116209974 -0.052794591001185665 0.8428590913949668 17.0255 0.5721980318065654 -0.7113547243477026 -0.40812236957179493 18.8856
0.6207176756418948 0.7030080673047479 -0.3471155779422272 1.3929 0.5295728129031771 -0.04945934874688862 0.8468213558096832 16.9656 0.5781541342752292 -0.7094599566754819 -0.40299425168913205 18.7375
0.6190036151227529 0.705223836715809 -0.34567884603023724 1.3377 0.5277381618265042 -0.047516178405603515 0.8480770279530682 16.9306 0.5816587977645873 -0.7073906649918139 -0.4015862174745221 18.6177
0.6197476780897258 0.704303829045043 -0.3462209293137611 1.26261 0.5251893730078343 -0.04437981488432835 0.8498273674755776 16.8548 0.5831714481882934 -0.7085100905585773 -0.3973971736117973 18.4502
0.6192545528466988 0.7073474187902641 -0.34085690239363775 1.12127 0.5201704551637224 -0.044388779041627524 0.8529081626235966 16.7736 0.588172165571783 -0.7054709529285699 -0.3954291823078499 18.2561
0.6180668044121311 0.7065504934293593 -0.3446444914959561 1.08875 0.5240734790231717 -0.04355249424365115 0.8505587392001253 16.8287 0.5859525696405182 -0.7063211595866901 -0.39720272613841395 18.1394
0.6195060000347705 0.7044753440912004 -0.34630449822158527 0.974573 0.5228929822718535 -0.04129682773630178 0.851397381432293 16.7199 0.5854871860354983 -0.70852597806044 -0.39394884617387915 17.927
0.6255072179406032 0.6951696258411915 -0.354231437921628 0.90065 0.520490771590925 -0.033571615598800175 0.853207069423812 16.5899 0.5812315175494959 -0.7180613747681349 -0.3828286628156332 17.6808
0.621994857637777 0.6964113588094041 -0.35795756227994496 0.760363 0.5349357937106849 -0.044088339946154076 0.8437416161882212 16.5799 0.5718094907215872 -0.7162872591370248 -0.3999580837021391 17.5422
0.6210138091989097 0.6921126375576998 -0.3678613131564461 0.644416 0.5522323864742391 -0.05329904092696097 0.8319847375795023 16.5645 0.5562204959485288 -0.7198189419355333 -0.41530645398016924 17.366
0.6214719213588175 0.6888116423962676 -0.3732441188578011 0.521659 0.5617940091876019 -0.059769315590864625 0.8251152162908647 16.4982 0.546040421767016 -0.7224722487494978 -0.4241152055554521 17.1909
0.6182747081194335 0.6868596881054102 -0.3820473192623759 0.401607 0.5818518463985748 -0.07321553894457417 0.8099925392863966 16.4885 0.5283794225198389 -0.7230928389306549 -0.4449178937116457 17.0477
0.6196632099421755 0.6856647668438803 -0.38194415004433074 0.249306 0.5810621534512282 -0.0736351116166199 0.810521217590156 16.3479 0.527621341561143 -0.7241834697410144 -0.44404281559674447 16.8524
0.6174940870446795 0.688750200678569 -0.37990026787314657 0.071707 0.5905216925655158 -0.08687852731255274 0.8023317593748613 16.289 0.5196009844817618 -0.7197744664526748 -0.4603689111661983 16.7039
0.6185849732593933 0.6871336206022735 -0.38105120167201445 -0.0805009 0.5950160524671951 -0.09294657110265925 0.79832125878409 16.1886 0.5131359743421147 -0.7205611163241248 -0.4663508866483468 16.503
0.6191640539959216 0.6895094843466291 -0.3757825770779983 -0.255212 0.5925501553200513 -0.0962245603919607 0.7997656828143838 16.0465 0.5152865102731867 -0.717856186832307 -0.46814774095050526 16.2953
0.618224924692773 0.690883547727164 -0.3748037699497465 -0.390931 0.5899586159564445 -0.09278367614331551 0.8020847965770754 15.9079 0.5193715182288796 -0.7169875263358907 -0.4649538828006158 16.0646
0.6168750728137624 0.6942673480352255 -0.3707532791401184 -0.535059 0.5864353961751312 -0.09126306201630813 0.8048382319598918 15.7898 0.5249368253932395 -0.7139074890793223 -0.46344085532301216 15.8394
0.6166573100659127 0.6985995967465579 -0.3628944273033399 -0.683173 0.5814676728278108 -0.09344459328406418 0.8081852841039519 15.6915 0.5306873914071093 -0.7093847414566528 -0.4638363732934223 15.6137
0.618754969175346 0.6994862763404901 -0.35757689708946855 -0.794855 0.5761485866805021 -0.09463631044182402 0.8118477534686037 15.6093 0.5340366037893628 -0.7083522555602364 -0.46156471686627976 15.378
0.6202942430777749 0.7049359102619239 -0.3439482728954498 -0.93885 0.5672997512005991 -0.10037708059779749 0.8173710503672132 15.5399 0.5416696819024567 -0.7021323266406808 -0.4621732917357249 15.1476
0.6221792461024196 0.7085312201667512 -0.33298122434821986 -1.04678 0.5581417886140173 -0.10319916062843526 0.8233029072269403 15.4812 0.5489724305665726 -0.6980927182649889 -0.459669258470945 14.9127
0.6248275504618925 0.7115541644438675 -0.32137393056435215 -1.14525 0.5500158756213523 -0.10900694902339048 0.8280096748402698 15.4524 0.5541417406659316 -0.6941240207104217 -0.45947663175022285 14.6811
0.6258954306485426 0.7164409219311101 -0.30816767396301803 -1.23848 0.5402325971622883 -0.1132846253342964 0.8338557037198686 15.428 0.5624976896455349 -0.6883886976449931 -0.45794906932765594 14.4372
0.6279525956733681 0.7193233404339766 -0.2970681226486362 -1.30999 0.5308949132948696 -0.11682324044821157 0.8393467230702771 15.4135 0.5690572278995432 -0.6847819086381335 -0.45524455952510035 14.1956
0.6293143199977701 0.7206566489948735 -0.2908908401879021 -1.35531 0.5243557728197784 -0.11747602371209431 0.843356631184796 15.4109 0.5735978644976956 -0.6832666961825922 -0.4518098180998373 13.9544
0.6319154187391178 0.7230184692033732 -0.27915443172297333 -1.41615 0.5139389698630421 -0.12130561617872132 0.8492065018236823 15.4035 0.5801289846369342 -0.6800950232683016 -0.44824225649731864 13.7145
0.6332617715857949 0.7261096009548655 -0.26785140665896523 -1.47248 0.5045489805355015 -0.12489235622502148 0.8543021863469322 15.4005 0.5868644263274155 -0.6761410701604571 -0.4454474136793985 13.481
0.6390080766358683 0.7254311266326195 -0.255770128253196 -1.53375 0.4910959030557448 -0.12883618810949882 0.8615254207713643 15.3866 0.5920249082563931 -0.6761293642092037 -0.43858361900334053 13.2345
0.6428383926147612 0.7252825453846407 -0.24642246314174937 -1.58802 0.48132671346809486 -0.1322061763336499 0.866513774755623 15.3878 0.5958887445509209 -0.6756380364511848 -0.43408506979383055 13.0048
0.6444975177471007 0.7279982318693162 -0.2337552652090959 -1.64427 0.47108533060030455 -0.13727058745933174 0.871341148524372 15.3798 0.6022470929037576 -0.6716958837254544 -0.43141984061381955 12.7811
0.6474760167644658 0.7284218339360848 -0.22400098115859152 -1.70323 0.4623536349477781 -0.14181188388105964 0.8752819579088107 15.3712 0.6058084878617975 -0.6702917435231432 -0.42860827640084903 12.5642
0.6507775929578823 0.7273873194607932 -0.21770671094752053 -1.75744 0.4555664625564703 -0.14469137704775803 0.87836416343212 15.3497 0.6074106705497768 -0.6707995921999848 -0.4255351741120881 12.3366
0.6594308007379226 0.7220907643714712 -0.20913141095389384 -1.81121 0.44580867837994853 -0.1516230990786112 0.8821933224112055 15.3253 0.6053144978598032 -0.6749780469283588 -0.4218992709705863 12.1268
0.6662006913139217 0.7176514324180265 -0.20286217104528792 -1.87619 0.4385209442363292 -0.1569393755411953 0.884912093866288 15.2845 0.603221369282398 -0.6784883594823823 -0.41925830425642674 11.9072
0.6690435340491814 0.7162255152843672 -0.19849876776097294 -1.94526 0.43554546824237306 -0.16142020255114936 0.8855753289821695 15.2392 0.6022299350252476 -0.6789436865189842 -0.4199459202034202 11.6977
0.6697836325857083 0.7157425521269702 -0.19774348180171242 -2.00992 0.4359643128530084 -0.1634666453614952 0.8849936574760654 15.1889 0.601103155405873 -0.6789633678844761 -0.42152549345451507 11.4929
0.6721225410317093 0.7133602482609861 -0.19841483321088338 -2.08053 0.43556000974789233 -0.16421111070340277 0.8850549073531941 15.135 0.598781068292489 -0.6812869199702716 -0.42108118567792435 11.2903
0.6742808137319021 0.7105823591884799 -0.2010425204855384 -2.15867 0.43651973416120066 -0.16393304138723885 0.8846335284338733 15.075 0.5956474678204203 -0.6842504430043608 -0.4207201270767271 11.0886
0.6756538180537706 0.7079182046149588 -0.205775930866794 -2.23724 0.4403831229606596 -0.16371432044365647 0.8827572295331759 15.0183 0.591231446356483 -0.6870585396139145 -0.4223694354268737 10.899
0.6795689304926922 0.7027379478442767 -0.2105835828563901 -2.31875 0.44322605041966423 -0.16455842195793374 0.8811760289477357 14.9663 0.5845825321872051 -0.6921559812804698 -0.42330055591655663 10.722
0.6949682064245275 0.6864221851080424 -0.21411159672137248 -2.39218 0.44644234459525756 -0.17849669605747026 0.8768284680876052 14.9238 0.5636563004272769 -0.7049563910541329 -0.4304974584135985 10.5796
0.6962253634204401 0.6823998429341902 -0.22271214087576993 -2.49562 0.45428368987592155 -0.17864809154875322 0.8727606708019705 14.8658 0.5557846457422099 -0.7088126083453797 -0.434382451081792 10.4141
0.7081053824608241 0.669310340441819 -0.22496763213330648 -2.61382 0.45291060960108265 -0.18609476216270127 0.8719178397110497 14.7957 0.5417183281381442 -0.7192999427730161 -0.4349124570369881 10.2459
0.7382109392187235 0.6372146759359172 -0.22136410275763843 -2.72005 0.427683054943977 -0.1883425300629678 0.8840895293369712 14.7215 0.5216625477563033 -0.7473182375276038 -0.4115624352720235 10.0414
0.7478828653808158 0.6177394017752664 -0.24304166548992512 -2.79508 0.42883703627359737 -0.1701179031474676 0.8872196432388014 14.6563 0.5067247931469882 -0.7677616365272785 -0.39213779910523444 9.84235
0.754459857432648 0.6052840120264869 -0.2538140821700558 -2.87074 0.4454524078487166 -0.18819570324994056 0.8753025360525587 14.6011 0.4820399110701195 -0.7734427206092122 -0.4116113240329173 9.70482
0.7617586252302018 0.5898070774303569 -0.2680511300115224 -2.93288 0.46274773152892423 -0.20577551032071317 0.8622766240117407 14.5478 0.4534184974747146 -0.7808867080219198 -0.42968315696855186 9.57209
0.7747375954612554 0.5656887471073244 -0.2824498177996536 -2.99789 0.46699726887984805 -0.2107903369082107 0.8587671306733192 14.4834 0.42625720995389016 -0.7972224753870581 -0.4274822986979186 9.41874
0.7859041166385552 0.5449506291604703 -0.29220460507695567 -3.07667 0.46967028618642803 -0.21871133159317124 0.8553216796657854 14.4152 0.4021996291944224 -0.8094406495910305 -0.4278332538098455 9.27153
0.7965681858994181 0.5243183909067098 -0.3009474209391219 -3.1672 0.4672738270233163 -0.21812938082422761 0.8567816196675926 14.3442 0.3835808855924579 -0.8231098336055997 -0.41875518627220376 9.11707
0.800426567656601 0.5095755758933239 -0.3156739492616706 -3.24307 0.4747908460943844 -0.21749034320737748 0.8528022063037335 14.2763 0.3659111398337732 -0.8324846443415783 -0.4160268677393618 8.97734
0.7979393368964249 0.5053340320821451 -0.328527518866982 -3.3038 0.4808717546498396 -0.2051101154987625 0.8524624309024231 14.2099 0.36339396006714003 -0.8381929112917179 -0.40666629224345124 8.84106
0.7898818031056309 0.5060285794342476 -0.3464416457621038 -3.35523 0.49261261777902043 -0.18707155864671537 0.849904136212073 14.1619 0.36526640404983646 -0.8419853376046678 -0.397040483239752 8.73076
0.782557457463686 0.5065977106117202 -0.36188753138362595 -3.3498 0.5018733988411382 -0.16934851046577132 0.8482005503055678 14.1569 0.36841134252844976 -0.845387391440154 -0.3867728546451999 8.68497
0.7687179829149902 0.5123159465454299 -0.38289036767509466 -3.33317 0.5228571198328285 -0.1585816115061443 0.8375394347326182 14.1619 0.368365436738069 -0.8440285797337519 -0.3897725767795846 8.66702
0.7616274942805135 0.5209759121308621 -0.38536691468703294 -3.34646 0.5297949838910139 -0.1581657131667346 0.8332471915478497 14.1476 0.3731498827547814 -0.83878942897361 -0.39647378077524675 8.63563
0.7548047315590327 0.528146227615555 -0.3890133409943097 -3.35889 0.5366402039425101 -0.15615915888095105 0.8292355567690853 14.1342 0.3772096349891368 -0.8346711204738381 -0.4012941712986993 8.61531
0.7403447150781786 0.5410067141114386 -0.3990005490499413 -3.35163 0.5514395075914181 -0.14931050808623847 0.8207440780428229 14.1186 0.3844530820830351 -0.8276582069075212 -0.40887372160054714 8.59815
0.7245948868120311 0.5606293012562144 -0.4008204542919795 -3.34655 0.560619112824024 -0.14122609396821867 0.8159420326952671 14.0985 0.40083470451329956 -0.8159350323128973 -0.41663120706721807 8.57488
0.7011127106265356 0.5851399842009032 -0.40749498878793466 -3.33612 0.5777114433968819 -0.13116377141194085 0.8056336346238829 14.0786 0.41795987267464296 -0.8002544994927322 -0.43000265217255745 8.55452
0.7042985839972894 0.5839630973486509 -0.40367140784849104 -3.37237 0.5692971413634826 -0.12489859337619402 0.8125891373923322 14.0084 0.4241040785170304 -0.8021143573753171 -0.4204144244404589 8.46426
0.7074401207664441 0.5791026473907804 -0.4051772443202462 -3.40892 0.5681580508500116 -0.12498217337448214 0.8133731527367415 13.9364 0.4203866134694047 -0.8056175147820338 -0.41743923520932363 8.37481
0.7172224173764397 0.5752814167471937 -0.393247117672892 -3.45342 0.5517674124841149 -0.12416090541236152 0.8247040633389452 13.8656 0.42561100377372807 -0.8084771865133388 -0.40647252349229623 8.28114
0.749473218724469 0.5402980902154866 -0.3825805380887562 -3.50541 0.5215367252872325 -0.12589746124283435 0.8438893727434177 13.7992 0.4077858979801215 -0.8320022854308197 -0.37614207215683665 8.18345
0.7836583963138795 0.49572816011665616 -0.37434357100678667 -3.57829 0.4988001826522594 -0.142991721390946 0.8548401870523672 13.7287 0.37024032151135405 -0.8566253316829993 -0.35932595988344646 8.08981
0.8404928690561724 0.4182520407131048 -0.3444371749754196 -3.6742 0.4355738005923227 -0.1434901686563294 0.8886428054829106 13.6578 0.32225331852951333 -0.8969257505157838 -0.30278209451421423 7.97231
0.8662015084294017 0.37469047436220343 -0.33060852260166657 -3.7894 0.40657957279071016 -0.14384727151693572 0.9022200471428559 13.5921 0.29049612352655124 -0.9159230376507408 -0.2769422165663565 7.86721
0.8946317824269625 0.3142422927637736 -0.31762518053536526 -3.85132 0.37883422295159863 -0.1565800965026231 0.9121224177158942 13.5463 0.23689365840438836 -0.9363409928107369 -0.2591272656244205 7.80243
0.8775159513458632 0.34102533121372375 -0.33714607902826704 -3.8849 0.407062006569545 -0.15805048721486953 0.8996224576447156 13.5014 0.2535079445325928 -0.9266724162085069 -0.2775102792639354 7.74862
0.8987303136830191 0.3014245577836614 -0.3184761517478906 -3.97597 0.3754759180695768 -0.15384426703314497 0.9139747132447607 13.4188 0.22649869363205993 -0.9409969061936165 -0.25144216893156907 7.63073
0.9287748329855128 0.2329347937095761 -0.28830312431919636 -4.09806 0.3283578504843248 -0.15629610318424075 0.9315324203454944 13.3281 0.17192565730002776 -0.9598504623163435 -0.22164985529671571 7.5014
0.936517760091806 0.21789279934790484 -0.2746947633737497 -4.24655 0.31072580602652555 -0.15282776048378177 0.9381327992851961 13.255 0.16243139629330494 -0.9639327796158016 -0.2108308276328721 7.39365
0.9381434674042014 0.21738431191596913 -0.2695011975848021 -4.36285 0.30432595569351467 -0.14644657141650474 0.9412433874464029 13.1898 0.16514401974655596 -0.9650375446857863 -0.20354358277474127 7.29933
0.9340778571060264 0.23554594926750422 -0.26835920451492634 -4.36444 0.3058575161541847 -0.13998460026582032 0.9417300523506782 13.1713 0.1842545431630015 -0.9617288690021157 -0.20280001442727974 7.28537
0.9361855862480686 0.23619688976030787 -0.26032206469855174 -4.37714 0.29754292811762934 -0.1381950319046104 0.9446535550581868 13.1464 0.18714901556927105 -0.9618280316275049 -0.19965491115174722 7.2616
0.936326993074755 0.2500713008590701 -0.24648753827778055 -4.36814 0.2893294754480947 -0.1517369695709151 0.9451266299826524 13.129 0.19894777374104552 -0.9562636856809359 -0.21442841875878804 7.24807
0.9419184813004436 0.24765486378379556 -0.22684056742323558 -4.36715 0.27236310237064343 -0.1681242301994169 0.9473925182768185 13.1053 0.1964889692876021 -0.9541495226976132 -0.22581136659657453 7.22388
0.9376725368122323 0.2716285007882081 -0.2167675512332584 -4.36554 0.2718783761265837 -0.18487025457285117 0.9444072943221801 13.0899 0.2164540651105558 -0.9444791932772895 -0.24719767629044492 7.21401
0.9521428065630686 0.25964090277342733 -0.16127826114266752 -4.431 0.21864662970935955 -0.20986526312187337 0.9529691614378322 13.0663 0.21358306868041066 -0.9426256801837019 -0.25659130895506266 7.1778
0.9948278177938721 0.07571506453111984 -0.067711460968808 -4.62634 0.08426366334326457 -0.24292271022232703 0.9663789070019129 13.0345 0.05672078969350675 -0.9670862349662968 -0.2480462984107148 7.10908
0.9854636212091572 -0.16289508901754501 0.04823526974424936 -4.86949 -0.0871662641962011 -0.24111346103944298 0.9665745399562615 13.039 -0.14582007289606078 -0.9567285345799752 -0.2518075008037697 7.07384
0.98318833892335 -0.17294466554734855 0.0585733118737495 -5.12541 -0.10337479262877138 -0.2627863500112033 0.9593002587807155 13.0255 -0.15051359557894523 -0.9492278319278807 -0.27624659389645445 7.00717
0.9794864238037106 -0.19135889811757145 0.06315154547156002 -5.37289 -0.11836203437985271 -0.29271096829242027 0.9488470466090814 13.0072 -0.16308517529708264 -0.9368575458160876 -0.30935604801874694 6.9472
0.9751002289997466 -0.20925190473084793 0.07343829907585037 -5.6239 -0.13976135962842662 -0.3227449032972596 0.9361102978551492 12.9913 -0.1721810261308008 -0.9230652023352168 -0.34395395982368027 6.90074
0.9717049566990583 -0.2216198869028806 0.0816951825730011 -5.87415 -0.15649511593873605 -0.34501171321220636 0.9254599918060749 12.98 -0.17691454381650798 -0.9120589583330307 -0.3699320217427309 6.84905
0.969927275988968 -0.2303936789277685 0.07848459723250885 -6.10934 -0.16294399303740778 -0.3751098933672238 0.9125468881274298 12.9754 -0.18080468585090936 -0.8978927110786449 -0.40137058308525264 6.80727
0.9673495470811203 -0.23032201726844564 0.10576682903134477 -6.36093 -0.1921126082293283 -0.39415788916606187 0.8987392859820248 12.9781 -0.16531061527099977 -0.889714182628078 -0.4255362190333217 6.74999
0.9601570991593436 -0.2388582462767207 0.14506923560673965 -6.58569 -0.24487931613345593 -0.46897805444054996 0.8485833518182921 13.0361 -0.13465684336091224 -0.8502977846841457 -0.5087840523221112 6.77323
0.9551445475646667 -0.2627571185453109 0.13659278865025534 -6.75586 -0.2539763855145758 -0.48960495876894533 0.8341360680067795 13.0318 -0.15229868304893343 -0.8314118600324538 -0.5343776100651445 6.75127
0.9491826719880718 -0.27740429576016407 0.1486577004106816 -6.94757 -0.27761482386884523 -0.5154593682045645 0.8106982479926925 13.0456 -0.14826417222597832 -0.8107703105220112 -0.566276645121611 6.7381
0.9417075474995086 -0.2990088836570856 0.15420954080926455 -7.12404 -0.2991559866824604 -0.5345095351320311 0.790446236302624 13.0523 -0.15392397673690852 -0.7905018939554057 -0.5928019610615439 6.70666
0.9343136874709757 -0.31346808629024375 0.16969293527404167 -7.29756 -0.32353680853365824 -0.5459684903398236 0.772814558014993 13.0521 -0.1496057048652985 -0.7769531301395125 -0.6115242976678612 6.65338
0.9321224263850378 -0.3156244787132278 0.1775639903445328 -7.44914 -0.3360319410809282 -0.5710060884037922 0.7490224172741324 13.055 -0.1350196904286694 -0.757847765347899 -0.6383074868382341 6.61182
0.9290420834092223 -0.31563195961562696 0.19302143229147029 -7.59815 -0.35185257550084315 -0.592484060211373 0.7246808977121375 13.0591 -0.11437032992902868 -0.7411741390959652 -0.6614985435866656 6.56724
0.9316930301847226 -0.3007729677329056 0.2036755247602176 -7.73662 -0.3528725262850293 -0.61637545772175 0.7039618422269238 13.0535 -0.08619209765651857 -0.7277478388833893 -0.6804072348984287 6.51562
0.9330505223869316 -0.2888932954021487 0.21437673974841884 -7.86571 -0.35445502414164587 -0.6364454909615163 0.6850538467124319 13.0478 -0.061468353924761215 -0.7151767620011444 -0.6962354778085782 6.46634
0.9307323792546933 -0.2906582190344004 0.22193476049201455 -7.9811 -0.3626848119772789 -0.6558594642390065 0.6620484048233399 13.0437 -0.04687179714821289 -0.6966822538832704 -0.7158469611280214 6.42358
0.9243654305803353 -0.30249685472918486 0.23247409237801572 -8.09323 -0.37970479462128603 -0.6702823458945524 0.6376094774418765 13.0455 -0.037051581472843514 -0.6776556866588269 -0.7344453353717453 6.3856
0.9128726511779175 -0.3246980398624266 0.24745647221460715 -8.20273 -0.4064353614547608 -0.6658369620865452 0.6256767830745349 13.0406 -0.038390359343702565 -0.6717382844745852 -0.7397931180273327 6.33952
0.8981322087943704 -0.340227127511358 0.2785750118576958 -8.32642 -0.4392304781875851 -0.6640732513192638 0.6050481831336799 13.0519 -0.020859591492895513 -0.6657718968142406 -0.7458636999178316 6.29606
0.8919081970681767 -0.3465373108894305 0.29053684820365944 -8.42278 -0.4519627778578217 -0.6615743862665658 0.5983719402403974 13.0493 -0.015146466044439949 -0.6650046793801819 -0.746685583742465 6.2538
0.8776281843356747 -0.36127782468792546 0.31503508288510873 -8.51919 -0.4793119114572961 -0.6687886287631274 0.5683149316816237 13.0741 0.00537229883940607 -0.6497692693763658 -0.7601125146840325 6.22412
0.8756720176729063 -0.35962719725845915 0.32228372043385356 -8.59334 -0.4828021761133152 -0.6658446481310385 0.5688171615690761 13.0678 0.01002876886304227 -0.6536965531095283 -0.7566903199115296 6.18797
0.870049169435043 -0.36585375266759756 0.330401989135096 -8.66039 -0.4925419555220164 -0.6729118855136569 0.5518985562447167 13.0796 0.020417267592401478 -0.6429157223100794 -0.7656647498680926 6.16337
0.8660514393057612 -0.36694144038421495 0.3395716180795699 -8.72207 -0.4992923411975261 -0.6697510804111411 0.5496732195674104 13.079 0.02573057515705693 -0.645590791149368 -0.7632499380184843 6.13561
0.8572034843683444 -0.37789214887750755 0.3498566995264051 -8.77555 -0.5139652766697537 -0.6703630582525762 0.5352131019584974 13.0891 0.032278177838180405 -0.6386007312452695 -0.7688609921750836 6.11759
0.8526771642092509 -0.3819215060100087 0.3564794761036285 -8.82224 -0.5212125584434797 -0.6685871790000618 0.5304042354634262 13.0922 0.035764822897265985 -0.6380651591520934 -0.7691513050884989 6.09905
0.8444073726567324 -0.3911617217766351 0.36601734442467654 -8.8649 -0.5340891382015454 -0.6676906500136798 0.5185923141924108 13.1021 0.041532896095560046 -0.6333890615577821 -0.7727181344066328 6.08458
0.8412441413693064 -0.3957643905221883 0.368346089712405 -8.89589 -0.5390048182157848 -0.6671141227853095 0.5142300585541026 13.1054 0.04221493280803629 -0.6311333412005644 -0.7745247607875587 6.07395
0.8381954247052095 -0.39307291110112025 0.3780504153704153 -8.92585 -0.5429878468073315 -0.6662065333905027 0.5112074462362086 13.1065 0.05091785760212805 -0.6337685235370238 -0.771845081833725 6.06163
0.8328383059239186 -0.3959945088088768 0.38674113458357795 -8.94806 -0.55055715049711 -0.6647921315289906 0.5049140975390205 13.1101 0.05715925316411527 -0.6334348986678562 -0.7716819609964736 6.05273
0.8292711997499549 -0.39539660332728144 0.3949313906775691 -8.96438 -0.5553524078977651 -0.6619602151058166 0.5033809458642781 13.1095 0.06239375215055332 -0.636765419675338 -0.7685289974999421 6.04507
0.823248678274238 -0.3957226165493726 0.4070199312945727 -8.98576 -0.5626221296404224 -0.664266723724433 0.49214434771851656 13.1174 0.07561714725243399 -0.6341556043304566 -0.7694990035975858 6.03744
0.8184468009911718 -0.3927442846706015 0.4194004778322199 -9.0088 -0.5684439249152649 -0.6598657706171935 0.49137426570253534 13.1148 0.08376358501309258 -0.6405693495839109 -0.7633181317114113 6.02331
0.8145153214712746 -0.3893476310742869 0.4300851232783898 -9.03307 -0.5725158262962151 -0.659264784901755 0.48743776221052587 13.1151 0.09375723827475263 -0.6432560653155819 -0.7598889489299128 6.00982
0.8061374716674388 -0.382572023352637 0.45142111572399773 -9.06673 -0.5810700929647578 -0.6559490440274027 0.4817555383194516 13.1178 0.11180305825672837 -0.6506685013026265 -0.751086265070156 5.98911
0.8029856216659405 -0.38271537838308634 0.45688404496858265 -9.08963 -0.5836539669856281 -0.6601637556290109 0.47279156356235763 13.1219 0.12067368486833469 -0.6463070128838853 -0.7534753525347774 5.97754
0.801099938146759 -0.3850122102308865 0.45826246526896264 -9.11087 -0.5857782707367687 -0.6615439830457819 0.4682129601245182 13.1222 0.12289306991812213 -0.6435255678440837 -0.755494630620926 5.96531
0.7973322623850256 -0.3858194309707412 0.464117043476524 -9.13977 -0.5889549727985319 -0.665422081104935 0.45863437942860064 13.1277 0.13188367365165649 -0.6390280280734099 -0.7577927658408679 5.9512
0.7919387459625822 -0.38241935604918187 0.4760130867551247 -9.16928 -0.5928410731959816 -0.6682172381474993 0.44947211768291573 13.1313 0.14619331234721272 -0.6381544944301945 -0.7559010230602239 5.93125
0.7885514036225013 -0.38224819455070436 0.481739557860583 -9.19852 -0.5938765674985036 -0.676732568872274 0.4351363611601867 13.1381 0.15967876008154114 -0.6292212234105427 -0.7606466627735652 5.91426
0.7871600615081248 -0.38449850951331394 0.4822239456399544 -9.22198 -0.5921353689578465 -0.6898338123937112 0.4165393332057771 13.1462 0.1724956300770566 -0.6134249811186355 -0.7706847929886259 5.90031
0.7868214838730516 -0.38567656632518393 0.48183559302258394 -9.24791 -0.5891806351171367 -0.7018621191696646 0.40031955345403125 13.1525 0.18378827960122113 -0.5988682257911865 -0.7794733583766282 5.8845
0.7826751027605462 -0.3861805950230277 0.48814365871782905 -9.27758 -0.5883774217307766 -0.7148832321351665 0.37782796880249764 13.1635 0.20305588668199684 -0.5829292516589277 -0.7867412499952892 5.86518
0.7896131239921651 -0.38718488319309313 0.4760241387220653 -9.29816 -0.5778710794482247 -0.7301062343517373 0.3647052263103301 13.1659 0.20633984093402047 -0.5630566159699008 -0.8002444109494589 5.85545
0.7855457371487359 -0.3932594689150835 0.47777074518651336 -9.32824 -0.5777081183692521 -0.7427471656039365 0.3384966439384259 13.1784 0.2217458563709998 -0.5419166338985597 -0.8106510575373024 5.83743
0.7956512053738379 -0.3825780385888519 0.46965221576893007 -9.35254 -0.563395843612994 -0.7522053471825886 0.34171953275972416 13.1666 0.2225405194268258 -0.5364896644479075 -0.8140359679730437 5.82093
0.7862504988927088 -0.3911992950571923 0.47830248226171923 -9.38368 -0.5682098403195125 -0.7618921060952202 0.3108986909490996 13.1807 0.24279153682746127 -0.5162204279341777 -0.8213213374973365 5.79895
0.7926062817797311 -0.38812101145076305 0.47025244555849577 -9.40701 -0.5585895173801845 -0.7714010657227534 0.30482478061137463 13.1721 0.24444433549641106 -0.5042841225660756 -0.8282176589348244 5.78
0.7926942778175111 -0.3842728189473223 0.4732548811514291 -9.43984 -0.5532213576748735 -0.7795614130993859 0.293649676687816 13.173 0.256089654862793 -0.49458912627024837 -0.8305418019868044 5.75969
0.7991564837058263 -0.37770495233770285 0.46764076333283194 -9.46988 -0.5397904928656782 -0.7932427291373065 0.2817662089084261 13.1709 0.2645281428558565 -0.4776033308618902 -0.8378066125227588 5.74234
0.7997733382873441 -0.36626924524044735 0.4756148098574207 -9.50719 -0.5283081591004458 -0.8056669078218527 0.2679390278937956 13.1741 0.2850492876549869 -0.4655616754327692 -0.8378539431044155 5.72089
0.8020424373180567 -0.3481491823471645 0.48530410627967224 -9.54783 -0.507677119888394 -0.8254189644965236 0.24687542403267165 13.1793 0.3146297358526938 -0.4443823577511679 -0.8387684122788462 5.69674
0.8100689687348173 -0.32934078429560193 0.4851009314487734 -9.59384 -0.4838035697253002 -0.842844253548475 0.23568553239723994 13.1742 0.33124367437577795 -0.42561509848673323 -0.8420982223744222 5.66891
0.8055340375555619 -0.3239525010284198 0.49615490667418205 -9.64936 -0.47226511515359076 -0.856715161169579 0.20737597168222777 13.1785 0.3578834661567928 -0.40136505789569443 -0.8431046880144754 5.63086
0.7949176132054195 -0.31394701292055216 0.5191755592225638 -9.71457 -0.45986993945469146 -0.8699525846297024 0.1780509457487916 13.1864 0.39575955705672805 -0.380289065809633 -0.8359154259994842 5.58796
0.7878000349665053 -0.318136245812474 0.5274091713339071 -9.77839 -0.4584931932240074 -0.8746750316732483 0.15725005797981628 13.1957 0.41128469054175415 -0.3656951162754949 -0.8349323237593729 5.55431
0.7728863591221072 -0.3359057657483828 0.5383437493089013 -9.84171 -0.46612032921696656 -0.8762022265579829 0.12248059791452627 13.2095 0.4305560527662331 -0.34559654904501824 -0.8337772548555967 5.5117
0.7633993678176387 -0.3513044109710184 0.542039312271661 -9.90704 -0.4678121245071232 -0.8793411209307249 0.0889438542251681 13.2273 0.4453910881234169 -0.32147224432694327 -0.835632918659645 5.47614
0.770816916279979 -0.33044114936178787 0.5446557889025735 -9.98183 -0.4442128649601273 -0.8916160502947768 0.08772542083488842 13.2166 0.4566357543825711 -0.30956334677284253 -0.8340589440526716 5.43788
0.7673280833543336 -0.32511548393603895 0.5527273600979057 -10.0639 -0.43239243549957074 -0.8988404779770064 0.07157217946112811 13.2218 0.4735445007795089 -0.2939144726873816 -0.8302830171251149 5.39447
0.7651597442230077 -0.3214512241583661 0.5578527371158716 -10.1482 -0.4243511465326714 -0.9034084238417143 0.06147620814784406 13.2223 0.4842072596078967 -0.28376456829371377 -0.82765995404157 5.34965
0.755883058729029 -0.3267450653632424 0.5673433385413262 -10.2413 -0.42391286341623474 -0.9046440423499346 0.04378402529483119 13.2324 0.4989375569715073 -0.273599742144506 -0.8223165420577186 5.2977
0.7480789088732986 -0.3288847315437123 0.5763790241293963 -10.3358 -0.4205624191951039 -0.9068186756780241 0.0284102270725944 13.243 0.5133275734457449 -0.26365644843048114 -0.8166884837815018 5.24886
0.745367282631798 -0.3311046898656256 0.5786167110713948 -10.4255 -0.4193037486301663 -0.9076082193901803 0.02077706620476738 13.2376 0.5182778987828639 -0.25810270135040203 -0.8153349098308286 5.19452
0.7442547665472717 -0.33110434464176375 0.5800472010371347 -10.5132 -0.42019868365601054 -0.9071817820606379 0.021313858192289786 13.222 0.5191511424676074 -0.2595980108872816 -0.8143039751947333 5.14354
0.7425049244058973 -0.3297003668464994 0.5830815597618199 -10.6065 -0.4184150291467118 -0.9080494959951374 0.019364302392116603 13.2125 0.5230824988633717 -0.25834817770648344 -0.8121828109844423 5.09076
0.7450707298127671 -0.32764095687575956 0.5809655849994966 -10.695 -0.41843910797325645 -0.9079113624681764 0.02461038032468303 13.1891 0.5194018872653585 -0.26143519517983177 -0.8135559711700647 5.03997
0.7476002334027259 -0.32261632108167027 0.5805278635758312 -10.7908 -0.4160556819125316 -0.9088195343750676 0.03073635447778525 13.1706 0.5176790130616543 -0.26451042193080865 -0.8136600494835036 4.98272
0.7516258189383772 -0.31833139012548334 0.5776882847747483 -10.8744 -0.4116548242326183 -0.910714403749937 0.03375767303012092 13.1899 0.5153629148388789 -0.2631813079669104 -0.8155591119873534 4.90737
0.7569719878375032 -0.31098631767616464 0.5747007219828062 -10.9594 -0.4062097966548643 -0.9128563772034186 0.04107110542295718 13.213 0.5118466672070385 -0.2645387397287389 -0.8173323953274934 4.82192
0.7656031076618073 -0.2977542454585634 0.5702580914375395 -11.0418 -0.3969235970585902 -0.9162327343846937 0.054490683056993325 13.2397 0.5062642982046566 -0.2680671291922032 -0.8196563149332758 4.73888
0.776524413503164 -0.28308189830324854 0.5629160453270066 -11.1251 -0.386148004931888 -0.919766155956859 0.07014226003962087 13.2726 0.49789512301356176 -0.2718360851862248 -0.8235323850765907 4.63611
0.7884344574939609 -0.2691170515878231 0.5531248672595377 -11.1944 -0.37699691743801406 -0.9219464173333515 0.08881513276707753 13.3088 0.48604982304125927 -0.2785512809356212 -0.8283506222673379 4.54358
0.8027507108767901 -0.2502670638263796 0.5412556632041196 -11.2641 -0.36041828760609423 -0.9267443430576437 0.10603575137540878 13.3526 0.47506836786498335 -0.2801987140840936 -0.8341455067790758 4.45657
0.808542853144654 -0.22951677693895914 0.5418306965577475 -11.3595 -0.3507762882278401 -0.9273016833864723 0.13064296232753356 13.3868 0.47245576538529094 -0.29569179409000546 -0.8302721919118045 4.35298
0.82019066822949 -0.2019706392580129 0.5352523971239848 -11.4529 -0.33418974129727735 -0.9285267675616439 0.16172587527413013 13.4149 0.4643322997174772 -0.3115219138347 -0.8290655056386341 4.232
0.8394234131553407 -0.17688163210163374 0.5138883358003962 -11.5089 -0.30718865094776626 -0.9344420831060053 0.18014751191565465 13.4712 0.44833410106251104 -0.30908070393599757 -0.8387285927395695 4.13524
0.8570777963396119 -0.1510444290747583 0.49254769461151154 -11.5984 -0.2794687361409156 -0.9394749320565423 0.1982021128978056 13.5444 0.4327988869456965 -0.307526311854507 -0.847415300177977 3.99799
0.8815494549829115 -0.11880956428540065 0.4568969750979373 -11.664 -0.24604326320862455 -0.94160601952718 0.22987130447237536 13.5967 0.40290603252989826 -0.3150593458770795 -0.859304566219989 3.86525
0.9045455034834164 -0.08535732777260024 0.41774580635052877 -11.7338 -0.20915973591895148 -0.9426025494611916 0.26029337029508925 13.6513 0.37155031556741686 -0.32282280022449295 -0.8704802138227898 3.72022
0.9253720713285936 -0.05141929695149551 0.3755563679476663 -11.8005 -0.17138620162362145 -0.940460053915813 0.29353305926538187 13.6892 0.33810249850904145 -0.33599247445393887 -0.8790880260885503 3.59083
0.9428059626566937 -0.023093807244928488 0.3325411145195725 -11.8758 -0.13518381967811244 -0.9383694520253775 0.31810078026127026 13.7428 0.3047002653038244 -0.3448614904168447 -0.8878222236186996 3.45444
0.9590465852635532 0.0018273384295043257 0.2832424899773727 -11.9262 -0.11069694015381731 -0.9180332399720317 0.38073764950032996 13.7117 0.2607217573101643 -0.3964992195966065 -0.8802343631808416 3.35793
0.9785096006856326 0.013270604223100495 0.2057737894621133 -11.9342 -0.09134249807435074 -0.8667779227617107 0.4902576676181938 13.6107 0.18486619326307754 -0.49851772654184323 -0.8469383489439894 3.29857
0.9912023396173406 0.03979478025084943 0.12623112691367713 -11.9616 -0.03895089603341772 -0.8237896822993136 0.5655558213257027 13.5366 0.1264940695657474 -0.565497068782839 -0.8149922180994817 3.21781
0.9874847922091409 0.08264298664781515 0.134327666225535 -12.2659 -0.02537208169194434 -0.7573783011163832 0.6524832307949976 13.2581 0.15566002256933859 -0.6477254401025098 -0.7458027296931292 3.11941
0.988898194945377 0.11225779348336395 0.09735783397355119 -12.3939 0.01816332619143734 -0.7415959710927034 0.6706008568744406 13.3349 0.14748034992987574 -0.661387634796204 -0.7354018921129075 2.98713
0.987836620836982 0.14026743378675577 0.06711078566259787 -12.5486 0.05537091660681208 -0.7206162757254546 0.6911195589430944 13.3725 0.14530269139797286 -0.6789972239843504 -0.7196178831116218 2.84166
0.9843594022629638 0.16379590374229477 0.06486500669656889 -12.8018 0.06875793741208605 -0.6961864851375481 0.7145605110518369 13.3169 0.16220022570679946 -0.6989243734690267 -0.6965599808714193 2.72688
0.9819888119521775 0.1662439696145622 0.08978260281114323 -13.0807 0.0515575810817264 -0.6929359781707579 0.7191533535968082 13.3216 0.18176850396521446 -0.7015715734857899 -0.6890265149055735 2.65927
0.9775877321354789 0.17052619228790145 0.12346272199332248 -13.393 0.0279394530038055 -0.6863403756377089 0.7267436107289396 13.3006 0.20866627169731794 -0.7070061573375992 -0.6757223398280265 2.56998
0.9752953199474457 0.18797890782760698 0.116030035338048 -13.5623 0.04240911494018543 -0.674806743800443 0.7367749490118626 13.3813 0.21679600055950932 -0.7136524285206228 -0.6661078782059389 2.42865
0.9744349312062452 0.19868513482823866 0.10488461299621069 -13.6726 0.057224890178368154 -0.6709309686388689 0.7393084249928327 13.5135 0.21725992909221428 -0.7144059437879796 -0.6651483072903759 2.29928
0.9746855491996653 0.20549055411450284 0.08810058087811448 -13.7198 0.07371967153876924 -0.667383492039977 0.7410564651770751 13.6513 0.21107697697655844 -0.7158022818643709 -0.6656377416194164 2.16555
0.9751371875833146 0.2081828581620996 0.0759431561074675 -13.7614 0.08363665764443143 -0.6631035972209918 0.7438403920537316 13.7695 0.2052129988333396 -0.7189947961703479 -0.6640286953059995 2.02422
0.9761754454327528 0.20834921519979677 0.06059788989556868 -13.7624 0.09469535934549261 -0.6603465600729889 0.7449665828197924 13.897 0.19522881102079864 -0.7214797468573872 -0.6643438012219322 1.88192
0.977777829344662 0.2037936051478455 0.049180107186589314 -13.7601 0.09992554444094903 -0.6592732337490148 0.7452339826056621 14.0202 0.1842970482949206 -0.7237589168797579 -0.6649869383881302 1.73254
0.9780288433198543 0.20164444771048254 0.05290650566766275 -13.81 0.09555227658354845 -0.659161138257987 0.7459063991213215 14.1379 0.18528179639168285 -0.724462635694878 -0.6639461916510265 1.58734
0.9775570877474824 0.20022665143221594 0.06550899366425102 -13.8825 0.08560508965977573 -0.6616585473753736 0.7449025005391325 14.2472 0.1924939189143458 -0.7225768158067019 -0.6639494231036311 1.45704
0.9781678292623188 0.1916530127114108 0.08035434347241309 -13.9361 0.0698473906266158 -0.6673594453077607 0.7414531089564401 14.3558 0.19572695220356257 -0.7196530368706558 -0.6661760027980193 1.3112
0.9797504133932956 0.17897882261704184 0.08975359887093151 -13.9386 0.05414470249155016 -0.66840247617763 0.7418264494015526 14.4591 0.1927627522312548 -0.7219450885588393 -0.6645583574510231 1.11628
0.9803916814069202 0.16804265651569933 0.10292626787782996 -13.8691 0.03800467096583872 -0.6737438826695701 0.7379870090659532 14.5251 0.1933592408262156 -0.7196046457301951 -0.666919303837151 0.935469
0.9797510991949153 0.1583408067046095 0.12253967748647504 -13.7538 0.017047631641908062 -0.6757768063182835 0.7369091438553761 14.5662 0.19949226020514593 -0.719898532415781 -0.6647924045473502 0.72058
0.9800685475062875 0.14709401593478788 0.13352525103923965 -13.5929 0.0018171658803422391 -0.6787405513336863 0.7343758995796408 14.4626 0.19865130278223428 -0.7194960836942892 -0.665479560506182 0.874191
0.9813331700617449 0.13380471664980928 0.13813582858487622 -13.4872 -0.010840359162886393 -0.678649490718751 0.7343822951027613 14.3492 0.19200962462800059 -0.7221711476855358 -0.6645307649016485 1.0808
0.9827028050707276 0.12123083462157039 0.13999386287648868 -13.3784 -0.021362895944885073 -0.6766921640741304 0.7359560732526897 14.2329 0.18395331903222534 -0.7262167719198089 -0.6623974460996966 1.2624
0.9816023222571124 0.11055661808149901 0.15567310345022886 -13.3431 -0.04073236874954843 -0.675294200678785 0.736422851808424 14.0983 0.18654156393548035 -0.7292153157524758 -0.6583671226576571 1.44642
0.9808017227154064 0.100542666608257 0.1670902537845699 -13.2967 -0.05643072252560799 -0.6738462486509249 0.7367135174097962 13.9717 0.18666428226559287 -0.7319989107713051 -0.655235866200786 1.61554
0.9787279047549939 0.09443125136306209 0.1821384836323868 -13.2787 -0.07271267831574722 -0.6704908972382391 0.7383460050225853 13.8301 0.19184513250549182 -0.7358836154492551 -0.6493618018079619 1.77913
0.9783016045026176 0.08893491102916337 0.18712710179938927 -13.2146 -0.08002258066424303 -0.6709027580206086 0.737214945497021 13.7258 0.1911082342847605 -0.736192957641253 -0.6492284435450941 1.9507
0.9789103860524213 0.08856412502143884 0.18409468172080973 -13.1232 -0.07881088376047429 -0.6676704201851615 0.7402736349557932 13.6263 0.18847626025468645 -0.739170214341025 -0.646609691816826 2.10107
0.9785842444441942 0.08994088765199701 0.18515807639408116 -13.0772 -0.07974305897353995 -0.6636203364657375 0.7438071615510594 13.518 0.1897733413078035 -0.7426430406039447 -0.6422362440499599 2.24365
0.9793919488827723 0.0935642065303549 0.17898924470467517 -13.0101 -0.07386926076198776 -0.6588760920165238 0.7486158077969705 13.4287 0.1879753781166099 -0.7464100981534068 -0.6383864210621488 2.37687
0.9797634482277788 0.10279854803470133 0.17174412373868878 -12.9713 -0.06471482677469688 -0.649263673004528 0.7578051689663978 13.3194 0.18940849165846238 -0.7535841966486738 -0.6294722248431932 2.48025
0.9815967369364837 0.11585671270979403 0.15180602147387873 -12.9059 -0.043648305230931765 -0.637779132255738 0.7689815367806858 13.2451 0.18591038563274215 -0.7614558428295091 -0.620984965949005 2.56397
0.9826305392347272 0.1307344783222993 0.13170314932098343 -12.8611 -0.02127533102939593 -0.625667370464495 0.7797997831659316 13.1632 0.18434908096559266 -0.7690571095268806 -0.6120184463178384 2.65115
0.9824881983601995 0.1486559056661787 0.11233148175599492 -12.8409 0.002124917476349422 -0.6117800785280006 0.7910250440042921 13.0722 0.18631270705093614 -0.7769340752128469 -0.6013825886775493 2.73998
0.9812117282540311 0.1709412808443875 0.08945738001985878 -12.8337 0.030766987563171533 -0.5963709075354102 0.8021191514492586 12.9793 0.19046505404673278 -0.7842963847606791 -0.5904254771250168 2.83257
0.9794385570614359 0.19205638661831892 0.06176129289876364 -12.8265 0.06269480134161375 -0.5807431876534177 0.8116690901339552 12.8927 0.19175368269253046 -0.7911078904632804 -0.5808432067439457 2.92427
0.9756739238616043 0.21687463159704884 0.03202793259241511 -12.8305 0.09775229643430584 -0.5611483985710191 0.8219227234497171 12.8055 0.19622661093317473 -0.7987977647382503 -0.5686978531793974 2.99992
0.9699748236002687 0.24315242769777023 0.005073311177953774 -12.8631 0.13175099019410597 -0.5428816828174358 0.8294101247538407 12.7193 0.20442729310075092 -0.8038385256791253 -0.5586171376439412 3.08944
0.9629152440904656 0.26786302053686456 -0.03230533898701547 -12.8615 0.17277112213799609 -0.5202075066539038 0.8363816648971364 12.6528 0.20723023923495415 -0.8109460846750512 -0.5471947328847637 3.1365
0.9531743259403133 0.29776654746124215 -0.05285629178481477 -12.995 0.20252353597404432 -0.49869134728393993 0.842787729811427 12.538 0.22459501718604447 -0.8140282693845102 -0.53564452288627 3.21057
0.9420064100316219 0.3252251521232675 -0.08277997273334656 -13.0848 0.23834667759633635 -0.47471254089399967 0.8472537192581399 12.4628 0.2362515285413497 -0.8178487659368082 -0.5246985909238899 3.24814
0.9283300223685542 0.35097061042528244 -0.12256834904209332 -13.1309 0.28154828067224846 -0.44845516742837105 0.8483033233798466 12.4001 0.2427631257413295 -0.8220143511061692 -0.5151295675418011 3.26793
0.9126600836013073 0.37495877167760944 -0.16265758925692184 -13.1798 0.325240967112618 -0.42524859676694227 0.8446194079343643 12.3665 0.24752754414913922 -0.8237533310947918 -0.5100593734044411 3.29348
0.8948722298508809 0.39606195665095995 -0.20576350195193846 -13.2275 0.3685273737358889 -0.3956196761186885 0.8412328135986332 12.3188 0.25177622415359385 -0.8286253667137867 -0.49998873446248976 3.26916
0.8761888996727505 0.41236947872600505 -0.24948832659164144 -13.2567 0.41039667544704816 -0.36691204359945884 0.8348353855962737 12.2663 0.2527203610164105 -0.8338626777095325 -0.49071932288307485 3.22814
0.8538139142546275 0.42887352913110915 -0.2950750681365995 -13.2594 0.4558325824800256 -0.34215416937946624 0.8216734029563315 12.267 0.2514328072761823 -0.8360610147512411 -0.48763051897757886 3.21139
0.8321352342425984 0.44358216118757504 -0.33284503632798257 -13.298 0.4930695628043084 -0.31706464385371624 0.8101557985066108 12.2184 0.25383726709839904 -0.8382749417071205 -0.48255752396780605 3.18534
0.8076056130693263 0.46120648850978896 -0.3675074811420676 -13.3565 0.5322807618266653 -0.30180815619747386 0.7909418609745635 12.2505 0.2538707630432108 -0.8343862485738549 -0.48923330207857546 3.19055
0.7875584568750711 0.47477273835600897 -0.3928645108921056 -13.449 0.5602118379490408 -0.2859929442172479 0.7774128455844472 12.2127 0.2567379473827628 -0.8323454107351628 -0.49120947018741296 3.16411
0.7672387257782776 0.48799309959814946 -0.4161820183654206 -13.5483 0.5868989291452912 -0.2725161470014055 0.7624202230998458 12.1867 0.2586394877705938 -0.8292151013869071 -0.49548756896380963 3.13909
0.7474760620920152 0.49648925737214306 -0.44133655401911953 -13.6026 0.612927463038431 -0.2593118517012113 0.7463761039988897 12.1745 0.2561239185485926 -0.8284055654577331 -0.4981413027103524 3.08013
0.7367113727681722 0.48799274737071974 -0.4681019458917171 -13.622 0.634962009168522 -0.26116173698469963 0.727061066243963 12.1707 0.23255020994767767 -0.8328611082579805 -0.5022576770986977 3.02774
0.7264790045923183 0.47752608189695045 -0.4941630267378381 -13.6337 0.6547544344511591 -0.26268496337746255 0.7087264920841636 12.1723 0.20862618832039556 -0.8384303495959149 -0.5034974304039443 2.93045
0.7184247753095309 0.4720222434529053 -0.51094113546194 -13.6638 0.6690198291870516 -0.26774920842523886 0.693341784073473 12.1296 0.1904686598261734 -0.8399436666070792 -0.5081499055895584 2.86996
0.7100368098961621 0.4696345653742272 -0.5246819070620232 -13.6888 0.6827585355273565 -0.27683221993226936 0.6761691387307697 12.1288 0.17230354249701405 -0.838336028697999 -0.5172080744051154 2.81423
0.7024416216914323 0.4677188400238147 -0.5364837880144078 -13.7064 0.6945015398674727 -0.2855309809431227 0.6604087143908441 12.0914 0.1557028555846682 -0.8364873852057995 -0.5254002999183999 2.76149
0.6947276124184869 0.46675601665686056 -0.5472589564894567 -13.7046 0.7057514219636534 -0.29551799641151877 0.6438820110806038 12.0654 0.13881093234896844 -0.8335513989620209 -0.5347182345393394 2.70302
0.6884992262905395 0.4720757267729825 -0.5505572845663648 -13.7245 0.7142005388046868 -0.30940846801100574 0.6278407364086674 12.016 0.12604128596782793 -0.8254761705311929 -0.5501842292511968 2.70364
0.682706590458806 0.4769446422338437 -0.5535661835666473 -13.7422 0.7218082583727694 -0.32242449710047183 0.6124012424990477 11.9735 0.11359819315896591 -0.8176590071135637 -0.5643839106468925 2.68306
0.6746505512744547 0.48200313032037767 -0.5590345392070429 -13.7392 0.7312636459534713 -0.33332757908859617 0.5951018443306754 11.9367 0.10049932224602309 -0.810287422696596 -0.5773510014261665 2.64986
0.6656702309337603 0.49324269070514604 -0.5599953497258183 -13.7491 0.7410499201296002 -0.3485200226395182 0.5739153332114959 11.9066 0.0879099512257116 -0.7970228615825878 -0.5975168605070451 2.68251
0.657448721357546 0.5035458352050153 -0.5605379297005793 -13.7607 0.7496610312686951 -0.36212847253857045 0.5539596624069649 11.8624 0.07595733659420012 -0.7844135141776725 -0.6155695913484927 2.69632
0.6491198138436872 0.517275997515709 -0.5577356091103253 -13.7816 0.7578923596463066 -0.37700626910088264 0.5324147295561861 11.8191 0.06513553918784051 -0.7683045069845429 -0.6367617655622455 2.74023
0.6403621415779112 0.5307507312112554 -0.5551936499569035 -13.8013 0.7661802848782577 -0.3906939076867576 0.5102215612460168 11.7576 0.053889690086535325 -0.7521050005253047 -0.6568363338665183 2.78208
0.6303640118481193 0.5435898943263856 -0.5542122692190898 -13.8089 0.7751956486109516 -0.4027118204329725 0.4867184977563594 11.6935 0.04138742491856823 -0.7364327643918283 -0.6752435594574893 2.81429
0.6198963117856175 0.5581633593014113 -0.5515271769985153 -13.8214 0.7841078968949116 -0.4137005627820778 0.4626301442630286 11.6236 0.03005609192205211 -0.7192395349861932 -0.6941117508378729 2.84972
0.6133022628287548 0.5676357819532875 -0.5492266867654999 -13.9 0.7895848496340253 -0.4226532300875475 0.44488202068073734 11.6021 0.020398520474348647 -0.7065082208600564 -0.7074107959450543 2.77912
0.6029155999879985 0.5843022474377776 -0.5432160370702188 -13.9258 0.7977669617848907 -0.43489995938484716 0.4176480575934266 11.5539 0.007788066230825785 -0.6851663367141002 -0.7283449986497909 2.82127
0.5904120817571724 0.6021029977704091 -0.5374807473677996 -13.9414 0.8070918343250242 -0.4437812542417989 0.38943673343618124 11.4849 -0.0040428555538610245 -0.6637244748082312 -0.747966227084825 2.8615
0.598561650201978 0.6181461931267362 -0.5095284435931017 -14.0326 0.8010539686944305 -0.4666597890314207 0.37488822406158895 11.4209 -0.006040707440950865 -0.6325534959385439 -0.7744931146430801 2.9014
0.5933380003565181 0.6342794802296912 -0.49562037719658164 -14.0722 0.804759123521346 -0.48094752467522567 0.3479256121902049 11.3681 -0.01768531713269733 -0.6052925073617933 -0.7958066411444364 2.9335
0.5827057545409652 0.6502947428846994 -0.48741230083099807 -14.0975 0.8118794166088467 -0.4924779528814688 0.31355586234761523 11.329 -0.03613608323716391 -0.5784308198066566 -0.8149306536056157 2.97243
0.5697411326531329 0.6673325136701826 -0.47964816059457627 -14.1121 0.8200935235718689 -0.49952070241091995 0.27915171584351295 11.273 -0.05330716986111242 -0.5524005648635203 -0.8318725633051386 3.00287
0.5553726529418473 0.6864563831719306 -0.4694026527053784 -14.1329 0.8288041376415094 -0.5031572533935079 0.24477842998478336 11.219 -0.06815363374500685 -0.5249861068257073 -0.8483776693474073 3.0361
0.5398229118810856 0.7044609321561175 -0.46078847519654764 -14.1444 0.8371041450409529 -0.5068618720886567 0.20578555094572884 11.1806 -0.08858822813151143 -0.4968156979087073 -0.8633228180396967 3.06848
0.5239278528047715 0.7226401980562667 -0.4508777541735469 -14.1554 0.8449481211017595 -0.5077727468533099 0.1680163986033825 11.1404 -0.10752803216830434 -0.4689967821917803 -0.8766297625518812 3.1041
0.5079832818540514 0.7418923682396139 -0.43766276892672107 -14.1749 0.8525398875942736 -0.505595133600469 0.13247377453770742 11.093 -0.12299888380603632 -0.44041943057424354 -0.8893267114818538 3.14215
0.4920245764966099 0.7591793265260697 -0.4260968977811903 -14.1865 0.859480392307059 -0.5015039022725069 0.09893073963713803 11.0513 -0.13858308469302805 -0.4148982841382576 -0.8992519905210629 3.16446
0.47472130847083116 0.7766795626024705 -0.41401514020549623 -14.204 0.8666787579848181 -0.49445897985157805 0.06616832854190532 11.01 -0.15332191539905415 -0.390229643004951 -0.9078618925687946 3.19123
0.4580790349036089 0.7923830793538775 -0.40285562343778375 -14.2107 0.8726518154640484 -0.48715170648228506 0.034088470759165296 10.9739 -0.16924067699308915 -0.3671679049495813 -0.9146285162982054 3.21947
0.4422056213864835 0.8065512860650635 -0.3923381339622574 -14.2195 0.8776649543201113 -0.4792581512457154 0.00398151011754122 10.9396 -0.18481995664016132 -0.3461020765776062 -0.91981244621727 3.24455
0.4309051473892226 0.8199249827417565 -0.3768869547084408 -14.2489 0.8826676505082875 -0.4698199402508606 -0.012924491821999451 10.8927 -0.1876661202765474 -0.3270966927662334 -0.9261690887099074 3.24648
0.41812932076201986 0.830120547015433 -0.36887362136901297 -14.2545 0.8862469640349421 -0.46189814444864846 -0.034877254676128955 10.8627 -0.1993343669765451 -0.3123299242430887 -0.9288249719750037 3.26357
0.40759448690028666 0.839043362367616 -0.3603789260144623 -14.261 0.888072321957102 -0.4560970179123581 -0.05747226483422441 10.851 -0.21258947580304435 -0.29661717131396714 -0.9310338170332414 3.28237
0.396763919088046 0.8464994629766867 -0.3549888050207716 -14.2637 0.890598987844615 -0.44865454803576577 -0.07444823286667011 10.8297 -0.2222877310155505 -0.2866142978063091 -0.9319015017333938 3.29925
0.3884705342852914 0.8525849790009783 -0.34955614366507914 -14.2677 0.8925362771318583 -0.44245208200721536 -0.08726482184180882 10.8119 -0.22906251984055026 -0.2780917271502006 -0.9328426197890595 3.31304
0.3834606128939547 0.8546709517028489 -0.34999360376203914 -14.269 0.8937101158716968 -0.43895460299197986 -0.09274203631984788 10.7913 -0.23289522783344274 -0.2772299060842824 -0.9321498763744535 3.31781
0.37964444253248836 0.8566000701769687 -0.3494372862575035 -14.2755 0.8946684740882336 -0.43607734822821004 -0.09697869784073167 10.7771 -0.23545364453927586 -0.27581310000626275 -0.931927419458247 3.3284
0.37709011805857073 0.8562537626419571 -0.35303333670358117 -14.2746 0.8962552112547146 -0.4334632368670691 -0.09400116267094603 10.7575 -0.2335158220792324 -0.280961058237995 -0.930876600088565 3.3353
0.3770760341564591 0.8536391292645487 -0.35932422887039 -14.2699 0.8968360567349638 -0.433416627359024 -0.08851618196019251 10.7509 -0.23129797189970752 -0.28887759365723126 -0.9290053735462945 3.34119
0.3806877687579133 0.8474166848385105 -0.3700834837917392 -14.2631 0.8960448977818734 -0.43692375951051665 -0.07874750493995793 10.7527 -0.22843021664655944 -0.3016332054540832 -0.9256549278701547 3.34923
0.38764820238229925 0.8387954204310776 -0.38229715386545043 -14.2589 0.8943360014622123 -0.442719981724201 -0.06451460509609405 10.7576 -0.22336514427804938 -0.3168931372655063 -0.921784547427256 3.35969
0.39739923681033223 0.82853152671488 -0.39447351726329566 -14.2566 0.8930173028554264 -0.44810200486616497 -0.041529387615797886 10.75 -0.21117278087714159 -0.3357679294906432 -0.9179683840646046 3.37012
0.41057470150631215 0.8132357142463591 -0.4124028219559328 -14.2417 0.8895060809659179 -0.4566777005948456 -0.014980310546136466 10.74 -0.20051769599628044 -0.3606842814063551 -0.9108784236871156 3.38719
0.42942788369685453 0.7931880243724363 -0.43179213829780605 -14.2247 0.8828372122207753 -0.4694166127057198 0.015700332293849456 10.7421 -0.1902370873985667 -0.38794432810396784 -0.9018364867702294 3.40366
0.44876820619880387 0.7725499607767926 -0.44919222523200897 -14.2086 0.8761109978497016 -0.4794337601176115 0.0507226685643449 10.7368 -0.17617212194870024 -0.41630496965958086 -0.8919941455440319 3.42749
0.46907659830985804 0.7488898597004805 -0.4681144336119604 -14.1853 0.8683213540408856 -0.48782747902273643 0.08967929987976284 10.7244 -0.16119916573808585 -0.44854021976642855 -0.8791055114246691 3.45286
0.49337846051594286 0.7223192192829977 -0.4845953364956359 -14.1647 0.8573819634348936 -0.49771942434267896 0.13104023583815316 10.7167 -0.14653963107448 -0.48013573089949535 -0.8648675138066884 3.4809
0.5171731478489598 0.6940966963610669 -0.5007611319228467 -14.1374 0.8456272916198204 -0.5046827950244868 0.1738095511587292 10.7013 -0.13208489244317417 -0.5133469124353672 -0.8479554992340992 3.5103
0.5418371922574597 0.6632869437377998 -0.5162004333139611 -14.1028 0.8314362389522646 -0.5128727023334504 0.2137179724732963 10.7023 -0.12298877039577741 -0.5449880929599771 -0.8293743068653515 3.55374
0.5669152864241306 0.6331150944089207 -0.5270411134344541 -14.0771 0.8166733325931262 -0.5157815787718644 0.25887068360639054 10.6765 -0.10794316027374215 -0.577178170265635 -0.8094526755276868 3.5932
0.5922211700573841 0.6019911514324929 -0.5356124898962347 -14.0462 0.8001174781350626 -0.5179731797917251 0.3025157949582743 10.652 -0.09532107279426835 -0.607709172724446 -0.788418324538388 3.63565
0.6144254650941932 0.5716090235751157 -0.5438239347539674 -14.0046 0.7843186325306426 -0.5172962643580641 0.3424162051458055 10.6313 -0.08558989723704061 -0.6369204809461654 -0.7661636055323029 3.68655
0.6362018454140029 0.539598061320051 -0.5514355303310261 -13.9507 0.7672356576242524 -0.5177249556235993 0.37856349004417145 10.6177 -0.0812198101555191 -0.6639237927233705 -0.7433764456142774 3.74414
0.6588444282185828 0.5110926100030013 -0.55200395234604 -13.9241 0.7488740393755879 -0.5153251394177525 0.41668654145936235 10.5847 -0.07149610167428422 -0.6879130356988408 -0.7222630841743098 3.79205
0.6788449400272196 0.4843608047948576 -0.5518733171461714 -13.8802 0.7312460006940461 -0.5142124684406757 0.4481794548717183 10.5639 -0.06669957922209066 -0.7077995112167182 -0.703257433699048 3.87104
0.6962009158161581 0.4588123182473197 -0.5520829117453858 -13.8314 0.7150346601052734 -0.5112447446291594 0.4768167844541571 10.5465 -0.06348007297474806 -0.7267186991632912 -0.6839957694471032 3.9182
0.7119483181460905 0.4374700123413313 -0.5493173769243321 -13.7933 0.6994493706532434 -0.5113328066906954 0.4993088610215104 10.5279 -0.06245134251347309 -0.7397017974183189 -0.6700306565481714 3.99868
0.7267091330829161 0.41973315616509504 -0.5437995159151618 -13.7642 0.6845810942631956 -0.508121600005718 0.5226482229808446 10.471 -0.05694349191331877 -0.7520881046947338 -0.6565979907869051 4.06784
0.7360565835937976 0.4056489647133741 -0.5419129295146914 -13.7076 0.6744597938085808 -0.507675403819208 0.5360687184425995 10.4529 -0.05766014467475525 -0.7600753921710478 -0.6472717404090143 4.12932
0.7423998788960778 0.3963956070483857 -0.5401045662904826 -13.662 0.6672995796543048 -0.5092495290886926 0.5434852234570251 10.4337 -0.05961284096800584 -0.7638949141313132 -0.6425814106835309 4.1901
0.7455895534663912 0.3931714937642301 -0.5380635596776566 -13.627 0.6637062591717402 -0.510704207002652 0.5465118612491839 10.4038 -0.059918438714990474 -0.7645896869831532 -0.6417261029917372 4.23756
0.7469204584552276 0.39575489087547305 -0.5343106728198257 -13.5992 0.6621569529156508 -0.5158169461016486 0.5435816845882774 10.3788 -0.06048138925730012 -0.7598098080852281 -0.647326082504788 4.31132
0.7456607080089065 0.40021715817797443 -0.53274415513603 -13.5551 0.6632957878155284 -0.5219928298346391 0.5362482479853923 10.3596 -0.06347287923068892 -0.7532262023463945 -0.6546918983010211 4.35968
0.7431031382952291 0.411689691599153 -0.5275503044134995 -13.5247 0.666065533158865 -0.5309790742860989 0.5238491464229701 10.3298 -0.06445487874147754 -0.7406570194774852 -0.6687845304020943 4.4365
0.7393371982188833 0.4246801438204604 -0.5225201266692838 -13.4879 0.6699892487616228 -0.5412591550763143 0.50808752552086 10.2977 -0.0670441188598046 -0.7257308746985395 -0.6847041577466905 4.50113
0.7320500096051439 0.4415269439461701 -0.5188031815695283 -13.4511 0.6775710219067584 -0.5509348014170223 0.48720463345479137 10.2566 -0.07071275492681947 -0.7081841585047933 -0.7024776892781135 4.57679
0.7227131510842058 0.46085842523902226 -0.5150681635823999 -13.4058 0.6869995901058367 -0.5605433122130161 0.4624097299232284 10.2253 -0.07561259448233354 -0.688041210262488 -0.7217215727246766 4.65357
0.7115567599817099 0.48164581382594235 -0.511570412893745 -13.3548 0.6976601492796533 -0.5707487254179617 0.4330314174986195 10.1944 -0.0834103916273215 -0.6650287230321089 -0.7421452041958225 4.72649
0.6924733603668088 0.4476625736278256 -0.5657551284391609 -13.1292 0.6789854631127715 -0.669452554257575 0.3013503251691357 10.5813 -0.24384295368912126 -0.5928165802091911 -0.7675344397258307 4.24839
0.6791063529067036 0.47372154393616817 -0.5607160246082583 -13.0918 0.6882951181050185 -0.6764023948344391 0.2621633663482262 10.5784 -0.25507722719708725 -0.5639749099676055 -0.7854093894858125 4.30277
0.6707189962449168 0.4846796399877356 -0.5614460567655366 -13.0184 0.6910036696193766 -0.6834025523349342 0.235531059596506 10.4726 -0.2695365590207876 -0.5459364413953848 -0.7932864837546251 4.28506
0.6685385489254587 0.4839822303076289 -0.5646391850970803 -12.8969 0.6892481217754811 -0.6883603447811575 0.22604659334247293 10.2295 -0.27927268973104646 -0.5402973593117211 -0.7937792692500651 4.18549
0.6660365035759193 0.46156342771335823 -0.5859646560176301 -12.871 0.690670832317807 -0.6783050829675044 0.2507509038984191 10.1889 -0.28172535791048675 -0.5717179519815185 -0.7705643426036957 4.18439
0.6468533272230886 0.46086080495575293 -0.607608501846341 -12.8414 0.7060545089165522 -0.6630261216656675 0.24876372811885036 10.1693 -0.28821485648561873 -0.5899183676107386 -0.7542735021571788 4.20139
0.6315190500205896 0.485835813344568 -0.6042741529578393 -12.8163 0.7120608199806252 -0.671821908613059 0.20402135122586096 10.1646 -0.3068437356532012 -0.5591233187583295 -0.7702129811364256 4.24444
0.6399747692946189 0.503697214811448 -0.5802770118292548 -12.7807 0.6977475295990294 -0.6972475012026749 0.16429944310641315 10.1207 -0.3218395246155307 -0.5100343496842306 -0.7976742960240311 4.3166
0.6277852733077178 0.5202678687025422 -0.5789706343275703 -12.7069 0.6982182715320455 -0.7051659371652224 0.12341898703480386 10.0638 -0.34405943660472016 -0.481728498075014 -0.805953322609712 4.38923
0.6136163932057186 0.5403023374194156 -0.5758023151814525 -12.6259 0.7020257141050643 -0.7071065818093047 0.08461783911939255 10.0076 -0.361434390622253 -0.4561509247399119 -0.8131983246013506 4.47255
0.6012432909760945 0.5541313802948559 -0.5757125310680261 -12.5352 0.7048478766256171 -0.7071898779606194 0.05542515066648632 9.93757 -0.3764252593445263 -0.439113755059622 -0.8157714963424769 4.55386
0.5922477044149476 0.5655817381806728 -0.5738989057767527 -12.4363 0.7054421387201938 -0.7081267025811236 0.03013240795993513 9.86159 -0.38935080009305756 -0.42269832094309756 -0.8183716050418551 4.64843
0.5867809000640252 0.5735021295875791 -0.5716497902374882 -12.3367 0.7022048951987412 -0.711944882193434 0.006539868309259955 9.78847 -0.40323251416394684 -0.4052527508569055 -0.8204716615727403 4.74903
0.5841402245975497 0.5795215144534525 -0.5682737124772723 -12.2375 0.6996112199674616 -0.7144611211870903 -0.00945765339428803 9.71549 -0.4114903873758957 -0.39204606948375775 -0.8227852335206146 4.85702
0.5814453967109909 0.5853788065203543 -0.5650246928412983 -12.1305 0.6964405256101988 -0.7171329281880028 -0.026286072287249163 9.64763 -0.4205851220994249 -0.3782221783361016 -0.8246551636188943 4.97823
0.5809792441507778 0.5870590851688928 -0.5637594774251276 -12.0237 0.6927048286405524 -0.7203112456965012 -0.036217809171967624 9.57093 -0.4273442853766191 -0.36947711680673356 -0.8251445460718562 5.09054
0.5818739100829429 0.589014221261922 -0.5607896217976929 -11.9153 0.6901485693668681 -0.7224085653035703 -0.042671032058094666 9.49556 -0.4302530708381441 -0.36219899492854657 -0.8268580187112526 5.21791
0.5850993855080769 0.5870082278707316 -0.5595355658848988 -11.8056 0.6871690278517728 -0.7252644873324351 -0.04231017106641344 9.40892 -0.430647693874378 -0.35973985576591744 -0.827725679155961 5.34492
0.5876120799974912 0.5836977755093803 -0.5603650152413369 -11.6888 0.6821349401599096 -0.7298445742252798 -0.04493129073326335 9.3334 -0.43520566041132697 -0.3558423869346112 -0.8270261355039633 5.47012
0.5919116519978911 0.5777513563266954 -0.5619999701884256 -11.5739 0.6764314936777212 -0.7352258112853582 -0.04339862648418366 9.25252 -0.43827049933808515 -0.3544663265846989 -0.825997937483802 5.5893
0.5952071681955352 0.5729607150716581 -0.5634220850421345 -11.4602 0.6717211972652547 -0.7395845206878288 -0.04248964466181851 9.17266 -0.4410431498994003 -0.35317241645339326 -0.8250758657137452 5.70711
0.5996748171335783 0.5662741040892562 -0.5654412018359818 -11.3401 0.6695991219886975 -0.741991637033269 -0.03294581012290973 9.06297 -0.4382090021071847 -0.3588621596248338 -0.8241303421556722 5.82516
0.6034988802539186 0.5562838239391283 -0.5712594933617532 -11.238 0.668442085443351 -0.7435489907628133 -0.01789068874429875 8.93375 -0.434711720500391 -0.37105687644788676 -0.820574502711562 5.88684
0.6105925783248352 0.5477067671224884 -0.5720087416664736 -11.1242 0.6632407178725848 -0.7483569070448388 -0.00858427831220171 8.79487 -0.43276836003858804 -0.3741379918245606 -0.8202026027896987 5.98823
0.618518802271005 0.5381404027669613 -0.572572613864001 -11.0139 0.6541903638886445 -0.756318544154189 -0.0041506100432951165 8.65865 -0.4352808967006072 -0.37200425626369027 -0.8198435059748991 6.10727
0.6273490867648405 0.5299833541640987 -0.5705705632472569 -10.9057 0.6478896256830832 -0.7617189278693798 0.004827821222539802 8.51669 -0.4320557328257024 -0.37269547788307555 -0.8212343907179916 6.22172
0.6360310785760127 0.5188248328968496 -0.5712138477444243 -10.7917 0.6442980319685682 -0.7644258004664272 0.023092024222490487 8.35396 -0.4246698871910557 -0.38271920300765994 -0.8204763851338549 6.3199
0.6362003401282292 0.512500918494561 -0.576707842640411 -10.8199 0.6314543369147483 -0.7753763711195634 0.007543440926578243 8.38341 -0.4432996138192332 -0.36896380805126194 -0.8169156386898406 6.34371
0.708650249672196 0.3854287552119924 -0.5909818087684838 -10.9741 0.5902940370960428 -0.7826863774256347 0.19737017090024792 8.27089 -0.386481271743393 -0.48871945863457444 -0.782167192704692 6.3373
0.49274579788276207 0.5570030816625864 -0.6685425533855436 -10.9934 0.3645957005939364 -0.8297506151854136 -0.42259187368884016 8.63058 -0.7901085708795323 -0.035517370648882496 -0.6119370577150015 6.07077
0.504898784185786 0.5369331512818297 -0.675855020534936 -10.9061 0.3439236503627343 -0.8432859158523952 -0.4130198383203388 8.59236 -0.7917030633064942 -0.023909311565806945 -0.6104380430244846 6.13492
0.4973068659413356 0.5253123024269396 -0.6904584462561917 -10.9332 0.4007093823252641 -0.8449528854141883 -0.35424089592640645 8.59076 -0.7694919570756488 -0.10050674777916802 -0.6306984395467796 6.19574
0.49759652315803915 0.5207152650181692 -0.6937242340570846 -10.8739 0.38875614501147954 -0.848822829971918 -0.3582854490964956 8.60332 -0.7754136701508714 -0.09140796516454067 -0.6248025480482884 6.23818
0.5045444595480879 0.5147120609014297 -0.6931856769307417 -10.8111 0.3751795671095051 -0.853809603489776 -0.36090089139839465 8.60898 -0.7776086295578594 -0.07797855699635872 -0.6238943531447558 6.31088
0.46603456830359935 0.5162819751717489 -0.7185156249232413 -10.6129 0.361025049253347 -0.852377483111493 -0.378303502622082 8.63972 -0.8077578194964731 -0.08309962934499107 -0.5836280978885688 6.29277
0.4467462230795106 0.5169144859269448 -0.7302172460323533 -10.4579 0.3601511467793639 -0.8510483827071685 -0.38210967243060157 8.65228 -0.8189682311528945 -0.09228252559610067 -0.566369995525808 6.3144
0.4469540294720564 0.5160928781995293 -0.7306710864749049 -10.3215 0.3501950176418273 -0.852552689805018 -0.38796566951866884 8.65026 -0.8231619191614323 -0.08247455473025925 -0.5617850146314987 6.42085
0.4419811539491636 0.5243848928182384 -0.7277864685041691 -10.2136 0.35292559926284106 -0.8475551222715401 -0.39635064790692454 8.67001 -0.8246794413217355 -0.08167495880181955 -0.5596722435193573 6.50366
0.44149507680989114 0.5283442888153838 -0.7252133545576739 -10.0657 0.34915626396459104 -0.8457076865452586 -0.4035695878687531 8.65773 -0.8265421952247306 -0.07503879926033447 -0.5578504979998224 6.64535
0.4285463728047887 0.5353114599624199 -0.727866503686467 -9.95517 0.35645637549584785 -0.8404160367650026 -0.4082153077930429 8.66693 -0.8302330147158822 -0.0845134662708143 -0.5509724269822127 6.69876
0.438996494506375 0.5437087204791641 -0.7153061617839069 -9.98312 0.36489758728356825 -0.8353981469815581 -0.411047061556715 8.69376 -0.821055313974488 -0.08056527350347334 -0.5651348583299085 6.77286
0.42710408586479087 0.555207749124397 -0.7136711113319792 -9.98683 0.36808738209490827 -0.8276829017426776 -0.42361857053880264 8.73816 -0.8258896893533171 -0.08176410872162737 -0.5578717160287295 6.81015
0.4070610937907566 0.5621636382610719 -0.7199120152761359 -9.91918 0.37819688625237446 -0.8211636579690469 -0.42738432594083553 8.75828 -0.8314255114866761 -0.09829695136660463 -0.5468723143487426 6.84418
0.39877247721825354 0.5729018226554362 -0.7160754241078914 -9.96054 0.3922886357041998 -0.8123644132315601 -0.43147848893343543 8.79816 -0.8289090044815263 -0.10884650528621609 -0.5486914438702527 6.86754
0.38518439173970237 0.5808002772768908 -0.7171499301228459 -9.92435 0.4050286710026779 -0.8046623915440441 -0.4341315598990983 8.81742 -0.8292073082323386 -0.12324558227257726 -0.5451841582661527 6.89872
0.37767703655387963 0.5902260176065126 -0.7134376666536723 -9.90289 0.4099016753744906 -0.7974663347611602 -0.4427505634641104 8.84702 -0.8302654229733196 -0.12522257409492193 -0.5431193555306021 6.93975
0.36896060293599003 0.5978234061632 -0.7116707444630138 -9.85719 0.4145701358955902 -0.7911592390563014 -0.44966505410067836 8.86294 -0.8318651789230166 -0.12912874776471658 -0.5397463205952344 7.00071
0.3669081929466635 0.6047810745895804 -0.7068367773162957 -9.7617 0.4179906264635725 -0.785987008945295 -0.45553074315332365 8.85612 -0.8310608967682239 -0.12831318555589447 -0.5411778933726824 7.11542
0.3651385579393633 0.611563550663119 -0.7019001759554427 -9.76081 0.42170368214178316 -0.7808248088941931 -0.46095403489221043 8.86161 -0.8299637570243804 -0.12768179711950303 -0.5430078459012446 7.19182
0.36737331991609745 0.6158447618508816 -0.6969735096218905 -9.77991 0.42786769215315384 -0.7772758507297325 -0.4612716009943647 8.84497 -0.8258123768903918 -0.12875356761348913 -0.5490504867509362 7.28863
0.36514982746017816 0.6174513724419056 -0.6967204648748373 -9.64809 0.4256664161687443 -0.7763200129810864 -0.46490358096179807 8.78665 -0.8279333944538412 -0.1268110409808739 -0.5463014316597455 7.47208
0.36590799854787476 0.6161643644594771 -0.6974616925458609 -9.52169 0.42559834668771723 -0.7772648663270476 -0.4633846942555162 8.70749 -0.8276336048610943 -0.12728237719278046 -0.5466459663811529 7.662
0.37914207008478795 0.6120072191764542 -0.6940449944835889 -9.47027 0.4304494806030229 -0.7805997990468233 -0.4531856113963093 8.61231 -0.8191242490247796 -0.12692957655315185 -0.5593964133381871 7.8588
0.39460773611125044 0.6020937625825922 -0.694094975965315 -9.47591 0.40568468796711876 -0.7919461520032679 -0.4563345552072937 8.58212 -0.8244420346817449 -0.10151055800434902 -0.5567682983642931 7.99075
0.4099064902879219 0.6082800863106862 -0.6796852255402511 -9.49335 0.42244746717580195 -0.787031095339362 -0.4495777935415338 8.49767 -0.8084026266017371 -0.10284644654429467 -0.5795755358334442 8.15629
0.42115977552912937 0.6151713856631875 -0.6664747630161899 -9.49062 0.4215155080351502 -0.7834023376186603 -0.45673346045531554 8.4633 -0.8030872430577652 -0.0885716866433725 -0.5892418318169761 8.27936
0.42689386833763115 0.5819325042789902 -0.6921821910735033 -9.40261 0.40927048267690574 -0.806884027534797 -0.4259528590332939 8.37009 -0.8063865680832893 -0.1014530757188144 -0.5826216407258202 8.33617
0.4229276516664369 0.5803652305917776 -0.6959226972703693 -9.14482 0.40196511608016006 -0.8084490156916211 -0.4299235216662524 8.28235 -0.8121306833943517 -0.0979101023766294 -0.5752020209822124 8.39704
0.4228202670487898 0.566612214704175 -0.7072295383542885 -8.89341 0.39224472995196596 -0.8179578875943987 -0.42081939825418974 8.19233 -0.8169253904719201 -0.09947608893668386 -0.5680998276114522 8.44861
0.4191980104543551 0.5572315202308417 -0.7167747630129954 -8.64324 0.3841819612676811 -0.8241964987837189 -0.41605811136087373 8.10617 -0.822603943989833 -0.10096120172563511 -0.5595798308360365 8.49997
0.420709923707522 0.5452567984379331 -0.7250504698648405 -8.40591 0.37024567531261954 -0.8328302632592655 -0.4114752635478889 8.02677 -0.8282036585323159 -0.09533507411607511 -0.5522589280735706 8.54932
0.4176707447629595 0.5375602832842153 -0.7325162734059557 -8.34211 0.3607253678325508 -0.8380507138087885 -0.4093265323511915 8.01391 -0.833923472490867 -0.09327348454933088 -0.5439408967055153 8.50479
0.35171081492153516 0.5423688259343289 -0.7629780857415543 -8.22207 0.3633683718261409 -0.8302428485106328 -0.4226821960449356 8.02796 -0.8627067456694936 -0.128580205131146 -0.48908506604146423 8.38929
0.3583501894683181 0.5323783849716797 -0.7669148563712705 -7.97501 0.3491261811158184 -0.8382872488324771 -0.4187903987728962 7.97358 -0.8658499011765869 -0.11767643629810826 -0.48626762690176273 8.41805
0.3628578802459753 0.5236276150430262 -0.7708101449175077 -7.73223 0.3324657292769733 -0.8454959333439968 -0.4178554361918648 7.93435 -0.8705174883939594 -0.10464581913825124 -0.4808830990346372 8.4415
0.36758694361402655 0.5134058771227406 -0.7754316502570215 -7.49504 0.3155358987571232 -0.8531988914913907 -0.4153176472934861 7.90715 -0.8748239454198958 -0.09201117809098769 -0.47562275768330886 8.46639
0.3742476103819382 0.5028384585129231 -0.7791612225744786 -7.28923 0.29967864657472215 -0.8607181874475823 -0.41152996316682844 7.89858 -0.8775713275344357 -0.079483875328873 -0.4728116735574033 8.4777
0.3882971753140256 0.4921545633971099 -0.7791079446203518 -7.04942 0.2822728486468548 -0.8683283837783426 -0.40783312376716196 7.89473 -0.8772384753075636 -0.061560568973098306 -0.47609132925077496 8.51191
