-1.0 0.0 0.0 1.0 0.0 -1.0 0.0 0.0 0.0 0.0 1.0 0.0
-0.9572438861002409 0.28730852330973666 0.0337335879693681 0.99968 -0.28746911738539993 -0.9577899027676443 9.330597576726225e-05 0.0189029 0.03233649754329853 -0.009608048184957169 0.9994308562060246 -0.0168271
-0.8435120148787284 0.5336166614696158 0.06116158399885613 0.998719 -0.5343529074862212 -0.8452468009968469 0.004981532456824268 0.0399678 0.054354861937546184 -0.028479887756411894 0.9981154467180299 -0.031037
-0.6693483169633457 0.7366200391773455 0.09676646351243007 0.99686 -0.7391606736892279 -0.673398628298132 0.013258426659341366 0.0611038 0.07492882655976565 -0.0626514587903598 0.9952188029080925 -0.0503714
-0.4434406730031232 0.8892940476365062 0.11187701446149148 0.994448 -0.8928073517757934 -0.4492707270886539 0.03241676104003914 0.0833233 0.07909110026818392 -0.08550971067376997 0.9931931772011204 -0.0642724
-0.2126080429877858 0.9687206462854401 0.1279770663721549 0.99088 -0.9736807026112029 -0.22103802518187543 0.05557050284324268 0.105842 0.08212009144818386 -0.11279406404601132 0.9902190614689894 -0.0833893
-0.031022809527318285 0.9907013072917578 0.13247077043421115 0.986713 -0.9963878429190761 -0.0411346812186667 0.07429134864914472 0.129738 0.07904967913977791 -0.1296875388441018 0.9883988519299571 -0.0978002
0.12122276448346053 0.9831310805400549 0.1369610157932983 0.981629 -0.9897530374961329 0.10922688536447739 0.09196962694691381 0.153006 0.07545837354572812 -0.14670639382699024 0.9862977582211743 -0.113986
0.2648714656274544 0.9545518263541976 0.1366525429702273 0.975409 -0.9613378399091096 0.25032844430575135 0.114739825389222 0.174063 0.07531709138868178 -0.16176056619376655 0.9839516527601448 -0.135198
0.37448334495733665 0.91771130078531 0.1325450593590669 0.968293 -0.9241552934667526 0.3577686653785827 0.13393496791580572 0.195833 0.07549316463723445 -0.1726486330214111 0.9820861630268973 -0.155109
0.44791689628130565 0.8842074716725059 0.1324673584859169 0.960946 -0.8912704524581017 0.4298572080847994 0.14442908721124031 0.218767 0.0707632291578942 -0.18275647101007353 0.9806082998338794 -0.169481
0.5116699499549686 0.8491554132754646 0.130877600902731 0.952911 -0.856493915774438 0.4920761327577339 0.15581800862404369 0.240004 0.06791196179208378 -0.19182326155909155 0.9790770152395483 -0.18536
0.5637155426002323 0.8156323402552643 0.1302638574611023 0.944639 -0.8235111605482741 0.5428468535086473 0.16476244137604829 0.26032 0.06367225049705875 -0.20015288947572535 0.9776935436787735 -0.199725
0.6059610825631778 0.7851824397704685 0.12767028900631666 0.936366 -0.7931381057833691 0.5839912556827862 0.17287613612182628 0.278992 0.06118097394804409 -0.2060163817810064 0.9766340864748843 -0.213031
0.6422380789790376 0.756437792273201 0.12382292328224684 0.927038 -0.7639655118361907 0.6185633980872023 0.18367367604444756 0.296447 0.062345381819207485 -0.21255867182417915 0.9751573536605045 -0.229609
0.673697990575852 0.7292896426914554 0.119447204056973 0.91923 -0.73661557517887 0.6496964072128251 0.1878618451379873 0.312469 0.059401278588607734 -0.214548818495269 0.9749052736467899 -0.239542
0.7010085511570632 0.7038781859999728 0.11464078889323485 0.911564 -0.710821073434398 0.676640706299793 0.1920696648085995 0.326524 0.05762302288361591 -0.21613156606915446 0.9746623689166671 -0.249865
0.7219434551575463 0.6836195336772173 0.107060640433951 0.902848 -0.6890098824878148 0.6959641580378393 0.20223568567591896 0.337061 0.06374189665605748 -0.21976856895749522 0.9734673834849645 -0.266936
0.7365707654569772 0.6683362579927973 0.1038756647454416 0.895663 -0.6732606410807892 0.7098094587284272 0.20710055883831327 0.34824 0.06468088315419795 -0.22247961378931333 0.9727893938579668 -0.276618
0.746923572005383 0.6575863571837279 0.0984142287911394 0.889672 -0.6614219758110484 0.719681147218456 0.2111398026250295 0.357164 0.06801578858565763 -0.22279862922415447 0.9724888808201919 -0.28446
0.7555878997335022 0.6484308497924657 0.09286742601007181 0.884239 -0.6511470155182172 0.728054638511208 0.2143455330162798 0.36518 0.07137569584973613 -0.22242723839434597 0.9723330878162231 -0.291143
0.7635817442386414 0.6397078760460075 0.08784505216675599 0.881991 -0.6414495824959061 0.7358856635781938 0.21682878788553267 0.36499 0.0740631688580901 -0.22191467609148213 0.9722492085643016 -0.298119
0.7696329700994329 0.6331272424155172 0.08255292997373409 0.880218 -0.6339226069074042 0.7422859338106995 0.21714907533420102 0.366509 0.07620511654505963 -0.21945725638060054 0.9726413999179004 -0.301474
0.7702532616971816 0.6331019072308104 0.07675863407828358 0.878791 -0.6322939342991964 0.7424326843840562 0.2213551214829422 0.364769 0.08315223083776487 -0.21903352304840237 0.9721676924727072 -0.307684
0.7721537103225817 0.6315523634910558 0.07014456360924799 0.878085 -0.6291741943032265 0.7444137652373541 0.22357991713933348 0.362695 0.08898584639118907 -0.21677121186635176 0.9721583003030098 -0.312121
0.774059228991816 0.6299704366779068 0.06300443575211694 0.878047 -0.6259309044721838 0.7465319720951358 0.22561143026535954 0.35891 0.09509370557102655 -0.21407303321902724 0.9721779279582394 -0.31657
0.7730984103867564 0.6318444958329988 0.05560018833613799 0.877901 -0.6257944215949661 0.7455166826931199 0.22931685007183433 0.35476 0.10344172155417926 -0.21207877996581792 0.9717625231146333 -0.321614
0.7721985279815646 0.63360699336963 0.04745114683758854 0.8784 -0.6255221452017712 0.7449883473112698 0.2317636904965856 0.350353 0.11149654364723162 -0.20864932380317094 0.9716141108645966 -0.325063
0.7720771995539047 0.6344253121176341 0.037434225962915256 0.879032 -0.6240977482924818 0.7457522813957521 0.23314273604229013 0.346375 0.11999499366746091 -0.20336680687239395 0.9717217417333383 -0.327608
0.7727060834141589 0.6341237412342573 0.028502446523410302 0.882092 -0.6222295155076265 0.7478044822614762 0.2315575227471355 0.339238 0.12552186536972595 -0.19666096997806767 0.9724035809278935 -0.326851
0.7721298522372768 0.6351798710414343 0.019026894329547017 0.885835 -0.6217235740163032 0.748901763367087 0.22935986209025697 0.331695 0.1314354929097736 -0.18892506516990884 0.9731557074559603 -0.324461
0.770790562291406 0.6369980623341075 0.010741399587128511 0.889656 -0.6220812998804107 0.7488888312916281 0.22843024034868406 0.322749 0.1374655062973852 -0.18275389722041904 0.9735010260031325 -0.323024
0.7708108183807012 0.6370618100258321 0.0017124467536421273 0.893693 -0.6206487935447778 0.7503402474939247 0.22756227293241646 0.312117 0.14368631576696964 -0.1764702898432661 0.9737620240407551 -0.322327
0.7731113945337726 0.6342316863218429 -0.0069956920599237166 0.898813 -0.6171828948178191 0.754780740676039 0.2222415529302011 0.302737 0.1462328485202372 -0.16749985543242124 0.9749665391405881 -0.316995
0.7770748873538319 0.6292476458669114 -0.014213360439370576 0.903136 -0.6120738622789101 0.7607443289626294 0.2159482647908437 0.295785 0.14669767059843578 -0.15910834711651253 0.9763013506693741 -0.311219
0.7799273635343478 0.6254452020144156 -0.023056601820473643 0.907703 -0.6077091354128082 0.7655921860123459 0.2110881603800991 0.286688 0.14967603130153512 -0.15062172484068886 0.9771950581433768 -0.306406
0.7837216381766227 0.6204712354059198 -0.028210634299901435 0.911557 -0.6028639307819222 0.7708395839547675 0.20581889313328552 0.279584 0.14945057649912474 -0.14429754621022786 0.9781833894223447 -0.30149
0.7868712058968352 0.6161099944694453 -0.03524457469342059 0.914331 -0.5984744583590187 0.7757864665953562 0.1999591981864575 0.276954 0.15053912455683793 -0.13624915765740322 0.9791701277180123 -0.295458
0.7912648566583023 0.6100425745588848 -0.041808896697765795 0.917417 -0.5926986481256856 0.7819877176339946 0.19288214531044934 0.274135 0.15036036421710872 -0.1278407865086263 0.9803308085423791 -0.288439
0.7945894837267156 0.605202237332373 -0.04855722684422951 0.9201 -0.5878554640204453 0.786877902524665 0.18774748983592515 0.270511 0.15183380971384053 -0.12063754990165394 0.9810163483762682 -0.283266
0.8011574313716118 0.5961961666163319 -0.05193169619829601 0.922094 -0.5795748242800715 0.794581366808622 0.18092394695359224 0.269188 0.14913012176876042 -0.11485026091626024 0.9821250553512528 -0.277992
0.8073855363594062 0.5875514935943394 -0.05396144969044627 0.924474 -0.5720659212071625 0.8019229890121594 0.17222108316697018 0.269503 0.14446168167038023 -0.10817930517832305 0.9835792090422106 -0.269657
0.8126912007044086 0.5800008247114877 -0.05596477134430591 0.926104 -0.5654313029936876 0.8081735286134617 0.16475129511881315 0.271038 0.1407851337765706 -0.10224769426475995 0.984746137400423 -0.26243
0.8188177864307233 0.5713391651474278 -0.05575832667261647 0.926801 -0.5577855681678534 0.8148111356439309 0.15798124310914952 0.274043 0.13569337702465428 -0.09825666185703363 0.9858665912953726 -0.256789
0.824383551838536 0.563290388851134 -0.05563899069913226 0.92703 -0.550752282870149 0.820930538677373 0.1508143679501308 0.279345 0.13062803057307118 -0.09368558317487462 0.9869951008661514 -0.250162
0.8312579469217869 0.5531968587125319 -0.05462106910307489 0.927542 -0.541808778278717 0.8282587837098214 0.14293577224631868 0.283895 0.1243120004645563 -0.0892223218601406 0.9882236102332234 -0.243044
0.8378664207983463 0.5432966046188864 -0.05299679526309101 0.927808 -0.5330210653894517 0.8352162905337144 0.13528596334504123 0.289053 0.1177641912877696 -0.08510315761880653 0.9893882189583856 -0.235839
0.8448285917626569 0.5327732747646376 -0.049165925567303995 0.92814 -0.5238655232882028 0.8423689134284346 0.12641015465292235 0.295477 0.10876379935577492 -0.08103857961466354 0.9907588932549303 -0.226384
0.8508051970615317 0.5233107959794351 -0.04771087365012676 0.928714 -0.5153724856597873 0.8487150041536644 0.11863407077773994 0.300119 0.10257542433712201 -0.07634561242020085 0.9917911220545604 -0.21776
0.8584370092824715 0.5109038139248708 -0.04542239548050166 0.9291 -0.5040279813664948 0.8566596462786064 0.109954738130876 0.305518 0.0950878283156285 -0.07149505825463867 0.9928981627293826 -0.208401
0.8651062430615224 0.49977979543440265 -0.0425598906427721 0.928817 -0.49381537072239534 0.8635080753654657 0.10247040263867609 0.311935 0.08796344612554324 -0.06763105687608147 0.9938251718947064 -0.199989
0.8699354717217508 0.4914320510088807 -0.041313608913530864 0.929888 -0.48628763153435456 0.8687297827955363 0.09398352994396686 0.316205 0.08207688137936957 -0.06166930942718257 0.9947161815401475 -0.187944
0.8740057666320514 0.4843021883161224 -0.03956400240288026 0.931019 -0.47985474467803135 0.8730583932620273 0.08665140486286756 0.319232 0.07650714936462667 -0.0567488532654397 0.99545277323897 -0.176903
0.8792533537255656 0.47485772059762615 -0.03773175255898725 0.932906 -0.47112316332718157 0.8785719250694569 0.0784495854440207 0.320363 0.0704024498077702 -0.051200758476566945 0.9962037830647347 -0.164479
0.883496740691593 0.46697088026922956 -0.03703655178216451 0.934469 -0.46376701501632395 0.8830868186124741 0.0712588701548657 0.321451 0.06598230800889618 -0.04578064846067734 0.9967700172338346 -0.153089
0.8860396999159202 0.46208516161137164 -0.03756266219929725 0.937785 -0.4594568075257544 0.8860364505352599 0.06195845657470669 0.319538 0.06191197130723481 -0.03763923141444924 0.9973716439058119 -0.135846
0.8885082363897564 0.45733761077908774 -0.03735536955298913 0.940496 -0.4551850311415184 0.8887489564397426 0.05414683602911075 0.317519 0.05796293032844057 -0.031106304733030228 0.9978340024841789 -0.121033
0.8908285824391586 0.4527152285645119 -0.038384352739376494 0.943815 -0.4509895689968924 0.8913392838040419 0.04607265787530591 0.31325 0.05507127532059123 -0.02373189780610701 0.9982003564721285 -0.105297
0.8925994987295758 0.44895531717291065 -0.04129477024856013 0.947666 -0.4476581023597301 0.8934342245768645 0.03711481842098109 0.307125 0.05355705611210864 -0.014642729831155474 0.9984574263350923 -0.0871949
0.8944267216211083 0.4449940373112756 -0.044510070855117004 0.951526 -0.44411335394240625 0.8955148066513167 0.028575512563765684 0.299613 0.05257536019984568 -0.00579118516937157 0.9986001670709806 -0.0694953
0.894985099044306 0.4429508474593784 -0.052879289175179214 0.956379 -0.44254466691094096 0.8965278890538739 0.019798028621279794 0.2877 0.0561773110547137 0.005682506808018907 0.9984046368276936 -0.0506782
0.8952636925506983 0.44198499736554786 -0.05614430429050958 0.961564 -0.4421088154984064 0.8968955322062168 0.0108719624320083 0.27296 0.0551608199638539 0.01508861863470707 0.9983634696485101 -0.0297788
0.895924466153548 0.43935206224175405 -0.06549134562213552 0.966983 -0.4400605106142792 0.897959390539804 0.003959790308048916 0.254507 0.06054831083837067 0.025272481977474476 0.9978452804464821 -0.0130416
0.8954990838485101 0.4387987623539587 -0.07441126919433877 0.971905 -0.44035212648047545 0.897810886339861 -0.005061331223685218 0.235174 0.0645863416722268 0.03729957809770216 0.9972147942861312 0.0096481
0.8955412961455712 0.43683304002190415 -0.08475070526627931 0.976436 -0.4394163591924818 0.8981790056402391 -0.013701718911693653 0.213312 0.07013594065765497 0.04951130146070397 0.9963079749032089 0.0327353
0.8966227265533363 0.4324692597039662 -0.0950685312769909 0.979957 -0.43630204345515666 0.8995053723114897 -0.02303501811639218 0.190371 0.07555271738935264 0.06213231521415667 0.9952041812116812 0.0586793
0.8981170665051879 0.42679089394639036 -0.10599654568218941 0.982326 -0.43208754505179947 0.9012550592911864 -0.03224393761854522 0.166233 0.08176850410289205 0.07475861787433227 0.9938435796393185 0.0860408
0.8996233628194245 0.420356650624893 -0.11822897844814528 0.983738 -0.42723554492185045 0.9032847586747494 -0.0393247237908862 0.141601 0.09026402508640907 0.08588906229154913 0.9922073748737603 0.110495
0.9011838033946299 0.41344117670439806 -0.13013126413153367 0.983511 -0.42212942960026567 0.9053140039614861 -0.047045710713899555 0.116933 0.09835902177503916 0.09732906881556135 0.9903800054519236 0.137961
0.9041849303191165 0.4034292767210268 -0.14033684643800298 0.981711 -0.4138907734036519 0.9086978896303152 -0.05442952390696079 0.0923647 0.10556533273353189 0.10729848119037261 0.9886065933722564 0.166467
0.9069785900317281 0.3930932973306057 -0.15122002783299202 0.978753 -0.40538742767125446 0.9121553212390557 -0.06028020754243291 0.0679095 0.11424040751915357 0.11597555573924787 0.9866604277870025 0.193471
0.9081596415544246 0.3854427781731995 -0.16333992226600466 0.97466 -0.39977134374829393 0.9142937220412706 -0.06519096987776106 0.0441413 0.12421327694502762 0.12450242804879534 0.9844136362528367 0.219294
0.9101379024969812 0.3759028635525669 -0.17420113550541408 0.969455 -0.39209224851101815 0.917329668938358 -0.06906480393815954 0.0208706 0.13383821239081675 0.13116141070613213 0.9822850997778637 0.244378
0.9126685781904171 0.36473144898331267 -0.18440996856573713 0.963117 -0.3826806696800986 0.9210509490523577 -0.07225409540602332 -0.000144107 0.14349763564977022 0.13651417278907224 0.9801899352628762 0.269083
0.9145995900975951 0.3544849015708177 -0.19454573845663897 0.957306 -0.37379604469152783 0.9246794007669263 -0.07241907739185621 -0.0217423 0.1542209673367425 0.1389548860445218 0.9782164550231578 0.288258
0.9153677176092486 0.3469585069215866 -0.20425899254030072 0.94981 -0.36798376481710593 0.9268213342390385 -0.0747673941661591 -0.0393509 0.163370408550215 0.1436036520221971 0.9760574269662743 0.310343
0.9165319885890306 0.33788306957964137 -0.21401902995873132 0.941546 -0.3605254206407394 0.9296236955058839 -0.07629682710179739 -0.0559991 0.17317775539847782 0.14708778346763843 0.9738452900690757 0.332198
0.9182409274474131 0.33028377637926243 -0.21850909871483087 0.936526 -0.3530521683510375 0.9326846881156748 -0.07384740332061071 -0.0736692 0.17940949134074546 0.1449548192204027 0.9730366564532064 0.342772
0.9199953280133668 0.3216978990147795 -0.22387286169398465 0.92882 -0.3452987575462825 0.9355165359748415 -0.07468319057610213 -0.0863678 0.1854113385706789 0.14601120740240953 0.971752727211156 0.360324
0.9215011875274804 0.3139428962612105 -0.22863818419626786 0.923308 -0.3378972139745601 0.9383116103474506 -0.0734628795746855 -0.0966853 0.1914707136187518 0.14495233621538214 0.9707356931997655 0.371691
0.923822256036593 0.3062552233093447 -0.22969583680860023 0.9175 -0.3299818902247083 0.9412197639256558 -0.0722309360278655 -0.109227 0.19407315985263968 0.14252401268374554 0.9705784432148364 0.382443
0.925301600116823 0.3008210210306844 -0.23091916795126238 0.914808 -0.32534502720493674 0.9425527472062561 -0.0757953297173271 -0.100385 0.1948526676601215 0.14526194284806976 0.9700161884555011 0.391215
0.9277822871432742 0.2941894693490729 -0.22950508444761455 0.911857 -0.3187521065716585 0.9446501719398321 -0.07767333654592384 -0.0972992 0.19395133982348742 0.14521917496720993 0.9702032101588397 0.398811
0.9293570265307182 0.28951691879144603 -0.22907525176563448 0.911851 -0.31410197953533703 0.9461353013705953 -0.07853622063962 -0.0898477 0.19399861775271565 0.14494117853073918 0.9702353276788862 0.400568
0.9309998200142663 0.2853322786989302 -0.2276506662979053 0.913014 -0.30961727703176756 0.9476162649861543 -0.07848921006816578 -0.082902 0.19332996895680166 0.1435580198601493 0.9705743753247329 0.399416
0.9341583509233653 0.27975175017493165 -0.22155616370167058 0.913228 -0.3027101723527658 0.9499816044779194 -0.07682123864997877 -0.0855001 0.1889834039123479 0.13883050611310477 0.9721169495580672 0.398378
0.9334286469488516 0.2812594678515141 -0.2227197180294533 0.914614 -0.3041499626333898 0.9496294893231411 -0.07547604413307486 -0.086629 0.1902728600860977 0.1381916956685652 0.9719564259589537 0.394939
0.9354935914954539 0.2777938099171701 -0.21836286186675588 0.916973 -0.299339968361032 0.9514229252611344 -0.0720416589839666 -0.089936 0.18774270588375228 0.13275924246262077 0.9732048396551457 0.38868
0.9363204070864176 0.2766685872341911 -0.21623734208355885 0.918778 -0.29738428003848083 0.9522369344650764 -0.06933549326678444 -0.0936167 0.18672623077521713 0.12922582357404702 0.9738757627449661 0.383515
0.9365698421466446 0.27691073653742304 -0.2148426744660168 0.920743 -0.2968919108539274 0.9525963837282886 -0.06644789671081155 -0.0983341 0.1862582187472881 0.12601814828860533 0.9743856024444317 0.377575
0.938662212970823 0.2737120658205761 -0.2097497436588429 0.923095 -0.2922713090429843 0.9542794251530138 -0.06267583776810733 -0.103915 0.18300473177220866 0.12013527272981232 0.9757442207848919 0.370267
0.9400557424048968 0.2712621904528019 -0.20666887816583898 0.924935 -0.2888483660714662 0.9555112486550721 -0.059706575110864836 -0.107794 0.1812783014853758 0.11582347656832329 0.9765874767199323 0.364522
0.9406227190529728 0.27123118972620497 -0.20411404194983626 0.92672 -0.2879799597927427 0.9559494493164327 -0.05681719026297611 -0.113664 0.17971211188777006 0.11222429358795874 0.9772969174051053 0.35815
0.9434183073068757 0.26694223692833596 -0.1967326601810833 0.930535 -0.2823125580782253 0.9577897556497298 -0.05420704311950106 -0.112498 0.17395837717557075 0.10668001741716635 0.9789575357972964 0.348496
0.9461850590810754 0.26246400855200286 -0.18933166187026265 0.934483 -0.2767630884446444 0.9594733473245253 -0.053038558129463384 -0.105974 0.16773797079469874 0.1025843067368724 0.9804796954373872 0.33987
0.9470226260450869 0.26135094230082373 -0.18666502274700256 0.938242 -0.27540143261021394 0.9598492104121661 -0.05332489275547729 -0.0939907 0.16523376372554507 0.10190769465360743 0.9809753437755089 0.332967
0.9500154227791326 0.25524413738687163 -0.17978077430976236 0.940462 -0.26839292100812245 0.9618695252305621 -0.05265222108763172 -0.0882512 0.15948647727789855 0.09827230923492596 0.982296603273737 0.328242
0.9521511531785272 0.2512314885625091 -0.17404287016556216 0.942753 -0.2637649370512488 0.9631465061566851 -0.05269597385494701 -0.0804345 0.15438989436861336 0.0960809389672915 0.983327114282939 0.323647
0.9541737309809373 0.24676438898962927 -0.16929213635751933 0.944228 -0.25880583216267594 0.9644829147424916 -0.05284172980147874 -0.0733187 0.15023991594946662 0.09423398270476854 0.9841483242677876 0.321025
0.9558035445593756 0.24276174177087098 -0.16585029677424906 0.94577 -0.25460976052223455 0.9655328007000553 -0.05403962082692186 -0.0602864 0.14701514906479507 0.09387836547724966 0.9846691822336961 0.319193
0.9581288352019095 0.23687782754159334 -0.16086649736289851 0.946038 -0.24821873293687893 0.967185974597758 -0.05421024958986495 -0.0550519 0.14274661387872792 0.09187048144295454 0.9854862854781883 0.319344
0.9604080900618286 0.2304169978730367 -0.15660238706663163 0.94553 -0.24139187082296093 0.9688765872802068 -0.054846361053861675 -0.0488463 0.13909085248276062 0.09047743205593645 0.9861377028813887 0.32185
0.9628090540992652 0.2235398852042886 -0.15175191948483518 0.943279 -0.23417722356034634 0.9705770108085449 -0.05604724842057425 -0.0460751 0.13475812892009886 0.08949964141159154 0.9868282833792061 0.328789
0.9649041922624019 0.21676593719168002 -0.1482309961777706 0.940727 -0.2272907138123148 0.9720988346629328 -0.057989542692251234 -0.0384382 0.13152502107633365 0.08964588178148875 0.9872511254541517 0.336979
0.9665153825247151 0.21118317380590912 -0.14577270816022594 0.93784 -0.22172157657426794 0.9732556599772678 -0.06010792629623441 -0.0308585 0.12918033064102394 0.09041619005175835 0.9874904327394771 0.345694
0.968742510102581 0.20365318109421135 -0.1416450879852856 0.933213 -0.2140225686685215 0.9748504301054872 -0.0621367767403077 -0.0269807 0.1254284226986808 0.09050978263897891 0.9879654295702689 0.35831
0.9705445180603105 0.19668855024124787 -0.139129266033698 0.929466 -0.20699646524774257 0.9762572157110362 -0.0638303387667284 -0.0192196 0.1232712530885425 0.09074945165746907 0.9882149235798097 0.368406
0.9723521891542555 0.19049422797264565 -0.13506727714747607 0.923307 -0.20075341316017165 0.9773623549226607 -0.06678992652019308 -0.0137657 0.11928657657703495 0.09205854815896827 0.9885827918588278 0.383817
0.9737198303597673 0.18445464968936104 -0.13358957359061033 0.918294 -0.19476740408049997 0.9784444395066909 -0.06864500787516067 -0.00715328 0.11804808457526636 0.09285989988371043 0.9886565069434875 0.395835
0.9740792050377334 0.18135249487535304 -0.13520715556338764 0.912387 -0.19218948044482104 0.9787246041869683 -0.0718425553931073 0.000807022 0.11930174315326168 0.09596573222534688 0.9882093261647786 0.409327
0.9765308887235995 0.17062138870652013 -0.13143730476754237 0.903952 -0.1813928480193536 0.9805622767077458 -0.07479476041241219 0.0194264 0.11612087691765395 0.09688118090517382 0.9884988511527438 0.427192
0.9778790053902563 0.16408624609567973 -0.12972414832709842 0.897717 -0.17484119487520344 0.9816340530888624 -0.07632262044075455 0.0280442 0.1148181492255216 0.09731541326306112 0.9886083668216982 0.43968
0.979162788365707 0.15770332842197426 -0.12794488690261996 0.89006 -0.16844191620230764 0.9826276428140563 -0.0779117221205236 0.0338395 0.11343524472573797 0.09783954099607088 0.9887162734939128 0.454585
0.9794654276277452 0.15480387670350623 -0.12916360106300598 0.883591 -0.16605487595293453 0.9827529945124021 -0.08137769933563932 0.0486777 0.11433833239230512 0.10115488883129584 0.9882785205655714 0.465722
0.979809447591398 0.1512252026776247 -0.13078373173201063 0.872889 -0.1629660183383497 0.9830290668740704 -0.08423734651351858 0.0470096 0.11582539996729503 0.10384985197777247 0.987825736132953 0.485648
0.9808586737175525 0.14617870022917726 -0.12863922338210917 0.864123 -0.15788024092382566 0.9837074219463087 -0.085985682142912 0.0515668 0.11397408354041987 0.10464939372521692 0.9879566856264833 0.500631
0.9811773976963205 0.14282477235016308 -0.12996922194504526 0.853059 -0.1550826803907562 0.9838274486496653 -0.0896265224490426 0.0578464 0.11506640036385468 0.10809549336866117 0.987458904370552 0.518598
0.9819549208326435 0.13808840521299615 -0.12921348922727885 0.844178 -0.15046994689620735 0.9843700001687258 -0.09151228250281548 0.0656501 0.11455709726424317 0.10930368298256901 0.987385120585092 0.532027
0.9823708397434727 0.13546554021494647 -0.12882787212391997 0.838814 -0.14796669384390224 0.9846128942438733 -0.09296938206532335 0.0726403 0.11425143646628368 0.11039264424306489 0.9872993838559887 0.53955
0.9829388622723922 0.13221565726600185 -0.12786795145138904 0.834567 -0.14459334440715862 0.9851211854507999 -0.09289249016558991 0.0748293 0.1136835862726386 0.10979649333986284 0.9874314012945211 0.545801
0.9832485480049056 0.13059007942582787 -0.1271555110948817 0.828537 -0.14310794690608777 0.9851524318021572 -0.09484092811977358 0.0801742 0.11288227663618845 0.11144916899578781 0.9873381762859061 0.554165
0.9838957402489289 0.12799460232369592 -0.12476599735509568 0.826881 -0.14008924873451056 0.9857130896171423 -0.09351313996668272 0.0787986 0.11101429956997987 0.10948555490760824 0.9877695776635158 0.556828
0.9838214774398473 0.12812447864934629 -0.12521748479708858 0.827049 -0.14028475006587277 0.9856724730070211 -0.09364809050471257 0.0795025 0.11142481513124228 0.10969910631840366 0.9876996591301993 0.556479
0.9845780781955752 0.1253153421466692 -0.12207404703445815 0.829674 -0.13690474662428395 0.9863333214026252 -0.09167153016398503 0.0876151 0.1089178511009489 0.1069702954727575 0.9882784312115804 0.55133
0.9852702806452796 0.12213136250347058 -0.11969295873282608 0.823195 -0.1334088435858427 0.9868544785100315 -0.09121578096898622 0.0823403 0.10697922476004536 0.10584029732450573 0.9886117928347811 0.561757
0.9858613536250201 0.1169397351386032 -0.12001037361143593 0.808179 -0.12831370125312516 0.9874694304395549 -0.09186793792235076 0.0726668 0.10776356294855349 0.10596802486172177 0.9885129195956616 0.584437
0.9864412833993913 0.11319520670041998 -0.1188294558828362 0.802383 -0.12445829209234728 0.9879442516036939 -0.09206676519066459 0.0799599 0.10697536134464647 0.1056077691425503 0.9886370775779736 0.591429
0.9869159200231105 0.11188149906785619 -0.11610123587312582 0.804054 -0.12257487860624833 0.9884200579984209 -0.08944936042846914 0.0723779 0.10474906176000523 0.10251009273592522 0.9892013520753351 0.590135
0.9873807131474928 0.11020198782667077 -0.11373147841911758 0.806636 -0.12047734063964281 0.9888250570119521 -0.0878078414363344 0.0768075 0.10278393695878442 0.10040183516430008 0.9896236323971314 0.586037
0.9878671273881117 0.10838425978373753 -0.11122675423247587 0.803331 -0.11837068952714863 0.989107977042817 -0.08748593950534767 0.077397 0.10053317107715086 0.0995904713383628 0.9899367755224446 0.590482
0.988379027282947 0.1055246312779695 -0.10941412441208825 0.792817 -0.11547055094194682 0.9893214231062465 -0.08893634604701538 0.080187 0.09886076214746986 0.10053692842274319 0.9900095331515457 0.604161
0.98878824862388 0.10436998786344338 -0.10679281350683113 0.788708 -0.11399052179372542 0.98954696013665 -0.08833444755874974 0.0731794 0.09645703875049423 0.0995174322302378 0.9903495950207613 0.610397
0.9891540155356225 0.10284069907738339 -0.10487194173385114 0.78425 -0.11220215699621716 0.9898119850425245 -0.08765221178939663 0.0666928 0.09478929008674677 0.09846839533298023 0.9906154478935801 0.61685
0.9895417324129636 0.1008390801304618 -0.10314378183677807 0.775878 -0.11009713717460057 0.9899828514347749 -0.08838876767457077 0.0656959 0.09319753322437109 0.09882020938813255 0.9907314399055769 0.627453
0.9899492223159887 0.09720455110603417 -0.1027220155577349 0.76831 -0.10658885353610599 0.9902036443587167 -0.0901973336666593 0.0873476 0.0929481228311131 0.10023980218950213 0.9906122493282534 0.63409
0.9903263711650826 0.09473782194764432 -0.1013825609639818 0.755463 -0.10409432323107848 0.9903621567391419 -0.09136285005437968 0.0835589 0.09174993431094539 0.10103238882463263 0.9906434302827256 0.649841
0.9907649358580825 0.09235475952978081 -0.09927457008885038 0.741218 -0.10169267628959971 0.9904100391482368 -0.09352301290830305 0.0863097 0.08968523548047577 0.10275481860518414 0.9906553415745696 0.665692
0.9910672893649612 0.09067339654789336 -0.0977955168157346 0.732182 -0.09988214828833578 0.990569628974074 -0.09378361587970661 0.0805382 0.08836958981513408 0.1027139002892692 0.9907778107543946 0.676331
0.991405983156303 0.08868316850015397 -0.09617417629830309 0.723698 -0.0977987924985204 0.9906978822490573 -0.09462083434986063 0.0843583 0.08688827738950254 0.10321337961720714 0.9908569147562521 0.684942
0.9918318802441685 0.08556667423913757 -0.09459315826723716 0.707387 -0.09474872023823246 0.9907381819757297 -0.09726528048920023 0.0949499 0.08539438707862729 0.10543338671919321 0.9907530467378772 0.70042
0.9922062046276308 0.08291725536574479 -0.09301384983454705 0.688481 -0.09208645224705575 0.9908120503045607 -0.09905335069457909 0.0892968 0.08394601128691301 0.10684666458942187 0.990725419808704 0.719736
0.9927909903956182 0.07820712907064369 -0.09082782806945858 0.660193 -0.08756565330009554 0.9907057177125123 -0.10408860290091047 0.110202 0.08184317779396716 0.11129162526562202 0.9904119690282026 0.742967
0.9932702835715069 0.07491153332971894 -0.08833122861122779 0.635973 -0.08422656274865022 0.9906923740074206 -0.10693225056590266 0.111865 0.07949861571955998 0.11365246261182249 0.9903348362250731 0.763561
0.9937997884470535 0.0706073217412206 -0.08588705722705509 0.606479 -0.07994854538964903 0.9906341353138602 -0.110689837117234 0.120686 0.0772671377279559 0.11687008200344655 0.9901369467704136 0.785887
0.9942694667456126 0.06683497631590851 -0.0834344859050942 0.576695 -0.07612773160595673 0.9905962681967703 -0.11368202107265687 0.118986 0.0750519551905667 0.11938224062013802 0.9900076184790644 0.808248
0.9946001801448718 0.06233966677731313 -0.08297136615653622 0.55472 -0.07169449360408121 0.9907732553243981 -0.1150141561754437 0.129006 0.07503586637497298 0.1203416905315384 0.9898926690694141 0.821975
0.995147083118288 0.05806045207856205 -0.07944348220965938 0.52269 -0.06730708983532685 0.990591386412658 -0.11915729445966594 0.143525 0.07177770279872928 0.12392614360772022 0.9896920088145889 0.840355
0.9956394437692909 0.05259266153397977 -0.07704615476160426 0.477553 -0.061850077087792325 0.9904565522361657 -0.1231681212679705 0.138675 0.06983312949461004 0.12739635036067393 0.9893904709161946 0.86759
0.9960533329701111 0.046844239672001256 -0.07538816278889826 0.437171 -0.05613105197948241 0.9904149979719795 -0.12620394920857575 0.142449 0.06875363905139834 0.12993748112733378 0.9891355762055444 0.888026
0.9962947362057856 0.04450776703996603 -0.07359250832632236 0.418827 -0.053615065455043416 0.9904765602100345 -0.12681328176003054 0.13942 0.06724747850213508 0.13028907224941622 0.9891928701155761 0.897299
0.9966370293181075 0.04082930416403957 -0.07104646165333499 0.388687 -0.049766169241461974 0.9904016274293436 -0.12894938846050646 0.139057 0.06509961744133848 0.1320514456823127 0.9891028538540384 0.910816
0.9969792020032636 0.03532004301949445 -0.06917344384976527 0.346781 -0.04421326482524814 0.9903195983335477 -0.13157613906013987 0.138285 0.06385654223670463 0.1342370579146528 0.988889657290433 0.927696
0.9971644088120041 0.030028813101731115 -0.06900298676367539 0.307063 -0.03901203747156866 0.9903788340302417 -0.13276982351881053 0.128569 0.06435217735961685 0.13508528968248348 0.9887420097176393 0.942965
0.9973065921325989 0.02584646644101348 -0.06864052346373391 0.274864 -0.03485883557192129 0.9904310624633546 -0.1335334118873635 0.120593 0.06453233973312601 0.13556648066621807 0.9886644053713798 0.95389
0.9975131684623763 0.023346095656517674 -0.06650141774238792 0.256174 -0.032148275050385325 0.9903874549431693 -0.13453318364803704 0.125365 0.06272134529357316 0.13633652815290706 0.9886750648902681 0.958467
0.9976923983606798 0.0211256164513256 -0.06452585979951363 0.233789 -0.029730517726723922 0.9903371708387331 -0.13545620831410884 0.11644 0.061040761536992325 0.1370620165643486 0.9886799426742198 0.96529
0.9978910500710924 0.01735414195103807 -0.06254826892213652 0.202867 -0.025815267993238383 0.9902184033788435 -0.13711705053818504 0.113979 0.05955689822724124 0.13844257786893863 0.9885780841726933 0.97255
0.9979987803696229 0.013867928355833344 -0.06169371883638246 0.175103 -0.022288162559569537 0.9901859382097853 -0.13796755263947172 0.108627 0.0591749287322202 0.1390664888991042 0.9885134493140758 0.978539
0.9979196822746582 0.010656519096746163 -0.06358259454902877 0.156537 -0.01934470924375733 0.9902936718798596 -0.13763802403035205 0.110269 0.061498698792088184 0.13858168001379537 0.9884396936644311 0.981497
0.998022056830876 0.012506898573184527 -0.061608047908918544 0.167737 -0.020891958957441833 0.9902949046794597 -0.13740279406482328 0.112105 0.05929165312240917 0.13841813195524547 0.9885974512490066 0.979437
0.9980407474882703 0.011463124045310077 -0.061508236360475095 0.155276 -0.01985939152406371 0.990276831152821 -0.13768588253782904 0.10033 0.05933187104203088 0.13863763727447442 0.9885642794525821 0.982763
0.9981896871528788 0.0112860569873004 -0.05907599664260618 0.150461 -0.019401694290278108 0.9901494800468157 -0.138663554770845 0.100695 0.056929102577718535 0.1395587047829692 0.9885759683499269 0.983474
0.9983102480151852 0.012358924985714958 -0.0567794476994738 0.154784 -0.020194064879408936 0.9900067281618041 -0.13956675083273268 0.102079 0.05448714023974862 0.1404775254891591 0.9885834392609139 0.982661
0.9984541474833475 0.01384103619193177 -0.05383067053674288 0.160829 -0.021302919195265606 0.989834472456138 -0.140619709753786 0.103509 0.05133713088069597 0.14154908284624337 0.9885991888213977 0.98154
0.9985140640175053 0.019777766220260506 -0.05077897126352541 0.196691 -0.026730595195236684 0.989773009492464 -0.1401244623923274 0.101709 0.04748830634749577 0.1412735985369068 0.988830941625857 0.975176
0.9986753155376237 0.021423300018285126 -0.04678307762593535 0.201559 -0.02786949630949596 0.9895018840949866 -0.14180730780861245 0.104212 0.043253962954655834 0.14292327868054983 0.9887881629044308 0.973917
0.9986997544573225 0.023658100615889802 -0.045156336456049155 0.213734 -0.029864442612265178 0.9893964228472227 -0.1421366719906522 0.10432 0.04131483407133809 0.14330042823511716 0.9888165005466331 0.971306
0.9986816841729165 0.029469690844296063 -0.042028930739293105 0.247744 -0.035140492387332266 0.9893435170210721 -0.14129596994660212 0.101705 0.03741710160237599 0.14258661455381025 0.989074829250932 0.963472
0.9986907717452319 0.034119171862719025 -0.03811331187806729 0.273166 -0.03918853330216723 0.9891846658489498 -0.1413433964036736 0.105405 0.03287858404094545 0.14265195042726658 0.9892266776380217 0.956175
0.9986748776181199 0.03705641278918702 -0.035711497947167936 0.287703 -0.04176404734068377 0.9890350952630723 -0.14165219619790773 0.103994 0.030070802519359674 0.14295594639315565 0.9892721284998779 0.952057
0.9986270601863799 0.040432775778926615 -0.033304433733659815 0.306759 -0.044759009400352386 0.9889260671539698 -0.1414986387951537 0.110228 0.027214439935590425 0.14279504314293703 0.9893780621748186 0.945383
0.9984238087021343 0.04654242734547254 -0.031364002829920815 0.344697 -0.05047796461661726 0.9889590552092815 -0.1393268179774761 0.10833 0.024533106303267164 0.14069040328450488 0.9897496335532314 0.932442
0.9982471783447305 0.05093537052000454 -0.030135675814125004 0.374746 -0.05461729670825683 0.9889761424710165 -0.13763408198346122 0.127566 0.022793021455402178 0.13903876313150138 0.9900245959165844 0.91831
0.9981297074172786 0.05447080593929635 -0.027749206680939643 0.394148 -0.057766855823334275 0.9889413520204472 -0.13659426280871512 0.126417 0.02000193839066851 0.1379417759936914 0.9902383495382929 0.910311
0.9980235658447767 0.05757605743773358 -0.025178554930807104 0.409326 -0.06047821945847116 0.9888637204417089 -0.1359813493289246 0.119596 0.01706888952480117 0.13723534531639006 0.9903913938470394 0.904516
0.9978453176872181 0.0613644817027903 -0.023219008485353073 0.433211 -0.06393290103564053 0.9889220791796435 -0.1339615820904565 0.125092 0.014741307094758484 0.1351573960105737 0.9907144756027234 0.892569
0.9979882284332582 0.06004125516873323 -0.020360343474747276 0.417209 -0.0622627914486148 0.9887195344629407 -0.13622417910346105 0.121705 0.011951598624155579 0.13721781899282834 0.99046879276491 0.900625
0.9978286506398947 0.06266504353645941 -0.020275016171156884 0.436926 -0.06482468319350093 0.9888565956626653 -0.13401639326331088 0.12521 0.01165094034957104 0.1350397183535933 0.9907716841209951 0.89074
0.9977607851818308 0.06393994693619447 -0.019623932815148543 0.445658 -0.06598892422992288 0.9889181630304682 -0.132989957167532 0.124295 0.010903092786651247 0.13398712630040668 0.9909230911394914 0.886532
0.9977019974340193 0.06524014112281498 -0.01828792777881847 0.454449 -0.06708734454145365 0.9890022195141528 -0.131810083068238 0.129936 0.009487492742784183 0.1327340716709719 0.991106277701388 0.881245
0.9977747377279377 0.06421935753622625 -0.0179289394438005 0.447819 -0.06603034069614479 0.9890372191267637 -0.1320809346179417 0.123022 0.009250235645440072 0.13297087387707238 0.99107677797478 0.88562
0.9978611025366104 0.06273620430095797 -0.018368144008820343 0.439801 -0.06461967602873372 0.9891157620586151 -0.13219041840143647 0.114027 0.009875095663425083 0.13309462016593232 0.9910541380613496 0.890827
0.9979783221407802 0.060501327454345076 -0.01946427274098262 0.427952 -0.06255174734992108 0.9892317845044023 -0.13231687507535653 0.103153 0.011249330670972814 0.13326689724945942 0.9910163402572922 0.897896
0.9980424468036594 0.0593817036025672 -0.01962365041018744 0.424015 -0.061453113804535 0.9894154297635784 -0.13145578020566423 0.0995309 0.011609874327108857 0.13240438294486284 0.991127787015932 0.90017
0.998218343801074 0.05596345194639975 -0.020693722364132697 0.403816 -0.05821378073679974 0.9895339986682349 -0.13203643895524225 0.0918123 0.013087926931665063 0.1330058552316274 0.9910288334063417 0.910222
0.9984996287402755 0.04967635278062332 -0.02303804201634246 0.362774 -0.052328547122094476 0.9895715131986204 -0.1342011304791548 0.0765648 0.016131167398004447 0.13520532622721435 0.9906862799081099 0.928727
0.9986234829133499 0.04641094391351764 -0.0244369322760987 0.344007 -0.049275575092735883 0.9897725420595745 -0.1338739432608444 0.0669679 0.017973788506891387 0.1348938073818956 0.9906970291954678 0.936576
0.9987684252968919 0.041809272892486475 -0.02671361694283189 0.315328 -0.04502472900171429 0.9899564851321804 -0.13401093732625474 0.0540796 0.020842418484642036 0.13504866620941053 0.9906197309496567 0.947441
0.9989472096777787 0.03595301889063021 -0.0284930291410065 0.274956 -0.039474258456150574 0.9901136039815539 -0.13459878948191145 0.035011 0.023372102950254263 0.1355818263754729 0.99049044072135 0.960819
0.9990847443950345 0.030140834972567875 -0.030351335790460333 0.234865 -0.03397317447266179 0.9902770473747567 -0.1348969712743176 0.0226236 0.025990323840978397 0.13580463729155356 0.9903946706019529 0.971765
0.9991624042862106 0.024607810135303002 -0.03269473262383027 0.195669 -0.028798830856144795 0.9904794918157015 -0.134614277228787 0.00759792 0.02907089957875461 0.1354430949618859 0.9903585466005871 0.98064
0.9992277859118298 0.018047161491059224 -0.03490174528383944 0.147897 -0.022585552158976206 0.9906758419621887 -0.13435501101999348 -0.0051104 0.03215158931400663 0.13503953537621505 0.9903184332273934 0.98899
0.9992127132527218 0.011661659126318046 -0.03792043486769726 0.101682 -0.01662875053976893 0.990918062286118 -0.1334349223052603 -0.0128795 0.03601997126067485 0.1339604402110798 0.9903318444485331 0.994734
0.9991790470768672 0.00580246019756241 -0.040094430264303677 0.0584311 -0.011068910025676771 0.9911335370578235 -0.13240766952896443 -0.0170372 0.038970644251883735 0.13274277070674578 0.9903840899932154 0.998146
0.9990816398794478 -0.0002370491782695207 -0.042846477842185815 0.0122569 -0.005380721349488282 0.9913742545174241 -0.13095088895376486 -0.0226176 0.04250793683011443 0.13106117383767465 0.9904625404419585 0.999669
0.9989574291458757 -0.005721426761898924 -0.04529150063831814 -0.0317627 -0.00018285768282642152 0.991605860587 -0.12929726916135117 -0.0294282 0.04565108232375633 0.12917074949586413 0.9905709950111331 0.999062
0.9988244993994543 -0.010676667091336018 -0.04728242992116705 -0.0726861 0.004564268907483574 0.9918227711156664 -0.12754120175762967 -0.0347811 0.048257505621089346 0.12717546727360984 0.9907056140322257 0.996748
0.9987013225098986 -0.015216521829233538 -0.048622277614281256 -0.111097 0.00898379356237264 0.9919993645174097 -0.12592280274153908 -0.0392919 0.050149375571470964 0.12532245712750908 0.990847779363367 0.993033
0.9985534922604398 -0.01929567047572887 -0.05018565726750818 -0.143682 0.012933347272428296 0.992180183956738 -0.1241418990184384 -0.0359608 0.05218861583535707 0.12331325826716878 0.9909945452487233 0.98897
0.9984087250581621 -0.022404690846815362 -0.05174985561133348 -0.16976 0.01593284665416223 0.9923717544010967 -0.12224747631090109 -0.0337617 0.054094011916571566 0.12122842445131422 0.9911495885989268 0.984907
0.9983101282984281 -0.025207853695428235 -0.052358875549860025 -0.194953 0.018728388879917585 0.9925065318415169 -0.12074780205820072 -0.0352426 0.05501031891144082 0.11956315638186259 0.9913014256265688 0.980179
0.9982455972241763 -0.02828043307839124 -0.05201869594142806 -0.220366 0.02187733171515195 0.9925588199576764 -0.11978468717348846 -0.0336361 0.055019178288786864 0.11843650631930984 0.9914361724242782 0.974837
0.9981835324243442 -0.030203114387275194 -0.05212875864786181 -0.236099 0.02383711034278354 0.9926451852225129 -0.11869005192124915 -0.0299033 0.05533017049823558 0.11723185631845989 0.9915620323997707 0.971269
0.998140100312889 -0.0315041913336575 -0.05219028717863428 -0.246992 0.025178924610853293 0.9927293818323871 -0.11770469915057545 -0.0265452 0.05551902289141069 0.11617168491116418 0.9916762464242472 0.968654
0.998117397739185 -0.032299817512605 -0.05213810620850993 -0.254708 0.02602150422639456 0.9928029742925021 -0.11689797069990929 -0.0257275 0.055538650038987954 0.115321186364924 0.9917744110064713 0.966676
0.9981284758736693 -0.03302484324157801 -0.05146751770753251 -0.259851 0.026842279220739805 0.9928279508142547 -0.11649957994861428 -0.0219307 0.05494577050457854 0.1149000426929291 0.9918563114145219 0.9654
0.9981476553418974 -0.03322268869130217 -0.05096578353752044 -0.261444 0.027114727431029627 0.9928586231449176 -0.11617463579938334 -0.0199421 0.05446145142955277 0.11457751700442462 0.9919203309264747 0.965013
0.9981820415130379 -0.03289063475975117 -0.05050562489430489 -0.257526 0.02684957461131929 0.9928921723604729 -0.11594927515293915 -0.015302 0.05396028487744278 0.11438242964022682 0.9919702351610876 0.96615
0.998284375946165 -0.031983356025203344 -0.04904456829396017 -0.250388 0.02609972530424607 0.9928788662066844 -0.11623408011066204 -0.0158836 0.05241287132774479 0.1147546163668111 0.9920102161478416 0.968015
0.9983831187398522 -0.03112772942444525 -0.04756272359910531 -0.242291 0.025398374486935382 0.9928491653656477 -0.11664243398591455 -0.0136976 0.05085342455241096 0.115245821154676 0.9920344398848645 0.970107
0.9984720489722719 -0.03033899579635916 -0.04618563364491156 -0.235144 0.024751141400224178 0.9928134318133719 -0.11708488634465918 -0.0126758 0.049405955314107575 0.11576283922323326 0.9920473862847867 0.971878
0.9985725891610794 -0.02900793855089813 -0.04484778341418294 -0.222816 0.023559121542797892 0.992784117079443 -0.11757833417310591 -0.0094925 0.047934872152430114 0.11635392720410519 0.9920504078200422 0.974814
0.9986881969032599 -0.027200292352212413 -0.04338236349104842 -0.208126 0.021908607511162845 0.9927598977427293 -0.11810079741799881 -0.0100204 0.04628064696001012 0.11699542525158643 0.9920535127638848 0.978051
0.9988137519032273 -0.025394802307750274 -0.0415474791623843 -0.193273 0.020299273740298846 0.992714286253655 -0.11876988403426525 -0.0103708 0.04426091384748952 0.11778560983263908 0.9920521768645733 0.98109
0.998922431952269 -0.023628686878878893 -0.03994571440022576 -0.179378 0.018707383077097055 0.9926734996595413 -0.11937067015010588 -0.0123982 0.04247362429757143 0.11849476034854256 0.9920458573115308 0.983702
0.9990213850669993 -0.02183309264554561 -0.03846541621177371 -0.165016 0.017074876497919514 0.9926326266124412 -0.11995381268249217 -0.0137489 0.040800989833517 0.11917963185887362 0.9920340188615451 0.986195
0.9991093505980221 -0.01974629278223894 -0.0372906083210884 -0.147869 0.015122224054596949 0.9926046857293459 -0.12044607178230907 -0.0135527 0.03939319595109412 0.11977487962634184 0.9920192308233011 0.988914
0.999200389936286 -0.017497793933870597 -0.035950075919551606 -0.129136 0.013030793345331214 0.9925752966673526 -0.12093171160001058 -0.0120607 0.03779919544071004 0.12036655537633643 0.992009633607895 0.991554
0.9992762255206764 -0.015436925704007573 -0.03476674321760743 -0.113461 0.011111699370523366 0.9925499792182845 -0.12133041206095872 -0.015527 0.03638069881474534 0.12085627860641697 0.9920031273515012 0.993421
0.9993436464680151 -0.013401533181785292 -0.033655239894969324 -0.0986393 0.009211480323591141 0.9925239465127611 -0.12170194833683418 -0.0214473 0.035034624220312685 0.12131205425311561 0.9919959478740981 0.994892
0.9994007830523364 -0.011178497497384265 -0.0327584497203089 -0.081887 0.007102035202097758 0.9925032472746613 -0.12201174224328071 -0.0261793 0.03387677567840831 0.12170597907643477 0.991987912591016 0.996298
0.9994419660535797 -0.00932459405725895 -0.03207504382885012 -0.0683615 0.005336564130738844 0.9924858836090237 -0.12224275814989656 -0.03194 0.03297389231246194 0.12200337201275595 0.9919818040888065 0.997149
0.9994774755092184 -0.007734099161241045 -0.031384066974884064 -0.0571339 0.003832063046381835 0.9924565963492984 -0.12253660536988373 -0.0386401 0.0320950345463044 0.12235231126926108 0.9919676510272609 0.997618
0.9994840769109021 -0.00595539699849992 -0.031561261827628466 -0.0454255 0.002045114094049417 0.9924655734055114 -0.12250674721504808 -0.0493847 0.03205304213181925 0.1223789967741999 0.991965716967394 0.997746
0.9995010168639465 -0.004230387372495087 -0.03130209434870659 -0.0333967 0.0003658796165768195 0.992474951145742 -0.12244728449566755 -0.0570876 0.03158454400561877 0.12237473256737033 0.9919812706946747 0.99781
0.9995094887870191 -0.0032996873429192775 -0.03114311943513085 -0.0294631 -0.0005374052503238891 0.9924803153882186 -0.1224031648385743 -0.0713691 0.03131282517290273 0.12235986118961253 0.9919917193955553 0.997015
0.9995043295704872 -0.0019717319989866686 -0.031419857459489074 -0.0218927 -0.0018820880496349993 0.9925091551253189 -0.12215578061229315 -0.0836866 0.031425354642769916 0.12215436654229536 0.9920134867128704 0.996252
0.9994859684223222 -0.0005513922471149129 -0.032054561196229465 -0.0136685 -0.0033546871247458537 0.9925642635834624 -0.12167550588065862 -0.0956716 0.0318833028588329 0.1217204938521404 0.9920522044606338 0.995319
0.9994693157286867 0.00017492830993401116 -0.03257385941084054 -0.0120848 -0.004123511534429851 0.9926205395863351 -0.12119183571494577 -0.110987 0.03231228202179853 0.12126183979892174 0.9920944927974978 0.993748
0.9994450401746666 0.0006284636067279588 -0.03330490510050314 -0.0138398 -0.004644721841371402 0.9926840901206203 -0.12065124856549196 -0.129268 0.03298542449741687 0.12073898398980694 0.9921361093699966 0.991513
0.999425016382551 0.0007552960540170412 -0.03389787834966348 -0.0177943 -0.0048258609140147835 0.992742442930361 -0.1201630270553212 -0.145261 0.03356110390282748 0.12025752172953696 0.9921752772430352 0.989233
0.9993947967719751 0.0012730355147311098 -0.034762329692946375 -0.0193727 -0.005419015786061432 0.9928272575422014 -0.1194347978988625 -0.162487 0.034360943715405795 0.11955089318700193 0.9922332938806161 0.98652
0.9993563307725905 0.0013507365714780389 -0.03584828664607686 -0.0248278 -0.005596874917248359 0.9929247202236318 -0.11861355301981066 -0.178539 0.035434434324615606 0.11873784350213384 0.9922931650397262 0.98362
0.9993080835784308 0.0008455904692513351 -0.037183854985228394 -0.0358676 -0.005219311300933003 0.9930372114686976 -0.11768540873029855 -0.194454 0.036825438006195345 0.11779805437795561 0.9923545261147451 0.980256
0.9992482288881116 0.00032853530528379263 -0.03876685605675471 -0.0494381 -0.004850284789969154 0.9931667111963437 -0.11660342408735029 -0.214757 0.03846364259177946 0.11670379529386117 0.9924216706433714 0.975415
0.9991921550489373 -0.0003236597518698121 -0.04018622317443564 -0.0644372 -0.004323736342799754 0.9932974185061428 -0.115505600267132 -0.234228 0.039954256252600684 0.11558604428475588 0.9924935887822671 0.970044
0.9991170503949168 -0.001111194443232939 -0.041998629228476615 -0.0810688 -0.0036976579289921038 0.9934452574212856 -0.11424906053441358 -0.250731 0.04185029194643549 0.11430348093590706 0.9925639865066298 0.964656
0.9990357045808096 -0.001970219032372966 -0.04386090753382067 -0.099057 -0.002993728680177352 0.9936107124821173 -0.11282193771323529 -0.266189 0.043802951513743624 0.11284445169233681 0.9926466799223886 0.958818
0.998939142305554 -0.002772276866310348 -0.04596634041144408 -0.116853 -0.002354549653678129 0.9938057230478661 -0.11110643965691872 -0.278035 0.045989629980818514 0.11109680156640278 0.9927449091362508 0.953437
0.998828355515717 -0.004237305955977914 -0.04820748340251281 -0.144126 -0.0010581063874997448 0.9940089092923285 -0.10929395526902581 -0.294961 0.04838177992427363 0.10921691025528289 0.9928398007159304 0.944577
0.9987022847050538 -0.0059603573917234205 -0.05057885590509908 -0.175755 0.0004952161705456394 0.9942175850715917 -0.10738318441616822 -0.312203 0.050926430130633325 0.10721878414799942 0.9929303253703025 0.933616
0.9986649775863727 -0.007216442836637235 -0.05114866073706489 -0.197834 0.001748942280263527 0.9943493672904704 -0.10614271981601817 -0.327599 0.051625611311732884 0.10591156085067852 0.9930345097401515 0.923872
0.9986364357343667 -0.008934528655609949 -0.051433874260665764 -0.224867 0.0034921036449883374 0.9944717595604318 -0.10494629411709246 -0.345877 0.05208718110910352 0.10462358068084222 0.9931469337059983 0.910936
0.9985830424048163 -0.010620413136264925 -0.05214512677475591 -0.253635 0.005179420252602022 0.9946274316074807 -0.10338977657269909 -0.363206 0.05296301565609016 0.10297319611782842 0.9932730942967757 0.896522
0.9985019694811629 -0.012542231139106578 -0.0532588901526475 -0.284659 0.007074024205595088 0.994795528493478 -0.10164553443668904 -0.375943 0.054256567563542045 0.10111651164589643 0.9933940184784624 0.881837
0.9984162272165301 -0.014278878074524305 -0.05441645772781128 -0.316494 0.008787829826147658 0.9949644661006805 -0.09984230187618043 -0.39158 0.055568077865411826 0.09920597178557619 0.9935141488093779 0.864
0.9983156503241769 -0.016444842188044734 -0.05563658403627689 -0.351023 0.01093260182523965 0.9951295903880367 -0.09796722182173352 -0.402832 0.05697666658506939 0.09719395814323172 0.9936332290967856 0.845286
0.9982110999740538 -0.018235910742748992 -0.05693901516510631 -0.383034 0.012710193144365745 0.9953057601674784 -0.09594214281362981 -0.412417 0.05842132212491115 0.09504680603166268 0.9937570396149941 0.826557
0.9980967395454567 -0.019826846185061454 -0.05839344722726232 -0.414919 0.014292917246548353 0.9954972469374633 -0.09370669056430746 -0.420814 0.05998842409425735 0.09269372961687032 0.9938859398665435 0.806696
0.9979807901476713 -0.021317339949006784 -0.05983237847293494 -0.446489 0.01578819465827978 0.9956884281149196 -0.09140725916180308 -0.42823 0.061522966489452664 0.09027804348533063 0.9940144865437317 0.785663
0.9978459278028251 -0.023470834661473837 -0.06125866704078048 -0.480371 0.017950098444404393 0.9958551239773722 -0.08916482498075744 -0.429086 0.06309753032532761 0.08787315840634542 0.994131283935144 0.764937
0.9977189542180049 -0.024600829242896784 -0.0628624497986827 -0.510891 0.019100715013797107 0.9960562007896345 -0.08664414322088114 -0.434062 0.06474605069107901 0.08524578622477884 0.9942540444226652 0.742011
0.9975979074147832 -0.025747765153670266 -0.06430760228182471 -0.538955 0.02028797380561591 0.9962460390607586 -0.08415597289920757 -0.434114 0.0662330222812499 0.08264915151010904 0.9943753338222698 0.721854
0.9974732065476627 -0.027072160274476283 -0.06568333394093748 -0.567604 0.021667293576151245 0.9964257531544674 -0.08164708714729081 -0.431983 0.06765892852099062 0.08001760174252597 0.9944945715300642 0.700868
0.9973445888215886 -0.028271731292740996 -0.06711542563380876 -0.593749 0.02292090319003032 0.9965953244004139 -0.07919843167757125 -0.426242 0.0691259961609923 0.07744978110327176 0.994596967651624 0.682481
0.9972190710495319 -0.029715147210015766 -0.06834569746074626 -0.618944 0.0244300279990664 0.9967390447086993 -0.07690546459878135 -0.418292 0.07040808239878144 0.07502190866324764 0.994693126121544 0.664786
0.9970887250156752 -0.031126308867091532 -0.0696076672711077 -0.641366 0.025899762239839075 0.9968646346700558 -0.07476698776903902 -0.407022 0.07171664215880877 0.0727464984755022 0.9947686515954445 0.650372
0.9969373877069383 -0.03274001805754458 -0.07102067452268597 -0.660861 0.0275277625591374 0.9969397243899069 -0.0731669886073231 -0.393502 0.07319882021285175 0.07098786622351774 0.9947877439778189 0.639077
0.996836460104699 -0.03376740371725976 -0.07195022065378606 -0.673512 0.028542505535140882 0.9969636812643279 -0.07244821335033848 -0.389408 0.07417814491957428 0.0701653809657961 0.9947735531919891 0.628285
0.9968387260596709 -0.03528918695107814 -0.0711844611700028 -0.675366 0.030021198152472322 0.9968237994808853 -0.07376340861146011 -0.396794 0.07356141576412034 0.07139317945590526 0.9947319900545848 0.621639
0.9968765055438319 -0.03653515734189527 -0.07001724768027791 -0.671835 0.031219445557758345 0.9966519780536144 -0.07556573867093347 -0.406546 0.07254363455041792 0.07314380985306004 0.9946795484810144 0.619159
0.9969405858479751 -0.0381027432987072 -0.0682469724032435 -0.665436 0.03274253396440812 0.9964149448439924 -0.07800759040717327 -0.4198 0.07097460643558255 0.07553435406923496 0.9946140792270426 0.617222
0.9970468594703419 -0.03929129895098536 -0.0659829814957849 -0.654407 0.033905968981788104 0.9961500741900811 -0.08084191337729753 -0.43787 0.06890533569858591 0.07836595892248592 0.9945405125958545 0.616459
0.997180123208426 -0.040543979785268865 -0.06315051528847627 -0.639219 0.03516749286588753 0.9958417585594733 -0.08403832075132962 -0.455397 0.06629516817654298 0.08158049774515548 0.9944594376162844 0.619687
0.9973567779722536 -0.04155548467718298 -0.05960368382951791 -0.616978 0.03624060576375095 0.9954931790968696 -0.0876353174552609 -0.469125 0.06297678879302362 0.08524360424602179 0.9943678655349169 0.63187
0.9975537471512413 -0.042442035201304656 -0.0555445334167851 -0.591564 0.03724479361742852 0.9951107758482299 -0.0914733247407623 -0.483451 0.059155277811132764 0.08918081317584527 0.994257228119757 0.645235
0.9977662263600169 -0.043012630378124264 -0.05111233865952739 -0.563144 0.03799811611445961 0.9947206501054922 -0.09532560739622307 -0.496069 0.0549427038563211 0.0931704989879397 0.994133068261636 0.660897
0.9980159175074307 -0.04267476842013308 -0.046293547521104976 -0.529219 0.03791959500623919 0.9943511488280983 -0.09913575106289124 -0.510017 0.050262637379703747 0.09718362498141728 0.993996484057719 0.678093
0.9982488603960572 -0.04277898456577572 -0.04085549164425214 -0.495023 0.03837786262175471 0.9939384213760979 -0.10302210526375218 -0.519416 0.04501502392044412 0.10127375272947593 0.9938396624353096 0.696534
0.9984651294666869 -0.0427663478979071 -0.03519125923503151 -0.460893 0.03879412860839008 0.9935332535574303 -0.10670843294277317 -0.530089 0.03952721625143496 0.10517943507673828 0.9936673918431409 0.711746
0.9986908050328591 -0.04180003567748419 -0.02948614861559741 -0.422296 0.03831571611461172 0.9931717828983931 -0.11018945300277948 -0.534344 0.03389073385815851 0.10891541062580774 0.9934731256993152 0.732217
0.9988725867446167 -0.04120199045303435 -0.02357862236913183 -0.386756 0.038274956033745526 0.9928110664168837 -0.11340729315517997 -0.537421 0.028081723428822952 0.11237696553510487 0.9932687624336067 0.749399
0.9990454047573865 -0.0397968365751254 -0.018013634607206057 -0.349121 0.037436844959749825 0.9924949022004984 -0.11641456844176395 -0.541497 0.022511372072995126 0.11562906600260703 0.9930373392892914 0.764784
0.999156669808926 -0.039165215299315104 -0.012330250885302036 -0.317171 0.03741876615293746 0.9921551944643576 -0.11928078653741302 -0.540293 0.016905180150710592 0.11871881067442684 0.9927839940672498 0.779414
0.9992562290830815 -0.03795034696810452 -0.00683811404265558 -0.284297 0.036834736748005345 0.9918535915584205 -0.12194119517770359 -0.535714 0.011410118639393216 0.12159861873254209 0.9925137707432439 0.795101
0.9993310655716827 -0.03650669819602538 -0.0021638785062178425 -0.254674 0.035955028894981145 0.9915960062268354 -0.12427629030571738 -0.531045 0.0066826103078381615 0.12411535530229204 0.9922452929077867 0.808166
0.9993789463951646 -0.035170735446808224 0.0021773539494575594 -0.22852 0.035163523823936185 0.9913421639487195 -0.12650786761997557 -0.522868 0.002290871968064449 0.12650586289022503 0.9919632143179631 0.821211
0.9994085035818817 -0.03385475783292076 0.006041385627335331 -0.204808 0.03435089659965744 0.991089070988635 -0.12869525737059603 -0.516565 -0.0016306044963529261 0.12882666159983577 0.9916657866388342 0.831393
0.9994104196616757 -0.0330787182739323 0.009198449272966057 -0.187601 0.03399877761782236 0.9908165251066432 -0.1308690058649895 -0.510572 -0.004784996569212376 0.13110458410349585 0.9913569951510315 0.83912
0.9994158354975508 -0.03232564840738219 0.011092349245077057 -0.176054 0.03351509840427878 0.9905473783640222 -0.13301364364272622 -0.500922 -0.006687745186829626 0.13330770297025207 0.9910521330349433 0.847397
0.9994090291572387 -0.03220746469081777 0.01201131371563185 -0.170798 0.03353751100999548 0.9902451666573167 -0.13523958468983036 -0.496406 -0.007538421203410603 0.135562491604474 0.9907401188383091 0.851122
0.9993683742252281 -0.03343372473236205 0.012043199281961433 -0.174933 0.03477471028338069 0.9898712634169978 -0.13764302156645444 -0.499268 -0.007319297994434431 0.13797488145223083 0.9904086833045798 0.848604
0.9993499195918935 -0.034371714084963284 0.010877659791422582 -0.182012 0.03555749073583138 0.9895069446412348 -0.14004167722267483 -0.495882 -0.005950047415580875 0.140337421159255 0.9900858574679887 0.849101
0.9993234588971253 -0.035759107273021895 0.008597135855751654 -0.193921 0.03661970753084133 0.9891215668379015 -0.1424693757847295 -0.496143 -0.003409034796152769 0.14268781399675073 0.9897618734920978 0.846308
0.9992716228707885 -0.03780035328661883 0.005230393540384192 -0.212911 0.03815928182174127 0.98871427925073 -0.1448721616341741 -0.491774 0.00030485411168929607 0.14496622812612647 0.9894365567164245 0.844291
0.9991761797732623 -0.0405773048856075 0.0006664097310352859 -0.237035 0.04023267954182469 0.988270698145034 -0.14731720430693646 -0.495899 0.005319141903917005 0.14722265286343428 0.9890890744585437 0.835403
0.9990346100701478 -0.043672661641309334 -0.004748316243789859 -0.265082 0.04247252483029763 0.9878410500035407 -0.1495531496239432 -0.494776 0.011221965804932822 0.1492070995397521 0.9887422864075386 0.827604
0.998808875788434 -0.047563042924794866 -0.010889747195354842 -0.297868 0.04536439503512532 0.9873791019489184 -0.15173852740040883 -0.49285 0.017969454898291024 0.15106378117299213 0.9883606794629057 0.817541
0.9985237828388909 -0.05112529454587631 -0.01834282864526434 -0.331641 0.04771891913638778 0.987017355879353 -0.15336115528185726 -0.491901 0.025945324464477684 0.15225946095572665 0.9879999477165498 0.805014
0.9981225835152084 -0.05518598044317436 -0.026567194798303516 -0.368777 0.05043656728586376 0.9866789824352599 -0.1546633062524476 -0.490536 0.03474853892387371 0.15303298070365565 0.9876099664642972 0.789543
0.9975793188679645 -0.05987950363967855 -0.03535459815630532 -0.409123 0.053691368645180884 0.9863593225490528 -0.15560373952312653 -0.489093 0.044189812173569945 0.15332883572387632 0.9871866736517594 0.770329
0.996949740168895 -0.0640234962611177 -0.044634151763816875 -0.447663 0.056353112020895185 0.9861698580333909 -0.15586320243072904 -0.482227 0.05399576226643372 0.15287250581090317 0.9867697069855572 0.753031
0.9961779926205881 -0.0682937253318201 -0.05445524858741798 -0.487145 0.059092179593550447 0.9860473731251806 -0.15562355947546827 -0.474743 0.06432356744848 0.15181088575340354 0.9863143178710669 0.733013
0.9952327290331244 -0.07278788419003937 -0.06491331894470526 -0.527882 0.06202760284310335 0.9860211166636856 -0.15464454073402314 -0.460372 0.07526215215377416 0.14988089073806612 0.9858353447938181 0.713721
0.9942004409207778 -0.07632739448270653 -0.07576022785348559 -0.565755 0.06405407225121368 0.9861548059232375 -0.15295677357520904 -0.448048 0.08638610479103136 0.14721694062159685 0.985324623305969 0.692225
0.9929769235403547 -0.08077842537766457 -0.08643885301088665 -0.60481 0.067093069736521 0.9862636892147578 -0.15093858131646132 -0.432725 0.09744408298949157 0.1440790801261611 0.9847567564431007 0.668546
0.9916172542059997 -0.08520688309954588 -0.09713397054282288 -0.642084 0.07020321923138498 0.9864030980572462 -0.14859487256502707 -0.416313 0.10847455540588197 0.14053012209318988 0.9841161291300785 0.643748
0.9901584037272397 -0.08912520574370138 -0.10790288795702907 -0.676465 0.07291149086034672 0.986615285699774 -0.1458567534400611 -0.399156 0.1194581517890087 0.13655392972996455 0.9834036680053913 0.618926
0.9886362696223171 -0.09275724891015605 -0.11829800996588533 -0.707757 0.07549370919895154 0.9868567745537268 -0.14287899211850313 -0.381592 0.12999625478702642 0.13232459821225417 0.9826449890216263 0.594531
0.9869667657368454 -0.09705120535052005 -0.12836536476387278 -0.738559 0.07890830135597397 0.9870633208120541 -0.1395689101648172 -0.362115 0.14025007418203284 0.12762078297632878 0.9818568390781026 0.568686
0.9853412946369452 -0.10062968901188674 -0.13775412433956274 -0.766281 0.0817509272456228 0.9872686225099633 -0.13644578740936136 -0.350367 0.14973082173577235 0.12318414141702945 0.9810231130435612 0.538568
0.9837668926766706 -0.10660403731915029 -0.14435470238459608 -0.788254 0.08729798915428937 0.9871222818212623 -0.13404723727702098 -0.327719 0.15678571989472023 0.11926935884476617 0.9804045379728985 0.520822
0.9821102961674054 -0.11368801234317684 -0.15011462957163402 -0.807473 0.09402489564530254 0.9867583069633193 -0.13216415035013765 -0.303424 0.16315233728286332 0.11568526046278105 0.9797949965940821 0.505886
0.9820281938408424 -0.11390043167245983 -0.1504902593742209 -0.811756 0.09435292039487075 0.9868542634692202 -0.13121047627983812 -0.305606 0.16345688396226127 0.1146531915711468 0.9798655483013462 0.497651
0.9804694629301896 -0.12098040474069144 -0.15505925941447188 -0.828823 0.1011831563874456 0.9863662810877136 -0.12978261977887304 -0.289215 0.168646378926023 0.11155851021760863 0.9793431970832126 0.478965
0.9789334934019555 -0.12655065467433252 -0.16023154276652601 -0.843574 0.10639679667438479 0.9859619387518344 -0.1286809115220801 -0.280159 0.17426685615249055 0.10892193137390478 0.9786557493380934 0.458141
0.9772928814297284 -0.13345115668821084 -0.16458861651206871 -0.857194 0.11294666902038221 0.9852910581507033 -0.12823642495588838 -0.272697 0.17928099136266082 0.10673480925567609 0.9779908008918976 0.43687
0.9756508201447556 -0.13986399664738255 -0.16894833409266422 -0.869623 0.11903767835306477 0.984641893089721 -0.1277120726673964 -0.267613 0.1842159284187386 0.10449117098832324 0.9773157559879565 0.414897
0.9739799048399608 -0.1467454337375109 -0.17271051689208466 -0.879229 0.12546208834340175 0.9837626342072365 -0.12833683775966884 -0.265771 0.18873899797459376 0.10332887890047443 0.9765760254218396 0.395376
0.9721815043055305 -0.15435445604072667 -0.1761755504790812 -0.888159 0.1326135838544482 0.9827113965621675 -0.1291973236724115 -0.264795 0.1930719038687793 0.10223997734353231 0.9758433414074613 0.375576
0.9703807261314992 -0.16080695356658717 -0.18028413695369244 -0.895593 0.1384897589219207 0.9817586331534839 -0.13027115145860677 -0.267221 0.1979440148785826 0.10144510788222595 0.974949771557751 0.355676
0.9684218869187653 -0.1681391460170828 -0.18408768702263603 -0.900838 0.14505183546496875 0.9805123226367234 -0.1324973591653116 -0.269706 0.20277823839096124 0.10161108568549038 0.9739384853782472 0.340219
0.9665084315485499 -0.17414971724340486 -0.1885028586775393 -0.905007 0.1502217086329444 0.9794421550305867 -0.134634702823748 -0.272156 0.20807424156046078 0.10180835394545139 0.9728001691333924 0.326946
0.964456618491735 -0.1809407875563705 -0.19257170728320513 -0.909277 0.1562027725875761 0.9782039935323888 -0.1368124295275843 -0.276292 0.213129361852003 0.10186941855025299 0.9716987684878434 0.311251
0.9624452744753222 -0.1866025421876548 -0.19717653229841114 -0.910904 0.16066952344379629 0.9769803042486844 -0.1403381250640453 -0.283061 0.21882503941840215 0.10338750581793116 0.9702714186063002 0.300216
0.9602417287965336 -0.1929435345974715 -0.2017637597163546 -0.911795 0.16565306934908536 0.9755387650178928 -0.14451013307928165 -0.288282 0.224710664840527 0.10534187393624106 0.9687147189459493 0.292443
0.95796359644171 -0.19949382810555416 -0.20617458728043073 -0.911692 0.17067401907349627 0.9739404396705924 -0.14936666022761827 -0.292152 0.23059949502495483 0.10789917757816567 0.9670478997299933 0.288903
0.9554437638559172 -0.20666095055108016 -0.21075688749400953 -0.911564 0.17617048278124334 0.9721433557572542 -0.15460031323916748 -0.295915 0.23683575554688155 0.1105827625552421 0.9652358662628472 0.285457
0.953045718694983 -0.21211900952632873 -0.21612353845597748 -0.910743 0.17974882538442372 0.9706154043694181 -0.1599878013278224 -0.300616 0.24370928962615085 0.11362773692351738 0.9631689984377387 0.283157
0.9505433309226149 -0.21780023508864263 -0.22142816811298546 -0.909281 0.1833487620767785 0.9689340358329265 -0.16598212448763996 -0.302236 0.250700234310727 0.11717462097164873 0.960947189348456 0.286115
0.9478432265008669 -0.22349164679032418 -0.22725470686297083 -0.907198 0.1866048420762217 0.9671179898784166 -0.17280459070070656 -0.303729 0.2584024978403541 0.1213848321186767 0.9583808593880545 0.291102
0.9449694162839464 -0.23315379804427408 -0.22950404951875597 -0.905352 0.19428067918343286 0.9643392177169213 -0.17973561380299738 -0.29764 0.2632257965777704 0.1252564554450031 0.9565683459039152 0.302898
0.9421294192455443 -0.24256848822310578 -0.23141453263183578 -0.902377 0.20147436903022914 0.9613834020036385 -0.1874834205357423 -0.291408 0.267955660540928 0.13000954916108254 0.9546189193133601 0.317486
0.9392861136766635 -0.25094108405758714 -0.23403027365320334 -0.898643 0.20737925660681739 0.9585322351272112 -0.1954732671012503 -0.281549 0.27337783484290384 0.1350723012095224 0.9523759934304152 0.336408
0.9362361692824458 -0.25993270203734997 -0.23642509540844756 -0.894399 0.21373783257528065 0.9553623449390108 -0.2039581545284612 -0.269841 0.2788870277609781 0.14042001383063815 0.9500022344512936 0.356702
0.9327763052624871 -0.26984277499345155 -0.23898376749205497 -0.889216 0.2206150969732527 0.9517044532848132 -0.2135125583785102 -0.255778 0.28505673703377965 0.14643602829115487 0.9472587536095755 0.379306
0.928981814978436 -0.2804205582141537 -0.24157213823252338 -0.883221 0.22778210846704117 0.9475904762781425 -0.22402589209569518 -0.241456 0.2917329232391847 0.15309016884772647 0.9441691065166741 0.402019
0.926089983439627 -0.2879626418154141 -0.24379265676282894 -0.874535 0.23184395150380457 0.9440823125598315 -0.23442902819996864 -0.226148 0.29766713746044005 0.16058052195197187 0.9410675699681397 0.429006
0.9226520630370979 -0.29737587673394306 -0.24552140132808403 -0.865289 0.23737331107511564 0.9397145141149466 -0.24615146384075473 -0.210989 0.3039195317228292 0.16883192795922433 0.9376186316082609 0.454708
0.9189312635066157 -0.3069968714723049 -0.24762522863462816 -0.854796 0.24266987792434225 0.9349972294807827 -0.2586339328306429 -0.193805 0.3109287109585083 0.1775756226779953 0.9336970787853 0.481419
0.9148348196546384 -0.3175719823475345 -0.24944997249012196 -0.843434 0.24840808027350728 0.9295641427063738 -0.2724039835417155 -0.177228 0.3183876228786165 0.18723926036604 0.9292850913338072 0.507158
0.9109059738122449 -0.3269130838216684 -0.25175015888649027 -0.82927 0.2522047098824425 0.9240246203671283 -0.2873521972571252 -0.160198 0.3265625379407125 0.1982582572847638 0.9241485661040272 0.535396
0.9077022959072554 -0.3341332003057264 -0.2538336984290119 -0.813034 0.25379263675625513 0.9188948816724688 -0.3020289621285464 -0.14341 0.3341643899834403 0.20973125873267603 0.918883539724922 0.564278
0.904305557260317 -0.34263537761758395 -0.25462218503689593 -0.796535 0.2563944124123663 0.9128416916606759 -0.31777657441950174 -0.127525 0.341311242697666 0.22208341669501436 0.9133376109836076 0.590991
0.9012055605370579 -0.3495715727809719 -0.2561801185894893 -0.777394 0.2566336201884945 0.9067675370959224 -0.3345322385928484 -0.112605 0.3492387759771739 0.23573788234484627 0.9068957647831049 0.618852
0.8985846676352116 -0.3558174336704715 -0.25678697199639106 -0.756318 0.2558794219941729 0.9003056050085372 -0.35210160322006373 -0.0982705 0.35647063903054294 0.2506866001332558 0.9000471721097649 0.646782
0.8962890927799745 -0.36045104722616705 -0.2583426111140197 -0.734508 0.25297146347938737 0.8940340107779079 -0.3697412963647213 -0.086981 0.3642407182465287 0.2660417826694279 0.8924967613640543 0.673002
0.894207764432179 -0.3648588631003293 -0.25936554136264944 -0.710389 0.24910669949513892 0.8869670272207594 -0.3888898878729138 -0.0757063 0.37193860554645786 0.28313866327349946 0.8840215897046025 0.699726
0.8933764195292662 -0.3667245248434238 -0.2595991061375864 -0.684272 0.243045469155954 0.8803781098247593 -0.4072631626653047 -0.0652445 0.3778987601882693 0.30074491952441895 0.8756397777787507 0.726302
0.8932590118504186 -0.36678905701725106 -0.2599117646440987 -0.658159 0.2348395675636676 0.8737425537437886 -0.42593934695422536 -0.060787 0.38332586040407346 0.3194365937548141 0.8666149937058546 0.750421
0.8936725967499652 -0.36597090773313334 -0.25964318691458155 -0.631399 0.22585325237579348 0.8668532878264134 -0.4444723678428315 -0.0567008 0.38773650616036925 0.33857151693183474 0.8573387485195255 0.773382
0.8959836196633351 -0.36117135888841817 -0.25839621284701897 -0.600692 0.21276828996837277 0.8598560293779626 -0.4640875601934393 -0.0584703 0.3897986763432155 0.3608363316810797 0.847262730007652 0.797339
0.8973284799993925 -0.359601679014425 -0.25590668500839586 -0.573974 0.20216170850576648 0.850283818000286 -0.4859506893306009 -0.0630396 0.3923419969822367 0.3843228607523408 0.835681575785375 0.816444
0.8988482885344885 -0.35592211902614856 -0.25571702991110445 -0.546595 0.18938532231327143 0.8416365559432639 -0.5057480671166813 -0.066436 0.3952277240919706 0.4061617324267477 0.8239100031078539 0.834757
0.9011891500847959 -0.34951489137630404 -0.25631515069471383 -0.516659 0.17330066426787288 0.8326118447815287 -0.5260460014996919 -0.0730901 0.39727194153848505 0.4296473631196987 0.8109119235962267 0.853066
0.904559926087883 -0.3405403731063064 -0.2565221128879547 -0.485761 0.15615818353992805 0.824497596701946 -0.5438918410366391 -0.0785725 0.396718996053117 0.4519247363414977 0.79898565121864 0.870553
0.9089630979057202 -0.3266289536345824 -0.25903593050620227 -0.455109 0.1359229247660098 0.8196253281190139 -0.5565422535880385 -0.0882633 0.3940952234786535 0.4706674496429265 0.789405540060325 0.886051
0.9140230287539055 -0.31283469270703573 -0.25825638026277603 -0.422158 0.11629043012978514 0.8119726132472683 -0.5719938908735227 -0.0969619 0.3886366410514667 0.49278284302042863 0.7785413481999122 0.901322
0.918368364495321 -0.29789665069977483 -0.2604940164304083 -0.393504 0.09599282812324045 0.8063062909800421 -0.5836570414849029 -0.110602 0.3839074420261888 0.5110066052683313 0.7690821317187421 0.912646
0.9228576207165565 -0.2851357976778588 -0.2589042077062238 -0.363721 0.07753913103256908 0.7960193792845265 -0.6002839586080834 -0.121985 0.37725521208339907 0.5339014185091554 0.756721732389008 0.923486
0.9279906062547282 -0.26950635014577673 -0.2572931439702268 -0.332082 0.057846744797226554 0.7863624371543507 -0.6150511129565039 -0.132962 0.3680858443615381 0.5558780843528297 0.7453270198489264 0.933832
0.9329189989101914 -0.2540427067268984 -0.255194914979271 -0.302285 0.03893791170984112 0.7757213490832674 -0.629873183750596 -0.145161 0.35797483222160026 0.5776839029567178 0.733577076905086 0.9421
0.9367404909512193 -0.24014562234860765 -0.2546513944184645 -0.277622 0.02140158179072771 0.765458473485798 -0.6431293008918553 -0.159796 0.3493697538558873 0.5969953144167814 0.7221754424342363 0.947307
0.9414669668586857 -0.22188306373312566 -0.2537870294997524 -0.251761 0.0029280900162581974 0.7581961953238349 -0.6520199043628331 -0.177046 0.3370925341842551 0.6131120904246327 0.7144663658790201 0.951458
0.9459726396812961 -0.2036183322235766 -0.25233973083303723 -0.22389 -0.014983176784583524 0.749952614552973 -0.6613218432341409 -0.188458 0.3239000916761871 0.6293732205199462 0.7063838049562776 0.95622
0.9498282537770935 -0.18783521276431311 -0.2500884267065211 -0.199356 -0.030702353163813062 0.7397319217814865 -0.6722008995885631 -0.199648 0.31126139149750365 0.6461537098425221 0.6968512964899928 0.959374
0.9527247685075133 -0.17139056683686507 -0.2508800292403586 -0.176681 -0.04646735821751261 0.7338069944377432 -0.6777669802627826 -0.210057 0.30026038715186937 0.6573831215612276 0.6911520320405818 0.961592
0.9559679713424662 -0.15480507559072115 -0.2493203287714831 -0.154423 -0.0610636337128268 0.7260373324963209 -0.6849387012422443 -0.221828 0.28704785385916937 0.6700038659537553 0.6846154754326453 0.96278
0.9586385931155504 -0.13947849570414034 -0.24810843803778249 -0.134896 -0.07413015754327364 0.7192643098405018 -0.6907702746443827 -0.23343 0.2748031432353849 0.6805913618506898 0.6791749632032794 0.962971
0.9608275089034749 -0.12377070480251784 -0.2479744155493278 -0.11604 -0.08647868111540535 0.7161754903043128 -0.6925417711589078 -0.242819 0.2633095817604873 0.6868576852012832 0.6774175849747718 0.963106
0.962313166865558 -0.11311089201136058 -0.24730405371844377 -0.10098 -0.09691814327711547 0.7070321333563436 -0.7005086979512061 -0.25058 0.2540870763752008 0.6980769932535893 0.6694238336876952 0.962815
0.9635265707772863 -0.10270072639008045 -0.24712164657332802 -0.0875986 -0.10609536634905921 0.7011651332242955 -0.7050611528015246 -0.257375 0.24568337478433888 0.7055636163731133 0.6646951651735344 0.962333
0.964474341934684 -0.09450922374871186 -0.24669262327048763 -0.0765539 -0.11372381303727534 0.6943271017829395 -0.7106171754735223 -0.262806 0.23844525178313292 0.7134268584487969 0.6589127252876203 0.961807
0.9649777652126745 -0.08936061589406834 -0.2466426422421411 -0.0692877 -0.11925081966934141 0.6880110656589327 -0.7158351874133109 -0.266975 0.23366034035184968 0.7201773766634803 0.6532590538896228 0.961209
0.9653966305686112 -0.08435451251880419 -0.24676641162137047 -0.0628479 -0.12391148081155828 0.6842301877628709 -0.7186619477035593 -0.270236 0.2294674064216083 0.7243710143094501 0.6501010252402616 0.960741
0.9654694959472478 -0.08179345353519116 -0.24734284577111526 -0.0594449 -0.12690270106381665 0.6815151395661302 -0.7207168785347446 -0.272484 0.2275178165728451 0.7272186366567792 0.6476022680943765 0.960322
0.9655142587618202 -0.07862504360252341 -0.24819411484987805 -0.0557644 -0.1296145002587701 0.6816078508367336 -0.7201463872022121 -0.27361 0.22579259830712442 0.7274811614029814 0.647911153132501 0.960223
0.9649986898504826 -0.08180403460000121 -0.24916987881767325 -0.0568546 -0.13061930760692797 0.6739552848873839 -0.727133323712132 -0.272709 0.227411796235681 0.7342291017765008 0.6396807805752288 0.960415
0.9648779478667796 -0.08138142683572924 -0.24977511702844402 -0.0569867 -0.13093500288694443 0.6753017174782567 -0.7258261605852413 -0.273734 0.22774233409576689 0.7330379620027175 0.6409280579936523 0.960116
0.9643211062394224 -0.08390934359287922 -0.2510856947717022 -0.0590192 -0.13080183437879533 0.6735711756355589 -0.7274563570937247 -0.272837 0.23016447202884818 0.734343988475934 0.6385634051564013 0.960248
0.9641581920332533 -0.08418542572765801 -0.2516183515370477 -0.0599496 -0.13011373294007966 0.6764553218160023 -0.7248990371680779 -0.272191 0.2312345070173696 0.7316563480773346 0.6412562600728139 0.960374
0.9635048086425291 -0.08766617581061907 -0.25292909152856485 -0.0641446 -0.12890398474041945 0.6761488583163672 -0.7254009126789922 -0.272878 0.23461084041613514 0.7315308353146945 0.6401721569570329 0.959908
0.9629086536018946 -0.09235370603521272 -0.2535305066459426 -0.069285 -0.12659883224853796 0.6751317935942619 -0.7267529132734879 -0.272314 0.2382848305954313 0.7318933353021851 0.6383983750358002 0.959711
0.9621517724407872 -0.09748163202793515 -0.25448241237111546 -0.0749488 -0.12419525486020401 0.6743633173062289 -0.7278802476657462 -0.271686 0.24256855826603163 0.7319367784781068 0.6367331048813389 0.959463
0.9609970667146609 -0.1046941837001907 -0.255976103699482 -0.0820642 -0.12144946073435155 0.671793427119272 -0.7307144584354945 -0.270036 0.24846461770874428 0.733302610917685 0.6328764607473986 0.959347
0.9603102433869752 -0.10598281921229283 -0.25801526791618923 -0.0857637 -0.1195683633069354 0.6793007533483395 -0.7240537915075642 -0.269415 0.25200722795616226 0.7261667360408304 0.6396672795490308 0.959198
0.9592100268348679 -0.11152967720306324 -0.2597638456799411 -0.0922965 -0.11680494455540115 0.6804189135032804 -0.7234547028490622 -0.268138 0.2574349031247733 0.7242867065258037 0.6396374265184478 0.958949
0.958213000512992 -0.11747759929674031 -0.2608195915021794 -0.0992168 -0.11381097676485544 0.679940078936292 -0.7243814952246771 -0.267878 0.2624402926681015 0.7237958985235989 0.6381571828826326 0.958331
0.9575352716793228 -0.1208064562776216 -0.26178617918379277 -0.104426 -0.11110857613435776 0.6832360976941976 -0.7216947548077378 -0.267651 0.26604715333827833 0.7201348727351345 0.6408000290818897 0.95784
0.9558262489100788 -0.1289907521585714 -0.264116579850744 -0.112253 -0.10856417562980925 0.6800974521083734 -0.7250388095857483 -0.265867 0.2731483144086896 0.7216847244422353 0.636051221870084 0.957452
0.9549277236666054 -0.1326209825478465 -0.2655649027280503 -0.118305 -0.10635627688144252 0.6823829974038114 -0.723216279699308 -0.268094 0.277130627937139 0.7188637700164291 0.637521368439469 0.956101
0.9539244448712474 -0.13615663193799704 -0.26737525139096735 -0.123496 -0.10450392221172114 0.684548265614801 -0.7214378713972077 -0.268478 0.28125981532996985 0.7161389834543769 0.638778422191516 0.955337
0.9528045178120877 -0.14131124670850706 -0.2686906816221253 -0.128524 -0.10288125589495438 0.6823890239268369 -0.723713111121842 -0.267897 0.28562037396227835 0.7172003566492882 0.6356450663694182 0.954836
0.9519830124409443 -0.1441246517655879 -0.27010447752177813 -0.132769 -0.10160064554944995 0.6835310702449325 -0.7228157336650554 -0.269108 0.2888003685035734 0.7155510888561802 0.6360668096897802 0.953915
0.951195372105743 -0.14587634069707348 -0.2719328176396677 -0.135647 -0.10068334018753484 0.6862829767735632 -0.720332243342958 -0.268376 0.2917022953171582 0.7125558006329389 0.6381018742262501 0.953716
0.9500917754634249 -0.15073305430068953 -0.2731394598697559 -0.139951 -0.09991729088635817 0.6823861501349409 -0.7241309806146569 -0.269089 0.2955370588922606 0.7152822439045995 0.6332686305006061 0.952893
0.949505576347633 -0.1523734842782687 -0.2742653492033749 -0.142139 -0.09960563860285283 0.6825374084764155 -0.7240313548381838 -0.269784 0.2975195409435603 0.7147901841234241 0.6328958172065402 0.952372
0.9495532654139874 -0.1507478788475279 -0.2749975875614279 -0.142395 -0.09988636952470467 0.6858394072268602 -0.7208654664206656 -0.27194 0.2972731224392954 0.711968668213483 0.6361833903502289 0.951721
0.9488696766223926 -0.15387599111533964 -0.27562386715374976 -0.144084 -0.10017283330505082 0.681234776823694 -0.7251790001879607 -0.272215 0.29935220101772175 0.7157103871009863 0.63098882838098 0.951388
0.9483066415799194 -0.15564362288166828 -0.27656748939758413 -0.144369 -0.10088530001455735 0.67842057606772 -0.7277140085287043 -0.271196 0.30089312018786096 0.7179976216006648 0.6276485844797242 0.951636
0.9486507699869897 -0.15183481360700027 -0.27750298373174115 -0.142089 -0.10250937436993338 0.6823677014146532 -0.7237859823403375 -0.273105 0.2992549828647409 0.7150667867010815 0.631764153610834 0.951433
0.9483428030811751 -0.15339913137416802 -0.27769521842802725 -0.140947 -0.104153542460703 0.6762645643084658 -0.729258718599625 -0.272748 0.29966308988099544 0.7205101980918321 0.6253535695977459 0.951705
0.9480212254404758 -0.15404751137338438 -0.2784333319737516 -0.138669 -0.10651379778892403 0.6709068392617654 -0.733852044973895 -0.27163 0.299850907944129 0.7253643065876998 0.6196257384370236 0.952359
0.9484470233676539 -0.15291045867581265 -0.2776087813679348 -0.134082 -0.10911342356104115 0.6648307603781306 -0.7389819489363902 -0.270117 0.29756092596949973 0.7311760743368108 0.6138721720794849 0.953446
0.9491652083897284 -0.147567263952341 -0.27804551748248607 -0.127249 -0.11274184541682503 0.6653362729469345 -0.7379816530192949 -0.268876 0.2938957016944822 0.7318138742267069 0.6148770364998237 0.954732
0.9501480259557231 -0.143116065419652 -0.2770135747418168 -0.120177 -0.11639931512312396 0.6613964252141045 -0.7409493694935376 -0.268408 0.28925754650710483 0.7362557711371784 0.6117658957933898 0.95578
0.9500963328288848 -0.1437394259345811 -0.2768680837097368 -0.114154 -0.12072520812364534 0.6489520716108256 -0.7511901442880626 -0.263936 0.28764975659403447 0.7471279583739421 0.5992140113076276 0.957761
0.9512467311708894 -0.13820658295471766 -0.2757328360291508 -0.105052 -0.12504513461414485 0.644406618544357 -0.7543897031942828 -0.261136 0.2819456875818962 0.752089788791344 0.5957076286650721 0.959569
0.9522394381885061 -0.13188467071363374 -0.2754024073772676 -0.0935244 -0.1307563765058441 0.6389246474147391 -0.7580752369844389 -0.255183 0.27593988903654365 0.7578797586403186 0.5911644856398194 0.962359
0.953248637304944 -0.126543427432883 -0.2744153721091551 -0.0814737 -0.1366772130708393 0.6293573892311172 -0.7650023634260097 -0.247424 0.26951136321768665 0.7667437887545818 0.5826384706684011 0.965476
0.9544481106560736 -0.11785437875804516 -0.27411521204159284 -0.0678552 -0.14423350948208702 0.6219862241981997 -0.7696296717578839 -0.243359 0.26120011257182274 0.7741081851493514 0.5766550258839724 0.96756
0.956098500676804 -0.10782567520263112 -0.27248721212318217 -0.0517079 -0.15101506952737828 0.6155801559209412 -0.7734697928245103 -0.233557 0.2511376231853931 0.7806629845224163 0.5722719622848432 0.970967
0.9573250600656108 -0.09798725362911359 -0.2718956187521207 -0.0355795 -0.15917961801676778 0.6064581663219182 -0.7790188327052773 -0.224853 0.24122723432152243 0.7890544915452168 0.564980026898216 0.973743
0.9589073859254362 -0.0854186038784914 -0.27055551616830237 -0.0168127 -0.16778255248335192 0.5982615184193094 -0.7835382381612234 -0.214294 0.22879169630871315 0.7967350988189689 0.5593456373389445 0.976625
0.9606202898500458 -0.07119643516551208 -0.2685883957808616 0.00210199 -0.17681839294594676 0.589021633116467 -0.7885358404263071 -0.207034 0.2143453163575693 0.8049748960933706 0.5532372926828419 0.978331
0.961104655586927 -0.06154276205414687 -0.26924028199339095 0.0191807 -0.18659477643677935 0.5740228987882903 -0.7972954916925069 -0.193928 0.20361785387249898 0.8165232391704688 0.5402125225121338 0.980828
0.9614034356380742 -0.047945414650125265 -0.27093296432389924 0.0401298 -0.19740574799626281 0.5657367739505806 -0.8006078148869307 -0.17687 0.19166221485035512 0.8231908283101905 0.5344365777008898 0.983416
0.9621995160442496 -0.03075414007547103 -0.27060353691781364 0.0613956 -0.20748890544582854 0.5608201671676439 -0.8015167460602107 -0.165444 0.17640987909157535 0.8273662568453434 0.5332397505743748 0.984306
0.9625957233124708 -0.01335039301540114 -0.2706127130547922 0.0818065 -0.21848343482506444 0.5524248988602266 -0.804420114011522 -0.157562 0.16023252531113275 0.8334557565495618 0.528845005371909 0.984115
0.9626775548742589 0.007214728209350846 -0.27055475053708344 0.104703 -0.22917747437137334 0.5535093215997356 -0.8006903996820237 -0.148202 0.14397781281182445 0.8328117305844495 0.5345044535070382 0.983399
0.9616408644686635 0.02201330702952546 -0.27342688620101946 0.122909 -0.24109506060173458 0.5432765107640228 -0.8041913979927381 -0.139791 0.13084349252984395 0.8392651828627781 0.5277441930489621 0.982523
0.9605837046347183 0.0436430794205164 -0.2745436723163259 0.145735 -0.25306279973323886 0.5460393149117765 -0.7986239953581734 -0.134729 0.11505722828842299 0.8366219864367489 0.535560907861294 0.980107
0.9591615021437542 0.06425968402286854 -0.275463075229001 0.167727 -0.2645003800652593 0.5488865010308053 -0.792945873267207 -0.129149 0.10024351226224353 0.833423243013681 0.5434675116820585 0.977337
0.9566575969040954 0.07736087865821391 -0.28075173505948403 0.183832 -0.27746411239218366 0.5348836677680502 -0.7980683731920567 -0.121173 0.08843024720139184 0.8413767030339189 0.5331653917610122 0.97546
0.9538109824501511 0.0928197184178777 -0.2857080846428808 0.200817 -0.29079556303429954 0.5239348173049926 -0.8005811937181317 -0.117157 0.0753826921583617 0.8466857782485837 0.5267263451115273 0.972598
0.9499526691163022 0.10403994885375123 -0.2945600371423831 0.21374 -0.30584793971872126 0.5017581064433281 -0.809132770556365 -0.114882 0.06361575440586026 0.8587284155429554 0.5084668564719421 0.970112
0.9438810678324316 0.11155903603779202 -0.31087475173424384 0.224927 -0.32606226161568874 0.4647705980007393 -0.8232081709896336 -0.112325 0.0526491342528185 0.8783751321117613 0.47506335993220405 0.96788
0.9377781809633229 0.11392249318165887 -0.3280148607249319 0.229336 -0.34518747690770946 0.40828898830449045 -0.8450714217244514 -0.115412 0.03765221235480218 0.9057161628107179 0.42220912274395295 0.966481
0.9293780858100632 0.12047496741072479 -0.3489156858660952 0.238231 -0.36851494966054177 0.35733046122826684 -0.8582025829342875 -0.124059 0.021286274749500733 0.9261753201774375 0.37649192660867226 0.963252
0.9182008672034181 0.11815877345114817 -0.3780815675531023 0.242379 -0.396110474666385 0.2785000449983669 -0.8749481223452501 -0.134316 0.0019129366068922349 0.9531401938814813 0.30252291067142356 0.960839
0.9042140401053804 0.1080955995130797 -0.41317346362298457 0.24254 -0.42624283668230656 0.16788226054334554 -0.8888940267387767 -0.151986 -0.026721037654373198 0.979862688319524 0.19787647203725223 0.958162
0.885712876528523 0.09488175841186205 -0.45443388107869165 0.246127 -0.46032994718651976 0.05282732831405457 -0.8861747080042711 -0.169934 -0.060075286722789584 0.9940858742100062 0.0904667597590545 0.954224
0.8601331528174323 0.05195642659768995 -0.5074164849111052 0.241966 -0.49668005098913337 -0.14112326825535887 -0.8563837633364828 -0.192489 -0.11610291285654664 0.9886277119786417 -0.09557908104862828 0.951
0.8275894554476529 -0.025129732789077208 -0.560771067158254 0.235929 -0.526922270272205 -0.3791764909553498 -0.760643221095129 -0.212698 -0.1935164445804099 0.9249830729460606 -0.3270438815208442 0.948207
0.791816103704345 -0.10050585038178853 -0.6024332593354252 0.23537 -0.5414400991749526 -0.571926549057074 -0.616232619624346 -0.244279 -0.28261259158057295 0.8141244355273338 -0.5072785492778227 0.940706
0.7579587196521864 -0.2748912738581807 -0.5915516603474678 0.221694 -0.49643695904263074 -0.8313680662184515 -0.24975484813852622 -0.268597 -0.42314173157433244 0.48297197230151945 -0.7666088630921617 0.937394
0.7377251417028757 -0.4030727307817022 -0.5415662369458173 0.215906 -0.41841861085090465 -0.9025357748116961 0.10175972326343397 -0.298999 -0.5297994728131304 0.15153068628245853 -0.8344764644504338 0.929507
0.7567031083785504 -0.5346026274235021 -0.37629833446632266 0.198905 -0.25342183045308514 -0.7704518316809944 0.5849626918951402 -0.328005 -0.6026423330799522 -0.347280874525634 -0.7184832722956486 0.923498
0.7888621784921893 -0.5705653652627372 -0.22836730787736717 0.186781 -0.11583041071144079 -0.5029631882837836 0.8565111483138032 -0.358821 -0.6035559454590567 -0.6492173712971722 -0.46285745700702885 0.914527
0.8319940684265943 -0.5460492219134447 -0.0980618037295082 0.172377 -0.006079470466219872 -0.18571959523785492 0.9825839770643205 -0.390179 -0.5547512146375286 -0.81690787680889 -0.15783729174620847 0.904459
0.867700129605629 -0.4969853867988646 -0.010100019344435884 0.159024 0.0609670603290354 0.08623511082246565 0.994407624275012 -0.420156 -0.49333508149858024 -0.86346339295295 0.10512595489682458 0.893409
0.8943952070711059 -0.44542083269911736 0.040712349058463354 0.147962 0.10017670165730677 0.28819626693271533 0.9523169326285811 -0.449587 -0.4359149481416027 -0.8476692713102626 0.3023821497096543 0.880897
0.9160215364901751 -0.39519414795807883 0.06874685524347057 0.138214 0.1242193594487109 0.4424298947505346 0.8881583974546335 -0.479832 -0.38141066506369553 -0.8050325295605879 0.4543660758958029 0.866405
0.936243522446494 -0.33926468707914925 0.09136486621272019 0.122825 0.1298926926444886 0.5758318819343132 0.8071837040882031 -0.504007 -0.32645972963682024 -0.7438528858914739 0.5831868732030756 0.854922
0.9470758397252996 -0.305613706558744 0.09822227940769883 0.114563 0.13412600977518438 0.6547233724032039 0.7438733219646759 -0.527642 -0.29164630515472895 -0.6913302886409659 0.6610634346998729 0.841706
0.955596623572327 -0.27823595733185136 0.0970558862964846 0.109097 0.1371760514256779 0.7115204907989109 0.6891453562845333 -0.552467 -0.260802269799225 -0.6452312323662772 0.7180938886013911 0.826364
0.9616813814778449 -0.2576288031915548 0.093788700198642 0.107461 0.1393603811867643 0.7539268879634247 0.6420069561626769 -0.572314 -0.23610930662374024 -0.6043357075102154 0.7609406993674236 0.812963
0.9674418184940075 -0.23766385037059629 0.0870185155931256 0.107868 0.14006798833005063 0.7891320526268818 0.5980397663718169 -0.591614 -0.21080153337720534 -0.5663801706838856 0.7967284454454427 0.798973
0.9722319468919483 -0.22007001954474179 0.07958786302112106 0.11121 0.1392244894279964 0.8172881292712054 0.5591570935755773 -0.604845 -0.1880999281929833 -0.532549810111646 0.8252327652025482 0.78854
0.9755014568138516 -0.2085862079642103 0.06991925057639206 0.119809 0.14131541575519085 0.8377165206112316 0.5275044875306271 -0.619543 -0.16860267205471757 -0.5047007280974768 0.8466701329525484 0.775766
0.978189840001646 -0.19907235659493222 0.059286033408331495 0.132843 0.14356461104883217 0.8542430553740303 0.4996578877588528 -0.63015 -0.15011275552714093 -0.48024889295549755 0.8641916231039661 0.765025
0.9803472507687152 -0.19144740058575402 0.04761471116345585 0.150546 0.146343207084724 0.8675851054401313 0.47526808283177757 -0.637276 -0.13229865324476692 -0.45895966884617834 0.878551699515872 0.755788
0.9824141259927006 -0.1837045404752838 0.03339351522022496 0.172169 0.1488917386600749 0.8786926045512 0.45357530451492695 -0.64377 -0.11266647775083116 -0.44062676781579396 0.8905921155475318 0.745599
0.9835562311456778 -0.17939189990633775 0.020873102848036104 0.198657 0.15267962792135986 0.8876525669976639 0.4344673192775873 -0.642014 -0.09646798117668533 -0.4241361415282272 0.900445701892814 0.740509
0.9842824980023145 -0.17647342626807133 0.006715202717096795 0.230499 0.1576260951168642 0.8950369951451089 0.4172083310048159 -0.637477 -0.07963653850170405 -0.40959236704658253 0.908786066460443 0.735183
0.9848706058241711 -0.17317302867043013 -0.006402493626768681 0.262677 0.16127345928367412 0.9024241479269846 0.39952663061294574 -0.629798 -0.0634094718019913 -0.39451458702989234 0.9166992306675217 0.730996
0.9851579537686168 -0.17049196168039477 -0.019907212984303257 0.298356 0.1650532867203312 0.9090603027486683 0.3825791140526561 -0.616924 -0.0471298065903919 -0.38018660808722593 0.9237082463429035 0.728278
0.985075987840871 -0.1690766263054276 -0.032224099933230825 0.335129 0.1690500863101275 0.915196999649352 0.3658367397506194 -0.601209 -0.03236304216031773 -0.365824474673304 0.9301210067685444 0.725421
0.9849624863005155 -0.16718512763718893 -0.04356642833241967 0.371324 0.17180969319821374 0.9213159632100294 0.3487955350309283 -0.58266 -0.018174980160723414 -0.35103565208011667 0.9361856872783544 0.722929
0.9844028993793461 -0.16726548665326638 -0.05452695359346042 0.410062 0.17585619105635922 0.9266399161270289 0.3322846158148804 -0.561812 -0.005052896267163064 -0.3366908415961731 0.9416016914941128 0.718482
0.983873248431845 -0.1672118421067864 -0.06351087213559865 0.44735 0.17875346410694443 0.9318319633842064 0.315810688681214 -0.534913 0.00637417366695954 -0.32207047656497556 0.9466942368237345 0.71676
0.9833429684566364 -0.16711465610878506 -0.07147935436567313 0.482082 0.18098118350077985 0.9365990384176585 0.300046750446951 -0.509271 0.01680528504810383 -0.3079852804092435 0.951242686934145 0.71291
0.9830848453399194 -0.16551494036273162 -0.07841550471500011 0.513023 0.18119239205761817 0.9413659987010614 0.28460388885254484 -0.482699 0.026711494219253406 -0.29399806292945996 0.955432695206889 0.709796
0.9829602411152131 -0.16381623386938704 -0.08338708477679381 0.540635 0.18052074091979076 0.9458255213189356 0.2698635679737696 -0.454179 0.03466159956625901 -0.2803182561707565 0.9592811104013746 0.708121
0.9829084585504478 -0.16242264377961335 -0.0866593728203885 0.565544 0.17953289884566337 0.9498525502235587 0.256023575215007 -0.423946 0.04072960031789004 -0.2672059460817487 0.9627783140663807 0.707411
0.9827047572175536 -0.16207788043055546 -0.08956629286248077 0.590199 0.17937383751057281 0.9533054551299799 0.2429685898138945 -0.39741 0.04600420153333523 -0.25483223872689353 0.9658903372260847 0.70266
0.9828649941075752 -0.16059043992655114 -0.09048267216496628 0.609082 0.17757630861842993 0.9565677509578326 0.23118129778363541 -0.370116 0.049427299899631655 -0.2432875838008807 0.9686940144302334 0.701451
0.9830863218355664 -0.15925662749213698 -0.0904356700624701 0.625651 0.17570262242575957 0.9594568899930281 0.22038844052630654 -0.345245 0.05167080696610217 -0.23255064576288995 0.9712107520320884 0.699548
0.9835713620889867 -0.15682740524684907 -0.08940101029605804 0.637325 0.1725813218059813 0.9621540516025604 0.21089160331430384 -0.323478 0.05294396133758441 -0.22285588605266393 0.973412651967071 0.699413
0.9842077239420008 -0.1537090110380349 -0.08779918028441731 0.645419 0.16871824048467723 0.964635741065381 0.20251430168508544 -0.305489 0.05356595430551915 -0.21412946314076547 0.975335461036041 0.700079
0.9850379023165348 -0.1500212289365254 -0.08481722624688484 0.64874 0.16409292999706068 0.9668641902349563 0.1955687806534614 -0.290034 0.052667269957919365 -0.20656056862256306 0.9770152967919707 0.703574
0.9859933711371679 -0.14571006213603147 -0.08115201701669034 0.648264 0.15879996751776507 0.9689132535894824 0.18970945504903108 -0.278707 0.050986688360003474 -0.19993920278664068 0.9784807983803886 0.708573
0.9868001290345897 -0.14226446472196858 -0.07737136042935314 0.64764 0.15441242808323624 0.9705759403730536 0.18476781652225568 -0.272379 0.048808886391276285 -0.19427600481360094 0.9797318646256786 0.711599
0.9876219421481703 -0.13885483618292016 -0.0729536418288418 0.643498 0.15003989254487576 0.9719103113378719 0.18132395693962663 -0.269888 0.04572668840621048 -0.19002547509146198 0.9807137139775634 0.716289
0.9884857068298443 -0.13481697684069488 -0.06870509550709304 0.635731 0.1451559271173617 0.9730889559665098 0.17896267934602245 -0.274205 0.04272896225983509 -0.18687500242553473 0.9814540077113415 0.721566
0.9893622328438502 -0.13060140613305435 -0.06407530677492577 0.624431 0.14008876798699457 0.9740697266366171 0.1776606448652955 -0.280155 0.03921108652049653 -0.18474696307689506 0.9820035897733507 0.729108
0.9902604827446553 -0.1261982794263715 -0.05880621212207297 0.609494 0.13476354072414368 0.9749082982525568 0.1771795645377773 -0.288429 0.03497090799242779 -0.18337885447381272 0.9824200890281396 0.738462
0.9909210509651498 -0.12315037550920904 -0.05393937120567199 0.596207 0.13087199370303249 0.9754310531159539 0.17721958661867504 -0.300753 0.030789479019884377 -0.18266977207256113 0.9826920994658714 0.744368
0.9916371871593425 -0.11945988994551017 -0.048836704812193134 0.579209 0.12632092092360825 0.9759425961925174 0.1777050192707565 -0.31255 0.026433198439050044 -0.1823880029805004 0.982871254228684 0.752881
0.9926118218363693 -0.11286907517222328 -0.04452351087291998 0.553152 0.11907262085944995 0.9766681972428841 0.1787202939120142 -0.326342 0.02331270281082174 -0.18270140766863854 0.9828920151896404 0.766501
0.9935223927778665 -0.10654543685760744 -0.039513604413723806 0.525447 0.1119534912850358 0.9773520384740327 0.17958120358139945 -0.341143 0.019485144034214356 -0.18284163304749335 0.982949269487745 0.77944
0.9945938660228305 -0.09744545607450641 -0.035880701779528595 0.484564 0.1023805399249052 0.9779584446327318 0.18197666228451648 -0.380293 0.017357036453407547 -0.18466635768856088 0.9826479886630796 0.787766
0.9952438444660796 -0.0914521046677003 -0.03355894223937165 0.459221 0.09606438246170075 0.9785360648606234 0.18231512331492825 -0.402078 0.01616553353989819 -0.18467182329454976 0.9826672851003214 0.792117
0.9958619401228627 -0.08520501936661837 -0.031608557218918316 0.433237 0.08956748035394696 0.9790875077561273 0.18266176014409863 -0.418578 0.015383844700619166 -0.18473699367108115 0.9826675839222527 0.798184
0.9961490674697514 -0.08436037644615853 -0.02388225837326267 0.413914 0.08731445173717382 0.9792341554513618 0.1829662682444364 -0.419734 0.007951219842363608 -0.18434694378622263 0.9828290708051415 0.807774
0.9963826507964789 -0.08323596136614186 -0.0171285704959896 0.394737 0.08496628669400144 0.979405544002015 0.1831543352027189 -0.42554 0.0015307897356266484 -0.18394715304557258 0.9829349426941816 0.814308
0.9966283218384812 -0.08122022012872263 -0.011630303162647116 0.375755 0.08197557952743204 0.9797031296022405 0.18292561933397347 -0.428516 -0.003463014662820031 -0.18326225385992048 0.9830579605697863 0.821695
0.9968931593875419 -0.07839751365877323 -0.007606485288720844 0.355036 0.07846429809991895 0.9799978960200119 0.18288651596013605 -0.437945 -0.006883508553936617 -0.18291515423406696 0.9831046046385478 0.825926
0.9971363813591313 -0.07552099702357429 -0.0039517057813168175 0.335409 0.0749722341702973 0.9803405983042123 0.1825143156578493 -0.444447 -0.009909645479577792 -0.18228793247251512 0.9831952545661338 0.830643
0.9973403159021939 -0.0728746895149347 -0.0012545533922112672 0.317631 0.07188402554092174 0.9806473636332178 0.18210830588210827 -0.454534 -0.012040811772640308 -0.1817141376649634 0.9832776774769854 0.832171
0.9975129943781722 -0.07047426537220408 0.0010972542734696703 0.301921 0.06910476205986579 0.9809549439240474 0.18152666429926523 -0.462295 -0.013869315316259286 -0.18099938096915402 0.9833854108036386 0.833743
0.9977291596390007 -0.06730255578874046 0.0026248791127698665 0.285507 0.06571972427446905 0.9813168556047882 0.18082628887199667 -0.46837 -0.014745909512164469 -0.1802431549053514 0.9835115470915552 0.836131
0.997861292527628 -0.06520501796125716 0.004598533218764081 0.270687 0.06331059035540948 0.9815817989499444 0.18024688934636526 -0.478189 -0.016266838166696 -0.17957025812439945 0.9836106508030479 0.835503
0.9980586431132117 -0.06213011790852448 0.004335130411767037 0.260031 0.06034688943780158 0.9819285752535196 0.17937258997899944 -0.480185 -0.015401228593717266 -0.17876275213048534 0.9837716608078005 0.837738
0.998213937963879 -0.05962044341493348 0.0037863942811033465 0.252571 0.057986250950939296 0.9821997015187012 0.17866544444080193 -0.479685 -0.014371108353218594 -0.17812677806433627 0.9839025979135938 0.840304
0.9982946168370675 -0.05829777570174425 0.0030376540885054737 0.248967 0.056828110794526286 0.9823995567211103 0.1779372832705127 -0.485948 -0.013357537859101924 -0.17746120788046818 0.9840371415144591 0.837777
0.9984154124148807 -0.05624627623651386 0.001738005163846132 0.245511 0.055049803365808295 0.9826498414523798 0.17711241696447735 -0.485503 -0.011669764428197437 -0.17673608998486648 0.9841890931599738 0.839053
0.9985164629035146 -0.05444965801247598 0.0003287141291473464 0.242712 0.05353787350276555 0.9828608019420143 0.17640391182369644 -0.487596 -0.00992821290344667 -0.17612461142107597 0.9843178103845927 0.838654
0.9986048333292974 -0.05276719827507202 -0.0020024079419106973 0.244152 0.05229772015731152 0.9830523579379258 0.17570717122255483 -0.483365 -0.007303103293403639 -0.17556675180364847 0.98444044022145 0.840683
0.9986952920582557 -0.05084294261544849 -0.004765375837987009 0.246255 0.05089212025531841 0.9832664774040047 0.17492005748180406 -0.476056 -0.0042078161311146734 -0.17493435797384582 0.9845711069718046 0.844233
0.9987352433858473 -0.04970908171529752 -0.007544588393942547 0.251529 0.050263255482314584 0.9834522782530096 0.17405522556730188 -0.468988 -0.001232382786195538 -0.17421430364349147 0.9847069907534329 0.84663
0.99877545896969 -0.04846344637894167 -0.009943687694252318 0.254788 0.049453762392978294 0.9836235963665553 0.17331747187200447 -0.462535 0.0013812838463637053 -0.1735969902849691 0.9848158086763923 0.849202
0.9988022770853042 -0.04706736019310332 -0.013366932844302721 0.260808 0.0486690092504749 0.9838149878624947 0.1724511443734051 -0.449358 0.005033768746040541 -0.1728951510643734 0.984927371896344 0.854434
0.9987945940140138 -0.046056996786699146 -0.01697386271215164 0.268286 0.04829030292282165 0.9839804820088477 0.17161135646937165 -0.437669 0.008798045919584045 -0.1722241680851605 0.9850184923722859 0.858178
0.9987614214941186 -0.045178425152580165 -0.020845451201173378 0.276989 0.048078362500015695 0.9841736645874011 0.1705598692304939 -0.422045 0.012809917812572916 -0.17135083260182546 0.9851267929420541 0.863224
0.9986923455378725 -0.04519079061232005 -0.023903794843008988 0.286731 0.04859957923523697 0.9843137280057641 0.16960119621498226 -0.406146 0.015864421269656863 -0.17054113082546518 0.9852228391762703 0.867658
0.998630561550229 -0.04415868143096632 -0.028053741143608382 0.294262 0.04826658025506822 0.9845329369851695 0.16841981243855234 -0.389066 0.020182635317401318 -0.16954323002005864 0.9853160682674419 0.872948
0.9984870332169736 -0.045658433781756394 -0.030642322401593834 0.308268 0.05016104349978001 0.9846138151331432 0.1673902767904094 -0.366058 0.022528076095828298 -0.16867407172874455 0.9854144018197963 0.87805
0.998373843451184 -0.04592820120325556 -0.033767870035646 0.317167 0.050923651248961276 0.9847787692287951 0.16618531048108237 -0.337266 0.02562128911638073 -0.167634650387242 0.9855161964846454 0.886373
0.9982398705632064 -0.046495263162543675 -0.036815096379050456 0.326313 0.051960089510686695 0.9849248264838601 0.16499465225812443 -0.31049 0.02858863263596898 -0.1666171560169714 0.9856071293394858 0.892813
0.9980743383331004 -0.048187147588794964 -0.03905910864573646 0.337301 0.053970736374333646 0.9849956904753436 0.16392269324353265 -0.27661 0.030574086677379778 -0.16571508245255412 0.9856996178712799 0.899842
0.997885077805444 -0.05041930005916334 -0.04102762087627014 0.349418 0.05647020202767715 0.9850095940918816 0.1629945269936998 -0.244749 0.03219453022139371 -0.1649666442905676 0.9857735634999212 0.904436
0.9977257859782998 -0.05157578390742845 -0.0433957890620533 0.35574 0.05795676071717652 0.9851428830682737 0.1616617265375498 -0.204205 0.03441322247561138 -0.16380915253508832 0.9858916226769453 0.912003
0.9975678728103616 -0.053811608168657106 -0.044301805413694564 0.364602 0.06026795013317058 0.9852122601929338 0.160388829262752 -0.167635 0.03501590100733673 -0.16266872222966977 0.986059213985048 0.91595
0.9974050070924475 -0.05606840950848595 -0.04516176792491166 0.372188 0.06259041506289505 0.9852769859927247 0.1590965141520921 -0.1266 0.03557656207630774 -0.16151035362564545 0.9862295442251513 0.919483
0.9972457370032753 -0.057864817861577725 -0.046396151592999035 0.376672 0.06451234066543718 0.9853805741235895 0.1576809501548357 -0.0823883 0.0365936870328844 -0.16023977968566866 0.9863995717130192 0.922675
0.9971057346526822 -0.06019348937856038 -0.04644241336502596 0.382182 0.0667747380386808 0.9854289703584864 0.15643170630686942 -0.040666 0.03634952933120813 -0.15908013142641741 0.9865962819222224 0.923192
0.997004935567264 -0.061945744814328955 -0.046302085848407074 0.383976 0.06843587671321359 0.9855240327752468 0.15510935368606096 0.00281202 0.036023453929475605 -0.15781351501633742 0.986811636152097 0.923339
0.9969067716506003 -0.06366946698104126 -0.04607697485217957 0.385087 0.07006052982341288 0.9855995662360224 0.15389937360570208 0.0450528 0.035614755341585105 -0.15665150497111383 0.9870115983068509 0.92178
0.9968531792558635 -0.06507510163215613 -0.04526555152698548 0.38427 0.07128098927481397 0.9856977440034717 0.15270552719031036 0.0865241 0.034680824319521054 -0.15545156356251713 0.987234547516692 0.919157
0.9968381553816682 -0.06610362395122868 -0.04409084798217888 0.381899 0.07207821334804695 0.9858081475451029 0.1516147334339443 0.125096 0.03344283384862126 -0.1543133407525322 0.9874558064693155 0.915699
0.9968552769316175 -0.0667115489848636 -0.042768283641369136 0.378226 0.07244183889854323 0.9859382471203995 0.15059200789600996 0.159869 0.032120660494235904 -0.1532166508483806 0.987670451654913 0.911804
0.9968908981156864 -0.06745846206619112 -0.040717234063285125 0.375746 0.07284945883844753 0.9859912725090264 0.15004721551223876 0.191247 0.030024883031336415 -0.15254693189866236 0.9878400376413479 0.906774
0.9969673329785251 -0.06767241411792164 -0.03842631053248845 0.372568 0.07269769528435473 0.9860764315758771 0.14956040983805796 0.216732 0.027770165178295603 -0.15190034712941664 0.9880056186418846 0.902341
0.9970982738074663 -0.06702580679762153 -0.036091184426384676 0.365618 0.07169169368290652 0.986218105137436 0.1491112006389927 0.241196 0.02559948099176432 -0.151265958901048 0.9881615638399923 0.898971
0.997224041010523 -0.06589893734307062 -0.034663267123815636 0.357392 0.07035027817174294 0.9863805611955941 0.14867490325076152 0.25869 0.024393654744653038 -0.1507007583010748 0.9882784177830051 0.897413
0.9973759071631604 -0.06436778521694848 -0.03313741143673306 0.347466 0.06859865429649618 0.9865497037724383 0.14837084152630403 0.27459 0.023141400976871375 -0.15025468449528823 0.9883764492075116 0.896587
0.9975774754710091 -0.06202695563594537 -0.03149344705530505 0.332938 0.06602948199978075 0.9867705880716684 0.14806726182223692 0.292621 0.021892645790983517 -0.14978806124398128 0.9884757198682426 0.896396
0.9977810409903092 -0.058862669463190964 -0.0311155971172292 0.315966 0.0628353504247118 0.9870295803425163 0.14773058676482556 0.29711 0.02201619806638437 -0.14935793809685213 0.9885380586250376 0.90105
0.9979687352768667 -0.05559227343860051 -0.031111132152633655 0.297398 0.05959236697595018 0.9872775237970983 0.1474172337390483 0.301828 0.022520062346593192 -0.14897177631684932 0.9885849769508475 0.905789
0.9981871217304649 -0.051249799320411245 -0.03155832823627024 0.273944 0.055355522207707 0.9875708147294943 0.1471042217464727 0.298377 0.023627022084102202 -0.14858446743903259 0.9886174284642654 0.91429
0.9984187416506962 -0.0470847275137575 -0.03070903377827622 0.253059 0.051116527585075025 0.9877488815790375 0.14744235330122973 0.289832 0.02339053073968966 -0.14877894802126945 0.988593803185818 0.923016
0.9986754246132756 -0.04204021285456998 -0.02966507671718334 0.228744 0.04597248158234833 0.9879895439752153 0.147523530098784 0.27398 0.023106865011389303 -0.14869190125487208 0.9886135702540993 0.934137
0.9988993317811564 -0.03701970155113771 -0.028803934873971516 0.204238 0.04088374492871297 0.9881738445549373 0.14778691531430907 0.252877 0.022992267564623484 -0.1488018636797924 0.988599697045097 0.945696
0.9991247345782271 -0.031167860185184713 -0.027898552748559464 0.175024 0.03495908833341373 0.9884069745252881 0.14774814669789707 0.226063 0.022970130536937604 -0.14859413582387268 0.9886314560552243 0.95826
0.9993284781538848 -0.02502376771751803 -0.026765720611638347 0.143338 0.028706662308167836 0.9886466112377582 0.14749171375783102 0.196577 0.022771040594698245 -0.14816102435295472 0.9887010622897691 0.969954
0.9994920375917666 -0.019115720864733537 -0.0255001177738548 0.112023 0.022665979461214326 0.9888580138576408 0.1471260745231306 0.165342 0.022403574842481833 -0.14762932515372262 0.9887889876960271 0.979854
0.9996204423768388 -0.012915600469928939 -0.024334305965737952 0.0785976 0.016345633790022532 0.9890759549578817 0.14649769820770758 0.126414 0.022176371171484566 -0.1468398535434276 0.9889116573147517 0.988859
0.9997117229451367 -0.007089121909103488 -0.022939384399420174 0.0465496 0.010357207556154529 0.9892822335448952 0.14564817418719103 0.0850941 0.021661007772151974 -0.1458437751259253 0.9890704696831837 0.995285
0.999770509216924 -0.0014505545619316813 -0.021373459981848857 0.0140586 0.004525927023193427 0.9894868040858668 0.1445523452750545 0.0450109 0.020939075545820134 -0.14461590656425283 0.989266291088444 0.998888
0.9997969735865665 0.0038705710305055405 -0.019774485759183603 -0.0178737 -0.0009989900826749964 0.9896919540227961 0.14320907150510476 0.00626085 0.020124950334275634 -0.14316024176578251 0.9894948870770407 0.999821
0.9997930036289775 0.009252493013197884 -0.018120189501983526 -0.0512584 -0.006599558979847209 0.9899383487000363 0.14134536283273103 -0.035818 0.019245667455783072 -0.14119651959621948 0.9897944974276708 0.998043
0.9997730134884365 0.013703851516294739 -0.016313367336941182 -0.0798894 -0.011293585347879938 0.9901403845972678 0.13962261177747923 -0.0743653 0.01806589134919129 -0.1394066829215654 0.9900704017021039 0.994026
0.9997339366655548 0.017833765963871363 -0.014629171908839252 -0.107364 -0.01565416301095469 0.9903726891428815 0.13753866285639083 -0.113183 0.016941164647655313 -0.13727306141935985 0.9903883599623623 0.987756
0.9996747351952544 0.02181812934738064 -0.013205795851779343 -0.134754 -0.019836950123023233 0.9906404016869576 0.13504847261379851 -0.151645 0.016028699950856696 -0.13474258338507603 0.9907509863737715 0.979206
0.9996320880580531 0.024345145230142515 -0.011958362280010671 -0.152752 -0.02253589721591861 0.9908195825063455 0.13329924327851586 -0.180326 0.015093768958423369 -0.1329807084718482 0.9910036878402396 0.971673
0.999586845420415 0.02660126497293527 -0.01088628330988869 -0.168016 -0.0249318878199838 0.9909215526469183 0.13210933907015276 -0.210187 0.014301728293993616 -0.13178334189745128 0.9911753686236076 0.963116
0.9995354750463256 0.028755655574856386 -0.010096850814801411 -0.177222 -0.027138527428641448 0.990544473990707 0.13448102236181278 -0.239752 0.013868469739700955 -0.13414453890834968 0.9908647275123609 0.954521
0.9995021603180461 0.030059417978847564 -0.009584514089492305 -0.180328 -0.02846151020478581 0.9901290735561664 0.137238333331727 -0.261223 0.013615210480253829 -0.13689722089794323 0.9904916844446489 0.948285
0.9994778616253603 0.03096354060039587 -0.009233811471164742 -0.18066 -0.02937068269679996 0.9897466986711619 0.13978138455266637 -0.282116 0.013467260995513238 -0.13943719598092946 0.9901393342647563 0.942217
0.9994399192435626 0.03194215139487876 -0.009977313600743063 -0.180395 -0.030210947480934496 0.9894750705328815 0.14151460506341104 -0.298213 0.014392584018345872 -0.14113392135916733 0.9898858872451203 0.937297
0.9994341228548688 0.03174203834123218 -0.011130007873446049 -0.171014 -0.02981697669788568 0.989182620496098 0.14362691672897068 -0.315106 0.015568621452041513 -0.14321377835395824 0.989569316276362 0.933522
0.9994546338570248 0.030446361906646437 -0.012784909400139254 -0.15486 -0.028252252568458286 0.9888435567484587 0.14625399311425852 -0.321461 0.017095177288589395 -0.1458130286487015 0.9891644532582864 0.934174
0.9994747608255702 0.0284026260868457 -0.015604271980456882 -0.132607 -0.025766481220328628 0.9885161941165939 0.14890205644908694 -0.321961 0.019654284982967247 -0.1484217800749454 0.9887288224185603 0.93742
0.9994891916243819 0.02545539372815346 -0.01932301105377491 -0.103415 -0.022228374006781758 0.9881362399112769 0.15196272820339224 -0.319955 0.022962038564862897 -0.15145558525240366 0.9881973236559577 0.941772
0.9995101738472654 0.021666181227328715 -0.022582935301548916 -0.0719166 -0.017913129762623676 0.9877755697871211 0.15485006785221525 -0.315348 0.025661881418103417 -0.1543696871887509 0.9876798405957926 0.946247
0.9995034788743866 0.017159053306682336 -0.026426551186581475 -0.0374062 -0.01278367938536238 0.9874145877023749 0.15763568610540335 -0.303035 0.028798841285212113 -0.15721958809947134 0.9871436713358708 0.952245
0.9994705926116423 0.01177587605721833 -0.030329247396159206 0.000810173 -0.006760650100505689 0.9870226505955572 0.16043871359973896 -0.289631 0.031824960561655534 -0.16014873072992356 0.9865797260895054 0.957138
0.9993669119224206 0.006218343998497187 -0.03503009495507312 0.0396576 -0.0004377960721737464 0.9866820168185754 0.16266040090147257 -0.273268 0.03557504306735657 -0.16254208650298832 0.9860600825639434 0.96112
0.9992381239187154 -0.0006741659891755965 -0.039022009272013665 0.0816657 0.007114914060370812 0.9862422930586866 0.16515301202296442 -0.251635 0.03837381536047229 -0.16530482413578537 0.9854956952783293 0.96437
0.999026235345309 -0.007073646078518809 -0.043549335505095474 0.120228 0.014251493198543935 0.9858886867298984 0.16679446129775563 -0.229342 0.041754952202000775 -0.1672526858054976 0.9850294731922778 0.965892
0.9987602847936325 -0.014757924097360183 -0.04754047954405569 0.16175 0.022584003217159115 0.9854340003789565 0.16855205040525156 -0.202387 0.04436052657069762 -0.16941674820826796 0.9845456358691084 0.965855
0.9984032868734406 -0.022264156983445523 -0.051915162275839505 0.201575 0.030799992809083302 0.9849774279276594 0.16991417514725762 -0.177884 0.047352267139712245 -0.17124185757818974 0.9840904374141131 0.963185
0.9980278803011122 -0.02952046079923875 -0.05539758601121319 0.237075 0.038609172558436634 0.9845255619264663 0.1709349282847975 -0.153705 0.049494261647407355 -0.17273667910312684 0.9837237202367348 0.959255
0.9976338740144398 -0.036891717402462 -0.05801426209164266 0.270971 0.04639605506262537 0.9839826217242311 0.17212090581720402 -0.13333 0.05073518989386715 -0.17440527896771318 0.9833660250255891 0.953309
0.9971929958748362 -0.04371835729739775 -0.060785147967130616 0.301908 0.0536629958858733 0.9834544353757306 0.17302501672404386 -0.116573 0.05221505387071471 -0.17580124793362528 0.9830399327465077 0.946183
0.9967658246571199 -0.05024607886791292 -0.06271540762851445 0.329135 0.06049861940806747 0.9828712501524947 0.1740805062992109 -0.101046 0.05289430825078494 -0.17731169499520127 0.9827322905922036 0.938861
0.9963461757297517 -0.05574813194262504 -0.06470273482324021 0.35222 0.06633328089804065 0.9823157598001444 0.17508753209057104 -0.0921725 0.05379771327854472 -0.17873973770030205 0.9824245071316303 0.931367
0.9959312178389357 -0.06044396293038581 -0.06683963404391526 0.370908 0.07141042111013021 0.9817568235872935 0.1762217100605416 -0.0844492 0.054968728298262805 -0.180277748724178 0.9820785977834023 0.924822
0.9955498963725343 -0.06422767955698572 -0.0689580235459284 0.384507 0.07562223367768875 0.9811327929399992 0.17793178578138594 -0.0791585 0.05622883251706991 -0.18235473066658056 0.9816236909311458 0.919722
0.9952467775452285 -0.06698502589604519 -0.07068845797967836 0.393803 0.07877987722806945 0.9804998999366862 0.18003798812494787 -0.079496 0.05725017667893177 -0.18475105555816107 0.9811164379116153 0.915751
0.9951530362014711 -0.06829213403064306 -0.07075746581480888 0.396413 0.08027577424726999 0.9797545861963993 0.18340324668915536 -0.090773 0.05679995253514306 -0.18819440814397892 0.9804879551199711 0.913574
0.9951416154574749 -0.06913659111805046 -0.07009491389011566 0.39569 0.08123158171312564 0.9788449366785165 0.18778716695028708 -0.10603 0.05562908696959725 -0.19256874540643065 0.9797054062194014 0.912243
0.9952173070853255 -0.06928121679605934 -0.06886671675846191 0.391773 0.08142464693826884 0.9778152388041629 0.19299581765762702 -0.128225 0.05396794000896329 -0.1976802260258096 0.9787798474067463 0.911083
0.9955047671073163 -0.06706209260384044 -0.06688000001646331 0.37884 0.0791333507880585 0.9769433014894263 0.19829195260522847 -0.15595 0.052040094731488386 -0.2026930225995311 0.9778585619248849 0.912228
0.9958790732936079 -0.06397579289967387 -0.06428039591292811 0.361932 0.07587013384226565 0.9760174273459936 0.20404338829686386 -0.188568 0.04968494909549012 -0.20807950269011627 0.9768491830337027 0.912933
0.9963500283534578 -0.059761563000215505 -0.06095224842313423 0.339854 0.07133535273355811 0.9750875595915036 0.21003694575065832 -0.225066 0.046881643000678215 -0.2136183669951098 0.9757916298226276 0.913151
0.9968523928616922 -0.05586739178520082 -0.056250701160403094 0.315892 0.06680638553918525 0.9739773662921506 0.2165756145132581 -0.262198 0.04268739506116341 -0.2196518255916042 0.9746439666961302 0.911847
0.9973964768145159 -0.05109686611832369 -0.050885934312703655 0.287572 0.061217809412436694 0.9729001077826618 0.2229747969776575 -0.302214 0.03811361762852306 -0.22550940235247643 0.9734951780064941 0.908829
0.9979504502931549 -0.04600611139730058 -0.04447849450901376 0.255803 0.05502242556855023 0.9717851716523381 0.22936022506352066 -0.344874 0.03267156935689725 -0.2313374545350032 0.9723248174787181 0.903121
0.9984666684787631 -0.040772797279645 -0.037441834075166935 0.221757 0.04846533131954925 0.9706939339387918 0.23538138897227703 -0.387257 0.026747403556339384 -0.23683510216271794 0.971181605461393 0.894906
0.9989365814910064 -0.03506243127200866 -0.029938805459770616 0.184911 0.04124972412827428 0.9697371746942914 0.2406413768978125 -0.430721 0.020595300881598895 -0.24162044186953524 0.9701522538510992 0.883339
0.9992903708068605 -0.03134876837025817 -0.020880841322973256 0.149774 0.03553117648513038 0.9685340733522158 0.24633165499656615 -0.467448 0.012501612306810857 -0.24689877172119076 0.9689606319207698 0.871241
0.9996050733700578 -0.025016946582168645 -0.012800377984529099 0.108734 0.02742494580578203 0.9678090499754174 0.25018696035811006 -0.507268 0.00612940783369937 -0.25043920453751956 0.9681129248131248 0.854901
0.9997547155825561 -0.021907325432790333 -0.0032523472791142504 0.072858 0.02201344469110716 0.9668048490376485 0.2545658895651988 -0.546338 -0.0024324726665905148 -0.2545750438862208 0.9670499625702154 0.83439
0.9998216486646433 -0.01787931417349674 0.006082843594885907 0.0345769 0.015707737631255384 0.9660807709689061 0.257761926867859 -0.577679 -0.010485124702266991 -0.2576204069727576 0.9661893127494056 0.815531
0.9997505961065193 -0.015425070366163376 0.01614969934265802 -0.0019405 0.01068825868236016 0.9654279701044383 0.2604507547817108 -0.608026 -0.019608842673607563 -0.2602131851851916 0.9653520557520862 0.793915
0.9996055952682786 -0.012663648501853125 0.025065632147857515 -0.0369134 0.0056493392632320045 0.9649868839128906 0.26223729491050335 -0.636435 -0.027508887186491214 -0.2619922630207063 0.9646778297665236 0.770447
0.9993625700156297 -0.012713224936600985 0.03335907018288934 -0.0632731 0.0034343499142777036 0.9643442818015519 0.26462862920953073 -0.661065 -0.035533911864891125 -0.26434538026672677 0.9637732415040468 0.747656
0.999079731460436 -0.012980933945753347 0.040880136238016895 -0.0869097 0.001640353909317137 0.9639698238010564 0.26600655638538745 -0.679091 -0.04286023126390036 -0.26569470102893683 0.9631040060248679 0.728891
0.9987665207876973 -0.014400813331617104 0.047518980723772315 -0.106946 0.0011748850326542687 0.9636043171972792 0.2673300198704321 -0.701116 -0.04963926468833287 -0.26694444450887805 0.9624326506031725 0.704981
0.9984192471747606 -0.01538324441585735 0.0540588814370669 -0.122167 0.00032430975416333774 0.9633762619410731 0.26815307708775016 -0.694698 -0.056204107449262256 -0.2677116615309978 0.9618583911294556 0.708851
0.9980752445246743 -0.018685313945973815 0.05913260783824641 -0.128819 0.0020778519519478924 0.963068414914076 0.269248789646592 -0.693591 -0.061979745064635675 -0.2686076827598744 0.9612535690254125 0.708758
0.9978176183351296 -0.020408075841008972 0.0627973803631722 -0.136136 0.0027535125991616505 0.9630719576725499 0.269230054995961 -0.695378 -0.0659728634241046 -0.2684695788822814 0.9610263609841275 0.705632
0.9974321666733773 -0.02511719050914921 0.06706861878836624 -0.138036 0.006116405919910136 0.9629368250175587 0.26965767299249327 -0.695751 -0.0713558859791887 -0.2685550181360063 0.960617790679568 0.704895
0.9970828839436129 -0.029939068136780697 0.07020950609275793 -0.136509 0.009937369776474714 0.9629492721192338 0.26949943971549095 -0.695727 -0.07567675487633847 -0.26801558074884213 0.9604377529268867 0.705215
0.9967680853001389 -0.035464900218911063 0.07208068381721792 -0.129872 0.014789156601704398 0.9629496586774566 0.2692753900748829 -0.696281 -0.07895989471944174 -0.2673391024624583 0.960361983483552 0.705922
0.9965037599595671 -0.04143145054921667 0.07255130110365675 -0.120337 0.020443599107896004 0.9629003316051753 0.2690817917477122 -0.702478 -0.08100812083958796 -0.266657807498733 0.9603808088763579 0.701458
0.9962327111701128 -0.0481477977760876 0.07212610320792152 -0.10586 0.02706510255231054 0.962793436170679 0.2688796747440939 -0.706842 -0.08238850295083462 -0.26591462696882584 0.9604694402975821 0.699406
0.9960162554036964 -0.05471224860221252 0.07041440779050931 -0.0886328 0.03389710166057115 0.9626758522687909 0.2685259576978917 -0.712643 -0.08247790898544499 -0.26506937452570173 0.9606953841972709 0.695905
0.9956332850923971 -0.06236960147808235 0.0694578608048545 -0.0702147 0.041612651842726917 0.96256364154633 0.26784253429894994 -0.715951 -0.08356284355344396 -0.2637826165321236 0.9609557650551502 0.694611
0.9953232301015459 -0.06996003018059793 0.06661277503118292 -0.0473975 0.04971125552399386 0.9622000870547038 0.26776815259875225 -0.721547 -0.08282788597117126 -0.26320445788217633 0.9611778995880504 0.690741
0.9954211482462066 -0.07441762383747223 0.05998962315757698 -0.021511 0.055759784527664655 0.9618264667517871 0.2679191935737379 -0.729585 -0.07763751704963279 -0.2633474228432056 0.961571916617894 0.683551
0.9954805487314901 -0.07884639700297782 0.052931302429659446 0.00694584 0.061913650935631025 0.9614807587573111 0.2678086077169403 -0.734713 -0.07200817262694631 -0.26332108958287787 0.9620170616240721 0.678343
0.9954179041337344 -0.08452015435106937 0.044716212255456925 0.0405384 0.06950241067388395 0.9607113653536873 0.26870632182881926 -0.7404 -0.06567047312546523 -0.2643671991543687 0.9621836482557538 0.670943
0.9952046721910749 -0.09016416772725276 0.03792206886638559 0.0712327 0.07669929910900676 0.9599376001240688 0.2695125625721932 -0.741841 -0.06070319567569879 -0.2653115653832208 0.9622499131247882 0.666782
0.9950615337990201 -0.09433700302390241 0.03087189359288573 0.0969842 0.08258357350903522 0.9593735207489373 0.26978213631051734 -0.747742 -0.05506811545731346 -0.2659003150548284 0.9624263738664498 0.656868
0.9947709005218015 -0.09881710105943968 0.025807673534292756 0.119322 0.08822048583570664 0.9587072916472402 0.27036544679623087 -0.748816 -0.05145873447682167 -0.26667491348198114 0.9624118085130824 0.651948
0.9945297693047294 -0.10253389129453812 0.019933366566686768 0.139145 0.09333278225081885 0.9579988031707046 0.27115915046484984 -0.755186 -0.04689914417133107 -0.2678154107953792 0.9623281020610898 0.640572
0.9940728457564144 -0.10747119241042796 0.016404881335280782 0.157072 0.0989740248347866 0.9570652158265127 0.2724524088037281 -0.75501 -0.044981326544988876 -0.26921388422002224 0.9620293991377923 0.636623
0.9939136700792467 -0.10950143951983128 0.012043719221521846 0.170296 0.10203982220495288 0.9563169898909772 0.2739446833399798 -0.757302 -0.04151495048755001 -0.2710484266490859 0.9616700366014692 0.63047
0.993621739538381 -0.11262438814940165 0.005620134401878642 0.199778 0.10673864206926664 0.9554302703722942 0.2752450921370517 -0.741048 -0.03636895662417667 -0.2728896217343159 0.9613576615098935 0.641043
0.9932514284513279 -0.11597668417901699 -0.001004293899790988 0.230739 0.111709305928927 0.954304451929645 0.2771715064651073 -0.71923 -0.03118703012910979 -0.2754131836969686 0.9608199349501578 0.655338
0.993027148428264 -0.1175685514938038 -0.008643968074861933 0.259196 0.11530281245219459 0.9533882027990267 0.2788479804557602 -0.698183 -0.024542695961211454 -0.27790028870674244 0.9602963530138312 0.667352
0.9926696257274441 -0.11979662835021222 -0.015993185863269546 0.286644 0.11944163883944127 0.9521870915549105 0.2811999957104353 -0.674248 -0.018458306246360544 -0.2810489468262094 0.9595159094139055 0.680606
0.9923021227726111 -0.12146018470337014 -0.024164450599853712 0.313685 0.12331018882964437 0.9510196780682727 0.28347163748374565 -0.648134 -0.011449649416772975 -0.28426923058738146 0.9586761236567284 0.693919
0.991943778934902 -0.12246906555543066 -0.03238622260044588 0.337399 0.12660645473832705 0.9497870822389811 0.2861386098214549 -0.620871 -0.004283112295743918 -0.28793371875128215 0.9576407617447784 0.707589
0.9913335158029326 -0.12447310938246456 -0.042003636586108464 0.363361 0.13131334153219268 0.9482165402662822 0.28920961101092685 -0.591221 0.0038297234164588745 -0.2922188183640864 0.9563438165285801 0.720018
0.9908278100869053 -0.12530766821251657 -0.050579037609758896 0.383339 0.13465625289617092 0.9469095852061042 0.29194165684390794 -0.561358 0.011311247249971963 -0.29607469620341675 0.9550978117207182 0.733436
0.9899736358106869 -0.12778331376433005 -0.06019655408057835 0.406494 0.13992349058985437 0.9454680016061017 0.2941286703470359 -0.530294 0.01932917952009755 -0.29960254114805357 0.9538682823937006 0.74401
0.9891334019663768 -0.1296844276085867 -0.06926082839712187 0.425937 0.14451283343250845 0.9442567127173219 0.2957960470688972 -0.500361 0.027039861089332328 -0.30259082888301564 0.9527369186654621 0.753802
0.9881767483006542 -0.1322884288333675 -0.07750152072536323 0.444682 0.14953073170991488 0.943236709261457 0.29655534150629353 -0.468119 0.03387143918173992 -0.304637952163574 0.9518657697960049 0.763624
0.9874250748202302 -0.13322271839475436 -0.08510833637061914 0.459672 0.1527134857586998 0.9430083401272953 0.2956583530323311 -0.438157 0.04086946150476996 -0.30493766207845685 0.9514949865146083 0.772477
0.9866276135051063 -0.13460575318946352 -0.09190888682557279 0.473652 0.15604342392739298 0.942951837233224 0.29409570297354476 -0.410388 0.047078680081695565 -0.3045047189565127 0.9513466634276806 0.779253
0.9858420841664075 -0.1359830516074032 -0.09810196105059596 0.485915 0.15916024429916387 0.94298311276294 0.2923198003532215 -0.384759 0.05275795410234174 -0.30379509331036786 0.9512755329343232 0.784759
0.9853220173139018 -0.13596841956819056 -0.10321390931745554 0.494895 0.16053659438660223 0.9436326493385921 0.28945712111637795 -0.361954 0.05803898740687154 -0.3017780839994158 0.9516099326711691 0.78998
0.9847214999001265 -0.1365143838560853 -0.10810823574010621 0.504009 0.162356581880119 0.9442102835899685 0.28654368023593757 -0.340618 0.06295957397131273 -0.2997178062166884 0.9519481754181822 0.793696
0.9843985586444397 -0.13637259899339782 -0.11118449524342759 0.510359 0.1629098982080639 0.9451578670771763 0.28308474237931164 -0.323466 0.06648189832268726 -0.2967812671748486 0.9526284882626087 0.796808
0.9842861777439422 -0.13550278287831713 -0.11322418528941802 0.514427 0.16243144625578881 0.9462833052802045 0.27957813114624025 -0.310978 0.06925854149109412 -0.29357605825442096 0.9534234906117656 0.799161
0.984312060226059 -0.13436884636415475 -0.11434500959944677 0.51725 0.16142321940017923 0.9474419183098567 0.2762179495757304 -0.304015 0.07122016801449566 -0.29034259859019196 0.9542687583232944 0.800017
0.9842598882626126 -0.13446371621826028 -0.11468208830521244 0.519638 0.16149374289568094 0.9478926802544271 0.27462563195306855 -0.301191 0.07177912901960491 -0.28882343350367834 0.9546877923679202 0.799538
0.9842153657283612 -0.13506107601844541 -0.11436179260980482 0.521522 0.16192287114644022 0.9480240094698578 0.2739187128846592 -0.302139 0.07142196905631783 -0.28811279599045014 0.9549292744086777 0.797952
0.9841772936395464 -0.13561290871851045 -0.11403593150074506 0.522817 0.16236831954196035 0.9479143105224421 0.2740346487506327 -0.309884 0.0709336555765846 -0.2882145015360395 0.9549349808289957 0.794125
0.9843675831104944 -0.13514318537944284 -0.11294591965494376 0.520502 0.161666052631003 0.9477701213046409 0.2749470577927607 -0.320274 0.06988954677141083 -0.2889084917541945 0.954802248973264 0.791519
0.9843154670906101 -0.13649695449107196 -0.11176601746889003 0.518856 0.16283899664491147 0.9466973283713186 0.2779345779608687 -0.334907 0.06787136670108035 -0.29177517006981574 0.9540758500836595 0.786528
0.9841897145426649 -0.13866675609610155 -0.11019136328320725 0.51585 0.16478815523656357 0.9449520966893921 0.2826842741576753 -0.35358 0.06492664847470334 -0.29637318656738465 0.9528627732269407 0.780308
0.9841977640406682 -0.14015812201277017 -0.10821488849138312 0.50995 0.1659875053758289 0.94308588693044 0.2881616871336893 -0.376003 0.0616677331872854 -0.3015704075443718 0.9514475182463104 0.773675
0.9839788174874806 -0.14298459434461785 -0.10649456566437845 0.503699 0.1686255427388884 0.9403418964684291 0.29550388167023045 -0.399406 0.057888799192545436 -0.30872726398273176 0.9493873621456007 0.766004
0.9836355524050546 -0.14626825078277625 -0.10519837858897828 0.495618 0.17189787200789539 0.9367759355916562 0.304798241621461 -0.42621 0.05396500388177829 -0.3178937641875414 0.946589315937337 0.756774
0.983218494131585 -0.15043494931280726 -0.1032023198521787 0.486334 0.1757625940087006 0.9326916944851679 0.3149503351097103 -0.453537 0.04887640887944789 -0.32780410165774204 0.9434805602615295 0.746849
0.9824207218977407 -0.1574507402937325 -0.10029351707302817 0.476489 0.18203067279930932 0.9271191504111714 0.3275895527960236 -0.479136 0.041404822740267515 -0.3400872613342399 0.9394819292205804 0.737148
0.9815597572256366 -0.1647158450676043 -0.09700068751722547 0.463656 0.18827904077858124 0.9207681966086275 0.3416678663813637 -0.507367 0.033037036771581055 -0.35363062437769865 0.9348015488346135 0.726363
0.9803577166592394 -0.1733653826146119 -0.09403824486649648 0.449796 0.19578910217465698 0.9129429836724714 0.3580527000775821 -0.533845 0.023777612502596863 -0.3694313910242259 0.9289537515234982 0.716026
0.9789085743521113 -0.18304397618999158 -0.090735361576809 0.435026 0.20386432164769092 0.9041497418989796 0.3754365227080805 -0.559125 0.01331695982735133 -0.3860157341411954 0.9223960708808284 0.705784
0.9770186548010273 -0.1947284920588098 -0.08669119073638978 0.419971 0.21315220159271644 0.8941386502176449 0.3938047906554035 -0.58291 0.0008289312209339497 -0.4032330449844981 0.9150969480364148 0.695587
0.9766928804877401 -0.19953847000838223 -0.07909118908750173 0.401331 0.21440998871972147 0.8898752821165553 0.40267895278396393 -0.605779 -0.009968647940915329 -0.41025160726643706 0.9119178936689065 0.686997
0.9765334044309422 -0.20404970762945754 -0.06889286499229533 0.384691 0.21430216918683662 0.8888961371627869 0.40489287178078626 -0.62595 -0.021379670538392168 -0.410155304919257 0.9117650659760227 0.678379
0.9773298095385242 -0.20366824124906666 -0.057841947528625676 0.365742 0.2095460621428684 0.8914134799286357 0.40183635430600007 -0.644988 -0.030280211819098082 -0.40484719995083585 0.9138828444960321 0.670987
0.97751937659078 -0.20567408111681043 -0.04641164451221712 0.347984 0.20688770517544922 0.8931935613156448 0.39925272631694314 -0.660987 -0.040661355570235785 -0.3998792747580589 0.9156654518884938 0.664833
0.9778542483498348 -0.20611422513261368 -0.036304203367684806 0.330895 0.20342846942325615 0.8953154894022676 0.39626636529547893 -0.674083 -0.0491724192234967 -0.3948760573070503 0.9174175562705067 0.660395
0.9785632249339611 -0.204208537843888 -0.026699960271647397 0.312829 0.19810871572883634 0.8979507788699389 0.3929851593624644 -0.684009 -0.056275674666033976 -0.3898503197363468 0.9191571011760455 0.658992
0.9788263117619874 -0.20305808980700044 -0.02581595565453191 0.311708 0.19679779317456533 0.8988704231376625 0.3915387477759266 -0.683496 -0.05629991122591236 -0.3883289514989216 0.9197994049920355 0.660054
0.9788642806997901 -0.20302686634153644 -0.024592915923462945 0.309615 0.19621839653580625 0.8984621201216398 0.3927647636530616 -0.681672 -0.057645995793287545 -0.389288980386119 0.9193100831161031 0.662919
0.9783294187368934 -0.2057919525725874 -0.022830258217868483 0.307546 0.1977838843279243 0.8962039673792717 0.39711457282982193 -0.678846 -0.061262415346531054 -0.39302432635908885 0.9174850382190948 0.666772
0.9785034534013936 -0.20520480503421384 -0.020542143812583628 0.300689 0.1959976493826855 0.894340457295244 0.4021692030494073 -0.675922 -0.0641553826113481 -0.39755016593607884 0.9153348854087161 0.672842
0.9778799504856656 -0.20840727192983297 -0.017810430789748543 0.294102 0.1971030992149467 0.8896339441252661 0.41194879990113503 -0.6717 -0.07000836177211013 -0.4063469631569641 0.9110329164278851 0.679943
0.9768240178619367 -0.2135775219297653 -0.014123747887978794 0.287227 0.19926564868314944 0.8833054888224122 0.4243402109994796 -0.66562 -0.07815394668822699 -0.41732008763362904 0.9053926800424851 0.688803
0.9755299368364521 -0.21963398381073382 -0.010112145731455677 0.280201 0.20167306608124616 0.8755406055550786 0.43904057038232314 -0.657789 -0.08757463533042657 -0.4303365673280306 0.8984103305656443 0.699143
0.9746996968728642 -0.22345613838715855 -0.005277796230016826 0.269374 0.2012990058538181 0.867298859963635 0.4552706862384657 -0.649263 -0.09715560281430527 -0.44481461500593483 0.8903374344140039 0.711263
0.9732373861222514 -0.22980171592181653 -0.00040201158788513713 0.259721 0.2024428467013885 0.8565388803639282 0.4747189065587623 -0.639848 -0.10874688075235157 -0.4620955721323215 0.8801373745855454 0.723284
0.9706889289017613 -0.24031683316660693 0.0032898334797984014 0.25256 0.20664255173935372 0.8415049937590393 0.4991675082467285 -0.631126 -0.12272676610340598 -0.48385655433751484 0.8664992646889134 0.733412
0.9678189252459275 -0.2515037802269475 0.00850743600462435 0.244655 0.20970076232610013 0.8247218752162477 0.5252232085691263 -0.619756 -0.1391118909930778 -0.5065369454159793 0.8509219733400818 0.745685
0.9644251634719767 -0.2640375290526561 0.01297256003333444 0.237133 0.2128324885415276 0.8046281127346356 0.5543247532072862 -0.608965 -0.1568006246265339 -0.5318437584938512 0.8321993635348819 0.756921
0.9601528362481149 -0.2789521337024824 0.017094974335554874 0.230162 0.21611606476403125 0.7798715979116178 0.5874471357677126 -0.597508 -0.17720151691114253 -0.5603445349725583 0.8090819640374995 0.768121
0.9541613326068988 -0.2986032616580672 0.020303780066553964 0.223951 0.22064322319738533 0.747638006446119 0.6263816563201239 -0.587367 -0.20221948327225037 -0.5931892644379506 0.7792520626476822 0.777718
0.9477386311164604 -0.3182941792582502 0.02191580570762977 0.21854 0.2236473380439263 0.7117693071509741 0.6658575835594935 -0.577304 -0.2275375909061258 -0.6261575431535893 0.7457569147359596 0.786741
0.9386058069147004 -0.34422569063232367 0.022974184092247746 0.215004 0.22674876163280544 0.6657268296334848 0.710909830712826 -0.564638 -0.2600079581935789 -0.6620547275073637 0.7029078171859787 0.796842
0.9267824862319358 -0.37491726111398566 0.02261129214660751 0.211967 0.2277504086369087 0.6088214775915886 0.7599119421281099 -0.551193 -0.2986703443254332 -0.6991233480166302 0.6496326420974741 0.807005
0.9138912120037791 -0.4055710896599971 0.017746657551959394 0.208635 0.2253424473375425 0.5431658224597802 0.8088211611595717 -0.540499 -0.33767385751667367 -0.7351754760216049 0.5877868537201354 0.815066
0.8978415064342525 -0.44018934606164917 0.010675623526966604 0.205644 0.21772536165868195 0.4649008716815888 0.8581741352431305 -0.527924 -0.3827222180831261 -0.7681800043762637 0.5132476835427662 0.824019
0.8827554559921502 -0.46982551491814906 -0.0026058488035681504 0.201155 0.205086081495804 0.380334478172531 0.9018233662363851 -0.5202 -0.4227085332623265 -0.7966239202064703 0.43209700955004066 0.830017
0.8662415732334545 -0.4988787291640395 -0.02730476862569664 0.202176 0.19086914924264028 0.27992560048792475 0.9408563259386982 -0.508921 -0.4617299044565131 -0.8202205019256394 0.3377037511657692 0.836734
0.8449121664232693 -0.5313810689531369 -0.06129918913133289 0.204594 0.1711418584091376 0.1599726874255052 0.972172414532591 -0.49923 -0.5067878208187366 -0.8318911580465818 0.22610441356531008 0.841969
0.8253036636809237 -0.5553105755643846 -0.10248915738358258 0.205453 0.14456162348187435 0.032322030654969136 0.9889677564767336 -0.492036 -0.5458715963769589 -0.8310147116632118 0.10695208865739464 0.845985
0.7962640494481213 -0.5831901767744746 -0.16078800101449345 0.209603 0.10626593078287883 -0.12681331523436934 0.9862179956957371 -0.484534 -0.59554270670652 -0.8023762214778212 -0.03900363695408893 0.84929
0.7714633570775447 -0.596983430206794 -0.2201251297448224 0.211536 0.05917926222911446 -0.2771378109992021 0.9590059690307398 -0.477565 -0.6335156695841568 -0.752864807102245 -0.17847262708392242 0.852751
0.7450025070633841 -0.6008014907026086 -0.289842773307867 0.213777 -0.0008632089379434493 -0.43537465802512076 0.9002489444702718 -0.471006 -0.6670611061511544 -0.6704375257390002 -0.3248738289572828 0.855835
0.726744264892127 -0.5891993984480219 -0.35311024102239186 0.216551 -0.05075608755005406 -0.5587133445717551 0.8278062685037213 -0.468531 -0.6850303591980531 -0.5836809637686782 -0.43594717513828857 0.856495
0.6959141172978288 -0.5656106163848843 -0.4424795723853192 0.221912 -0.12941092094610984 -0.7048465502708193 0.6974554853976023 -0.467711 -0.7063684271578561 -0.428107429512776 -0.5637088556254016 0.855571
0.6757553985864801 -0.5266660507137534 -0.5157300769848566 0.224492 -0.2017452236427657 -0.8050786679469941 0.5578057037661274 -0.470139 -0.708980610467281 -0.27289413596168066 -0.6502886163382917 0.853564
0.6607348593780605 -0.4801220473059886 -0.5769854983388758 0.229138 -0.2649678912455632 -0.8683820217327151 0.41917142190311873 -0.470092 -0.7022972748142586 -0.12407853973233643 -0.7009871994311715 0.852355
0.6538992996646918 -0.4331232696512524 -0.6203385681904952 0.232803 -0.31158652824341776 -0.9013280997680232 0.30086789789836005 -0.471126 -0.6894414705507923 -0.0034481669293565664 -0.7243331890984893 0.850789
0.6501086496575312 -0.3841831342717808 -0.6555624020500049 0.237277 -0.35189031575149027 -0.9168917373789247 0.1883686481518977 -0.470907 -0.6734478074214646 0.10822597316433681 -0.7312695736948545 0.849674
0.6483816614452056 -0.33102421533613424 -0.6855831021565886 0.240789 -0.38847566851271265 -0.91831933769366 0.0760016380841775 -0.475219 -0.654742602917479 0.21705428555772394 -0.724016271257677 0.846279
0.6454586883469421 -0.27115515895702963 -0.714043389023687 0.245882 -0.42929800110207333 -0.9020147046228327 -0.045526902968984095 -0.479258 -0.6317327820267116 0.33592313468287804 -0.6986195958442761 0.842528
0.6446828985758623 -0.21083796605336252 -0.734800185325443 0.250821 -0.46641742586920515 -0.8700532317784012 -0.1595686645852003 -0.483927 -0.605672143266775 0.44559480017437453 -0.6592469407803044 0.838393
0.6472600006965065 -0.14248855080929604 -0.7488334289991505 0.256163 -0.49823550506870407 -0.8225636602429974 -0.27413574436139604 -0.492421 -0.5769019613307729 0.5505325037960156 -0.6034054103807805 0.831806
0.6483996515987654 -0.09378007373283612 -0.755501945449026 0.261046 -0.5175695628569378 -0.782067578851395 -0.3471196475476362 -0.499775 -0.5583006711537052 0.6160970701765922 -0.5556300574205301 0.825881
0.6507630369329909 -0.052430786764478904 -0.7574684695490683 0.265603 -0.5251478706284007 -0.7516002254912246 -0.39914510521362556 -0.50893 -0.5483859806160316 0.6575318346976041 -0.516647561324928 0.818808
0.6497341366764704 -0.024131101992784232 -0.7597784160884643 0.270023 -0.5293358867762064 -0.7317065332299544 -0.42942876964573384 -0.516495 -0.5455722414200791 0.6811925125434185 -0.4881881709409351 0.812601
0.6499742322346309 0.011855496284981448 -0.7598637671575342 0.27478 -0.5376620012335889 -0.6994628404775067 -0.4708198245832802 -0.524944 -0.5370782716331902 0.7145706277191746 -0.448258572857821 0.805562
0.6491891738454874 0.06133635246438532 -0.7581498983896113 0.281302 -0.5534743443254039 -0.6456161550638619 -0.5261615060930622 -0.536809 -0.5217466499512744 0.7611948713614143 -0.38517892086367106 0.795428
0.6475113424748743 0.10933149473735918 -0.7541721856611263 0.287896 -0.5660831057951111 -0.5935387271895975 -0.5720679126288355 -0.551477 -0.5101754391380935 0.7973445952564342 -0.3224323459512186 0.782936
0.6425462502665892 0.12691808667769663 -0.7556626995838943 0.293313 -0.5635704413304189 -0.58989404183832 -0.5782848580607033 -0.558707 -0.5191557318637473 0.7974439282342826 -0.30750692251605305 0.775767
0.6392480617695853 0.15659695931602127 -0.7528873141824113 0.301214 -0.5562978100646463 -0.5817897947992907 -0.5933408642464109 -0.569105 -0.5309375312041023 0.7981215615433375 -0.28479345315248616 0.765108
0.638797525683353 0.20572861161827694 -0.7413591973817021 0.312753 -0.5525096193345777 -0.5479051635940545 -0.6281186609628246 -0.581074 -0.5354165123747917 0.8108487343941457 -0.23633342592156956 0.751358
0.6349006637901002 0.24480638533488405 -0.7327830380256887 0.324536 -0.5495188984502608 -0.5236134154590324 -0.6510437553631385 -0.589036 -0.5430746977763755 0.8160262402953684 -0.19791676984152579 0.740076
0.6310237771620038 0.2887091919127639 -0.7200388844786626 0.337442 -0.5400002479916539 -0.5029122317902375 -0.6748918574740066 -0.60072 -0.5569638451687419 0.8146939852612398 -0.16144654085488624 0.724754
0.6276017453452118 0.33913738712867025 -0.7007866165183111 0.352714 -0.5415822463756107 -0.4564645233477502 -0.7059240818499244 -0.609443 -0.5592894775073024 0.8225727758541792 -0.10280714359011783 0.710051
0.6132320891595312 0.35283153747105495 -0.7067222304348773 0.362362 -0.5185316782383252 -0.49511814454858516 -0.6971247532559087 -0.617011 -0.5958785979445664 0.7939571330396732 -0.12066800490204488 0.698564
0.6076489443067852 0.3966966294758466 -0.6880367320465909 0.376565 -0.5122688609611477 -0.466252711824924 -0.7212413069184771 -0.62663 -0.6069129876451961 0.7907213117643961 -0.0801026375918723 0.6823
0.6014412582567363 0.43470714708472347 -0.6702970305319979 0.390189 -0.5068943412499208 -0.44086701594868716 -0.7407390910822166 -0.633776 -0.6175164286683895 0.7852808227137348 -0.04480501983792773 0.667892
0.5935715405273014 0.4679669698951084 -0.6547363907430508 0.402737 -0.49601529669689676 -0.4279343130623901 -0.7555402366164954 -0.64174 -0.6337520427728307 0.7732264472914847 -0.02189085403206531 0.652665
0.584828474787817 0.49958389232363637 -0.639055232048155 0.415579 -0.486679655656771 -0.41416826126390305 -0.7691602980728024 -0.648071 -0.6489364898410034 0.7608420242681136 0.0009199241472462871 0.638199
0.5790682319589199 0.5348103961504695 -0.6153517879273196 0.429241 -0.4822481546908917 -0.383879223062662 -0.7874474327839525 -0.653912 -0.6573558397346151 0.7527380568764843 0.03561906366840917 0.623017
0.56768016080499 0.5589670736546254 -0.6043964308286455 0.44065 -0.4695686807176417 -0.38317249692923494 -0.7954144150605451 -0.658738 -0.6761985574648283 0.7353466177028356 0.04495400666776567 0.609829
0.5584259351691346 0.586141307507467 -0.5870254190100411 0.452209 -0.45761929787557504 -0.37256540330266186 -0.8073286805717919 -0.664723 -0.6919140504010183 0.7194674335196567 0.060179389846483744 0.594685
0.5477213648030154 0.6045543193651991 -0.5783730469819657 0.461065 -0.4420730239150287 -0.3777920328347068 -0.8135383343477074 -0.669009 -0.7103328431551963 0.7012754486387647 0.0603323882467344 0.582963
0.5384582154247626 0.6258325217808642 -0.5642662535744845 0.470376 -0.43227993379315205 -0.36965085659374547 -0.8224915215728965 -0.673997 -0.7233234470700975 0.6867982956450274 0.07149330050933023 0.569627
0.5342978141172979 0.6445217061526712 -0.5469164617448693 0.47796 -0.4197473250970038 -0.35930680725116876 -0.8334931321473991 -0.678039 -0.7337152233008305 0.6749002804570621 0.07855942041277597 0.558406
0.5280175432505783 0.6611025591983846 -0.5330486659217618 0.484651 -0.40819917922179405 -0.35283977133262195 -0.8419486479878666 -0.682933 -0.7446951752913921 0.6621536845682348 0.08355593282606127 0.546549
0.512556894562912 0.6861577448129395 -0.51621020821875 0.501684 -0.36789039582530586 -0.3677220944428784 -0.8540709091861418 -0.677015 -0.7758492678964929 0.627668710779631 0.06395234954801993 0.538483
0.5009916127313137 0.7135982518883203 -0.4896784035209338 0.519639 -0.3334855961847202 -0.3629388438781618 -0.8700935310308338 -0.668625 -0.7986205363689307 0.5992102556751815 0.05614542174999193 0.531898
0.4917255619263402 0.7455578119114064 -0.4498327698668709 0.540019 -0.30684454117819454 -0.3350987128995225 -0.8908171979492914 -0.658383 -0.8148941031185393 0.5760663171119793 0.06399374181646314 0.52432
0.4825761088080308 0.7729649994997845 -0.41188033305317884 0.559142 -0.2738352676448468 -0.31353333365399566 -0.9092365450649722 -0.644341 -0.8319462394900132 0.551563195142778 0.060361381381767026 0.521713
0.4702523562700789 0.8014223383715915 -0.3695740209774613 0.578971 -0.24134998592306572 -0.28601914984190985 -0.9273312408296439 -0.63085 -0.8488892187543523 0.525276385803437 0.0589220909328913 0.516547
0.459175893486379 0.826804935262159 -0.3248862845167869 0.598428 -0.21388343947803368 -0.2520670318745023 -0.9437775615890776 -0.613758 -0.8622130671464171 0.50284770106675 0.06109677875184938 0.51496
0.45153320592689183 0.8506887629921533 -0.26915867525358245 0.618008 -0.19296418498621454 -0.20142025482133397 -0.9603096918496217 -0.596483 -0.8711386728058796 0.4855496982458019 0.07320453042962338 0.512126
0.43819319503214765 0.871228259693011 -0.2212420469526657 0.636323 -0.16551396972975824 -0.16371821918157292 -0.9725232493530996 -0.576306 -0.8835110919800695 0.462771719339354 0.07246023825439213 0.5128
0.4242165587852711 0.8894360485132444 -0.17012885368898506 0.65431 -0.14403336671919992 -0.11920761144461567 -0.9823664971105244 -0.557872 -0.8940328296678568 0.44124036644307035 0.07753862584073778 0.510546
0.4115787022573433 0.9037986728122644 -0.11726436317547856 0.671131 -0.12481381178658757 -0.07155762226325602 -0.9895963920120825 -0.537737 -0.9027870647253777 0.42193301093754026 0.08335496413362553 0.510315
0.4057984178346159 0.912134573693246 -0.057776842734465594 0.687556 -0.11825903744933042 -0.010282477868622297 -0.9929295396504425 -0.515046 -0.9062794514632232 0.4097618700200423 0.10369554345871229 0.511854
0.39355725703539657 0.9192901626827417 -0.004275772387859367 0.702341 -0.10269962113308323 0.039343775209231935 -0.9939340295871786 -0.491944 -0.9135455507274367 0.3916090705627533 0.10989477967165062 0.514499
0.3887050754779783 0.9198868610549755 0.05212031423622776 0.71596 -0.09894160410549158 0.0979163660541777 -0.990264078029581 -0.467663 -0.9160343461217441 0.37976380569660423 0.12907567008596332 0.518355
0.3886698764763246 0.9147717550505945 0.1101288485435743 0.729497 -0.10425870362997625 0.16242344548488152 -0.9811976085754676 -0.444373 -0.9154593654757568 0.36988006234247706 0.15850201779236117 0.519968
0.3927370757120763 0.904504513518836 0.1662202586485197 0.741754 -0.11309727844483308 0.22687360546519889 -0.9673351915192547 -0.420629 -0.912670036195721 0.3611093354751096 0.1913986751867056 0.522372
0.3993096251937417 0.8910561869383629 0.21580244425515455 0.752378 -0.12394728442408831 0.28568862255656546 -0.9502731615833557 -0.39834 -0.9083990829539228 0.35270509304601466 0.2245222114354713 0.524645
0.4046279488283534 0.8762741982154002 0.2615716968039874 0.762151 -0.13243646902102324 0.3391679285661673 -0.9313569122014282 -0.377056 -0.9048407620682233 0.34221140509061504 0.25328748394996553 0.526265
0.40924474788023324 0.861869704293651 0.2994984960783919 0.769987 -0.13978717998449003 0.3835936108035656 -0.9128611537702029 -0.356586 -0.9016530822020339 0.33171758254795125 0.27746200601904936 0.529119
0.4124212016533514 0.8483820655031401 0.3318985136445044 0.776494 -0.14579813652636997 0.4210985347558377 -0.8952200441298914 -0.337021 -0.8992506079020707 0.3208175415389754 0.29736248793121867 0.532423
0.41373254370886414 0.8359804055774177 0.3605026265740773 0.783223 -0.15165185422612892 0.45373575980477576 -0.878137560627126 -0.320635 -0.8976787272660355 0.3086431949112092 0.3145032286782308 0.532686
0.41575210591654815 0.8290033396371097 0.3740369624735958 0.784941 -0.15258243970681523 0.46901498960183136 -0.8699100750203494 -0.312088 -0.8965872994410926 0.304595473372985 0.32148532172031713 0.535227
0.4154709217639214 0.8295611565674543 0.37311151239690427 0.78356 -0.14821706013701147 0.4664497481044589 -0.8720414758356558 -0.314976 -0.897449506241426 0.3070063843110671 0.3167514226317957 0.535559
0.39981393087641465 0.8408913157246284 0.36476103933404447 0.781526 -0.13718192366688686 0.44836519484487664 -0.8832608741876704 -0.315137 -0.9062725530965844 0.30310138104373374 0.29461773930498375 0.53843
0.3825775457824974 0.8522412510040784 0.35681826123398486 0.781922 -0.1295086826832913 0.43185231602983193 -0.8925979376232664 -0.315212 -0.9148015755193469 0.2952768653766722 0.27558964095307903 0.53781
0.3503891556201868 0.8718690205766162 0.3421576399593385 0.781414 -0.1108484406983638 0.40135252447293035 -0.9091912748668165 -0.314505 -0.930021538900317 0.28064312223530014 0.23727489358022802 0.538961
0.318737462426528 0.889147653024702 0.3283639462038463 0.782199 -0.09421914917459523 0.3744386884477179 -0.9224523947187566 -0.312434 -0.9431485471412833 0.2630819638709914 0.20312237274871853 0.539026
0.27875865005229034 0.9094013572267406 0.3086790995438259 0.78229 -0.06854521202624653 0.3394405231780616 -0.938126689276497 -0.31126 -0.9579118795219642 0.24035245515443826 0.15695709086222293 0.539574
0.23655991025725445 0.9281210477661368 0.28745561318674656 0.784192 -0.04472972165040051 0.30594199669177524 -0.9509988152786142 -0.308809 -0.9705867611193539 0.21211038483237593 0.11388820740578892 0.538219
0.19630010626568495 0.9441896141814854 0.26452266585663115 0.786543 -0.021974631160036284 0.2739397320315712 -0.9614957819979513 -0.307423 -0.9802975996428134 0.18292893616453676 0.07452261702496576 0.535575
0.1484233799929218 0.960168930612133 0.23674062802702356 0.788904 0.008492927759678193 0.23814572492323513 -0.9711923001542258 -0.304941 -0.9888874407380982 0.14615826486360478 0.02719174805919483 0.533518
0.09721965469284344 0.9734671664565984 0.20714732576687056 0.792544 0.04215871411552419 0.20391847346802067 -0.9780796997190965 -0.303804 -0.9943696403076323 0.10382163555557133 -0.021215240395440427 0.52875
0.0488387632388822 0.9846963567253797 0.16729572695397865 0.793042 0.075920641909208 0.16335117491821782 -0.9836424400080201 -0.296125 -0.99591708055309 0.0607410792182817 -0.06678091013162513 0.532347
-0.013700625311303088 0.9923206981696193 0.12293056922604212 0.797507 0.1214928039755927 0.12368327504966908 -0.9848563073134762 -0.29379 -0.9924977538756588 0.0014420322976120281 -0.12225436227237521 0.526944
-0.08200855035052593 0.9944235251247046 0.06630573389957489 0.800159 0.18265246590038975 0.0803993829388151 -0.9798846952185571 -0.289836 -0.9797513329258154 -0.06824801756544835 -0.18822734585727444 0.52511
-0.13199790671624437 0.9909725947926913 0.02344928554072262 0.805302 0.2175244402023589 0.052037774742610926 -0.9746667060664829 -0.286788 -0.9670882434075911 -0.12355317223640183 -0.22242963627435533 0.518884
-0.19424849763176746 0.9802578818101197 -0.036905369757514905 0.809465 0.2741434526847386 0.01812459434436428 -0.9615180010951138 -0.282154 -0.9418667042198127 -0.19689079264655807 -0.2722519554624325 0.514932
-0.2415242478283558 0.9668714358723987 -0.08261757806297959 0.814631 0.3097013433743295 -0.0038831984257110957 -0.9508259560414416 -0.27685 -0.9196472778316054 -0.25523429876102494 -0.29850349598101056 0.509638
-0.3055866248633797 0.9377441047285742 -0.1650842474357056 0.817924 0.38468428829512646 -0.03700777672110342 -0.9223060353272298 -0.270817 -0.8709964483529656 -0.3453497046603141 -0.3494263419485624 0.507601
-0.34918616609908126 0.9105833802574753 -0.22114911033936985 0.822942 0.42631920221004227 -0.0557882882001888 -0.902850820859507 -0.265215 -0.8344584826293142 -0.4095431289846805 -0.368718681747236 0.502421
-0.39245711003933337 0.8740880782210825 -0.28626464729573153 0.827093 0.4781868356774661 -0.07196191486785289 -0.8753049942696113 -0.258237 -0.7856938124768114 -0.48040765431071863 -0.3897354470860027 0.49923
-0.41362781844345187 0.8348372566115343 -0.3632613147350509 0.827907 0.5345089454609038 -0.10032660830504991 -0.8391869630113885 -0.260973 -0.7370293176203937 -0.5412774950423599 -0.40473010553785665 0.496451
-0.42696393800156596 0.7901363016953942 -0.43975722892218594 0.829065 0.5898563779185122 -0.12524763603495506 -0.7977358479449878 -0.266683 -0.6853986059768783 -0.599998045339133 -0.4125907130731028 0.491458
-0.43227511682529773 0.7331427290857394 -0.5250142494850878 0.828982 0.6546833226466292 -0.14521663156514986 -0.7418233461985688 -0.271718 -0.6201031933654635 -0.6643898469314431 -0.41720278147726797 0.488833
-0.4287142159507148 0.6788244216654821 -0.5961556219581323 0.828837 0.7078014981245834 -0.15770977612977796 -0.68858163333456 -0.276448 -0.5614455986953313 -0.7171645773904474 -0.41286051959714165 0.486422
-0.41959225454282983 0.6163649582630503 -0.666360696734924 0.829449 0.7603866235530193 -0.16225229390400803 -0.6288770753052828 -0.281563 -0.4957363438858442 -0.7705637101163509 -0.40059586368610994 0.482429
-0.3998571924724931 0.5456970636841902 -0.7364298610964036 0.829587 0.8124898158485585 -0.16085028547039984 -0.5603458617733035 -0.287062 -0.4242340448035623 -0.8224000853298494 -0.3790561632252738 0.478937
-0.36741144615460014 0.4676336050675287 -0.8039450482751491 0.828684 0.8652518206717674 -0.1451569497609056 -0.47986325839795374 -0.291427 -0.3410983964470909 -0.8719221704645755 -0.3512885033609366 0.477862
-0.3319911910310662 0.3998160413204857 -0.8543588134856397 0.828171 0.9016525033514742 -0.13159715518461523 -0.41195260886094265 -0.297386 -0.277136450648042 -0.9070994002038213 -0.31680603825065184 0.475073
-0.2975838257208442 0.3427621467474066 -0.8910431961619232 0.827611 0.9269462680026188 -0.11965494753393033 -0.35560274150612126 -0.303242 -0.2285048859551218 -0.9317707895656321 -0.2821147156865007 0.472339
-0.2666916942695202 0.2914485052978663 -0.9186584288881761 0.827786 0.9448612299410049 -0.10887885364253393 -0.308840818843395 -0.308737 -0.1900336716532725 -0.9503700142518844 -0.24634130723215897 0.468456
-0.21057143712931956 0.22451617402014695 -0.9514474013147802 0.825215 0.9696666977362141 -0.0756048583496732 -0.23244440345009787 -0.314865 -0.12412157413858 -0.9715330117897596 -0.2017856333738358 0.468913
-0.18092984545938445 0.1850475947813593 -0.9659305247727068 0.824723 0.9782610006301848 -0.06733903438880834 -0.19613992223311466 -0.320851 -0.10134004967470966 -0.980419727521441 -0.16884120414967024 0.465712
-0.13154939802278737 0.13141522144746615 -0.9825603266221142 0.823087 0.9898886586419606 -0.035637045585390215 -0.13729692084662648 -0.326557 -0.05305845240734286 -0.9906866510425273 -0.1253984053896997 0.464638
-0.10297145394594992 0.09689906499196965 -0.9899532569146581 0.822742 0.9941334010872349 -0.023093772607881646 -0.10566673322035802 -0.332234 -0.03310076305742754 -0.9950262553673734 -0.09395259770010922 0.461211
-0.06759068618182115 0.06261567500070048 -0.9957463413870411 0.820429 0.9975774976258958 -0.012214841861604903 -0.06848309184574125 -0.33944 -0.016450999116370435 -0.9979629626807314 -0.06163837883632686 0.460084
-0.02367810233730186 0.02201236097700421 -0.9994772650910688 0.819218 0.9995455439691259 0.019178152745004673 -0.02325734268471008 -0.347706 0.018656178632534326 -0.9995737363604087 -0.022456459590140948 0.456051
0.012581077403920282 -0.006962235198997024 -0.9998966165421252 0.816023 0.9993786636616995 0.03301356216268597 0.0123446883753916 -0.354718 0.03292420248254507 -0.9994306539197023 0.007373255490219999 0.456378
0.04968691549351806 -0.034962306126050946 -0.9981527175633438 0.813683 0.9972316836987352 0.05709000248983309 0.04764137532751184 -0.361088 0.05531888878245844 -0.9977566681140544 0.03770214553330939 0.455561
0.0929993960639926 -0.06656245166297736 -0.9934387511871813 0.809687 0.9930938310532701 0.0778762765321015 0.08774923519572386 -0.368719 0.07152450667897992 -0.9947385212115338 0.07334520681148224 0.456568
0.13518815162956085 -0.08843272661652779 -0.9868656527218631 0.804398 0.9869746338450526 0.09968372419711383 0.12627045290414524 -0.377543 0.08720800310411353 -0.9910816353829588 0.1007569163940259 0.458699
0.16836055426977153 -0.10526472773019141 -0.980088802538762 0.798869 0.9815377932349783 0.10945553487086473 0.1568535824823336 -0.38725 0.09076499444931763 -0.9884021565041337 0.12174930308052595 0.460267
0.2026745175153811 -0.12796152300981534 -0.9708495705200246 0.795469 0.9738698813379062 0.1300851899832334 0.1861593338243312 -0.393956 0.10247191894758384 -0.9832109092031245 0.1509828263451351 0.460465
0.2507578491280848 -0.14905772875772794 -0.9565052506903683 0.789079 0.9605005808304035 0.16146709138789772 0.22664291875809828 -0.404048 0.12066124201712125 -0.9755563396833213 0.18365917559045555 0.462709
0.28152220366628145 -0.16373072231848268 -0.9454826806515013 0.783903 0.951357080248689 0.17614865765513074 0.25276739557740635 -0.411851 0.12515971677648624 -0.970651276708254 0.20535614020785034 0.464624
0.31334749616905677 -0.17811744612119418 -0.9327848208626932 0.778574 0.9405548339205118 0.19374468020093819 0.278961651992877 -0.418252 0.13103415979561128 -0.9647472074492363 0.22823863539190403 0.467854
0.3478676318538171 -0.19082002671024528 -0.9179192928110389 0.772684 0.9270798379967418 0.21588067021800958 0.30646127032001486 -0.427678 0.13968208434996754 -0.9575924256344781 0.25200329696082213 0.469095
0.3761844935729006 -0.20161737057775342 -0.9043426688355543 0.766983 0.915469397823946 0.23134147492782256 0.32923685034649647 -0.43843 0.14283209878441866 -0.9517518362785189 0.27160160842179415 0.468526
0.41213317171187114 -0.21411098991806243 -0.8856086792545681 0.760695 0.8983646978754174 0.25758960640650574 0.3557927265734239 -0.4469 0.15194445822708724 -0.9422335584490973 0.2985109762578725 0.470769
0.43645554690280514 -0.2241519577648548 -0.8713566751956145 0.755439 0.8866547166360286 0.27163819366809006 0.3742407049050396 -0.454 0.15280696661100546 -0.9359319374671 0.3173033869725047 0.472436
0.4594948271979844 -0.23204086589218398 -0.8573339724601492 0.749275 0.8751654294140003 0.28292714029629235 0.3924763743747776 -0.462737 0.15149249135486187 -0.930649917981927 0.33307770148019444 0.473773
0.48080354005893017 -0.23855781605851378 -0.8437524069679405 0.742577 0.8642167911799035 0.29155074404161035 0.4100335370326368 -0.470553 0.14817993693314907 -0.9263305738483297 0.3463443001469957 0.476612
0.49858034532380685 -0.24658227850041742 -0.8310323815510056 0.73774 0.8544841185581817 0.30111596289120385 0.42330375385053026 -0.477903 0.1458579116422577 -0.9211549038145788 0.36083114165730434 0.476811
0.5216889803963936 -0.25289703273196124 -0.8147905857141087 0.730798 0.8407453096500044 0.31457848169292923 0.44066733842808126 -0.485516 0.1448721230412841 -0.9149226577646552 0.3767341214628299 0.479801
0.5381747972095118 -0.26182605199465997 -0.8011335757196738 0.726858 0.8305202080183047 0.32662337308747164 0.45116887772340175 -0.492939 0.14354118475800748 -0.9081653432331867 0.39323229474245325 0.478214
0.5498074389960396 -0.268562751170237 -0.7909398388679694 0.722511 0.8237609665274889 0.3311246981645417 0.46018942218518893 -0.500596 0.13830997812997153 -0.9045609337956808 0.40328633376345924 0.476845
0.5595481041122833 -0.27487953249104546 -0.7818869239230528 0.718388 0.818108451981021 0.334214780200115 0.467973334168739 -0.508805 0.13268187510570834 -0.901521892864113 0.4118905154347938 0.47438
0.5715908450476992 -0.28044891190051086 -0.7711240585479593 0.714201 0.8102202348780523 0.3414749122306499 0.4763801583937175 -0.515024 0.12971922313909584 -0.8970748531370665 0.4224093169158323 0.473991
0.5844168223554296 -0.2871839077280693 -0.7589350307437508 0.709716 0.8015444940260499 0.3500244338530532 0.4847775982885071 -0.523158 0.12642547941180926 -0.8916323787570107 0.43475084739147873 0.471814
0.5851754810797183 -0.2951901971072664 -0.7552697556998383 0.708032 0.8023626268892816 0.34562241406124095 0.48657924521069706 -0.528762 0.11740473293037124 -0.8907344690929241 0.43909934440317133 0.468083
0.5895525152123905 -0.30231031459652835 -0.7490235680506273 0.706912 0.7996491892373926 0.3492883298920907 0.48842485271858904 -0.533249 0.1139693202520986 -0.8869081893238684 0.4476660113874321 0.464672
0.5876287444800021 -0.31158875234321537 -0.7467294744913011 0.7069 0.8021442680957861 0.34535114220093555 0.4871315651254646 -0.538225 0.1060991603262339 -0.885237277792631 0.4528773897914981 0.458919
0.5813972279688336 -0.32161111482430976 -0.7473577149743091 0.707433 0.8081209005469854 0.33487837785564595 0.48455864675382754 -0.540764 0.09443449268824144 -0.8856764436667804 0.4545980243297133 0.455097
0.5805132839209822 -0.33253972590348824 -0.7432507368898535 0.708421 0.8093747390775062 0.33540767405082145 0.4820935842043915 -0.54449 0.08897673254562627 -0.8814301009631172 0.4638578642015819 0.449078
0.5791282644242249 -0.3445263141004067 -0.738858628045564 0.710732 0.8107562388755587 0.3382858626274897 0.4777415580318854 -0.546854 0.08535089026684606 -0.8757078816813078 0.47523776311641497 0.442505
0.5803300191407601 -0.35680163344486543 -0.7320585108139654 0.712737 0.8102590268014838 0.3433027867301146 0.4749984274816601 -0.546777 0.08183751200273331 -0.8688128630461298 0.4883306570703801 0.439364
0.577273235503235 -0.37062021895250763 -0.7275962237912053 0.716109 0.812844981815815 0.3456259765997977 0.4688557558954387 -0.547747 0.07770873251104926 -0.8620808184868929 0.5007774109207551 0.432621
0.5774994313218624 -0.3851546858128396 -0.7198265588454889 0.718521 0.813031365558524 0.3512395889019401 0.46433904617858457 -0.549806 0.0739892251680414 -0.8533971052121097 0.5159835030062725 0.425959
0.5746894203100615 -0.40016524885445215 -0.7138626224932494 0.721536 0.8155438197705135 0.3524912550187883 0.4589533670967013 -0.549727 0.06797314335680882 -0.845941894425695 0.5289252906012916 0.420934
0.5719705330379696 -0.41561485844065327 -0.7071873859025039 0.72537 0.8177425535721913 0.3565926251383043 0.45181723713710276 -0.550261 0.06439584934988485 -0.8367233647630075 0.5438264295215693 0.413584
0.5732281429317881 -0.4297949890298766 -0.6976286716841431 0.727895 0.8170887918700802 0.3636706825214519 0.4473360491561957 -0.550951 0.06144430283815072 -0.8264501812445744 0.559646938318744 0.408194
0.5726358980145488 -0.4448110431524447 -0.688644512208371 0.730086 0.817868568010392 0.3677369000220182 0.44256138311292714 -0.552573 0.05638380765523143 -0.8166472361135071 0.5743763208754933 0.402041
0.5789758052249226 -0.45897273245659365 -0.673892460134019 0.73136 0.8135807846889936 0.3795487570723193 0.4404872844812875 -0.553543 0.05360339307351297 -0.8032974367357246 0.5931609430709517 0.398375
0.5845788858356037 -0.47230161054958003 -0.6596959260958617 0.732114 0.8097856737032769 0.38990438716128717 0.43843098834059446 -0.555544 0.050146673869097935 -0.7905098086327921 0.6103929501191936 0.394182
0.5943148871207877 -0.4836105473962137 -0.6425812426407573 0.731777 0.8028828672338238 0.403049323270019 0.43923836867238 -0.556241 0.04657162708129553 -0.7769633720187292 0.6278208359813222 0.393825
0.6071767023199637 -0.49347890682628937 -0.6227479591916657 0.730583 0.7933950051711584 0.41909139037138776 0.4414598195600985 -0.556869 0.0431371989043311 -0.7621292377504667 0.6459862282096891 0.395153
0.6137586777695709 -0.5058267354453388 -0.6061679628380727 0.728608 0.7887770232840811 0.4255840794013811 0.4435188822352246 -0.559152 0.03363172611764237 -0.7503449240641199 0.6601904285352507 0.395575
0.6242910275967957 -0.5162180639870005 -0.5863272322480424 0.725402 0.780802551996454 0.4360234385451193 0.44747171512299533 -0.561598 0.024659433447698942 -0.7371583760989245 0.6752699022533397 0.397994
0.6368307660079834 -0.5245780284242546 -0.5650349259649418 0.720549 0.770854077063479 0.4476381744338204 0.45321524319485196 -0.565148 0.015184444023320864 -0.7241808868536084 0.6894428734678633 0.401767
0.6475437227483853 -0.5332540307941536 -0.5443595004874542 0.714708 0.7620238210849379 0.45558578847531206 0.4601752768657167 -0.568783 0.002612130983144778 -0.712798518503733 0.701363991655268 0.407036
0.6623433827890796 -0.5396864005713221 -0.5196535695190492 0.707077 0.7491298749916208 0.4675570172679461 0.4692492578561423 -0.572308 -0.010279769966177799 -0.7000921543924571 0.7139785022586957 0.415339
0.6789343190977043 -0.5408177982717595 -0.49655241357164226 0.702562 0.7340295885589994 0.485465363567426 0.4748936132401162 -0.570767 -0.015771920340999973 -0.6869057357809975 0.7265753620099733 0.425009
0.6963756567943881 -0.5414194857364969 -0.47109010294105313 0.696119 0.7172715229393289 0.502977381576596 0.48221915764789697 -0.569583 -0.0241351818820712 -0.6737051982040652 0.738605983531369 0.437028
0.7158760220539585 -0.5397287329720504 -0.44296096425371967 0.688461 0.6975448832484461 0.524786152331322 0.48788382856495444 -0.570602 -0.030865140565234123 -0.6582494885115151 0.7521668391867702 0.447699
0.737437894803577 -0.5349736389177803 -0.4122966856169681 0.679244 0.6743295122289029 0.5485676202825567 0.49432102414793433 -0.570041 -0.03827610540269877 -0.6425548783104842 0.7652830640453245 0.462257
0.7603337862499482 -0.5266560675231952 -0.38016564814278253 0.668885 0.6480532786209091 0.5756135338312478 0.4986943028940609 -0.570259 -0.04381188828969354 -0.625541722198693 0.7789596088586268 0.476863
0.7852547411821842 -0.5135641947433841 -0.34587108773136915 0.657291 0.6173330351896914 0.6063530199289341 0.5012344151058914 -0.569012 -0.04769607021950717 -0.6071143492791464 0.7931817268350139 0.49416
0.8082795652007007 -0.49913477373016346 -0.3123277479384512 0.64401 0.5864985582243549 0.6356720954251898 0.5019366775784584 -0.569819 -0.0519960159985281 -0.588884933370762 0.8065425900528712 0.510448
0.8304223790836515 -0.4821704255381805 -0.2791242609544681 0.63115 0.5543789584348819 0.665367251920162 0.49995038805552205 -0.567329 -0.055341148901188936 -0.5699106077347056 0.8198409946018526 0.52895
0.8495480684588211 -0.465531587028027 -0.24808954201467712 0.617394 0.5242164865878887 0.6925667280012691 0.4955284073139154 -0.568007 -0.05886556350987929 -0.5510278293741454 0.8324080589998404 0.544236
0.8665867698706622 -0.44854389439936315 -0.21871384291394258 0.604028 0.495074888220163 0.717707007636708 0.4896912356199111 -0.566292 -0.06267555615170028 -0.5326396774426546 0.8440182158430348 0.56077
0.8827811595653474 -0.4287335373622071 -0.19205462310850416 0.589268 0.46537647405051097 0.7422108299535286 0.48223212387812625 -0.566233 -0.06420406308618412 -0.515083136824128 0.8547322390331618 0.576319
0.8973909636077554 -0.40844567159717643 -0.16691791931568015 0.574286 0.4362501755901745 0.7646036352047478 0.47441233682233325 -0.563004 -0.06614561763780191 -0.4985513156990126 0.8643328889276962 0.594325
0.9083799366254853 -0.3914734944740761 -0.14695031085552163 0.560645 0.4127251632113471 0.7830089599446777 0.4653546048966536 -0.565056 -0.0671105832819669 -0.4833688775362034 0.8728405913114631 0.605301
0.9189477990555655 -0.37284334101170336 -0.12854098830397515 0.546286 0.388598175051068 0.800430063715298 0.4564024227013956 -0.564548 -0.0672785326676458 -0.4693607952992607 0.8804396872461702 0.618754
0.9285075519385889 -0.35378666883105325 -0.1127329541457838 0.532675 0.3654046550029081 0.8166540425776676 0.44671647926146496 -0.562889 -0.06597851237497279 -0.455972770786787 0.8875447415233815 0.631991
0.935114279657068 -0.339741011081596 -0.10068430548351563 0.519794 0.3481064231870841 0.8276943966933148 0.4401634966900191 -0.563727 -0.06620575592301393 -0.4466520245915657 0.8922548777176383 0.641893
0.940359434865361 -0.32778385214267375 -0.09100483247723049 0.508791 0.33372533685611344 0.8370118429564211 0.4336341479761128 -0.565496 -0.06596614889450941 -0.43814258070313766 0.8964817600904226 0.649111
0.9452863228634105 -0.3155747438698688 -0.08274266637496605 0.498172 0.3197567854430868 0.8458839761963304 0.42689096614638017 -0.567222 -0.06472531166766204 -0.42999172067116925 0.9005097190945645 0.655808
0.9493486341536128 -0.3048663746573071 -0.07611612466475204 0.489799 0.30786012844827776 0.8539114082883712 0.4195920019575925 -0.569289 -0.0629230652660813 -0.4217722138764962 0.9045158304083125 0.660309
0.9532069958890119 -0.293939116618789 -0.07068393530082534 0.482874 0.29631140175465964 0.8619953558964603 0.4112949788207043 -0.570943 -0.05996645877850406 -0.41299370713644157 0.9087575153401842 0.66397
0.9573304165412488 -0.2798181896403737 -0.07225132740194365 0.487013 0.28494521365694475 0.8722271361634297 0.3975249025584936 -0.566674 -0.048215130187079985 -0.4011503504753867 0.9147424214140926 0.664605
0.9624505970853331 -0.26103586031937537 -0.07449246805825202 0.491691 0.26942011881174305 0.8850055681268091 0.3797077085917675 -0.561451 -0.033191079367089205 -0.38551968044688445 0.9221024499688634 0.665591
0.9646669882471209 -0.2511340866103146 -0.07968232130549201 0.504307 0.26267547601406976 0.8932103902689179 0.364933957061314 -0.55672 -0.02047427866886903 -0.3729703329462682 0.9276173427954757 0.660104
0.9677503644357479 -0.2372635568560824 -0.08464772130705912 0.51529 0.2518303688345659 0.9026778210615367 0.3489329687722882 -0.549136 -0.006379456647985088 -0.35899687457079155 0.9333169593344373 0.65797
0.9698768312980727 -0.22595377791525786 -0.09101550613512219 0.528367 0.24348612834804526 0.9104421925372495 0.3343793046078741 -0.543147 0.007310089827722167 -0.3464677536132165 0.9380333993482974 0.652548
0.9712365283995257 -0.21669255694087725 -0.0987114059714587 0.543889 0.23719282734031805 0.9169052847056943 0.32097392656892837 -0.53732 0.020956348936385254 -0.33515523962067845 0.9419298258331468 0.644571
0.9722093846825102 -0.2086011814560771 -0.10627539428477092 0.56023 0.23166679694024145 0.9226655805958753 0.3082510690640424 -0.530474 0.03375511117895566 -0.3243050623699928 0.9453501039247265 0.636191
0.9728934840255766 -0.20126979228893668 -0.11388037342994252 0.576851 0.22662204660398785 0.9278557212822299 0.2961861044628066 -0.523842 0.04605124030463063 -0.31396533438550334 0.9483169575994115 0.626764
0.9736941336352255 -0.1928117311017211 -0.12142228162040533 0.593232 0.220193156513004 0.9332695521807984 0.28376560185669364 -0.515923 0.05860638147153561 -0.3030372573163397 0.951174911742842 0.61798
0.9742310415842753 -0.18551271248116813 -0.1282922878488702 0.609145 0.21446180490820954 0.93805092359654 0.2721517939959085 -0.509438 0.06985708159614877 -0.2926525213415353 0.9536637195066776 0.607796
0.9745972806958578 -0.1793670474005571 -0.13411786893268915 0.625063 0.20936152372085592 0.9423306285599199 0.2611144171874623 -0.500097 0.0795480536878255 -0.28256052233932627 0.9559454264600078 0.599332
0.9751931376131542 -0.17167359502946192 -0.13973732902081645 0.639259 0.2025204095685643 0.9467826840629884 0.25017600377866844 -0.49058 0.08935226947533328 -0.272269583185753 0.9580633830866638 0.592182
0.9751863891592442 -0.1669397643704304 -0.14540502560262392 0.655027 0.1985023219167012 0.9501557974190878 0.24041794613667045 -0.482439 0.09802211277172547 -0.2633155439825796 0.9597169320716004 0.581543
0.9751813168196535 -0.16266521671212625 -0.15020461576757024 0.66966 0.1946253138020207 0.95322175205901 0.23127749269874007 -0.474469 0.105557503538836 -0.2547711103589805 0.9612228122413141 0.571345
0.9751099590470986 -0.15977676440554694 -0.1537268789875722 0.684146 0.19170065889278903 0.9559110797237195 0.22245193872273428 -0.465999 0.11140657587070824 -0.24638464484932276 0.9627477248143653 0.561062
0.9757150029710021 -0.15441058557144852 -0.1553628142149186 0.693256 0.18587816724048992 0.9589135953508414 0.2143222424169707 -0.459296 0.11588589181006204 -0.23799598256022023 0.9643279381852324 0.555377
0.9760766448291316 -0.150796173982788 -0.15663619419297137 0.702971 0.18171557440843306 0.9613487527883302 0.20685266623791826 -0.455423 0.119389419282107 -0.2303672924363941 0.9657520785061798 0.54628
0.9763950190450013 -0.1469237792002127 -0.15832299229625013 0.709447 0.1776285377921094 0.9632318682569022 0.2015749749749569 -0.451114 0.1228855945420312 -0.22493948315012302 0.9665926544176748 0.541461
0.9761905443526173 -0.14644679847751368 -0.16001673766274357 0.714749 0.17723645571772034 0.9638042422013567 0.19916983074574585 -0.451374 0.12505702651655112 -0.2227885049331652 0.966812299357266 0.534224
0.9759696048646541 -0.14686946807029636 -0.16097418963634963 0.718732 0.1776733288728887 0.9640371690159241 0.19764747649031392 -0.452889 0.1261567223240902 -0.22149874966805352 0.966965762221151 0.527557
0.9758634004601 -0.1466015707716063 -0.1618598254346902 0.720027 0.17756136739632117 0.9641322680846084 0.1972838828854949 -0.460169 0.12713215348919146 -0.2212621727393246 0.9668921689950096 0.519428
0.9759710973176503 -0.14662110497175254 -0.1611914041673555 0.718647 0.17748452317850447 0.964060381278288 0.19770388281887832 -0.46583 0.12641068480425355 -0.22156225496781753 0.9669180451004601 0.516284
0.9761760542314173 -0.1476961446405451 -0.15895332649397653 0.715168 0.17820048502528824 0.9636708133267177 0.19895514740507433 -0.473189 0.12379377319531681 -0.22254081064052503 0.9670318967425661 0.514419
0.9763848286393734 -0.14968173503893026 -0.15578204196439607 0.71037 0.1796720497937778 0.9630108205920077 0.200818609559996 -0.482083 0.11996091415858592 -0.2240659224836373 0.9671627791927235 0.512806
0.9767399113588606 -0.15154446791450463 -0.15170174621010354 0.703797 0.18082558527248324 0.9623598308476949 0.2028932322224175 -0.493594 0.11524431990145492 -0.22560547470153652 0.967378372982953 0.510915
0.9772461872232954 -0.15284227513923382 -0.14706844830824262 0.694325 0.18137915933514925 0.961626110691806 0.20585631832573048 -0.505451 0.1099613119074433 -0.22784745371851906 0.9674678535835601 0.512281
0.977505764168156 -0.1564365583559998 -0.1414570048734212 0.685135 0.1839593803309605 0.9604445339215331 0.20905799111370515 -0.517603 0.10315729448894184 -0.23037773431905018 0.9676180404083745 0.512521
0.9779294811134085 -0.15912243580786287 -0.1354030294780459 0.673994 0.1855214616380554 0.9594022765264044 0.21243601170148285 -0.5294 0.09610263909456143 -0.23286760663202083 0.9677483973329717 0.515235
0.9782231076987981 -0.16270314077683548 -0.12886907908982173 0.662783 0.18779479024614695 0.9582286659622146 0.2157103161294796 -0.541892 0.08838929980778859 -0.23521375748375695 0.9679162256982062 0.51679
0.9787378231821655 -0.16489408836424962 -0.12199267639968865 0.649989 0.18856526814203534 0.9573812303438713 0.21877915676722348 -0.553025 0.08071810901624511 -0.2371310173886539 0.9681185193296653 0.521226
0.9792625080834546 -0.16696311206698589 -0.11475303687052815 0.636282 0.18907565876638266 0.9566215833073259 0.22164282441045338 -0.56518 0.07276905608952278 -0.23874351417261944 0.9683523113600483 0.525088
0.9795614437761822 -0.1698586011499593 -0.10773779969212618 0.623603 0.19039780068082088 0.9557390348074299 0.22430241826888248 -0.576652 0.06486952568832344 -0.24023104079352725 0.9685458128948938 0.527818
0.9799261089910939 -0.17204626248199675 -0.10072191659986553 0.610713 0.19097629981518174 0.9550778822081182 0.22661485349764113 -0.5865 0.05720903623096789 -0.24130131057006596 0.9687625115014991 0.532022
0.979945362605317 -0.17569772159877525 -0.09400743020279612 0.599766 0.19301452710784792 0.9541772665946758 0.2286725524396122 -0.595897 0.04952250633467744 -0.2422314070035358 0.9689538001511835 0.53403
0.9801048764443522 -0.17814547434315353 -0.08751354832855306 0.589016 0.19390494420942916 0.9535379221471029 0.23057819419564346 -0.601477 0.042371025254757874 -0.24296012223910024 0.969110455634662 0.539709
0.9800046104497926 -0.18130172493242158 -0.081979558633108 0.580096 0.19568436949171325 0.9528116644621163 0.23207231545697699 -0.608779 0.03603596861167027 -0.24347405734792477 0.9692377377943755 0.54118
0.9794413476009024 -0.18651672157523635 -0.07685153988408086 0.575117 0.1995409899390737 0.9517180475913112 0.23327269712316862 -0.613103 0.029631738792436736 -0.24381195717562504 0.9693697383322467 0.541614
0.9791529264007914 -0.18967480856738697 -0.07268434298864968 0.571487 0.20159540481062374 0.9512600702845599 0.233374316156374 -0.615706 0.024876484478464862 -0.2431619741594881 0.9696666514028692 0.542503
0.9789124947631377 -0.19216595629629168 -0.06930059766943807 0.569472 0.2031859752014819 0.9509929311164547 0.23308347098830628 -0.616534 0.02111367040645422 -0.2422492315927247 0.9699842899319049 0.54368
0.9785180703913468 -0.19478419704697875 -0.06753889618848445 0.571089 0.20528493640404893 0.9507606333753322 0.23219025153809203 -0.616271 0.01898633200965102 -0.24106707490758794 0.9703227218777877 0.54228
0.9777715161648856 -0.19843104158588865 -0.0677346581283151 0.579449 0.2088474112495815 0.9503445841133588 0.2307117904675765 -0.610524 0.018590884620387656 -0.23972962516457175 0.9706616742343775 0.539908
0.9772258892639237 -0.20062001604380664 -0.06914600866945429 0.587921 0.2112747049240447 0.9502786792269775 0.22876501232900315 -0.606257 0.01981313734851993 -0.23816389518399694 0.9710228620476424 0.535538
0.9766667749804756 -0.20263740347763962 -0.07113433320891907 0.596417 0.21366438318740757 0.9502524866824363 0.22664452985013997 -0.603663 0.02166891797902961 -0.23655505546423353 0.97137642741006 0.529035
0.9756787628114396 -0.20620794259842715 -0.07435883409563399 0.608789 0.21784487216100043 0.9498655071074297 0.2242746755224552 -0.59929 0.024383672239751304 -0.23501872865129061 0.9716849457057751 0.519834
0.9748801090123658 -0.208640621023066 -0.07796065873982484 0.622446 0.22098612448524216 0.9497773236928712 0.22155849833351093 -0.590705 0.027819163126002425 -0.23322119684521958 0.9720257031092606 0.513448
0.9743446512273236 -0.20951842904019283 -0.08218593868317282 0.636435 0.22272847622012418 0.9500947235294258 0.21843086366675596 -0.58022 0.032319135281844186 -0.23113209256629214 0.9723854324703555 0.508228
0.9733850054988138 -0.21172180421944375 -0.08772404851657004 0.653278 0.2260229013984031 0.9501566218904511 0.21474645962430639 -0.569837 0.03788507771566216 -0.22885862775038573 0.9727221851025546 0.498511
0.9724754728947979 -0.21364318712067548 -0.09299485585213457 0.670099 0.22894447637295773 0.9503130503490621 0.21092542064571784 -0.557031 0.04331144602009306 -0.22641045676642424 0.973068560642295 0.490595
0.9714540367675509 -0.21576568599333712 -0.09860133465554301 0.687072 0.23210057743104362 0.9504166412717634 0.20697229271058504 -0.543916 0.049054830589921175 -0.22394949596175612 0.9733654230833708 0.481755
0.970133080933122 -0.21871567372657477 -0.1049059547668266 0.705651 0.23615823741250305 0.9503864698207686 0.20247183726098197 -0.52978 0.05541743571682847 -0.22119903265599564 0.9736528620461316 0.470521
0.9689107091580882 -0.2210494296904481 -0.11112689733947764 0.722469 0.23956092940871532 0.9504526079742459 0.1981171398334519 -0.516484 0.06182716862030549 -0.2185794812613541 0.9738585172353909 0.459656
0.9681024279659026 -0.22210614716131855 -0.11595925301449062 0.73577 0.2414408829628808 0.9506548307803777 0.19483760609296055 -0.501409 0.06696259404046748 -0.21662006395319403 0.9739567541181104 0.455228
0.966904778018498 -0.22365733460758846 -0.12277030146264355 0.750755 0.24412684670773738 0.9508593799500678 0.190442963318442 -0.490013 0.07414332715447867 -0.21411173773803657 0.9739912375382348 0.443006
0.9661482659141891 -0.2241448822433645 -0.12773644755947364 0.762084 0.24541433029968315 0.9511858784606826 0.1871289157253315 -0.477622 0.07955711630372192 -0.21214263216310023 0.9739949532027095 0.437156
0.9653586411530155 -0.22368891251920286 -0.1343352685156791 0.773152 0.2460353320475785 0.9517959461800592 0.18316957230785771 -0.470391 0.08688676156608093 -0.20987555181864828 0.9738598171263546 0.425404
0.9648512514684325 -0.22343388321222002 -0.1383450843814406 0.780815 0.24641500358306723 0.952154093481297 0.18078226759272242 -0.461113 0.09133295434265146 -0.20851830159369167 0.973744529818538 0.421549
0.9645390941684913 -0.22297938327076552 -0.1412251056180011 0.784916 0.2464769489634255 0.9523321269355901 0.17975715183551463 -0.455542 0.09441106635510192 -0.20819153355149764 0.9735208451323312 0.419986
0.9644138425862778 -0.2216203026630294 -0.14418870162227296 0.787196 0.24573006640624112 0.9525847319343113 0.17944097344146392 -0.451926 0.09758419283856345 -0.2084868579387753 0.9731446734041462 0.419625
0.9640848536254211 -0.22194639312018383 -0.1458773237723787 0.788031 0.24648723142447887 0.9522457711427225 0.18019998913844948 -0.448897 0.09891632703829017 -0.20968497781611045 0.9727526768524009 0.421307
0.9642573226991482 -0.2203706372641296 -0.14712103130712387 0.784741 0.2453846665112182 0.9521816192507658 0.1820344181800997 -0.453188 0.09997090107750621 -0.21162926591752523 0.9722236742360064 0.42285
0.964318366550263 -0.2198432842335341 -0.14750938380742462 0.780436 0.24523342203114218 0.951685496903434 0.18481148152254986 -0.456575 0.09975297816470578 -0.21439133695435927 0.9716407247466494 0.427152
0.9650485302478029 -0.21770860474429812 -0.1458913900367213 0.770746 0.24323998666535265 0.9512920039127946 0.18941444553839884 -0.463979 0.09754815812507603 -0.21828075204165612 0.970998388327465 0.436662
0.965435697772726 -0.21729261739796252 -0.14393690246226645 0.760504 0.2429244490050007 0.9502861398659439 0.19479210572890315 -0.471967 0.09445435692283406 -0.2230250452371349 0.9702258518794825 0.445961
0.9668239493380966 -0.21358684352227783 -0.14011463613939645 0.743307 0.23903419418071745 0.9498955420856074 0.20139789755174936 -0.4884 0.0900783270196584 -0.2282084998418768 0.9694363184868099 0.457122
0.9681796139534471 -0.21039575537504718 -0.13550594542350258 0.724948 0.2354853392727979 0.9491975079289146 0.2087360676287483 -0.501524 0.08470472308277273 -0.23400366890649693 0.9685387926282402 0.472149
0.9692770691011134 -0.20811453200263175 -0.13111180299302197 0.705269 0.23281075203033447 0.9482392124315201 0.21596654774830468 -0.52167 0.0793795757977173 -0.23985565988022092 0.9675578253363457 0.480059
0.9709323966411811 -0.204703059043228 -0.12404410010539307 0.681636 0.22836456667251387 0.947476846262607 0.22391348884053225 -0.53779 0.0716931366386423 -0.24573213752907636 0.9666828904787257 0.496139
0.9726958248779731 -0.20052456628366597 -0.11684489968204187 0.656346 0.22304316144499534 0.9468394078765872 0.23183374177313995 -0.553713 0.06414499510936547 -0.2515651685123774 0.9657123720827843 0.512457
0.9741305523215111 -0.19773787441073715 -0.10940475335793894 0.631041 0.218918755566204 0.9458333524772568 0.23973703886337275 -0.569298 0.05607357216311919 -0.2574859265380483 0.9646536954470815 0.526961
0.9756629498766316 -0.19454199616086185 -0.10116926394798241 0.604086 0.21408032796285617 0.9449401148236454 0.24750311629632418 -0.583633 0.04744914559130935 -0.26313796975507553 0.9635906742262669 0.542634
0.9772107072546861 -0.19086015004442758 -0.09290660230476046 0.576534 0.20863788072596356 0.9442371610083969 0.2547281266310834 -0.597429 0.03910841792983867 -0.26830688939313735 0.9625393211454812 0.557394
0.97870687712258 -0.1873349097552256 -0.08389565101939726 0.547659 0.20303267262700508 0.9436068495107087 0.2615030542888743 -0.611433 0.030175859870141198 -0.2729683958693314 0.9615496203200443 0.571157
0.9800927983242134 -0.18370929753478307 -0.07529276640082627 0.520733 0.197338636361213 0.9430488066392256 0.2677991988326877 -0.619899 0.021807550804934434 -0.27732623802231376 0.9605282861177391 0.586994
0.9811742930100203 -0.1810403250733405 -0.0672414115975083 0.495455 0.19262409639655836 0.9424425519629769 0.2733093370833138 -0.62961 0.013891156312406311 -0.28111641173515695 0.9595731336534249 0.598427
0.9822446355540743 -0.17807522480486873 -0.05903126490207675 0.470894 0.18750523812337913 0.9420962378219802 0.2780224170061937 -0.636641 0.0061042281689483065 -0.2841546990502998 0.9587590132072267 0.610694
0.9830849672828444 -0.17587808368730898 -0.05109644587413459 0.449614 0.18314434170302726 0.9418160561689094 0.2818522067407072 -0.639895 -0.0014481728671692333 -0.2864426923852684 0.9580962826221721 0.623202
0.983785701151827 -0.17356754984394915 -0.045166357506182434 0.431579 0.17921373086421752 0.9416235976992267 0.2850042787848852 -0.643865 -0.006937786313793361 -0.28847756567388905 0.9574615194481348 0.631805
0.984399230051841 -0.17145063784260872 -0.039532703635160704 0.415894 0.1755372725132115 0.9416165743865003 0.287306270031225 -0.645591 -0.012034194279857535 -0.28976353397899346 0.9570226081676648 0.640503
0.984818363510072 -0.1700495686367107 -0.03487026096564682 0.404185 0.17281980704486208 0.9415970672726026 0.2890125900313175 -0.645138 -0.01631273080512069 -0.2906511777201365 0.9566900165171461 0.648407
0.9850668291786622 -0.16916117758130617 -0.03205991346218243 0.398769 0.17112471317651018 0.9414376597208812 0.290536513022938 -0.639082 -0.018965088772635686 -0.2916841251398103 0.9563266683248303 0.657691
0.9848932250709284 -0.17051897593070864 -0.030143225722002058 0.398526 0.17185017745648024 0.9411125189869076 0.2911610260908785 -0.634433 -0.02128031291032665 -0.291942640691043 0.9561990602530305 0.662323
0.9850681851421857 -0.16946941311568528 -0.030344499318746058 0.402068 0.17092171052670344 0.9415057086702617 0.29043548235698385 -0.624769 -0.020650411407668743 -0.2912852872349259 0.9564133217125118 0.669332
0.9846831208265445 -0.1715555293588259 -0.031110318315784 0.410532 0.17314272719126483 0.9411607050088235 0.2902380460381879 -0.614635 -0.02051213250902042 -0.2911790303124644 0.9564486524253276 0.673563
0.9842845560978603 -0.17334039073027635 -0.03371975042484356 0.422967 0.17562542995840486 0.9409704685649201 0.28936185933989383 -0.602633 -0.018428808403259243 -0.29073645493847206 0.9566256806037804 0.676707
0.983745259881683 -0.17562487509905894 -0.03743216406727999 0.439052 0.17891630309145606 0.9408675789048048 0.2876754342204027 -0.589281 -0.01530425262487661 -0.28969656921035664 0.9569961743075794 0.678219
0.9829782832145243 -0.17893461538950206 -0.04166651106150061 0.457918 0.1833355105571713 0.9406535329099299 0.2855854015750971 -0.574677 -0.01190736315766527 -0.28836319883001554 0.9574470639482651 0.678276
0.9821528489001751 -0.18236290272645328 -0.04603860452329028 0.477744 0.18789918230470787 0.9404736748656752 0.2832016316582133 -0.557814 -0.008347376024353297 -0.2867979054906683 0.9579547393899535 0.678678
0.9811892400157979 -0.1859539710735888 -0.051853600831412924 0.499471 0.19301884912833744 0.9402889312148623 0.28035771741827215 -0.541903 -0.003376263969643408 -0.28509269804183784 0.9584940033014461 0.675922
0.9799180175069107 -0.19078964223222145 -0.05796543264935232 0.522751 0.19939490431344797 0.9398077464141209 0.27749427365955165 -0.525213 0.0015333294351112976 -0.28347965041059325 0.9589770261606536 0.671478
0.9788533404761834 -0.1942944206817628 -0.06399856194130543 0.544929 0.204445289546935 0.9398042948946584 0.27380652088586915 -0.506468 0.006947044025111735 -0.28110063213997255 0.9596531525451376 0.668239
0.9775144518205694 -0.199038150617217 -0.06963699505873124 0.567973 0.21054521823718733 0.9395365451486237 0.2700773804072515 -0.485561 0.011670799432210183 -0.2786662787799523 0.9603170817555767 0.664558
0.9761140723909536 -0.20402040493213958 -0.07467926118859253 0.589902 0.21667926004738386 0.9392785944553934 0.2660936306325629 -0.465424 0.01585610121266972 -0.2759191844892747 0.9610500443187686 0.659846
0.9746916896953606 -0.2087957903368339 -0.07987758118783758 0.610908 0.2226301187977843 0.939028956994242 0.2620313876816863 -0.445565 0.020296311065983 -0.2731829714018109 0.9617479523727566 0.654418
0.9730661915751992 -0.21403128339593575 -0.085631749609745 0.631715 0.22914902364833162 0.9385837030937373 0.2579754973788464 -0.427568 0.02515773786241081 -0.27064966657052336 0.9623491290643487 0.646623
0.9715520156581079 -0.21880902334222108 -0.09060514430589177 0.650041 0.23500027015280006 0.9381343683009938 0.2543202312845101 -0.408568 0.029352238394696726 -0.26837756671621993 0.9628665160782683 0.640718
0.9700048209321893 -0.22392135809734012 -0.09460376713510843 0.666898 0.2408976398181326 0.9375884445035848 0.2507912196696714 -0.390205 0.0325418883650645 -0.2660585163477968 0.9634074378893099 0.634813
0.9686512018867566 -0.22791002296064616 -0.09885277192582649 0.680578 0.24577735150529811 0.9371281201901137 0.24775871293656815 -0.37704 0.03617101837635843 -0.2642875475368096 0.9637654017688099 0.628215
0.9674090729862828 -0.2316139460665068 -0.1023458132574191 0.691716 0.2502049496655521 0.9365101564878484 0.24565465588497273 -0.363519 0.03895084937045331 -0.2632559719789983 0.9639393780475581 0.624006
0.9662867898061072 -0.23503318329573508 -0.10511537754335212 0.700308 0.25419992532638347 0.9357345192262834 0.24450625246078578 -0.350613 0.04089300441724872 -0.262983482900029 0.9639333223369244 0.621803
0.9651274637900336 -0.23891188705968805 -0.10700508800891775 0.706739 0.25844499009144745 0.934636526327248 0.24425550301183988 -0.342706 0.04165532060672438 -0.26339262304877514 0.963788960503614 0.618928
0.9642105300764761 -0.24244867208943774 -0.10731586598313111 0.709877 0.2619981347020764 0.9333621893800035 0.24534058133215383 -0.335501 0.04068207347559492 -0.2646765286870652 0.9634787512238615 0.619285
0.9635400331894995 -0.24479789227996146 -0.10800276096686587 0.709809 0.2645393015054632 0.9321134527777356 0.24735292419894525 -0.336552 0.04011935194116693 -0.2669054197390077 0.9628872906595893 0.618793
0.9631759938700275 -0.24630166030227074 -0.107830872039642 0.706656 0.26608580457057984 0.9307646464035186 0.25074991049123063 -0.336932 0.03860504421072458 -0.27020855859442683 0.9620275388073931 0.622185
0.9626705288788227 -0.24878516796052588 -0.10663673396640141 0.701903 0.2683311986397461 0.928893304560934 0.25525594327738044 -0.34195 0.03555025548045026 -0.27434133655853077 0.96097503109631 0.624822
0.9620687254260406 -0.2519335212435019 -0.1046578636843099 0.695668 0.2710202614202586 0.9264745300890094 0.2611378237560463 -0.346324 0.0311734736083149 -0.2795969348369169 0.9596112590903634 0.629369
0.9617808161153354 -0.25391371971419546 -0.1024962667291871 0.687207 0.27250593526832306 0.9242122745668896 0.2675297867218396 -0.353104 0.026798824527508945 -0.2852358576350411 0.9580826313649291 0.634874
0.96175592003033 -0.25527774220038196 -0.09929161406528525 0.676423 0.27306646726531597 0.9219797533265259 0.27456882363298113 -0.361489 0.021453548467661995 -0.2911814018666617 0.9564272771440137 0.641699
0.9618775426195398 -0.25618595207006967 -0.09570972242226573 0.663 0.2730394557216922 0.9194644953796196 0.28290368918680336 -0.371405 0.015525740671455734 -0.29825123587045416 0.9543611222584191 0.649992
0.9620717543697362 -0.2569026968405392 -0.09175480259908184 0.647882 0.2726418940820489 0.9168284371583331 0.291705355468771 -0.384531 0.009183519765932138 -0.3056576862666262 0.9520971808543717 0.657559
0.9626345090832897 -0.25646408652005215 -0.08695386275151498 0.630159 0.27079484125106246 0.9142688474669104 0.30130155741937265 -0.39595 0.002226179189995063 -0.3135899342723915 0.9495558947472504 0.667924
0.9630891287562502 -0.2565587448108399 -0.0814674200684763 0.611847 0.2691249251035131 0.9114552218497702 0.311160976426696 -0.408116 -0.0055771641141069694 -0.32160066701403583 0.9468589684934984 0.677558
0.9628807539099726 -0.2591528519879435 -0.07550134473158421 0.594578 0.26951691166880504 0.9076270901336241 0.32182868048090374 -0.420868 -0.014875754578239399 -0.3302315317502027 0.9437827331349322 0.685089
0.9633479792797948 -0.25913915876692734 -0.06933662243796843 0.574375 0.26724466623454785 0.904697059435863 0.33181850312676614 -0.435806 -0.023258529332726513 -0.33818652699608215 0.94079164206088 0.692941
0.9637456502684755 -0.2592094760119865 -0.06328324528802677 0.553409 0.264919812929716 0.901296193849686 0.34275744145000486 -0.449165 -0.031809028684910284 -0.34709597879788323 0.9372900123208727 0.701419
0.9639926521580899 -0.2600086262161831 -0.0558003662925655 0.532984 0.26261897872044554 0.8977973223135369 0.353541001953766 -0.45904 -0.04182629078751177 -0.35546516332801975 0.9337532217128584 0.710782
0.9643801610871371 -0.25984741793125565 -0.04949974036302403 0.511992 0.25968347090005084 0.8944013645315425 0.3641575127131351 -0.470915 -0.05035275407413081 -0.36404054515750583 0.9300210113962889 0.718403
0.9643579535212845 -0.26122874834546056 -0.04211031367852635 0.492223 0.2576173595476848 0.8906164338528055 0.3747474667172414 -0.480858 -0.06039067427938497 -0.3722390479103113 0.9261701019094202 0.725598
0.9645623537155115 -0.2613775135296222 -0.0360729984318563 0.471289 0.25473919634475956 0.8868684701032354 0.38545072134109765 -0.493331 -0.06875614620103856 -0.38098046164838767 0.922023036697979 0.731103
0.9640548310409282 -0.26393689343806026 -0.030587563304605044 0.454715 0.2541787097443504 0.8825719423792457 0.39555018649676105 -0.504172 -0.07740456226440709 -0.38910677558633083 0.917934883819906 0.734197
0.9640258778553198 -0.26468974109558596 -0.02436078373189922 0.436448 0.25151245180946447 0.8786877638239062 0.4057700091072965 -0.511648 -0.08599763607258355 -0.39729982968143257 0.913650508632832 0.740087
0.9638757520863623 -0.26575903316934774 -0.017767127760092635 0.418869 0.248788394208832 0.8744883478307763 0.41638259379468584 -0.516417 -0.0951202893547992 -0.4057613409346596 0.9090158770648435 0.746902
0.9625245202798804 -0.2709961146022661 -0.01037563156928168 0.406308 0.24926848822636244 0.8689858240880842 0.4274679617366626 -0.517435 -0.10682587999791915 -0.4140347128012681 0.9039709552625248 0.75311
0.9618045304037866 -0.2736558867591564 -0.006670902248666941 0.396066 0.24878327396788838 0.8637010150211366 0.43832344135954754 -0.516193 -0.11418812498929169 -0.42324108058353443 0.8987925566102067 0.759392
0.9608666150237689 -0.27695187258250265 -0.005745294231779691 0.388114 0.24979728426653638 0.8573179213052725 0.45011920485785756 -0.516637 -0.1197358129626542 -0.43393967562537067 0.892949994687452 0.763187
0.9595092105907965 -0.2816170643551696 -0.005822701727099762 0.38223 0.25235330998844435 0.8502524034858182 0.46194010142492015 -0.518533 -0.1251394491329677 -0.4447051601123667 0.8868920108108607 0.764868
0.9580449489815684 -0.2865670513554077 -0.005403777231781218 0.37701 0.25467632061550904 0.8424764782452299 0.4747350369640532 -0.516557 -0.13149086450643643 -0.4561937183708053 0.8801121768674537 0.768786
0.9562285267103955 -0.2925803711637492 -0.0048714592217632136 0.371461 0.25760457040752854 0.8337883516460398 0.4882999794844688 -0.516513 -0.13880522328219214 -0.4681812801352301 0.8726622479060946 0.771512
0.9540698983227633 -0.29953807275424227 -0.005250912784108497 0.365941 0.26129402660097645 0.823427858248686 0.5036784628338103 -0.517512 -0.1465471281773897 -0.4819164919679094 0.8638752421457068 0.773478
0.9518189308601259 -0.30658704401853376 -0.00671619656239833 0.360444 0.2651748017629205 0.8118571187714557 0.5201637657604636 -0.519206 -0.15402287935979805 -0.49688268549033615 0.8540401334209236 0.774923
0.9492959149194852 -0.31429919631994446 -0.007299391057787541 0.354538 0.2685967495896427 0.7987548103610065 0.5383739769296352 -0.518254 -0.16338008454844277 -0.5130368097103652 0.8426744210281656 0.778277
0.9458939426607903 -0.3243186900058554 -0.010101314296244626 0.350751 0.274394579190482 0.7828961755896349 0.5583737038561198 -0.518962 -0.17318274783737547 -0.5309340501041626 0.8295280406902992 0.77952
0.942875933157431 -0.332908652309501 -0.012522135998931594 0.344202 0.2782500436739676 0.7662865734098905 0.5791215767066221 -0.520929 -0.18319903893836093 -0.5495240819374531 0.8151450150144209 0.781126
0.9388036885765333 -0.34402272489585306 -0.017204623516016773 0.33981 0.28440071104229103 0.7459860452975638 0.6021802519013228 -0.523312 -0.19432928208001743 -0.5702220488340779 0.7981747585270608 0.781456
0.9342982775669403 -0.3557689799008451 -0.02269716889307727 0.33509 0.29055828318128707 0.7230640603683567 0.626701083993293 -0.526172 -0.2065492982563529 -0.5921205937509163 0.778929130181861 0.781574
0.9297913369422334 -0.3670001679982839 -0.028265640562454286 0.329246 0.2956123654356257 0.6987599417314654 0.651419890111588 -0.529852 -0.2193203117559533 -0.6140402434048364 0.758190728201421 0.781571
0.9244639390269496 -0.37967205611323684 -0.03486481386044929 0.322714 0.30070656385810624 0.6698501789400108 0.6788787080375156 -0.534218 -0.23439707312896926 -0.6380829629294162 0.7334222143675428 0.781324
0.9195555495256088 -0.39046314891698086 -0.04422805302623074 0.316633 0.30578092164566695 0.6403121237566052 0.7046264344514988 -0.541474 -0.2468108978432313 -0.6614672429592727 0.7081987483734185 0.778813
0.9136315657407827 -0.4029488084997076 -0.053940891823471365 0.309867 0.3099075275063893 0.6044279688414714 0.7339101817504984 -0.546405 -0.26312484959980886 -0.687240196882312 0.6771013405039445 0.77809
0.9050978907420455 -0.4196503521263378 -0.06849372332221952 0.304028 0.3162536665905679 0.5567191458694418 0.768145436092945 -0.553093 -0.28422073559527977 -0.7169082051299452 0.6366012872081223 0.775664
0.8964421501568834 -0.43478286069211275 -0.0857632524481593 0.296338 0.3205567314090086 0.5025475569860631 0.802925485282235 -0.562185 -0.3059981264166115 -0.7472682363219534 0.5898773852367972 0.772096
0.8852604697171206 -0.45244255334358124 -0.10774802401976309 0.289171 0.32453782802681747 0.43497294115071533 0.8399248410699209 -0.571336 -0.33315026479932247 -0.7785205690221915 0.5318990737663531 0.768086
0.8735645721736572 -0.4681180655019642 -0.13323068337944433 0.280633 0.32532713720686146 0.3580066074981213 0.8752105591139048 -0.58212 -0.3620044088679624 -0.8078964944461542 0.46503339903900687 0.763139
0.8629572796816797 -0.4790942688043655 -0.1605410073570151 0.269657 0.3202121226482913 0.2727693302859584 0.9072271429826297 -0.593286 -0.3908566616465305 -0.8343054440995574 0.38880007200664124 0.758483
0.8494362947782552 -0.48982407530767214 -0.1962915086354305 0.259682 0.3129870397265262 0.16818167577319404 0.9347481141448462 -0.606264 -0.42484949579423453 -0.8554456728414168 0.29616820683571116 0.751671
0.8354731721437203 -0.49681236312322263 -0.23486603516904908 0.248928 0.2984126531064939 0.051276257721245055 0.9530585679065311 -0.618107 -0.4614482279671828 -0.8663418616470198 0.19109503306973524 0.74564
0.823521768992781 -0.49602124568551587 -0.27527226490075146 0.237297 0.27766966052206987 -0.07068994791270228 0.9580722785310395 -0.631329 -0.49468318712137244 -0.8654281339849591 0.07951533994615528 0.738319
0.8104941254066655 -0.4928751795997719 -0.3165017061814623 0.226992 0.24989284300442297 -0.19774680847197545 0.9478659012509704 -0.64147 -0.5297667785888909 -0.8473312558106424 -0.03710664670795066 0.732797
0.8011654346821598 -0.47994002612825687 -0.3574793946377248 0.217151 0.22177654592948876 -0.3167051153820012 0.9222326352751018 -0.655032 -0.555831907995692 -0.8181414555019699 -0.14729375018305124 0.723725
0.7948775484769692 -0.461953728324766 -0.39340619696960966 0.205428 0.1855090999396631 -0.4322974914597177 0.8824427758881656 -0.667505 -0.577716242429464 -0.7744143798797148 -0.2579269498689451 0.715707
0.7878271784714266 -0.43560881921252936 -0.4354001532912186 0.194874 0.14237166078363392 -0.5589842649196319 0.8168640656669678 -0.680653 -0.5992150257357209 -0.705536354978625 -0.3783646451982725 0.706212
0.7830883174057555 -0.40204930998983757 -0.4744776490829873 0.183738 0.09154002959065596 -0.6801103884077033 0.727372176098636 -0.693534 -0.6151366597148676 -0.6130303515460052 -0.49578289397499065 0.696599
0.7776531503599402 -0.36402282302338385 -0.5125845901442476 0.173436 0.03327170390390791 -0.7903452226481038 0.6117576503458291 -0.705774 -0.6278125289085834 -0.49278982675721417 -0.6025027926823276 0.686879
0.7801196843405396 -0.31863936607337684 -0.5384071252247442 0.162984 -0.020908016830337356 -0.8733809739871183 0.48658866520864924 -0.717398 -0.625280843250966 -0.3683403706704835 -0.688003806964534 0.67733
0.7820634487318958 -0.26894719698059644 -0.5621780566634149 0.152742 -0.08263100156853977 -0.9388704589925216 0.33420708970779145 -0.728897 -0.6176964300830574 -0.21491781328557213 -0.7564796453277474 0.667367
0.7858188644725621 -0.2104973360478919 -0.5815321003657442 0.14632 -0.1354321533546895 -0.9760427048546183 0.17029025262120065 -0.740854 -0.6034458087324536 -0.0550591483481295 -0.7955008775019758 0.655535
0.7931383220771443 -0.16221431397866268 -0.587041837004045 0.136333 -0.1918038719212636 -0.9813595134067729 0.01203246284154482 -0.749978 -0.5780509292170227 0.10305348992854874 -0.8094671713200497 0.647261
0.8059777294289555 -0.11597007028613499 -0.5804746699575908 0.127758 -0.22782366690437206 -0.9658557740001842 -0.12336531371803977 -0.759895 -0.5463481275366383 0.23167556329559996 -0.8048789703482601 0.637367
0.8163758381181326 -0.07110703138598967 -0.5731267582519491 0.119801 -0.2687283961422036 -0.9251824276402779 -0.26799724754646337 -0.767991 -0.5111903168524959 0.37280191211032343 -0.774405058275791 0.629157
0.8271993899840793 -0.02556480956101459 -0.5613266515337356 0.114121 -0.3009919382773449 -0.8637186586905179 -0.4042201525430165 -0.775774 -0.47449449132947147 0.5033254604547257 -0.7221623491681246 0.620606
0.8382185818437936 0.011565190479343318 -0.5452117528272442 0.108912 -0.3222328494705271 -0.7960664323668233 -0.5122931055371162 -0.783571 -0.4399495423044376 0.6050987370900179 -0.6635509917091386 0.611681
0.8494438036381811 0.048267382679813314 -0.5254669202052016 0.10695 -0.3368802629434723 -0.7168575660439769 -0.6104317475726851 -0.787714 -0.40614888021492335 0.6955468997664686 -0.5926698889984356 0.606686
0.8592126291926384 0.08462493624451564 -0.5045713804819747 0.108121 -0.34868184523937584 -0.6248550358360011 -0.6985536164038191 -0.788877 -0.37439902328443386 0.7761409693837851 -0.5073761592819085 0.604965
0.8641725630658585 0.11837752605501932 -0.489073146440569 0.112688 -0.3653534182035811 -0.5207182426720232 -0.7716018348575381 -0.78518 -0.346009625662559 0.8454816810988003 -0.406740784622347 0.608928
0.869685105223476 0.15502053325960405 -0.46863253410357597 0.120334 -0.37152906063775515 -0.4194924909892632 -0.8282464651933323 -0.784905 -0.32498303779437243 0.8944242194124277 -0.30723173806495097 0.607819
0.875723236141623 0.18666891173204547 -0.4452679317831193 0.125872 -0.3767305690036109 -0.3126054830915929 -0.8719815882914541 -0.787581 -0.3019650510570028 0.9313605796542204 -0.2034319999564868 0.603218
0.8838952688549246 0.20964576271447838 -0.41806435852837925 0.12991 -0.3746058362913934 -0.21781020279028096 -0.9012375840902789 -0.790101 -0.2799993234140154 0.9532089853417882 -0.1139868814880568 0.599052
0.8895928063471155 0.2269509181566659 -0.39638102835946915 0.133635 -0.37627731638481576 -0.12780478280830354 -0.9176498889367141 -0.790754 -0.2589208760793637 0.9654839295602847 -0.028297732967962064 0.59737
0.8876863794111257 0.3902744300286058 -0.2443332991505946 0.258201 -0.13197105310309393 -0.29273107950513777 -0.9470439040691921 -0.740152 -0.4411309702920749 0.8729228971436159 -0.20834846457694123 0.620892
0.8896422711713188 0.38128959722884864 -0.25130633177498685 0.255256 -0.17553026912506858 -0.22251577606952777 -0.958997317004097 -0.737295 -0.4215753241901361 0.8972764191960233 -0.13103157477777438 0.625492
0.887979080947789 0.30737488040144345 -0.3420728499856689 0.215265 -0.32469399818559797 -0.1077256712654115 -0.9396642949972438 -0.719144 -0.3256792276786631 0.9454712384036938 0.004144636294620974 0.660676
0.8934875634779819 0.3147841743103064 -0.32029813848031957 0.218768 -0.32909094544278 -0.026368405865709932 -0.9439300063032632 -0.719141 -0.30557997895437544 0.9487969386417094 0.08003277882445192 0.659527
0.8991515293563632 0.32175900191610934 -0.2966440155170192 0.222609 -0.3273942598026502 0.04474200812331958 -0.9438279246543656 -0.722171 -0.29041268206534504 0.945763869787296 0.1455718952977218 0.654915
0.9035606938932634 0.3274226776607031 -0.2763556813322631 0.2285 -0.3335314957972554 0.13262924046338226 -0.9333628586382423 -0.721001 -0.2689513222915431 0.9355233159721896 0.22904434398174706 0.654176
0.907283520881754 0.3291645475018329 -0.26170080894854214 0.232163 -0.338176401890244 0.20122326440116894 -0.9193181816260926 -0.720466 -0.2499466621921083 0.9225832745783172 0.29388223411321285 0.653475
0.910688419904851 0.32841597965234404 -0.2505784231736588 0.234705 -0.3397875017839125 0.2505610387132721 -0.9065117867465233 -0.718152 -0.23492776652123037 0.910693203108444 0.3397746817074942 0.655112
0.9129430919881218 0.3280099453739918 -0.24278465051752898 0.237548 -0.3439947774629834 0.2984792649410452 -0.8902683423993273 -0.716138 -0.21955068633315697 0.8962809850353873 0.38532829119419126 0.656291
0.9148717828761397 0.3257570360648126 -0.23852038560949465 0.238536 -0.3482425602124231 0.33775071630765874 -0.8744435790206024 -0.714 -0.2042957174140724 0.8830667059106758 0.42244106424250194 0.658259
0.9153330404131476 0.32566361847438585 -0.23687260865324386 0.240511 -0.3539627813651014 0.3701541136191644 -0.8588924738167706 -0.712776 -0.19203066040688557 0.8700167468347838 0.45408709042508033 0.658867
0.9147955661359634 0.32580793563038246 -0.2387430863046109 0.242242 -0.36244014547822057 0.40122615179390486 -0.8412221561884713 -0.711256 -0.17828688432890585 0.8560763775487109 0.48512578026669373 0.659874
0.9144215689945505 0.32293928496952484 -0.24401518883241027 0.239499 -0.36954162559932535 0.4201178043284542 -0.8288184466067626 -0.711174 -0.16514291116167487 0.8480632339098372 0.5035042901340926 0.660963
0.9132213337663575 0.3257661502832385 -0.24475132457993698 0.242873 -0.3739381174415968 0.43144278393496865 -0.8209917225616093 -0.709911 -0.16185512002476093 0.841269005443611 0.5158191355520729 0.66109
0.911874391763667 0.32803777061424794 -0.2467312600707024 0.244986 -0.3782714101539199 0.43821546200330264 -0.8154004838859228 -0.709407 -0.15936070376917721 0.8368742019632738 0.5236847679496955 0.66085
0.9104060022190343 0.3299911721734152 -0.2495330387166615 0.247015 -0.3822380407986766 0.4401484929946312 -0.8125043903148734 -0.707568 -0.15828768521254166 0.8350898936055748 0.5268490090223998 0.662066
0.9083927352773201 0.33263817337490675 -0.2533268325882481 0.247916 -0.3858925905963764 0.4337370216041303 -0.8142230066835473 -0.708332 -0.16096442780380477 0.8373912118620447 0.5223661659009033 0.660911
0.9060870610646913 0.33554680202735704 -0.2577102664240672 0.249395 -0.38999304335216306 0.42621194067925866 -0.8162406555418186 -0.707975 -0.1640477488662003 0.8400903078072223 0.5170460432304829 0.660737
0.9031830976599532 0.33885089199717144 -0.26351539821060255 0.250744 -0.39504400011008556 0.4159812521993507 -0.8190847549525523 -0.707846 -0.1679301345155 0.8438836832238085 0.5095682477453092 0.660365
0.900356710917376 0.34031125597061784 -0.2711937354839621 0.249872 -0.3993726577299771 0.39875072756307467 -0.825529731460723 -0.707839 -0.1727983604197075 0.8515785966824315 0.4949289042970127 0.660702
0.8974497709406082 0.34236564666285224 -0.27815404477335426 0.249209 -0.403244390821289 0.38111448980368223 -0.831952947547424 -0.709121 -0.17882357201951227 0.8588000405489081 0.48008813820315976 0.659577
0.8940592223120613 0.34302595117632567 -0.28808211297879793 0.246844 -0.40930974744727705 0.36429483992340916 -0.8365134788213658 -0.710714 -0.1819990045121075 0.8658074072360172 0.466105026718064 0.658752
0.8908089487611726 0.34368985969587923 -0.2972149006177882 0.245883 -0.41325127640761733 0.34088184392596366 -0.8444068634426831 -0.70979 -0.18889891305798953 0.8750296273977596 0.4456908702471347 0.660106
0.8870528803437314 0.34489874637467466 -0.30689092887061253 0.245192 -0.41872461597866417 0.321080502782458 -0.8494568892571793 -0.709692 -0.1944399224629801 0.8820159666820898 0.42923297994265125 0.660468
0.8835258596655478 0.34162947159931545 -0.3204237185930956 0.240722 -0.42435298256918275 0.2942774599115024 -0.8563441614051402 -0.709121 -0.1982589253650228 0.8925749720459378 0.40497323095520726 0.662722
0.8800961834059674 0.3388477873025131 -0.3325851545009798 0.236229 -0.42877505810049443 0.26637244984534003 -0.8632483232038793 -0.710841 -0.20391826182362227 0.9023457735278547 0.37972285616124024 0.662496
0.8771402541678626 0.3374477972622076 -0.34169278400519637 0.232748 -0.43250675235221764 0.2458540699302506 -0.8674639390017717 -0.71409 -0.20871723380707025 0.9086719762497443 0.36159695226911037 0.660231
0.8731019482629956 0.3334913750400234 -0.35563533389312646 0.228097 -0.4358250144278217 0.20693824993020604 -0.8759184422734873 -0.715811 -0.2185166921275125 0.9197608729934851 0.32602207252257 0.65999
0.8695488573502502 0.3300758108107203 -0.3673346482412459 0.225108 -0.44083067244822277 0.18350997506916455 -0.8786309847023166 -0.715565 -0.22260526253824736 0.9259449487781444 0.3050784307723471 0.661282
0.8655452389201912 0.324759442329958 -0.38126466398044817 0.220423 -0.44543280575149935 0.15115920572509023 -0.8824627528031465 -0.716814 -0.22895644769898144 0.9336392232238825 0.27549364042563496 0.661507
0.8622796771037204 0.3186532091217112 -0.39361642594070956 0.214908 -0.44872212550878093 0.1204054066834801 -0.8855230048509564 -0.719635 -0.23478120140416892 0.9401928899740841 0.24680988049386177 0.660257
0.8581326409007981 0.30765208091505597 -0.4110457002928728 0.206892 -0.4526001401176752 0.07529597802597554 -0.8885289127870701 -0.722121 -0.24240768095521048 0.9485150039940053 0.20385731140228747 0.660104
0.8543575755998398 0.2970810853554131 -0.42639882942992935 0.200047 -0.4547858893840163 0.03035986754268255 -0.8900831833373667 -0.724731 -0.2514814661806185 0.9543694814728941 0.16104646845182896 0.659353
0.853176476860714 0.3072704285285343 -0.4215148669779397 0.212922 -0.43745782200318767 -0.01865548161821129 -0.8990453976156152 -0.718899 -0.2841136274446664 0.9514393605256632 0.11850143434891347 0.661701
0.8521360582369799 0.32060455464950716 -0.4136143829587331 0.227426 -0.41637292669026155 -0.06342162228348003 -0.9069792080011083 -0.711558 -0.3170137602245815 0.9450875183626768 0.0794472055100039 0.664802
0.8528820651963116 0.3366822087264913 -0.3990454525408424 0.242244 -0.39097569634383816 -0.09468045362772692 -0.9155182229586141 -0.70368 -0.34602050189970707 0.9368461464017979 0.05088330017968201 0.667946
0.8521728632164141 0.3565587768261466 -0.38297160451628853 0.259133 -0.36067781309098274 -0.12998736265840993 -0.9235880037619678 -0.694022 -0.37909487775680173 0.9251859943910482 0.017831136845482765 0.671702
0.8497381787163815 0.3664969984711354 -0.37897886186885865 0.275147 -0.3623673599313743 -0.11610695866032289 -0.92477514597172 -0.665342 -0.3829293983074853 0.9231463179054005 0.03414603417043727 0.693985
0.8490001191399001 0.3898791715275087 -0.3566413174457767 0.290967 -0.32440907316347667 -0.14816294622273157 -0.9342411330142847 -0.657322 -0.41708218728405305 0.9088685124789085 0.0006899816857655616 0.695174
0.8483358732144359 0.41401733294390025 -0.3300240813024412 0.306415 -0.28892716696210236 -0.16033000882911896 -0.9438301650509525 -0.648067 -0.44367481155543875 0.8960379100746098 -0.016392842961842347 0.697223
0.844210359129395 0.4400076884796308 -0.3061079933902902 0.321512 -0.2418132611317062 -0.19702946197592075 -0.9501082769107573 -0.637606 -0.4783672399730849 0.87611222180283 -0.05993461877948025 0.700063
0.8375172152713104 0.46596607010421165 -0.28537788217699434 0.334677 -0.18756128818316645 -0.24538198936486438 -0.9511090591884891 -0.626327 -0.513211142999897 0.8500960538709602 -0.11811444405220178 0.704064
0.8298578333529658 0.49353391244250433 -0.2603079977486584 0.347432 -0.13454856603758905 -0.2757573079927768 -0.9517639363128891 -0.616052 -0.5415096119183386 0.8248528258773025 -0.1624350819320723 0.706944
0.8202708501844694 0.5228217623186582 -0.23197658757654926 0.360204 -0.08248786636350919 -0.2932011959913187 -0.952485595991906 -0.60771 -0.5659960107990548 0.8004314233682189 -0.1973779426488262 0.707772
0.8097779169196955 0.5493585588784806 -0.206070131402291 0.370589 -0.031256582238057495 -0.3103250864828998 -0.9501165016808076 -0.599414 -0.5859033634789905 0.7758244095710959 -0.23412333112628103 0.709484
0.799134551495096 0.5727288939305946 -0.1826624829125271 0.376585 0.029174597870334495 -0.34044512643685626 -0.9398116613048046 -0.588624 -0.6004438453726009 0.7457068659617063 -0.288770598592955 0.715336
0.7853557273989884 0.5954623422433429 -0.1692364630086481 0.380784 0.0935756754128364 -0.38443486832768303 -0.9183972043647064 -0.583721 -0.6119313477937186 0.7054320881445277 -0.35763891651135227 0.717128
0.7762417167293592 0.6131887015833599 -0.1464527686988887 0.383136 0.14379562870058768 -0.398389581431861 -0.9058744717526536 -0.578918 -0.6138172483530092 0.6821182871445829 -0.3974204674740349 0.719764
0.7710693724626866 0.6246900582565791 -0.12334647933925957 0.381672 0.18677021990583528 -0.40707592161117356 -0.8940951174236104 -0.571925 -0.6087437127448008 0.6663719120429713 -0.43055727497496765 0.726105
0.7659249969643074 0.6334123367053291 -0.11021665361786495 0.376092 0.23735936748354156 -0.4378995962722658 -0.8671242553708203 -0.564364 -0.5975110289300432 0.6379911874736839 -0.4857445985421558 0.73488
0.7634943829101399 0.6379264814276084 -0.10062868158758503 0.367387 0.2874167291351885 -0.4751745427498338 -0.8316253830515973 -0.561766 -0.578332042236892 0.6060189421262979 -0.5461438370120351 0.741246
0.769025767502231 0.6326816710214731 -0.09117714664915341 0.353932 0.32536333617626045 -0.5102117658036984 -0.7961297968972937 -0.563063 -0.550216383243773 0.5825786274735357 -0.5982174140069754 0.746788
0.7842564297371292 0.616222416208723 -0.0721927016938364 0.337724 0.3364021005631358 -0.5201064947678425 -0.7850623292688412 -0.566921 -0.521320898442295 0.5914044029783614 -0.6151953778964262 0.751361
0.8129135399586842 0.5795163734404071 -0.05772650575186472 0.30941 0.3346895480672064 -0.5459891940471089 -0.7680356153189501 -0.568834 -0.4766072628133258 0.6050260927416832 -0.6378000816363403 0.762032
0.840548564593996 0.5398625087308713 -0.045017576853747326 0.280603 0.3308632761613374 -0.5773859677649754 -0.7464281189209643 -0.574708 -0.428961074046072 0.6125144209689375 -0.66394162473694 0.768747
0.8680011277899821 0.49553930941968444 -0.03185647461947294 0.251405 0.32041198278104893 -0.6079443485669468 -0.7264570395665715 -0.586265 -0.3793549834200622 0.6203583334375162 -0.6864731128667688 0.770123
0.8940112845156283 0.44786518185407886 -0.01267288607735087 0.219277 0.30928964135524484 -0.6373626729984045 -0.7057681919856355 -0.593853 -0.3241662241953357 0.6270451354975507 -0.7083294834607674 0.774116
0.9168331842009338 0.3989113646293564 0.01693031356830557 0.186718 0.2935706133249487 -0.6447714925290744 -0.7057520934533906 -0.595396 -0.2706163471410955 0.6520271816353783 -0.7082565545539523 0.781435
0.9390055592337699 0.3421319962247237 0.03484618899336138 0.149281 0.2785214983410256 -0.6971372882857575 -0.6606249891151946 -0.603898 -0.20172836857999288 0.630035950117822 -0.7499069054683977 0.782958
0.9646977382890074 0.2581307453035087 0.052218694632559425 0.107696 0.22354960901788357 -0.6977929642904812 -0.6805222636289384 -0.618036 -0.13922588138713562 0.6681717573466855 -0.7308643216331037 0.778738
0.9827465378885964 0.1720472147950197 0.06788960265941393 0.0631018 0.17132038709424116 -0.7084199164925826 -0.6846828074973997 -0.623809 -0.06970342340126562 0.6845005316271991 -0.7256724157415833 0.779025
0.9923466779264188 0.08948446047991634 0.08509172780605026 0.0189445 0.1234533800868344 -0.7340632054651793 -0.6677652831102572 -0.62885 0.0027080903855398186 0.673159521744144 -0.7394923424428811 0.777296
0.9946150096690792 0.000567254094816165 0.10363715918419188 -0.0283085 0.06538833844884129 -0.7792662451824007 -0.6232723997693324 -0.633769 0.08040738607788091 0.6266927455636571 -0.775106995789619 0.773004
0.9886327182176295 -0.09679853501231989 0.11504517412342388 -0.0754303 -0.005650945359651445 -0.788560817273303 -0.6149308125942315 -0.640785 0.15024451832317368 0.6072906067779481 -0.7801440274930704 0.764006
0.9724752997126933 -0.19253054209970535 0.13123940645820048 -0.123107 -0.07888811362538914 -0.8020351593832198 -0.5920441441664301 -0.643201 0.21924519829938094 0.5653950773325911 -0.7951477532828339 0.755737
0.9461919788763009 -0.2880678864047521 0.1474368743986692 -0.170657 -0.15621236198986796 -0.805597591735715 -0.5714982223517088 -0.643437 0.28340507594553876 0.5177155715370317 -0.8072497444511135 0.746234
0.9147740329229432 -0.36871502735820716 0.1650384721515863 -0.211801 -0.2260227580349684 -0.80577417262428 -0.5473953740962036 -0.640978 0.3348166386847576 0.46344062330776875 -0.8204392769291016 0.737758
0.8697748962137426 -0.46583412880116987 0.16275808539187292 -0.258419 -0.30826224824524157 -0.7705055740152194 -0.5579386585622709 -0.642011 0.38531288094633204 0.4351088655216442 -0.8137654815248097 0.721832
0.8193918700849143 -0.5446073699062615 0.17888481177151994 -0.300368 -0.3828400078747757 -0.7521749652939618 -0.5363453644392483 -0.635682 0.426650315374534 0.37099276843196394 -0.8248235412268485 0.711117
0.767210759823839 -0.6094945578686162 0.1997599407765913 -0.337129 -0.4504073776613346 -0.7336970151183039 -0.5087454020968945 -0.626797 0.4566408262067323 0.3003415954126749 -0.8374210899578548 0.702474
0.7108714462322585 -0.6591361361450377 0.24535961558383435 -0.370143 -0.5326124087128762 -0.732344696558656 -0.4242584913793449 -0.621053 0.45933191595699596 0.17091167148617978 -0.8716670187250832 0.690859
0.6482418039127397 -0.7148023091277751 0.2623742032394911 -0.404894 -0.6024268353351121 -0.6922036965759016 -0.3974115631367295 -0.616439 0.4656870963727454 0.099557527652397 -0.8793314659215054 0.675325
0.5876923445376113 -0.7596342246030293 0.278520291870521 -0.435141 -0.6648040985482292 -0.649580797728814 -0.3688906311841954 -0.610887 0.46114338195984345 0.03163276835422765 -0.8867616078974584 0.661414
0.537023793170598 -0.7800351213903011 0.32117075671094614 -0.458314 -0.7134840008943374 -0.6231260229978016 -0.320397471792074 -0.595784 0.4500511371349623 -0.05708913084433839 -0.8911760797412406 0.659537
0.48889112602317125 -0.8019458517791747 0.3433195562591348 -0.479438 -0.7501586392717303 -0.5873612254043943 -0.30375780947563136 -0.582298 0.44524991052416985 -0.10903963364585348 -0.8887422998105785 0.656558
0.4473668507836583 -0.810494043933116 0.37810356460744565 -0.496774 -0.7867554242046043 -0.5576894259654331 -0.2645721199427093 -0.570614 0.42529848730573416 -0.17911423426207773 -0.8871523475594058 0.653923
0.4109637188346746 -0.8202387699677396 0.39789091726675985 -0.511609 -0.8143863993910245 -0.5264658748976192 -0.2441484692870437 -0.562091 0.4097360300101722 -0.22370078857727183 -0.8843496723024267 0.649854
0.38475266446909795 -0.8398441108126172 0.3829193867086048 -0.520934 -0.8204433249429551 -0.5012474458147282 -0.27499772475560513 -0.552773 0.4228925841634944 -0.20835754749366625 -0.8819007850444098 0.650438
0.3659920743851573 -0.8447913928833233 0.3903553560507456 -0.527709 -0.8322056054295845 -0.4848398500220161 -0.2690058551820159 -0.546676 0.41651366337591894 -0.22640190445507255 -0.8804876750303142 0.65013
0.34394452424885363 -0.8495148497224043 0.4000333540348238 -0.53628 -0.843180270231257 -0.4668996997811326 -0.2665552517528642 -0.539769 0.41321809753685085 -0.24562001230642652 -0.8768817556675567 0.648886
0.33046373753130376 -0.870090834163995 0.365698863110955 -0.540868 -0.8343769517089374 -0.450426938059276 -0.31769588591520476 -0.535812 0.4411448975492557 -0.20014373278808534 -0.8748335073554901 0.648357
0.3241416243394589 -0.8881051417070199 0.32588566191861135 -0.542361 -0.8226633078338256 -0.43470782358383375 -0.36640713701962063 -0.532813 0.46707310917509015 -0.14932637204646998 -0.87151841363046 0.649581
0.3328108580721395 -0.8829847164713966 0.3310210313971207 -0.537916 -0.8188465828537352 -0.44470122402805734 -0.36294778563411656 -0.529178 0.46768280543339125 -0.15026247643997803 -0.8710304137491859 0.656214
0.3349115237925041 -0.8957855541054424 0.292237082326985 -0.537839 -0.8007641708509287 -0.4340462729188086 -0.41277182031567516 -0.529107 0.496599450173284 -0.09577094560093422 -0.8626800751531792 0.656335
0.33261406773918495 -0.9108590324813973 0.24434341589051728 -0.541028 -0.781292112667498 -0.41125348794297917 -0.4695244438134102 -0.531162 0.528157662659126 -0.03473314845773853 -0.8484356733263059 0.652039
0.3415305058301175 -0.9133165059647326 0.22183298564414813 -0.539399 -0.7641596003197704 -0.40724834620516887 -0.5002088461355754 -0.532386 0.5471901121425286 0.0013207745938089155 -0.8370073098413893 0.652391
0.3675666540561684 -0.9158857780124513 0.16139391704918765 -0.533767 -0.7185260510735866 -0.3898554811882182 -0.5759626877811624 -0.534058 0.5904363375966548 0.09573894412426867 -0.801385666095557 0.655649
0.3832698523749446 -0.9101243974322185 0.15740966126362646 -0.530061 -0.7013378922835912 -0.397665224620008 -0.59159743912151 -0.537056 0.6010236111066671 0.11634410310179058 -0.7907178185457452 0.656206
0.4040489787037147 -0.905485576289702 0.1297701581250139 -0.526492 -0.669371882500783 -0.3893680148803045 -0.6327193942859097 -0.54118 0.6234466342244882 0.16878513003068993 -0.7634303335306242 0.655691
0.4345002110765817 -0.8968960052786734 0.08238399292073784 -0.5216 -0.6204653983545276 -0.3643718070657023 -0.6944464526948299 -0.546691 0.6528646536757553 0.2506207132916848 -0.7148125642782197 0.655029
0.4606166067198615 -0.8845903762115646 0.07302196880229223 -0.515307 -0.587076565146581 -0.36533169019536726 -0.7224083767473134 -0.550362 0.6657127370492266 0.28988380853866025 -0.687600123093029 0.656933
0.4847541056881314 -0.871358383452365 0.0758157279578715 -0.508738 -0.5589052315941134 -0.37526939826061145 -0.7394577884002913 -0.555104 0.6727840657411792 0.31608139191733614 -0.668920140650862 0.658062
0.5116897861293888 -0.8577197847471748 0.04990324262130291 -0.504686 -0.514716468863374 -0.3525346562874894 -0.7815281650696162 -0.561828 0.6879247920024978 0.3742139588116962 -0.621870881758262 0.655471
0.5398541186580539 -0.840237320285353 0.050584347061374046 -0.500761 -0.4477643979070491 -0.33753683672920753 -0.8279951254794794 -0.551744 0.7127864859373207 0.4243467090134315 -0.5584490093236771 0.666946
0.554693894875785 -0.828323617717143 0.0787062089006686 -0.498156 -0.40258254330140575 -0.34996379858735716 -0.8458443329048669 -0.539242 0.728177161696591 0.4374989417247678 -0.5275914112011347 0.679013
